[96m[1m
==============================================================
  GATE ORCHESTRATOR (Kain Nusantara)  —  2026-09-24 17:42:21   [mode: default]
==============================================================[0m
[92m  Backend RUNNING[0m
[92m  Auth tersedia (HTTP 422) — gate runtime dijalankan[0m

[96m[1m▶ guard:numeric_bounds (INV-NUM-01, statik+runtime)[0m

[1m================================================================[0m
  NUMERIC-BOUNDS GATE (INV-NUM-01)
[1m================================================================[0m
[96m[1m-- LAPIS A · STATIK (AST scan schemas*.py) --[0m
  136 field numerik ber-semantik diperiksa.
[93m[WARN-SOFT][0m 6 field Patch/Update tanpa bound (advisory, tak mem-fail):
  [93m•[0m schemas_contracts.py: SupplierContractPatch.lead_time_days: int (default=None) [COUNT] tanpa ge=/gt= → nilai ≤0/negatif diterima.
  [93m•[0m schemas_inspection.py: InspectionLineInspect.handfeel_score: float (default=None) [MONEY] tanpa ge=/gt= → nominal negatif diterima.
  [93m•[0m schemas_rnd.py: SpecPatch.target_price: float (default=None) [MONEY] tanpa ge=/gt= → nominal negatif diterima.
  [93m•[0m schemas_rnd.py: SamplePatch.qty_requested: float (default=None) [QTY] tanpa ge=/gt= → nilai ≤0/negatif diterima.
  [93m•[0m schemas_rnd.py: SampleDecideBody.lead_time_days: int (default=0) [COUNT] tanpa ge=/gt= → nilai ≤0/negatif diterima.
  [93m•[0m schemas_supplier_items.py: SupplierItemPatch.lead_time_days: int (default=None) [COUNT] tanpa ge=/gt= → nilai ≤0/negatif diterima.

[96m[1m-- LAPIS B · RUNTIME (probe adversarial + positive control) --[0m
  [92m[OK][0m positive-control: POST /uoms factor_to_base=-1 → 422 (bound gt=0 ditegakkan). Harness valid.
  [92m[OK][0m POST /customers: credit_limit=-5.000.000 (MONEY negatif) → 422 (ditolak lapis skema — aman).
  [92m[OK][0m POST /products: price=-1000, harga_pokok=-500, gramasi=-10 (MONEY/QTY negatif) → 422 (ditolak lapis skema — aman).
  [92m[OK][0m POST /payment-terms: dp_percent=999, net_days=-30, installment_count=-5 (PERCENT>100 & COUNT negatif) → 422 (ditolak lapis skema — aman).

[1m================================================================[0m
  STATIK: [91mHARD 0[0m | [93mSOFT 6[0m    RUNTIME: [91mLEAK 0[0m | [92mOK 4[0m | [93mSKIP 0[0m
[1m================================================================[0m
[92m[1m  Numeric-bounds aman untuk cakupan teruji (INV-NUM-01 tertutup).[0m

  [92m✓ guard:numeric_bounds (INV-NUM-01, statik+runtime) PASS[0m (1s)

[96m[1m▶ seed_realistic (data uji bersih)[0m
  [92m✓ seed_realistic (data uji bersih) PASS[0m (16s)

[96m[1m▶ guard:auth_coverage (INV-AUTH-01)[0m
[96m[1m== INV-AUTH-01 — Tiap endpoint router menegakkan auth (kecuali PUBLIC_ALLOWLIST) ==[0m
[92m[PASS][0m 1267 cek lolos, 0 pelanggaran.
  [92m✓ guard:auth_coverage (INV-AUTH-01) PASS[0m (0s)

[96m[1m▶ guard:auth_coverage SELF-TEST (bukti-merah penjaga auth)[0m
[1m== SELF-TEST INV-AUTH-01 (penjaga auth harus bisa MEMERAH) ==[0m
  [[92mPASS[0m] endpoint tanpa enforcer apa pun → MERAH  (harap=1 pelanggaran, dapat=1)
  [[92mPASS[0m] require_permission → hijau  (harap=0 pelanggaran, dapat=0)
  [[92mPASS[0m] require_any_permission → hijau (akar tuduhan palsu 2026-08-15)  (harap=0 pelanggaran, dapat=0)
  [[92mPASS[0m] require_role → hijau  (harap=0 pelanggaran, dapat=0)
  [[92mPASS[0m] current_user ditelan try/except → MERAH  (harap=1 pelanggaran, dapat=1)
  [[92mPASS[0m] current_user di luar try → hijau  (harap=0 pelanggaran, dapat=0)
  [[92mPASS[0m] delegasi ke helper lokal ber-auth → hijau  (harap=0 pelanggaran, dapat=0)
  [[92mPASS[0m] PUBLIC_ALLOWLIST dihormati → hijau  (harap=0 pelanggaran, dapat=0)
[92m  HIJAU — penjaga terbukti menuduh endpoint tanpa auth dan menerima ketiga enforcer keras.[0m
  [92m✓ guard:auth_coverage SELF-TEST (bukti-merah penjaga auth) PASS[0m (0s)

[96m[1m▶ validate_compliance (file/naming/docs/api/env)[0m

Menjalankan compliance check...

======================================================================
  KAIN NUSANTARA — COMPLIANCE REPORT
======================================================================

============================================================

  CHECK 1: FILE SIZE LIMITS (panduan=WARN · batas keras=FAIL)

============================================================
  ⚠️  [FILE_SIZE] backend/routers/purchase_orders.py: 885 baris (di atas panduan 800 untuk router; batas keras 1600) — pertimbangkan split
  ⚠️  [FILE_SIZE] backend/routers/sales_orders_extra.py: 841 baris (di atas panduan 800 untuk router; batas keras 1600) — pertimbangkan split
  ⚠️  [FILE_SIZE] backend/routers/special_orders.py: 985 baris (di atas panduan 800 untuk router; batas keras 1600) — pertimbangkan split
  ⚠️  [FILE_SIZE] backend/schemas.py: 998 baris (di atas panduan 800 untuk core; batas keras 1600) — pertimbangkan split
  ⚠️  [FILE_SIZE] frontend/src/features/admin/AdminView.jsx: 553 baris (di atas panduan 500 untuk komponen; batas keras 1000) — pertimbangkan split
  ⚠️  [FILE_SIZE] frontend/src/features/admin/PurchaseOrderManagement.jsx: 521 baris (di atas panduan 500 untuk komponen; batas keras 1000) — pertimbangkan split
  ⚠️  [FILE_SIZE] frontend/src/features/approvals/MyApprovalsView.jsx: 522 baris (di atas panduan 500 untuk komponen; batas keras 1000) — pertimbangkan split
  ⚠️  [FILE_SIZE] frontend/src/features/internal_requests/InternalRequestsView.jsx: 535 baris (di atas panduan 500 untuk komponen; batas keras 1000) — pertimbangkan split
  ⚠️  [FILE_SIZE] frontend/src/features/orders/OrderDetailPanel.jsx: 623 baris (di atas panduan 500 untuk komponen; batas keras 1000) — pertimbangkan split
  ⚠️  [FILE_SIZE] frontend/src/features/purchasing/MakloonOrderDetailPanel.jsx: 670 baris (di atas panduan 500 untuk komponen; batas keras 1000) — pertimbangkan split
  ⚠️  [FILE_SIZE] frontend/src/features/purchasing/PurchaseReturns.jsx: 572 baris (di atas panduan 500 untuk komponen; batas keras 1000) — pertimbangkan split
  ⚠️  [FILE_SIZE] frontend/src/features/purchasing/makloon/MakloonWizard.jsx: 525 baris (di atas panduan 500 untuk komponen; batas keras 1000) — pertimbangkan split
  ⚠️  [FILE_SIZE] frontend/src/features/sales/PricelistView.jsx: 589 baris (di atas panduan 500 untuk komponen; batas keras 1000) — pertimbangkan split
  ⚠️  [FILE_SIZE] frontend/src/features/sales/ReturnQuarantinePanel.jsx: 503 baris (di atas panduan 500 untuk komponen; batas keras 1000) — pertimbangkan split
  ⚠️  [FILE_SIZE] frontend/src/features/settings/config/SettingsHub.jsx: 515 baris (di atas panduan 500 untuk komponen; batas keras 1000) — pertimbangkan split
  ⚠️  [FILE_SIZE] frontend/src/features/wms/InventoryStockView.jsx: 524 baris (di atas panduan 500 untuk komponen; batas keras 1000) — pertimbangkan split
  ⚠️  [FILE_SIZE] frontend/src/features/wms/warehouses/WarehouseMasterView.jsx: 505 baris (di atas panduan 500 untuk komponen; batas keras 1000) — pertimbangkan split
  ⚠️  [FILE_SIZE] frontend/src/App.js: 579 baris (di atas panduan 380 untuk utility; batas keras 760) — pertimbangkan split
  ✅ [FILE_SIZE] 895 berkas diperiksa — tak ada yang melewati batas keras

============================================================

  CHECK 2: DEBUG STATEMENTS

============================================================
  ✅ [DEBUG] Tidak ada console.log atau debug print() ditemukan

============================================================

  CHECK 3: DUPLICATE ENDPOINTS

============================================================
  ✅ [DUPLICATE_ENDPOINT] Tidak ada duplicate endpoint (1275 endpoints total)

============================================================

  CHECK 4: FORBIDDEN COLLECTION NAMES (SSOT)

============================================================
  ✅ [FORBIDDEN_COLLECTION] Tidak ada forbidden collection names ditemukan

============================================================

  CHECK 8: ENTITY REGISTRY SYNC (baca ENTITY_REGISTRY.md langsung)

============================================================
  ⚠️  [ENTITY_REGISTRY] db.data_hygiene_log digunakan di code tapi tidak ada di ENTITY_REGISTRY.md — tambahkan jika ini collection baru
  ⚠️  [ENTITY_REGISTRY] db.fleet_vehicles digunakan di code tapi tidak ada di ENTITY_REGISTRY.md — tambahkan jika ini collection baru
  ⚠️  [ENTITY_REGISTRY] db.md_samples digunakan di code tapi tidak ada di ENTITY_REGISTRY.md — tambahkan jika ini collection baru
  ⚠️  [ENTITY_REGISTRY] db.mkt_accounts digunakan di code tapi tidak ada di ENTITY_REGISTRY.md — tambahkan jika ini collection baru
  ⚠️  [ENTITY_REGISTRY] db.mkt_campaigns digunakan di code tapi tidak ada di ENTITY_REGISTRY.md — tambahkan jika ini collection baru
  ⚠️  [ENTITY_REGISTRY] db.mkt_posts digunakan di code tapi tidak ada di ENTITY_REGISTRY.md — tambahkan jika ini collection baru
  ⚠️  [ENTITY_REGISTRY] db.mkt_templates digunakan di code tapi tidak ada di ENTITY_REGISTRY.md — tambahkan jika ini collection baru
  ⚠️  [ENTITY_REGISTRY] db.product_templates digunakan di code tapi tidak ada di ENTITY_REGISTRY.md — tambahkan jika ini collection baru
  ⚠️  [ENTITY_REGISTRY] db.rfid_print_jobs digunakan di code tapi tidak ada di ENTITY_REGISTRY.md — tambahkan jika ini collection baru
  ⚠️  [ENTITY_REGISTRY] db.roll_scans digunakan di code tapi tidak ada di ENTITY_REGISTRY.md — tambahkan jika ini collection baru
  ⚠️  [ENTITY_REGISTRY] db.sample_price_master digunakan di code tapi tidak ada di ENTITY_REGISTRY.md — tambahkan jika ini collection baru
  ⚠️  [ENTITY_REGISTRY] db.warehouse_sites digunakan di code tapi tidak ada di ENTITY_REGISTRY.md — tambahkan jika ini collection baru

============================================================

  CHECK 9: REQUIRED DOCUMENTATION

============================================================
  ✅ [DOCS] ENTITY_REGISTRY.md ✓
  ✅ [DOCS] CODEBASE_MAP.md ✓
  ✅ [DOCS] memory/PRD.md ✓
  ✅ [DOCS] memory/SESSION_HANDOFF.md ✓
  ✅ [DOCS] memory/SESSION_LOG.md ✓
  ✅ [DOCS] memory/TECH_DECISIONS.md ✓
  ✅ [DOCS] plan.md ✓
  ✅ [DOCS] docs/KN_00_AGENT_QUICK_START.md ✓
  ✅ [DOCS] docs/KN_13_NAVIGATION_MAP.md ✓

============================================================

  CHECK 11: ENVIRONMENT VARIABLES

============================================================
  ✅ [ENV] backend/.env: MONGO_URL ✓
  ✅ [ENV] backend/.env: DB_NAME ✓
  ✅ [ENV] frontend/.env: REACT_APP_BACKEND_URL ✓

============================================================

  CHECK 5: HARDCODED IDs / WAREHOUSE IDs

============================================================
  ✅ [HARDCODED] Tidak ada hardcoded IDs di router files

============================================================

  CHECK 6: SAFE_DOC / SERIALIZATION

============================================================
  ⚠️  [SERIALIZATION] marketing.py: find_one tanpa safe_doc() wrapper (1x)

============================================================

  CHECK 7: DATA-TESTID COVERAGE

============================================================
  ⚠️  [TESTID] frontend/src/features/logistics/DeliveryPhoto.jsx: tidak ada data-testid (testing agent tidak bisa test ini)
  ⚠️  [TESTID] frontend/src/features/hr/GalleryImage.jsx: tidak ada data-testid (testing agent tidak bisa test ini)

============================================================

  CHECK 10: API PREFIX (/api/)

============================================================
  ✅ [API_PREFIX] Semua endpoints menggunakan prefix /api/

============================================================

  CHECK 13: NAMING CONVENTIONS

============================================================
  ⚠️  [NAMING] Collection 'db.rfid_print_jobs' tidak mengikuti domain prefix convention
  ⚠️  [NAMING] Collection 'db.bank_accounts' tidak mengikuti domain prefix convention
  ⚠️  [NAMING] Collection 'db.mkt_posts' tidak mengikuti domain prefix convention
  ⚠️  [NAMING] Collection 'db.rfid_tags' tidak mengikuti domain prefix convention
  ⚠️  [NAMING] Collection 'db.design_gallery' tidak mengikuti domain prefix convention
  ⚠️  [NAMING] Collection 'db.mkt_campaigns' tidak mengikuti domain prefix convention
  ⚠️  [NAMING] Collection 'db.amendment_reasons' tidak mengikuti domain prefix convention
  ⚠️  [NAMING] Collection 'db.mkt_accounts' tidak mengikuti domain prefix convention
  ⚠️  [NAMING] Collection 'db.roll_scans' tidak mengikuti domain prefix convention
  ⚠️  [NAMING] Collection 'db.md_samples' tidak mengikuti domain prefix convention

============================================================

  CHECK 14: TECH DEBT MARKERS

============================================================
  ✅ [TECH_DEBT] Tidak ada tech debt markers (TODO/FIXME/HACK)

============================================================

  CHECK 15: IMPORT QUALITY (AST — bukan string-split)

============================================================
  ⚠️  [IMPORTS] entities.py:17: import 'Optional' tidak terpakai
  ⚠️  [IMPORTS] internal_requests.py:20: import 'current_user' tidak terpakai
  ⚠️  [IMPORTS] makloon_orders.py:17: import 'cs' tidak terpakai
  ⚠️  [IMPORTS] notifications.py:7: import 'List' tidak terpakai
  ⚠️  [IMPORTS] product_templates.py:6: import 'List' tidak terpakai
  ⚠️  [IMPORTS] purchase_orders.py:21: import '_sis' tidak terpakai
  ⚠️  [IMPORTS] purchase_orders.py:369: import 'resolve_price' tidak terpakai
  ⚠️  [IMPORTS] sales_orders.py:30: import 'pricelist_service' tidak terpakai
  ⚠️  [IMPORTS] sample_orders.py:18: import 'so_approvals' tidak terpakai
  ⚠️  [IMPORTS] vendor_bills.py:15: import 'get_effective_settings' tidak terpakai
  ⚠️  [IMPORTS] ... dan 1 temuan lain

======================================================================
  SUMMARY: 19 PASS | 0 FAIL | 54 WARN
======================================================================

⚠️  WARNINGS (Perlu diperhatikan):
   [FILE_SIZE] backend/routers/purchase_orders.py: 885 baris (di atas panduan 800 untuk router; batas keras 1600) — pertimbangkan split
   [FILE_SIZE] backend/routers/sales_orders_extra.py: 841 baris (di atas panduan 800 untuk router; batas keras 1600) — pertimbangkan split
   [FILE_SIZE] backend/routers/special_orders.py: 985 baris (di atas panduan 800 untuk router; batas keras 1600) — pertimbangkan split
   [FILE_SIZE] backend/schemas.py: 998 baris (di atas panduan 800 untuk core; batas keras 1600) — pertimbangkan split
   [FILE_SIZE] frontend/src/features/admin/AdminView.jsx: 553 baris (di atas panduan 500 untuk komponen; batas keras 1000) — pertimbangkan split
   [FILE_SIZE] frontend/src/features/admin/PurchaseOrderManagement.jsx: 521 baris (di atas panduan 500 untuk komponen; batas keras 1000) — pertimbangkan split
   [FILE_SIZE] frontend/src/features/approvals/MyApprovalsView.jsx: 522 baris (di atas panduan 500 untuk komponen; batas keras 1000) — pertimbangkan split
   [FILE_SIZE] frontend/src/features/internal_requests/InternalRequestsView.jsx: 535 baris (di atas panduan 500 untuk komponen; batas keras 1000) — pertimbangkan split
   [FILE_SIZE] frontend/src/features/orders/OrderDetailPanel.jsx: 623 baris (di atas panduan 500 untuk komponen; batas keras 1000) — pertimbangkan split
   [FILE_SIZE] frontend/src/features/purchasing/MakloonOrderDetailPanel.jsx: 670 baris (di atas panduan 500 untuk komponen; batas keras 1000) — pertimbangkan split
   [FILE_SIZE] frontend/src/features/purchasing/PurchaseReturns.jsx: 572 baris (di atas panduan 500 untuk komponen; batas keras 1000) — pertimbangkan split
   [FILE_SIZE] frontend/src/features/purchasing/makloon/MakloonWizard.jsx: 525 baris (di atas panduan 500 untuk komponen; batas keras 1000) — pertimbangkan split
   [FILE_SIZE] frontend/src/features/sales/PricelistView.jsx: 589 baris (di atas panduan 500 untuk komponen; batas keras 1000) — pertimbangkan split
   [FILE_SIZE] frontend/src/features/sales/ReturnQuarantinePanel.jsx: 503 baris (di atas panduan 500 untuk komponen; batas keras 1000) — pertimbangkan split
   [FILE_SIZE] frontend/src/features/settings/config/SettingsHub.jsx: 515 baris (di atas panduan 500 untuk komponen; batas keras 1000) — pertimbangkan split
   [FILE_SIZE] frontend/src/features/wms/InventoryStockView.jsx: 524 baris (di atas panduan 500 untuk komponen; batas keras 1000) — pertimbangkan split
   [FILE_SIZE] frontend/src/features/wms/warehouses/WarehouseMasterView.jsx: 505 baris (di atas panduan 500 untuk komponen; batas keras 1000) — pertimbangkan split
   [FILE_SIZE] frontend/src/App.js: 579 baris (di atas panduan 380 untuk utility; batas keras 760) — pertimbangkan split
   [ENTITY_REGISTRY] db.data_hygiene_log digunakan di code tapi tidak ada di ENTITY_REGISTRY.md — tambahkan jika ini collection baru
   [ENTITY_REGISTRY] db.fleet_vehicles digunakan di code tapi tidak ada di ENTITY_REGISTRY.md — tambahkan jika ini collection baru
   [ENTITY_REGISTRY] db.md_samples digunakan di code tapi tidak ada di ENTITY_REGISTRY.md — tambahkan jika ini collection baru
   [ENTITY_REGISTRY] db.mkt_accounts digunakan di code tapi tidak ada di ENTITY_REGISTRY.md — tambahkan jika ini collection baru
   [ENTITY_REGISTRY] db.mkt_campaigns digunakan di code tapi tidak ada di ENTITY_REGISTRY.md — tambahkan jika ini collection baru
   [ENTITY_REGISTRY] db.mkt_posts digunakan di code tapi tidak ada di ENTITY_REGISTRY.md — tambahkan jika ini collection baru
   [ENTITY_REGISTRY] db.mkt_templates digunakan di code tapi tidak ada di ENTITY_REGISTRY.md — tambahkan jika ini collection baru
   [ENTITY_REGISTRY] db.product_templates digunakan di code tapi tidak ada di ENTITY_REGISTRY.md — tambahkan jika ini collection baru
   [ENTITY_REGISTRY] db.rfid_print_jobs digunakan di code tapi tidak ada di ENTITY_REGISTRY.md — tambahkan jika ini collection baru
   [ENTITY_REGISTRY] db.roll_scans digunakan di code tapi tidak ada di ENTITY_REGISTRY.md — tambahkan jika ini collection baru
   [ENTITY_REGISTRY] db.sample_price_master digunakan di code tapi tidak ada di ENTITY_REGISTRY.md — tambahkan jika ini collection baru
   [ENTITY_REGISTRY] db.warehouse_sites digunakan di code tapi tidak ada di ENTITY_REGISTRY.md — tambahkan jika ini collection baru
   [SERIALIZATION] marketing.py: find_one tanpa safe_doc() wrapper (1x)
   [TESTID] frontend/src/features/logistics/DeliveryPhoto.jsx: tidak ada data-testid (testing agent tidak bisa test ini)
   [TESTID] frontend/src/features/hr/GalleryImage.jsx: tidak ada data-testid (testing agent tidak bisa test ini)
   [NAMING] Collection 'db.rfid_print_jobs' tidak mengikuti domain prefix convention
   [NAMING] Collection 'db.bank_accounts' tidak mengikuti domain prefix convention
   [NAMING] Collection 'db.mkt_posts' tidak mengikuti domain prefix convention
   [NAMING] Collection 'db.rfid_tags' tidak mengikuti domain prefix convention
   [NAMING] Collection 'db.design_gallery' tidak mengikuti domain prefix convention
   [NAMING] Collection 'db.mkt_campaigns' tidak mengikuti domain prefix convention
   [NAMING] Collection 'db.amendment_reasons' tidak mengikuti domain prefix convention
   [NAMING] Collection 'db.mkt_accounts' tidak mengikuti domain prefix convention
   [NAMING] Collection 'db.roll_scans' tidak mengikuti domain prefix convention
   [NAMING] Collection 'db.md_samples' tidak mengikuti domain prefix convention
   [IMPORTS] entities.py:17: import 'Optional' tidak terpakai
   [IMPORTS] internal_requests.py:20: import 'current_user' tidak terpakai
   [IMPORTS] makloon_orders.py:17: import 'cs' tidak terpakai
   [IMPORTS] notifications.py:7: import 'List' tidak terpakai
   [IMPORTS] product_templates.py:6: import 'List' tidak terpakai
   [IMPORTS] purchase_orders.py:21: import '_sis' tidak terpakai
   [IMPORTS] purchase_orders.py:369: import 'resolve_price' tidak terpakai
   [IMPORTS] sales_orders.py:30: import 'pricelist_service' tidak terpakai
   [IMPORTS] sample_orders.py:18: import 'so_approvals' tidak terpakai
   [IMPORTS] vendor_bills.py:15: import 'get_effective_settings' tidak terpakai
   [IMPORTS] ... dan 1 temuan lain

⚠️  54 warning — fix sebelum ke production
  [92m✓ validate_compliance (file/naming/docs/api/env) PASS[0m (2s)

[96m[1m▶ check_nav_map (navigasi vs SSOT)[0m

[1mNavigation Map Validator v2 (config-driven)[0m
Reference: KN_13 §528 TARGET GROUPED NAVIGATION IA


[1m[94m============================================================[0m
[1mCHECK 1: Nav config integrity + testid convention[0m
[1m[94m============================================================[0m

[92m✓ Config valid: 26 entri (7 grup), 60 id unik, konvensi testid render OK[0m

[1m[94m============================================================[0m
[1mCHECK 2: WMS tabs (wms-tab-*) + Orders tabs[0m
[1m[94m============================================================[0m

[92m✓ Semua 5 tab WMS hadir + konvensi testid OK[0m

[1m[94m============================================================[0m
[1mCHECK 3: Role-based access (KN_13 role matrix)[0m
[1m[94m============================================================[0m

[92m✓ overlay ROLE_NAV terbaca untuk 7 peran baru: designer(+5/-2) · driver(+2/-0) · finance(+26/-0) · md(+37/-5) · sales_admin(+9/-2, warisi sales) · sample_admin(+12/-6) · warehouse_admin(+7/-0, warisi warehouse)[0m
[92m✓ Role matrix konsisten (item ter-reach → admin:60, manager:49, sales_admin:21, finance:17, sales:18, warehouse:19, designer:4, driver:3, md:12, warehouse_admin:21, sample_admin:9)[0m

[1m[94m============================================================[0m
[1mCHECK 4: Kedalaman IA (maks 4 — KN_13 §585)[0m
[1m[94m============================================================[0m

[92m✓ Kedalaman IA = 3 (Grup→Menu→Tab) ≤ 4 — sesuai KN_13[0m

[1m[94m============================================================[0m
[1mCHECK 5: PAGE_META coverage (judul + kicker tiap layar)[0m
[1m[94m============================================================[0m

[92m✓ 110 layar semuanya punya judul & kicker (PAGE_META: 138 entri)[0m

[1m[94m============================================================[0m
[1mSUMMARY[0m
[1m[94m============================================================[0m

[92m✓ Navigation map COMPLIANT dengan KN_13 (grouped IA)[0m

[92m[1m✓ NAV MAP: PASS[0m

  [92m✓ check_nav_map (navigasi vs SSOT) PASS[0m (0s)

[96m[1m▶ guard:modal_dismiss (INV-UI-01, modal auto-close)[0m
[96m[1m== INV-UI-01 — Backdrop modal & dropdown ber-portal (anti auto-close) ==[0m
[92m[PASS][0m 24 cek lolos, 0 pelanggaran.
  [92m✓ guard:modal_dismiss (INV-UI-01, modal auto-close) PASS[0m (0s)

[96m[1m▶ guard:create_modal SELF-TEST (bukti-merah penjaga create pop-up)[0m
[1m== SELF-TEST INV-UI-05 (penjaga create-modal harus bisa MEMERAH) ==[0m
  [[92mPASS[0m] semua create sudah modal → hijau  (harap=0, dapat=0)
  [[92mPASS[0m] create INLINE tanpa alasan → merah  (harap=1, dapat=1)
  [[92mPASS[0m] create INLINE dengan alasan panjang → hijau  (harap=0, dapat=0)
  [[92mPASS[0m] create NAVIGATE tanpa keputusan tercatat → merah  (harap=1, dapat=1)
  [[92mPASS[0m] create NAVIGATE disetujui pemilik → hijau  (harap=0, dapat=0)
  [[92mPASS[0m] TOMBOL MATI (state tak pernah dirender) → merah  (harap=1, dapat=1)
  [[92mPASS[0m] pembebasan tanpa alasan (terlalu pendek) → merah  (harap=1, dapat=1)
  [[92mPASS[0m] isian ADA di berkas induk → FORM  (harap=True, dapat=True)
  [[92mPASS[0m] isian dipindah ke berkas ANAK → tetap FORM (celah P5 tertutup)  (harap=True, dapat=True)
  [[92mPASS[0m] anak berisi TABEL → bukan form (anti tuduh palsu)  (harap=False, dapat=False)
  [[92mPASS[0m] anak bernama netral tapi isinya modal-overlay → MODAL (anti tuduh palsu)  (harap=True, dapat=True)
  [[92mPASS[0m] kartu biasa tanpa penanda pop-up → bukan modal  (harap=False, dapat=False)
[92m  HIJAU — penjaga terbukti menuduh form yang menyelip.[0m
  [92m✓ guard:create_modal SELF-TEST (bukti-merah penjaga create pop-up) PASS[0m (0s)

[96m[1m▶ guard:create_modal (INV-UI-05, tombol Buat = pop-up konsisten)[0m
  create → modal: 53 · inline: 3 · navigate: 7 · tombol mati: 0
[96m[1m== INV-UI-05 — tombol Buat memunculkan pop-up yang konsisten ==[0m
[92m[PASS][0m 10 cek lolos, 0 pelanggaran.
  [92m✓ guard:create_modal (INV-UI-05, tombol Buat = pop-up konsisten) PASS[0m (0s)

[96m[1m▶ guard:blocking_dialogs SELF-TEST (bukti-merah + anti tuduh palsu)[0m
[1m== SELF-TEST INV-UI-06 (penjaga dialog blokir harus bisa MEMERAH) ==[0m
  [[92mPASS[0m] alert telanjang terdeteksi
  [[92mPASS[0m] window.alert terdeteksi (dan hanya SEKALI)
  [[92mPASS[0m] window.confirm dalam if terdeteksi
  [[92mPASS[0m] window.prompt terdeteksi
  [[92mPASS[0m] nomor baris tepat walau ada komentar blok di atasnya
  [[92mPASS[0m] kata 'alert' di dalam string label → bukan pelanggaran
  [[92mPASS[0m] fungsi yang KEBETULAN bernama confirm → bukan pelanggaran
  [[92mPASS[0m] askConfirm()/askReason() → bukan pelanggaran
  [[92mPASS[0m] metode pada objek lain (`api.confirm()`) → bukan pelanggaran
  [[92mPASS[0m] komentar yang MENYEBUT alert() → bukan pelanggaran
  [[92mPASS[0m] nama komponen <ConfirmModal> → bukan pelanggaran
  [[92mPASS[0m] template literal: teks diabaikan, `${confirm()}` TETAP terdeteksi
  [[92mPASS[0m] pelanggaran tanpa pembebasan → MERAH
  [[92mPASS[0m] pembebasan beralasan panjang → hijau
  [[92mPASS[0m] pembebasan tanpa alasan yang bisa dinilai → MERAH
  [[92mPASS[0m] index.js tanpa <ConfirmHost/> → MERAH
  [[92mPASS[0m] index.js dengan <ConfirmHost/> → hijau
[92m  HIJAU — penjaga terbukti menuduh dialog peramban DAN tidak menuduh palsu string/komentar/fungsi senama.[0m
  [92m✓ guard:blocking_dialogs SELF-TEST (bukti-merah + anti tuduh palsu) PASS[0m (0s)

[96m[1m▶ guard:blocking_dialogs (INV-UI-06, alert/confirm/prompt dilarang)[0m
  dialog peramban ditemukan: 0 di 0 berkas (alert/confirm/prompt) · pengecualian terdaftar: 0
[96m[1m== INV-UI-06 — dialog bawaan peramban (alert/confirm/prompt) dilarang ==[0m
[92m[PASS][0m 1 cek lolos, 0 pelanggaran.
  [92m✓ guard:blocking_dialogs (INV-UI-06, alert/confirm/prompt dilarang) PASS[0m (1s)

[96m[1m▶ guard:list_export SELF-TEST (bukti-merah + CSV rusak harus memerah)[0m
[1m== SELF-TEST INV-UI-07 (penjaga unduh daftar harus bisa MEMERAH) ==[0m
  [[92mPASS[0m] pager dengan exportConfig terdeteksi PUNYA
  [[92mPASS[0m] pager tanpa exportConfig terdeteksi TIDAK punya
  [[92mPASS[0m] dua pager dalam satu berkas dihitung dua
  [[92mPASS[0m] nomor baris tepat walau ada komentar blok di atasnya
  [[92mPASS[0m] prop bersarang `{{ }}` tidak membuat pembacaan tag berhenti terlalu cepat
  [[92mPASS[0m] `<PaginationBar>` di dalam KOMENTAR bukan pemakaian
  [[92mPASS[0m] `<PaginationBar>` di dalam STRING bukan pemakaian
  [[92mPASS[0m] komponen lain berawalan sama (`<PaginationBarLegacy>`) tidak dihitung
  [[92mPASS[0m] kata PaginationBar tanpa tag (impor) tidak dihitung
  [[92mPASS[0m] pager tanpa Unduh & tanpa pembebasan → MERAH
  [[92mPASS[0m] pager dengan Unduh → hijau
  [[92mPASS[0m] pembebasan beralasan panjang → hijau
  [[92mPASS[0m] pembebasan tanpa alasan yang bisa dinilai → MERAH
  [[92mPASS[0m] satu dari dua pager bolong → tepat 1 pelanggaran
  [[92mPASS[0m] util CSV yang pemisahnya diganti ',' → uji perilaku MEMERAH
[92m  HIJAU — penjaga terbukti menuduh pager tanpa Unduh, tidak menuduh palsu komentar/string/komponen senama, DAN lapis perilaku CSV-nya bisa memerah.[0m
  [92m✓ guard:list_export SELF-TEST (bukti-merah + CSV rusak harus memerah) PASS[0m (0s)

[96m[1m▶ guard:list_export (INV-UI-07, daftar berhalaman wajib bisa diunduh)[0m
  daftar berhalaman: 16 di 15 berkas · punya tombol Unduh: 16/16 · pengecualian terdaftar: 0
  perilaku CSV (dijalankan dengan Node): 20 kasus lulus
[96m[1m== INV-UI-07 — daftar berhalaman wajib bisa diunduh (CSV) & CSV-nya benar ==[0m
[92m[PASS][0m 17 cek lolos, 0 pelanggaran.
  [92m✓ guard:list_export (INV-UI-07, daftar berhalaman wajib bisa diunduh) PASS[0m (1s)

[96m[1m▶ guard:detail_modal SELF-TEST (bukti-merah + anti tuduh palsu)[0m
[1m== SELF-TEST INV-UI-08 (panel rincian wajib pop-up) ==[0m
  [[92mPASS[0m] panel detail di bawah daftar → MERAH
  [[92mPASS[0m] bentuk ternary juga terdeteksi
  [[92mPASS[0m] state bernama detailId juga dikenali
  [[92mPASS[0m] state bernama openId juga dikenali
  [[92mPASS[0m] pemilihan lewat handler perantara (openDetail) tetap terdeteksi — kasus ARAgingView
  [[92mPASS[0m] tabel berbasis grid-cols (kelas hanya ada di STRING) tetap dihitung merender baris
  [[92mPASS[0m] dibungkus <DetailModal> → hijau
  [[92mPASS[0m] komponen bernama …Modal → hijau
  [[92mPASS[0m] komponen bernama …Drawer → hijau
  [[92mPASS[0m] master-detail 2 kolom (lg:grid-cols-[1fr_360px]) → hijau
  [[92mPASS[0m] master-detail 2 kolom (xl:grid-cols-2) → hijau
  [[92mPASS[0m] panelnya sendiri merender .modal-overlay di berkas yang sama → hijau
  [[92mPASS[0m] yang dirender BUKAN panel rincian (mis. <span>) → hijau
  [[92mPASS[0m] berkas TANPA daftar/baris → bukan urusan penjaga ini
  [[92mPASS[0m] penyebutan di dalam KOMENTAR tidak dihitung
  [[92mPASS[0m] penyebutan di dalam STRING tidak dihitung
  [[92mPASS[0m] pelanggaran tanpa pembebasan → MERAH
  [[92mPASS[0m] pembebasan beralasan panjang → hijau
  [[92mPASS[0m] pembebasan tanpa alasan yang bisa dinilai → MERAH
[92m  HIJAU — penjaga menangkap panel yang diselipkan di bawah daftar (termasuk dua kasus yang PERNAH ia lewatkan), tanpa menuduh pop-up, master-detail 2 kolom, komentar, maupun string.[0m
  [92m✓ guard:detail_modal SELF-TEST (bukti-merah + anti tuduh palsu) PASS[0m (0s)

[96m[1m▶ guard:detail_modal (INV-UI-08, panel rincian wajib pop-up)[0m
  panel rincian diperiksa: 25 → pop-up 20 · berdampingan (2 kolom) 5 · INLINE (pelanggaran) 0 · pengecualian terdaftar: 0
[96m[1m== INV-UI-08 — panel rincian wajib pop-up (bukan diselipkan di bawah daftar) ==[0m
[92m[PASS][0m 25 cek lolos, 0 pelanggaran.
  [92m✓ guard:detail_modal (INV-UI-08, panel rincian wajib pop-up) PASS[0m (1s)

[96m[1m▶ guard:picker_portal SELF-TEST (bukti-merah + anti tuduh palsu, 16 kasus)[0m
[1m== SELF-TEST INV-UI-09 (pemilih wajib ber-portal) ==[0m
  [[92mPASS[0m] pemilih merender pop-up langsung (`{open && <FooPickerModal/>}`) → MERAH
  [[92mPASS[0m] bentuk ternary juga tertangkap
  [[92mPASS[0m] dibungkus tanda kurung pun tetap tertangkap
  [[92mPASS[0m] lapisan pop-up MENTAH di dalam <label> → MERAH
  [[92mPASS[0m] pemilih memakai createPortal → hijau
  [[92mPASS[0m] berkas pop-up MURNI (tanpa pemicu ber-triggerTestId) → tidak dituduh
  [[92mPASS[0m] pemicu TANPA pop-up sendiri (mis. KNSelect/Radix) → tidak dituduh
  [[92mPASS[0m] `triggerTestId` hanya disebut di KOMENTAR → tidak dituduh
  [[92mPASS[0m] `triggerTestId` hanya di dalam STRING → tidak dituduh
  [[92mPASS[0m] <label> berisi input biasa (tanpa lapisan pop-up) → hijau
  [[92mPASS[0m] lapisan pop-up di dalam <div> (bukan <label>) → hijau
  [[92mPASS[0m] panel `fixed` tanpa latar gelap (bilah melayang) → bukan pop-up, hijau
  [[92mPASS[0m] pemilih yang merender LENCANA bersyarat (bukan pop-up) → hijau
  [[92mPASS[0m] kata `<label>` yang hanya ada di KOMENTAR tidak dihitung elemen label
  [[92mPASS[0m] pemilih ber-portal YANG punya catatan `<label>` di komentarnya → hijau
  [[92mPASS[0m] kode nyata saat ini HIJAU (0 berkas melanggar)
[92m  HIJAU — penjaga menangkap pop-up yang lahir di dalam <label> (3 bentuk render) tanpa menuduh pop-up murni, pemicu ber-portal, komentar, string, maupun panel melayang.[0m
  [92m✓ guard:picker_portal SELF-TEST (bukti-merah + anti tuduh palsu, 16 kasus) PASS[0m (5s)

[96m[1m▶ guard:picker_portal (INV-UI-09, pemilih wajib ber-portal · pop-up bukan anak <label>)[0m
  berkas diperiksa: 230 · komponen pemilih (pemicu+pop-up): 7 → components/MakloonSelect.jsx, components/PantoneFinder.jsx, components/ProductSelect.jsx, features/purchasing/MakloonOrderCreateModal.jsx, features/purchasing/RecipeFormModal.jsx, features/purchasing/contracts/ContractFormModal.jsx, features/purchasing/makloon/MakloonWizard.jsx
[96m[1m== INV-UI-09 — pemilih (pemicu+pop-up) wajib ber-portal · pop-up bukan anak <label> ==[0m
[92m[PASS][0m 230 cek lolos, 0 pelanggaran.
  [92m✓ guard:picker_portal (INV-UI-09, pemilih wajib ber-portal · pop-up bukan anak <label>) PASS[0m (5s)

[96m[1m▶ guard:escape_layers SELF-TEST (bukti-merah + anti tuduh palsu, 13 kasus)[0m
[1m== SELF-TEST INV-UI-10 (Esc satu lapisan) ==[0m
  [[92mPASS[0m] pop-up memasang pendengar Esc sendiri (document) → MERAH
  [[92mPASS[0m] bentuk `window.addEventListener` juga tertangkap
  [[92mPASS[0m] FormModal tanpa `useEscapeClose` → MERAH (dukungan Esc hilang)
  [[92mPASS[0m] implementasi tunggal tanpa fase capture → MERAH
  [[92mPASS[0m] implementasi tunggal tanpa pemeriksaan lapisan Radix → MERAH
  [[92mPASS[0m] implementasi tunggal tanpa aturan lapisan TERATAS → MERAH
  [[92mPASS[0m] pop-up memakai `useEscapeClose` → hijau
  [[92mPASS[0m] kata "Escape" hanya di KOMENTAR → tidak dituduh
  [[92mPASS[0m] pendengar keydown untuk hal LAIN (Ctrl+K) tanpa Escape → hijau
  [[92mPASS[0m] komponen Radix/shadcn bawaan dikecualikan
  [[92mPASS[0m] implementasi tunggal yang BENAR → hijau
  [[92mPASS[0m] berkas biasa tanpa pendengar apa pun → hijau
  [[92mPASS[0m] kode nyata saat ini HIJAU (0 berkas melanggar)
[92m  HIJAU — penjaga menangkap pendengar Esc sendiri & implementasi tunggal yang dilemahkan, tanpa menuduh komentar, pendengar non-Esc, maupun komponen Radix bawaan.[0m
  [92m✓ guard:escape_layers SELF-TEST (bukti-merah + anti tuduh palsu, 13 kasus) PASS[0m (1s)

[96m[1m▶ guard:escape_layers (INV-UI-10, Esc menutup lapisan teratas saja)[0m
  berkas diperiksa: 757 · memakai useEscapeClose: 28
[96m[1m== INV-UI-10 — Esc menutup lapisan TERATAS saja (satu tumpukan, bukan pendengar sendiri) ==[0m
[92m[PASS][0m 757 cek lolos, 0 pelanggaran.
  [92m✓ guard:escape_layers (INV-UI-10, Esc menutup lapisan teratas saja) PASS[0m (1s)

[96m[1m▶ guard:to_list_bound SELF-TEST (bukti-merah dua arah, 11 kasus)[0m
  [[92mPASS[0m] kode bersih, allowlist kosong → hijau → hijau
  [[92mPASS[0m] to_list(50000) baru tanpa allowlist → MERAH → MERAH
  [[92mPASS[0m] to_list(20000) tepat batas → tidak dipindai (hijau) → hijau
  [[92mPASS[0m] to_list(20001) → MERAH → MERAH
  [[92mPASS[0m] to_list(100_000) dengan underscore → MERAH → MERAH
  [[92mPASS[0m] terdaftar dengan alasan panjang → hijau → hijau
  [[92mPASS[0m] terdaftar tapi alasan pendek → MERAH → MERAH
  [[92mPASS[0m] kejadian bertambah melebihi kuota allowlist → MERAH → MERAH
  [[92mPASS[0m] entri allowlist basi (kode sudah bersih) → MERAH (ratchet) → MERAH
  [[92mPASS[0m] berkas uji/POC/seed dikecualikan → hijau → hijau
  [[92mPASS[0m] kode nyata saat ini HIJAU (0 pelanggaran)
[92m  SELF-TEST HIJAU (0 gagal).[0m
  [92m✓ guard:to_list_bound SELF-TEST (bukti-merah dua arah, 11 kasus) PASS[0m (0s)

[96m[1m▶ guard:to_list_bound (INV-PERF-01, to_list(n>20000) dilarang)[0m
[96m[1m== INV-PERF-01 — to_list(n) dengan n > 20000 dilarang di kode produksi (kecuali allowlist ber-alasan) ==[0m
[92m[PASS][0m 18 cek lolos, 0 pelanggaran.
  [92m✓ guard:to_list_bound (INV-PERF-01, to_list(n>20000) dilarang) PASS[0m (0s)

[96m[1m▶ guard:codebase_map SELF-TEST (bukti-merah dua arah, 6 kasus)[0m
  [[92mPASS[0m] peta hasil generator → hijau → hijau
  [[92mPASS[0m] peta tanpa penanda generator (tulisan tangan) → MERAH → MERAH
  [[92mPASS[0m] jumlah router digandakan (menyimpang 100%) → MERAH → MERAH
  [[92mPASS[0m] endpoint menyimpang 5% (≤ toleransi) → hijau → hijau
  [[92mPASS[0m] endpoint menyimpang 20% → MERAH → MERAH
  [[92mPASS[0m] peta lama v1.0 (tabel Ringkasan angka tidak ada) → MERAH → MERAH
[92m  SELF-TEST HIJAU (0 gagal).[0m
  [92m✓ guard:codebase_map SELF-TEST (bukti-merah dua arah, 6 kasus) PASS[0m (2s)

[96m[1m▶ guard:codebase_map (INV-DOC-01, CODEBASE_MAP.md selaras kode)[0m
[96m[1m== INV-DOC-01 — CODEBASE_MAP.md selaras kode (selisih ≤10%) ==[0m
[92m[PASS][0m 5 cek lolos, 0 pelanggaran.
  [92m✓ guard:codebase_map (INV-DOC-01, CODEBASE_MAP.md selaras kode) PASS[0m (1s)

[96m[1m▶ guard:atomic_claim SELF-TEST (bukti-merah dua arah, 10 kasus)[0m
  [[92mPASS[0m] claim + finish_set → hijau → hijau
  [[92mPASS[0m] claim tanpa pencabut kunci → MERAH → MERAH
  [[92mPASS[0m] dicatat claim tapi tak memanggil claim() → MERAH → MERAH
  [[92mPASS[0m] validasi 400 SESUDAH klaim (kunci tertinggal) → MERAH → MERAH
  [[92mPASS[0m] validasi 400 SEBELUM klaim → hijau → hijau
  [[92mPASS[0m] validasi 400 sesudah klaim TAPI release() dulu → hijau → hijau
  [[92mPASS[0m] cas berprasyarat status → hijau → hijau
  [[92mPASS[0m] dicatat cas tapi tanpa prasyarat status → MERAH → MERAH
  [[92mPASS[0m] compensate dengan except→release → hijau → hijau
  [[92mPASS[0m] dicatat compensate tanpa kompensasi → MERAH → MERAH
  [[92mPASS[0m] service merujuk fungsi yang tak ada → MERAH → MERAH
  [[92mPASS[0m] service nyata berklaim (putaway confirm_arrival) → hijau → hijau
  [[92mPASS[0m] service nyata TANPA klaim → MERAH → MERAH
  [[92mPASS[0m] service_cas nyata berprasyarat status (retire_tag) → hijau → hijau
  [[92mPASS[0m] service_cas nyata TANPA find_one_and_update berprasyarat → MERAH → MERAH
  [[92mPASS[0m] entri REVIEWED basi (endpoint hilang) → MERAH → MERAH
  [[92mPASS[0m] alasan pendek → MERAH → MERAH
  [[92mPASS[0m] BELUM DITINJAU naik di atas baseline → MERAH → MERAH
  [[92mPASS[0m] BELUM DITINJAU turun di bawah baseline → MERAH (turunkan baseline) → MERAH
  [[92mPASS[0m] BELUM DITINJAU == baseline → hijau → hijau
  [[92mPASS[0m] kode nyata saat ini HIJAU (0 pelanggaran)
[92m  SELF-TEST HIJAU (0 gagal).[0m
  [92m✓ guard:atomic_claim SELF-TEST (bukti-merah dua arah, 10 kasus) PASS[0m (2s)

[96m[1m▶ guard:atomic_claim (INV-ATOMIC-01, saga/CAS endpoint multi-koleksi)[0m
[96m[1m== INV-ATOMIC-01 — endpoint tulis multi-koleksi memakai klaim atomik / CAS (saga, tanpa transaksi) ==[0m
[92m[PASS][0m 106 cek lolos, 0 pelanggaran.
  [92m✓ guard:atomic_claim (INV-ATOMIC-01, saga/CAS endpoint multi-koleksi) PASS[0m (2s)

[96m[1m▶ ux_audit SELF-TEST (bukti-merah baseline UX + anti tuduh palsu)[0m
[1m== SELF-TEST ux_audit (baseline UX harus bisa MEMERAH & tak menuduh palsu) ==[0m
  [[92mPASS[0m] tabel tanpa penjaga & tanpa kalimat → E2
  [[92mPASS[0m] layar yang fetch sendiri tanpa loading → E1
  [[92mPASS[0m] chart tanpa penjaga kosong → E3
  [[92mPASS[0m] uang DI KOLOM tanpa tabular-nums → W1
  [[92mPASS[0m] uang di dalam KALIMAT → bukan W1 (angka proporsional lebih enak dibaca)
  [[92mPASS[0m] uang di kolom yang SUDAH tabular-nums → bukan W1
  [[92mPASS[0m] native select → E4
  [[92mPASS[0m] native select yang menutup sendiri (`<select />`) → E4
  [[92mPASS[0m] komponen PENAMPIL (data via props, tanpa axios) tidak dituduh E1
  [[92mPASS[0m] penjaga `length > 0` + kalimat → tidak ada E2
  [[92mPASS[0m] kalimat kosong via <EmptyState> → tidak ada E2
  [[92mPASS[0m] penjaga ada tapi TANPA kalimat → W5 (bukan E2)
  [[92mPASS[0m] kalimat 'belum tersedia' dihitung sbg penjelasan kosong → bukan W5/E2
  [[92mPASS[0m] panel sengaja menyembunyikan diri saat kosong (return null) → bukan W5
  [[92mPASS[0m] kekosongan dijelaskan di komponen ANAK → tidak ada E2 (delegasi)
  [[92mPASS[0m] berkas form/modal dikecualikan dari E1/E2
  [[92mPASS[0m] layar fetch + skeleton → tidak ada E1
  [[92mPASS[0m] kata `<select>` di dalam KOMENTAR → bukan E4 (kasus KNSelect.jsx sendiri)
  [[92mPASS[0m] kata `<select>` di dalam STRING → bukan E4
  [[92mPASS[0m] komponen shadcn <SelectTrigger>/<Select> → bukan E4 (huruf besar, beda elemen)
  [[92mPASS[0m] variabel bernama `selected`/`selectedRow` → bukan E4
[92m  HIJAU — audit terbukti menangkap gap nyata tanpa menuduh komponen penampil.[0m
  [92m✓ ux_audit SELF-TEST (bukti-merah baseline UX + anti tuduh palsu) PASS[0m (0s)

[96m[1m▶ ux_audit --strict (INV-UX-01, loading/empty/chart baseline)[0m

[1m[96mKN3 — UX BASELINE AUDIT (602 file)[0m

[93m○[0m [1mfeatures/catalog/GenerateVariants.jsx[0m
    [93m[WARN W5][0m Kosong DIAM — ada penjaga panjang tapi tak ada kalimat penjelas
[93m○[0m [1mfeatures/finance/AdvanceReportView.jsx[0m
    [93m[WARN W1][0m baris 145: nominal di kolom tanpa `tabular-nums` (digit tidak berbaris rapi saat dibandingkan)
[93m○[0m [1mfeatures/pdf/PdfScriptTab.jsx[0m
    [93m[WARN W5][0m Kosong DIAM — ada penjaga panjang tapi tak ada kalimat penjelas
[93m○[0m [1mfeatures/sales/mobile/MobileArReceipt.jsx[0m
    [93m[WARN W1][0m baris 57: nominal di kolom tanpa `tabular-nums` (digit tidak berbaris rapi saat dibandingkan)

[1m============================================================[0m
  [91mERROR 0[0m  |  [93mWARN 4[0m  (di 602 file)
[1m============================================================[0m

  [92m[1mTidak ada pelanggaran ERROR baseline UX.[0m

  [92m✓ ux_audit --strict (INV-UX-01, loading/empty/chart baseline) PASS[0m (2s)

[96m[1m▶ config_wiring (INV-CFG-01/04, satu sumber kebenaran)[0m
================================================================================================
AUDIT WIRING KONFIGURASI — apakah setiap setting benar-benar berfungsi?
================================================================================================
Total kunci terdeklarasi : 107
  OK           98   wiring lengkap (dibaca kode + bisa diubah user)
  NOT_USED      9   registry menyatakan tidak dipakai + alasan (SAH)
  HIDDEN        0   dibaca kode TAPI TANPA UI (hanya via DB/API)
  ORPHAN_UI     0   ADA UI TAPI TIDAK DIBACA KODE  <-- tombol palsu
  DEAD          0   tidak dibaca & tidak ada UI

Pusat Pengaturan (UI generik): TERSAMBUNG
Editor konfigurasi di luar Pusat Pengaturan: TIDAK ADA (satu sumber kebenaran)

Per scope:
  global         total= 59  OK= 58 HIDDEN=  0 ORPHAN_UI=  0 DEAD=  0 NOT_USED=  1
  hr             total= 27  OK= 19 HIDDEN=  0 ORPHAN_UI=  0 DEAD=  0 NOT_USED=  8
  lot            total=  6  OK=  6 HIDDEN=  0 ORPHAN_UI=  0 DEAD=  0 NOT_USED=  0
  makloon        total=  7  OK=  7 HIDDEN=  0 ORPHAN_UI=  0 DEAD=  0 NOT_USED=  0
  receiving      total=  3  OK=  3 HIDDEN=  0 ORPHAN_UI=  0 DEAD=  0 NOT_USED=  0
  uom            total=  5  OK=  5 HIDDEN=  0 ORPHAN_UI=  0 DEAD=  0 NOT_USED=  0

── NOT_USED (9) ────────────────────────────────────────────────────────────────────
  [global] sales.quotation_enabled                              default=False  alasan: Alur Penawaran (Quotation) BELUM ADA di sistem — tidak ada satu pun en
  [hr] ptkp_table.TK0                                       default=54000000  alasan: Payroll memakai metode TER (hr.ter_enabled = aktif). Tabel PTKP tahuna
  [hr] ptkp_table.TK1                                       default=58500000  alasan: Payroll memakai metode TER (hr.ter_enabled = aktif). Tabel PTKP tahuna
  [hr] ptkp_table.TK2                                       default=63000000  alasan: Payroll memakai metode TER (hr.ter_enabled = aktif). Tabel PTKP tahuna
  [hr] ptkp_table.TK3                                       default=67500000  alasan: Payroll memakai metode TER (hr.ter_enabled = aktif). Tabel PTKP tahuna
  [hr] ptkp_table.K0                                        default=58500000  alasan: Payroll memakai metode TER (hr.ter_enabled = aktif). Tabel PTKP tahuna
  [hr] ptkp_table.K1                                        default=63000000  alasan: Payroll memakai metode TER (hr.ter_enabled = aktif). Tabel PTKP tahuna
  [hr] ptkp_table.K2                                        default=67500000  alasan: Payroll memakai metode TER (hr.ter_enabled = aktif). Tabel PTKP tahuna
  [hr] ptkp_table.K3                                        default=72000000  alasan: Payroll memakai metode TER (hr.ter_enabled = aktif). Tabel PTKP tahuna

✅ INV-CFG: setiap setting terdeklarasi punya pembaca kode DAN jalur ubah yang nyata; tidak ada editor ganda.
  [92m✓ config_wiring (INV-CFG-01/04, satu sumber kebenaran) PASS[0m (1s)

[96m[1m▶ config_wiring SELF-TEST (bukti-merah guardrail)[0m
[1] keadaan nyata          : wired=True pelanggaran=0
[2] Hub diputus (simulasi) : HIDDEN=81 (harus > 0)
[3] penulis config lama    : 0 berkas (harus 0)
[4] penulis lama disuntik  : terdeteksi=1 (harus > 0)
[5] kartu pengalih murni   : tidak dihitung editor (benar)
[6] index == regex         : 321/321 sama (harus 100%)

SELF-TEST: PASS — guardrail terbukti bisa memerah
  [92m✓ config_wiring SELF-TEST (bukti-merah guardrail) PASS[0m (12s)

[96m[1m▶ audit_doc_refs SELF-TEST (bukti-merah relasi dokumen)[0m

[96m[1m==============================================================================
SELF-TEST — audit wajib bisa MEMERAH (bukti-merah guardrail)
==============================================================================[0m

[96m[1m==============================================================================
A. CAKUPAN KODE — hook penautan di titik LAHIR dokumen
==============================================================================[0m
  [92m✓ [PASS][0m ar_receipt: hook penautan ada di services/ar_receipt_service.py
  [92m✓ [PASS][0m credit_note: hook penautan ada di services/amendment_service.py
  [92m✓ [PASS][0m doc_amendment: hook penautan ada di services/amendment_service.py
  [91m✗ [FAIL][0m dokumen_hantu_uji: TIDAK ada hook penautan di titik lahir dokumen
        kandidat berkas: services/tidak_ada_berkas_ini.py — dokumen baru akan lahir tanpa jejak
  [92m✓ [PASS][0m grn: hook penautan ada di routers/purchase_orders.py
  [92m✓ [PASS][0m landed_cost: hook penautan ada di routers/landed_cost.py
  [92m✓ [PASS][0m makloon_order: hook penautan ada di services/makloon_order_service.py
  [92m✓ [PASS][0m picking_task: hook penautan ada di services/fulfillment_status.py
  [92m✓ [PASS][0m purchase_order: hook penautan ada di services/pr_sourcing_service.py, routers/purchase_orders.py
  [92m✓ [PASS][0m purchase_return: hook penautan ada di services/purchase_return_service.py, services/qc_service.py
  [92m✓ [PASS][0m sales_order: hook penautan ada di routers/sales_orders.py
  [92m✓ [PASS][0m sales_return: hook penautan ada di services/return_service.py
  [92m✓ [PASS][0m shipment: hook penautan ada di services/shipment_service.py
  [92m✓ [PASS][0m tax_invoice: hook penautan ada di services/tax_invoice_service.py
  [92m✓ [PASS][0m vendor_bill: hook penautan ada di routers/vendor_bills.py, services/makloon_order_service.py

[92m[1m✓ SELF-TEST HIJAU: audit mendeteksi jenis dokumen tanpa hook.[0m
  [92m✓ audit_doc_refs SELF-TEST (bukti-merah relasi dokumen) PASS[0m (0s)

[96m[1m▶ guard:ref_unlink SELF-TEST (bukti-merah dua arah, 8 kasus)[0m
[96m[1m== SELF-TEST INV-REF-04 — bukti-merah DUA ARAH ==[0m
  [[92mOK[0m] harus MEMERAH · hapus retur beli tanpa sapuan
  [[92mOK[0m] harus HIJAU   · hapus retur beli DENGAN sapuan
  [[92mOK[0m] harus MEMERAH · hapus lewat konstanta modul tanpa sapuan
  [[92mOK[0m] harus HIJAU   · hapus lewat konstanta modul DENGAN sapuan
  [[92mOK[0m] harus HIJAU   · koleksi TANPA refs tidak dituduh (bukti anti-tuduhan palsu)
  [[92mOK[0m] harus MEMERAH · koleksi dinamis tak terdaftar = pelanggaran, bukan celah
  [[92mOK[0m] harus MEMERAH · sapuan di fungsi LAIN tidak dihitung (harus di fungsi yang menghapus)
  [[92mOK[0m] harus MEMERAH · kata 'unlink_all' hanya di KOMENTAR tidak menolong

[92m[1m✓ SELF-TEST HIJAU: 8/8 kasus — penjaga memerah saat sapuan hilang DAN tidak menuduh saat sapuan ada.[0m
  [92m✓ guard:ref_unlink SELF-TEST (bukti-merah dua arah, 8 kasus) PASS[0m (1s)

[96m[1m▶ guard:ref_unlink (INV-REF-04, hapus dokumen wajib sapu tautan balik)[0m
[96m  428 berkas produksi dipindai · 35 koleksi ber-refs dijaga · 2 koleksi dinamis berdasar alasan tertulis[0m
[96m[1m== INV-REF-04 — menghapus dokumen wajib menyapu tautan baliknya ==[0m
[92m[PASS][0m 430 cek lolos, 0 pelanggaran.
  [92m✓ guard:ref_unlink (INV-REF-04, hapus dokumen wajib sapu tautan balik) PASS[0m (3s)

[96m[1m▶ guard:notif_audience SELF-TEST (bukti-merah dua arah, 14 kasus)[0m
[96mINV-NOTIF-02 SELF-TEST (bukti-merah dua arah)[0m
  [92m✓[0m MEMERAH: K3 pesan PO custom disusun di luar penyusun tunggal
  [92m✓[0m tetap HIJAU (tidak menuduh palsu): K3 penyusun tunggal yang sah
  [92m✓[0m MEMERAH: K1 low_stock ber-all
  [92m✓[0m MEMERAH: K1 low_stock tanpa recipient_role (bawaan all)
  [92m✓[0m MEMERAH: K1 order_approval ber-all
  [92m✓[0m MEMERAH: K2 role sales + user (kasus ar_due_soon sebelum FASE N)
  [92m✓[0m MEMERAH: K2 role all + user (kasus internal_request_decided sebelum FASE N)
  [92m✓[0m MEMERAH: K2 user tanpa role eksplisit (bawaan all tetap menyiarkan)
  [92m✓[0m MEMERAH: K1 po_stage_stuck ber-all
  [92m✓[0m MEMERAH: K2 role manager + user pada peristiwa ber-pemilik
  [92m✓[0m tetap HIJAU (tidak menuduh palsu): alamat per orang yang benar (role dikosongkan eksplisit)
  [92m✓[0m tetap HIJAU (tidak menuduh palsu): alamat berbasis izin lewat create_addressed
  [92m✓[0m tetap HIJAU (tidak menuduh palsu): peristiwa yang memang milik semua orang tetap boleh 'all'
  [92m✓[0m tetap HIJAU (tidak menuduh palsu): alamat peran untuk peristiwa yang bukan daftar ber-pemilik
  [92m✓[0m tetap HIJAU (tidak menuduh palsu): create_addressed tanpa recipient_role (bawaannya bukan 'all')
  [92m✓[0m tetap HIJAU (tidak menuduh palsu): fungsi lain bernama mirip tidak ikut dituduh

  HASIL SELF-TEST: [92m16 PASS[0m · [92m0 FAIL[0m dari 16 kasus
  [92m✓ guard:notif_audience SELF-TEST (bukti-merah dua arah, 14 kasus) PASS[0m (0s)

[96m[1m▶ guard:notif_audience (INV-NOTIF-02, alamat notifikasi dari WEWENANG)[0m
[96mINV-NOTIF-02 — alamat notifikasi (kode + data)[0m
  [92m✓ nol peristiwa ber-pemilik yang disiarkan ke "all"; nol `recipient_role` + `recipient_user` bersamaan.[0m
  (9 peristiwa ber-pemilik dijaga di kode DAN data)
  [92m✓ guard:notif_audience (INV-NOTIF-02, alamat notifikasi dari WEWENANG) PASS[0m (3s)

[96m[1m▶ audit_i18n_id (label antarmuka Bahasa Indonesia)[0m
[96m[1m==========================================================================
  AUDIT BAHASA ANTARMUKA — WAJIB BAHASA INDONESIA
==========================================================================[0m
  Cakupan : frontend/src (*.jsx, *.js) · teks yang dilihat pengguna
            backend (*.py) · label/pesan yang DIKIRIM ke antarmuka
  Kamus   : 134 istilah wajib diterjemahkan
  Dipakai : 43 istilah sengaja dibiarkan (lihat --list)

  [92m[1m✓ 0 temuan — seluruh label sudah Bahasa Indonesia.[0m

  [92m✓ audit_i18n_id (label antarmuka Bahasa Indonesia) PASS[0m (1s)

[96m[1m▶ audit_i18n_id SELF-TEST (bukti-merah guardrail bahasa)[0m
[96m[1m== SELF-TEST audit_i18n_id (bukti-merah guardrail) ==[0m
  [[92mPASS[0m] teks JSX Inggris HARUS terdeteksi
  [[92mPASS[0m] prop label Inggris HARUS terdeteksi
  [[92mPASS[0m] placeholder Inggris HARUS terdeteksi
  [[92mPASS[0m] string dalam kurawal HARUS terdeteksi
  [[92mPASS[0m] istilah DIPAKAI tidak boleh dilaporkan (Lot/Roll/Grade)
  [[92mPASS[0m] frasa kecuali tidak boleh dilaporkan (Landed Cost)
  [[92mPASS[0m] kunci objek / data-testid TIDAK boleh dilaporkan
  [[92mPASS[0m] className TIDAK boleh dilaporkan
  [[92mPASS[0m] label yang sudah Indonesia tidak dilaporkan
  [[92mPASS[0m] URL tidak dilaporkan
  [[92mPASS[0m] teks SEBELUM interpolasi HARUS terdeteksi (celah nyata)
  [[92mPASS[0m] teks SESUDAH interpolasi HARUS terdeteksi (celah nyata)
  [[92mPASS[0m] [7] format uang gaya Inggris HARUS terdeteksi
  [[92mPASS[0m] [7] format uang gaya Inggris tanpa spasi HARUS terdeteksi
  [[92mPASS[0m] [7] pemakaian helper rupiah() TIDAK boleh dilaporkan
  [[92mPASS[0m] [7] angka NON-uang tidak dilaporkan (bukan nominal rupiah)

  16/16 skenario lulus.
  [92m[1m✓ SELF-TEST HIJAU — guardrail terbukti bisa memerah.[0m

  [92m✓ audit_i18n_id SELF-TEST (bukti-merah guardrail bahasa) PASS[0m (0s)

[96m[1m▶ fix_i18n_id SELF-TEST (codemod tak boleh sentuh kode)[0m
[96m[1m== SELF-TEST fix_i18n_id (codemod tidak boleh merusak kode) ==[0m
  [[92mPASS[0m] teks JSX diterjemahkan
  [[92mPASS[0m] prop label diterjemahkan
  [[92mPASS[0m] kunci objek TIDAK diubah
  [[92mPASS[0m] data-testid TIDAK diubah
  [[92mPASS[0m] className TIDAK diubah
  [[92mPASS[0m] nilai status backend TIDAK diubah
  [[92mPASS[0m] import path TIDAK diubah
  [[92mPASS[0m] teks yang sudah Indonesia dibiarkan
  [[92mPASS[0m] BE: nilai 'label' diterjemahkan
  [[92mPASS[0m] BE: nilai 'id'/enum TIDAK diubah
  [[92mPASS[0m] BE: nama variabel TIDAK diubah

  11/11 skenario lulus.
  [92m[1m✓ SELF-TEST HIJAU — codemod hanya menyentuh teks pengguna.[0m

  [92m✓ fix_i18n_id SELF-TEST (codemod tak boleh sentuh kode) PASS[0m (0s)

[96m[1m▶ guard:entity_label (INV-UI-02, id entitas tak boleh tampil)[0m
[96m[1m
==========================================================================
  INV-UI-02 — ID TEKNIS ENTITAS TIDAK BOLEH TAMPIL KE PENGGUNA
==========================================================================
[0m
  helper bersama : frontend/src/utils/entityLabel.js ✓
  [92m[PASS][0m SELF-TEST: guard menangkap 5 pelanggaran yang disuntik (termasuk `entity_id` mentah di JSX & template literal) & menolak 5 kasus sah (bukti-merah sah).
  berkas diperiksa: 709

  [92m[1m✓ 0 pelanggaran — nama entitas selalu lewat helper bersama.[0m

  [92m✓ guard:entity_label (INV-UI-02, id entitas tak boleh tampil) PASS[0m (1s)

[96m[1m▶ guard:error_notice (INV-UI-03, error tak boleh senyap)[0m
  utang teknis (baseline aturan C): 12 modal lama belum punya bilah error sendiri — lihat MODAL_BASELINE.
  [PASS] SELF-TEST: 2 pelanggaran tertangkap · 2 pemakaian benar tidak salah-tuduh (bukti-merah sah).
[96m[1m== INV-UI-03 — Kegagalan backend harus terlihat di layar (anti error senyap) ==[0m
[92m[PASS][0m 276 cek lolos, 0 pelanggaran.
  [92m✓ guard:error_notice (INV-UI-03, error tak boleh senyap) PASS[0m (0s)

[96m[1m▶ guard:role_label (INV-ROLE-01, peran dari registry & izin)[0m
[1m== SELF-TEST verify_role_label (gate harus bisa MEMERAH) ==[0m
  [92m[PASS][0m peta label peran lokal TERTANGKAP
  [92m[PASS][0m pembesaran huruf id peran TERTANGKAP
  [92m[PASS][0m id peran MENTAH dicetak ke layar TERTANGKAP
  [92m[PASS][0m wewenang dari literal peran di layar pajak TERTANGKAP  · 4 temuan
  [92m[PASS][0m pemakaian BENAR (roleLabel + can) tidak salah-tuduh
  [92m[PASS][0m kode nyata saat ini HIJAU

  [92mHIJAU[0m — 0 pemeriksaan gagal.
  [92m✓ guard:role_label (INV-ROLE-01, peran dari registry & izin) PASS[0m (0s)

[96m[1m▶ guard:derived_fields (INV-UI-04, field turunan tak boleh dari respons daftar)[0m
[96m[1m== INV-UI-04 — Field turunan dibaca dari sumbernya sendiri (bukan dari respons daftar) ==[0m
[92m[PASS][0m 3 cek lolos, 0 pelanggaran.
  [92m✓ guard:derived_fields (INV-UI-04, field turunan tak boleh dari respons daftar) PASS[0m (1s)

[96m[1m▶ audit_entity_isolation SELF-TEST (bukti-merah pagar isolasi)[0m
==============================================================================
  GATE ISOLASI LINTAS-ENTITAS (FASE E-0)
==============================================================================
  [PASS] gate MENANGKAP koleksi ber-entitas yang tidak terdaftar
  [PASS] setelah dibersihkan gate kembali hijau
  [92m✓ audit_entity_isolation SELF-TEST (bukti-merah pagar isolasi) PASS[0m (0s)

[96m[1m▶ guard:write_scope SELF-TEST (INV-ENTITY-02, mode gabungan hanya-lihat)[0m
== SELF-TEST entity_write_guard (pagar mode “Semua Entitas”) ==
  [PASS] POST   /api/customers                                   X-Entity-Id=all      → 409  · buat pelanggan di mode gabungan DITOLAK
  [PASS] POST   /api/sales-orders                                X-Entity-Id=all      → 409  · buat pesanan di mode gabungan DITOLAK
  [PASS] POST   /api/ar-receipts                                 X-Entity-Id=all      → 409  · catat uang masuk DITOLAK
  [PASS] POST   /api/approval-rules                              X-Entity-Id=all      → 409  · aturan persetujuan DITOLAK
  [PASS] POST   /api/hr/employees                                X-Entity-Id=all      → 409  · karyawan DITOLAK
  [PASS] POST   /api/customers                                   X-Entity-Id=ent_ksc  → lanjut  · setelah memilih badan usaha: BOLEH
  [PASS] POST   /api/customers                                   X-Entity-Id=(kosong) → lanjut  · tanpa header (bawaan home): BOLEH
  [PASS] GET    /api/customers                                   X-Entity-Id=all      → lanjut  · membaca gabungan: BOLEH
  [PASS] POST   /api/products                                    X-Entity-Id=all      → lanjut  · master katalog bersama: BOLEH
  [PASS] POST   /api/uoms                                        X-Entity-Id=all      → lanjut  · master satuan bersama: BOLEH
  [PASS] POST   /api/entities                                    X-Entity-Id=all      → lanjut  · membuat badan usaha itu sendiri: BOLEH
  [PASS] PATCH  /api/users/{user_id}                             X-Entity-Id=all      → lanjut  · ubah akun: BOLEH
  [PASS] POST   /api/interco/returns                             X-Entity-Id=all      → lanjut  · retur antar-badan-usaha: BOLEH
  [PASS] POST   /api/tax-invoices/{fkt_id}/replace               X-Entity-Id=all      → lanjut  · aksi atas dokumen yang sudah ada: BOLEH
  [PASS] POST   /api/sales-orders/preview-lots                   X-Entity-Id=all      → lanjut  · pratinjau: BOLEH
  [PASS] DELETE /api/customers/{customer_id}                     X-Entity-Id=all      → lanjut  · hapus dokumen ada: BOLEH
  [PASS] POST   /api/rute-baru-yang-lupa-didaftarkan             X-Entity-Id=all      → 409  · deny-by-default untuk rute tulis baru

  HIJAU — pagar terbukti bisa memerah.
  [92m✓ guard:write_scope SELF-TEST (INV-ENTITY-02, mode gabungan hanya-lihat) PASS[0m (0s)

[96m[1m▶ guard:warehouse_scope SELF-TEST (E4.1, gudang khusus badan usaha)[0m
== SELF-TEST audit_warehouse_scope (gate harus bisa MEMERAH) ==
  [PASS] endpoint tulis tanpa pagar TERTANGKAP
  [PASS] endpoint berpagar tidak salah-tuduh
==============================================================================
  GATE E4.1 — PAGAR PEMAKAIAN GUDANG PER BADAN USAHA
==============================================================================
  21 endpoint tulis berpagar · 2 dibebaskan dengan alasan
    - bebas: label_printer.py::generate_product_label             (hanya mencetak label — tidak membuat/menggeser stok)
    - bebas: rfid.py::post_auto_encode                            (tag mengikuti roll; kepemilikan roll sudah ter-scope owner_entity_id)

  HIJAU — semua endpoint tulis pemilih gudang berpagar.
  [PASS] kode nyata saat ini HIJAU

  HIJAU — gate terbukti bisa memerah.
  [92m✓ guard:warehouse_scope SELF-TEST (E4.1, gudang khusus badan usaha) PASS[0m (1s)

[96m[1m▶ verify_data_integrity (229 invarian domain/GL/alert/ledger/config/relasi/pembayaran/selisih/bank/kasus/kontrabon/antar-entitas)[0m
[1m[96m================================================================[0m
[1m  KN3 — DATA INTEGRITY GATE  (DB=test_database  API=http://localhost:8001)[0m
[1m[96m================================================================[0m

[96m[1mL0 — Self-check: gate vs ENTITY_REGISTRY (anti self-drift)[0m
  [92m[PASS][0m 68 koleksi kanonik konsisten dengan ENTITY_REGISTRY

[96m[1mL1/L2 — Rekonsiliasi koleksi Seed↔App (butuh DB clean-seed)[0m
  [92m[PASS][0m users: 'users' berisi 17 dok
  [92m[PASS][0m products: 'products' berisi 20 dok
  [92m[PASS][0m customers: 'customers' berisi 5 dok
  [92m[PASS][0m warehouses: 'warehouses' berisi 4 dok
  [92m[PASS][0m uoms: 'uoms' berisi 8 dok
  [92m[PASS][0m inventory_balances: 'inventory_balances' berisi 27 dok
  [92m[PASS][0m inventory_movements: 'inventory_movements' berisi 67 dok
  [92m[PASS][0m inventory_rolls: 'inventory_rolls' berisi 66 dok
  [92m[PASS][0m system_settings: 'system_settings' berisi 8 dok
  [92m[PASS][0m payment_terms: 'payment_terms' berisi 9 dok
  [92m[PASS][0m approval_rules: 'approval_rules' berisi 7 dok
  [92m[PASS][0m sales_orders: 'sales_orders' berisi 11 dok
  [92m[PASS][0m purchase_orders: 'purchase_orders' berisi 17 dok
  [92m[PASS][0m suppliers: 'suppliers' berisi 12 dok
  [92m[PASS][0m cash_transactions: 'cash_transactions' berisi 17 dok
  [92m[PASS][0m purchase_returns: 'purchase_returns' berisi 3 dok
  [92m[PASS][0m purchase_requisitions: 'purchase_requisitions' berisi 8 dok
  [92m[PASS][0m wms_tasks: 'wms_tasks' berisi 27 dok
  [92m[PASS][0m document_templates: 'document_templates' berisi 2 dok
  [92m[PASS][0m permission_settings: 'permission_settings' berisi 1 dok
  [92m[PASS][0m warehouse_transfers: 'warehouse_transfers' berisi 7 dok
  [92m[PASS][0m cycle_count_sessions: 'cycle_count_sessions' berisi 2 dok
  [92m[PASS][0m invoices: 'invoices' berisi 0 dok
  [92m[PASS][0m audit_logs: 'audit_logs' berisi 104 dok

[96m[1mL4 — Invarian akuntansi (level DB)[0m
  [92m[PASS][0m stok: 27 balance — konservasi qty (bucket fisik) terpenuhi
  [92m[PASS][0m stok: tidak ada qty negatif
  [92m[PASS][0m INV-DB-SORD: 2 special_order — total_amount numerik
  [92m[PASS][0m order: 11 order — total_amount == Σ subtotal
  [92m[PASS][0m order: subtotal == price × quantity
  [92m[PASS][0m order: 11 order — net_subtotal == total_amount − discount_total
  [92m[PASS][0m order: 11 order — PPN & grand_total konsisten (mode excluded/included)
  [92m[PASS][0m order: line_total == subtotal − discount_amount (0 ≤ disc% ≤ 100)
  [92m[PASS][0m PO: 17 PO — field total kanonik tersimpan (grand_total/total_amount, anti schema-drift S1)
  [92m[PASS][0m PO: 17 PO (semua) — total_amount == Σ subtotal · 17 ber-breakdown
  [92m[PASS][0m PO: subtotal == price × quantity
  [92m[PASS][0m PO: 17 PO — net_subtotal == total_amount − discount_total
  [92m[PASS][0m PO: 17 PO — PPN Masukan & grand_total konsisten
  [92m[PASS][0m PO: line_total == subtotal − discount_amount (0 ≤ disc% ≤ 100)

[96m[1mL-MOV — Integritas ledger mutasi stok (INV-MOV-01..04)[0m
  [92m[PASS][0m INV-MOV-01: 13 pasangan punya initial_stock — tidak ada yang ganda
  [92m[PASS][0m INV-MOV-02: 67 mutasi — semua produk & gudang hidup
  [92m[PASS][0m INV-MOV-03: tidak ada mutasi ber-quantity nol
  [92m[PASS][0m INV-MOV-04: 67 mutasi — timestamp ada & timezone-aware

[96m[1mL4-GL — Invarian General Ledger (keseimbangan & rekonsiliasi)[0m
  [92m[PASS][0m GL: 109 jurnal — setiap entri seimbang (Σdebit == Σkredit)
  [92m[PASS][0m GL: trial balance seimbang untuk 2 buku entitas
  [92m[PASS][0m GL: rekonsiliasi persediaan (subledger rolls == GL 1-1300) per entitas
  [92m[PASS][0m GL: setiap order berpendapatan juga punya jurnal HPP (tidak ada COGS-ZERO)
  [92m[PASS][0m GL: Piutang 1-1200 ter-rekonsiliasi per entitas (tak bocor ke 'all', tak negatif)

[96m[1mL4-GL-AUDIT — Invarian audit 2026-09-02 (dobel-posting · kas gl_posted · kwitansi yatim · pendapatan tepat waktu)[0m
  [92m[PASS][0m INV-GL-DUP-01: 100 source_id — tidak ada kredit akun yang sama dijurnal dua kali
  [92m[PASS][0m INV-CASH-02: 0 kas ber-gl_posted — tak ada JE cash_transaction ganda
  [92m[PASS][0m INV-AR-02: setiap payments[].receipt_id merujuk kwitansi AR yang ada
  [92m[PASS][0m INV-GL-REV-01: 3 SO terkirim — semua berjurnal pendapatan

[96m[1mL5-NUM — Penomoran dokumen (unik & counter tidak tertinggal)[0m
  [92m[PASS][0m INV-NUM-01: 12 koleksi bernomor — tidak ada nomor kembar
  [92m[PASS][0m INV-NUM-02: semua counter bersama ≥ nomor tertinggi yang terpakai

[96m[1mL4-DOMAIN — Invarian Fondasi Domain Tekstil (KN_18 Fase A)[0m
  [92m[PASS][0m INV-DOMAIN-01: 40 produk/template stage valid
  [92m[PASS][0m INV-DOMAIN-02: fabric_type (woven|knit) terisi di semua produk & template
  [92m[PASS][0m INV-DOMAIN-03: grade produk & 66 roll memakai enum A|A1|A2|B|BS (D-01)
  [92m[PASS][0m INV-DOMAIN-04: produk dengan kelengkapan kurang selalu ditandai needs_review (D-22)
  [92m[PASS][0m INV-DOMAIN-05: 66 roll punya snapshot stage & fabric_type
  [92m[PASS][0m INV-DOMAIN-06: riwayat grade konsisten (1 roll punya grade_history)

[96m[1mL4-ROLL — Invarian Roll-as-SSOT (KN_15)[0m
  [92m[PASS][0m roll: 66 roll — 0 ≤ length_remaining ≤ length_initial
  [92m[PASS][0m roll: referensi owner/warehouse/product valid + lot wajib terisi
  [92m[PASS][0m roll: 27 segmen — balance == Σ rolls (available/reserved)
  [92m[PASS][0m order: alokasi owner-scoped (owner == SO.entity_id) — D3 terpenuhi
  [92m[PASS][0m order: alokasi lot_mode konsisten (single≤1 lot, mixed≥2 lot) — Sub-fase 1.7
  [92m[PASS][0m order: has_mixed_lot ⟺ >1 lot dipakai (lintas alokasi) — Sub-fase 1.7
  [92m[PASS][0m roll: earmarked_for terisi ⟹ status 'available' (Pegging) — konsisten

[96m[1mL4-BO — Invarian Backorder (Sub-fase 1.6)[0m
  [92m[PASS][0m backorder: 1 SO — base_quantity == reserved + backorder + intercompany per item
  [92m[PASS][0m backorder: flag has_backorder ⟺ Σbackorder>0; waiting_stock ⟹ Σreserved≈0
  [92m[PASS][0m backorder: backorder owner-scoped (entity == SO.entity_id) — D3

[96m[1mL4-SHIP — Invarian Shipment & Status SO (Sub-fase 1.8)[0m
  [92m[PASS][0m shipment: 9 task outbound — 0 ≤ shipped_qty ≤ quantity
  [92m[PASS][0m shipment: 4 shipment — Σ qty == Σ task.shipped_qty per order
  [92m[PASS][0m shipment: status SO ⟺ progres task (picked/partially_shipped/shipped/done)

[96m[1mL4-FKT — Invarian Faktur Pajak (Sub-fase 1.9)[0m
  [92m[PASS][0m faktur: 3 faktur — PPN==DPP×rate & Grand==HargaJual+PPN (F-10 DPP Nilai Lain)
  [92m[PASS][0m faktur: referensi order valid + hanya PKP & ber-PPN (normal/pengganti)
  [92m[PASS][0m faktur: ≤1 faktur aktif/order + 3 nomor unik
  [92m[PASS][0m faktur: rantai pengganti konsisten (replaces_id valid)

[96m[1mL4-PR — Invarian Purchase Requisition (Depth #2)[0m
  [92m[PASS][0m PR: 8 PR — subtotal==est×qty & total==Σ subtotal
  [92m[PASS][0m PR: status converted ⟹ po_id valid
  [92m[PASS][0m PR: 8 nomor PR unik

[96m[1mL4-RET — Invarian Retur ≤ Terkirim/Terjual (R1-06)[0m
  [92m[PASS][0m retur: 3 (order,produk) — Σ retur ≤ terkirim/terjual (R1-06)

[96m[1mL4-QC — Invarian Inspeksi & QC (FASE I · anti pintu ke-3 grade)[0m
  [92m[PASS][0m INV-QC-01: poin dokumen == poin roll (dokumen tetap RINGKASAN, bukan sumber)
  [92m[PASS][0m INV-QC-02a: setiap perubahan grade di dokumen punya jejak `grade_history` roll
  [92m[PASS][0m INV-QC-03: tahanan dokumen sejalan dengan roll (pagar putaway membaca roll)
  [92m[PASS][0m INV-QC-02b: seluruh perubahan grade ber-source `qc_inspection` punya dokumennya (dikecualikan tertulis: initial, manager_override, migration, quarantine_release, return_quarantine, roll_created)

[96m[1mFA — Aset Tetap & Penyusutan (R6.2)[0m
  [92m[PASS][0m FA-1: accumulated == Σ entri penyusutan (3 aset)
  [92m[PASS][0m FA-2: book_value == harga_perolehan − akumulasi (aset aktif)
  [92m[PASS][0m FA-2b: aset yang pindah PT bernilai buku 0 di buku penjual
  [92m[PASS][0m FA-3: GL Akumulasi Penyusutan (1-2900) == Σ akumulasi aset aktif (36937500)
  [92m[PASS][0m FA-4: GL akun aset tetap == Σ harga perolehan aset aktif (498000000)

[96m[1mBG — Anggaran & Budget Control (R6.3)[0m
  [92m[PASS][0m BG-1: tidak ada anggaran duplikat (18 baris)
  [92m[PASS][0m BG-2: nominal anggaran > 0 & bulan 0–12 (valid)
  [92m[PASS][0m BG-3: semua kunci anggaran terdaftar (akun COA / kategori beban)
  [92m[PASS][0m BG-4: kebijakan over-budget valid (2 entitas terkonfigurasi)

[96m[1mMFG — Produksi In-House · BOM & Work Order (R6.4)[0m
  [92m[PASS][0m MFG-1: semua resep BOM valid (2 BOM)
  [92m[PASS][0m MFG-2: HPP & status WO konsisten (1 WO selesai / 3 total)
  [92m[PASS][0m MFG-3: konsumsi bahan == movement & roll output senilai HPP (1 movement konsumsi)
  [92m[PASS][0m MFG-4: overhead produksi terkapitalisasi tepat di GL (5-1100 kredit 140000 == Σ WO, 1 JE)

[96m[1mSCH — Penjadwal, Notifikasi & Outbox WhatsApp (R6.5)[0m
  [92m[PASS][0m SCH-1: histori eksekusi job valid (0 run)
  [92m[PASS][0m SCH-2: notifikasi valid & dedupe_key konsisten (116 notifikasi)
  [92m[PASS][0m SCH-3: alert scheduler idempotent harian (0 kunci unik)
  [92m[PASS][0m SCH-4: outbox WA & pengaturan alert konsisten (0 pesan · provider simulated)
  [92m[PASS][0m SCH-5: rantai eskalasi valid (0 eskalasi · 0 induk · batas 2 tingkat)
  [92m[PASS][0m SCH-6: ringkasan harian & konfigurasi kanal konsisten (0 ringkasan · mode instant · eskalasi aktif >8 jam)

[96m[1mL4-PS21 — Invarian Notifikasi Operasional & Repeat/Restock[0m
  [92m[PASS][0m INV-PS21-01: 4 notifikasi operasional ter-dedupe harian (kunci unik & konsisten)
  [92m[PASS][0m INV-PS21-02: pengingat piutang hanya pada offset H-3/H-1/H/H+1
  [92m[PASS][0m INV-PS21-03: jejak dua arah restock konsisten (3 PR dari 3 order)
  [92m[PASS][0m INV-PS21-04: seluruh item PR restock menunjuk produk master yang sah

[96m[1mL4-UOM — Invarian Konversi Satuan (Fase B · D-06/D-07)[0m
  [92m[PASS][0m INV-UOM-01: 14 aturan konversi sah (14 pasangan aktif unik)
  [92m[PASS][0m INV-UOM-02: 4 baris dokumen berjejak konversi konsisten (doc_qty × faktor == base_qty == quantity_base)
  [92m[PASS][0m INV-UOM-03: toleransi sah (peringatan 2% ≤ blokir 5%, pembulatan 2)
  [92m[PASS][0m INV-UOM-04: 1 penerimaan dengan cek selisih konversi ditandai & beralasan sesuai kebijakan

[96m[1mL4-LOT — Invarian Lot Kelas Satu (Fase C · D-10/D-26/D-27)[0m
  [92m[PASS][0m INV-LOT-01: 35 lot bernomor sah & unik (format LOT-YYMM-#### per entitas)
  [92m[PASS][0m INV-LOT-02: 66 roll tertaut lot yang sah
  [92m[PASS][0m INV-LOT-02: tidak ada roll stage ≥ grey tanpa lot
  [92m[PASS][0m INV-LOT-03: genealogi dua arah & bebas siklus (16 relasi induk-anak)
  [92m[PASS][0m INV-LOT-04: agregat 35 lot == Σ roll (proyeksi murni turunan)
  [92m[PASS][0m INV-LOT-05: tidak ada lot lintas produk/pemilik (integritas batch)
  [92m[PASS][0m INV-LOT-06: penegakan lot = warn (supplier_lot wajib: True, dye_lot wajib: True)

[96m[1mL4-MKO — Invarian Makloon Rantai Proses (Fase D · D-05/D-07/D-09 · FASE T)[0m
  [92m[PASS][0m INV-MKO-01: rantai 5 order makloon nyambung & setiap langkah punya produk output
  [92m[PASS][0m INV-MKO-02: semua penerimaan makloon melahirkan lot output valid (genealogi Fase C utuh)
  [92m[PASS][0m INV-MKO-03: setiap ongkos jasa menyimpan basis & jejak perhitungan (D-07)
  [92m[PASS][0m INV-MKO-04: nilai output tiap langkah = bahan + jasa + jasa diserap − barang sisa − jasa diteruskan (WIP di-clear penuh)
  [92m[PASS][0m INV-MKO-07: 1 langkah jasa murni (FASE T) — biayanya terlacak penuh (diserap HPP / menggantung / dibebankan)
  [92m[PASS][0m INV-MKO-05: klaim selisih valid (0 disetujui dengan penyetuju, nilai & dokumen turunan)
  [92m[PASS][0m INV-MKO-06: 15 kontrak mitra bernomor sah & semua referensi langkah valid

[96m[1mL4-SRC — Invarian Sourcing Berbasis Kontrak (Fase E · E-01/E-02/E-03)[0m
  [92m[PASS][0m INV-SRC-01: routing pemenuhan 8 PR valid (mode ∈ purchase|makloon · line_no unik · baris makloon berkatalog)
  [92m[PASS][0m INV-SRC-02: realisasi PR ≤ kebutuhan & Σ jejak == realized_qty
  [92m[PASS][0m INV-SRC-03: status realisasi PR konsisten dengan baris (turunan murni)
  [92m[PASS][0m INV-SRC-04: semua jejak realisasi PR menunjuk PO/Order Makloon yang ada
  [92m[PASS][0m INV-SRC-05: 8 barang supplier sehat (kunci supplier+kode unik · referensi & faktor konversi valid)

[96m[1mL4-RCV — Invarian Penerimaan Satuan Supplier (Fase F-1 · F1-01/F1-02/F1-03)[0m
  [92m[PASS][0m INV-RCV-01: 1 jejak konversi penerimaan lengkap (dari 18 task inbound)
  [92m[PASS][0m INV-RCV-02: doc_qty × faktor == task_qty == qty yang masuk stok (angka di layar = angka tersimpan)
  [92m[PASS][0m INV-RCV-03: sumber faktor sah & referensi barang supplier hidup (receive_uom_trails sinkron dengan scan_log)

[96m[1mL4-CFG — Invarian Pusat Pengaturan (FASE G-0 · satu sumber kebenaran)[0m
  [92m[PASS][0m INV-CFG-01: 107 setting — 98 aktif & bisa diubah user, 9 ditandai tidak dipakai + alasan; nol tersembunyi/palsu/mati
  [92m[PASS][0m INV-CFG-02: menu → route → SettingsHub → SettingEditor tersambung
  [92m[PASS][0m INV-CFG-03: 222 entri registry lengkap (consumers · alasan · bentuk tabel)
  [92m[PASS][0m INV-CFG-04: satu-satunya jalur tulis konfigurasi dari UI adalah PUT /api/config/values
  [92m[PASS][0m INV-CFG-05: 0 nilai konfigurasi tersimpan patuh batas (min/max/enum) — mesin tidak pernah menerima angka liar

[96m[1mL4-AMD — Invarian Fondasi Amandemen (FASE G-1 · tanpa edit senyap)[0m
  [92m[PASS][0m INV-AMD-01: 2 amandemen diterapkan — semuanya bernomor, ber-alasan dikenal, ber-dampak, ber-pengusul, ber-jejak
  [92m[PASS][0m INV-AMD-02: setiap amandemen ber-approval punya penyetuju yang sah & berbeda dari pengusul (kontrol ganda)
  [92m[PASS][0m INV-AMD-03: dokumen terbit tidak pernah berubah nominalnya — koreksinya persis sebesar nota yang diterbitkan
  [92m[PASS][0m INV-AMD-04: 1 nota koreksi sehat (induk hidup · nomor unik · net+PPN == bruto)
  [92m[PASS][0m INV-AMD-05: 4 amandemen menyimpan ambang yang berlaku saat itu — keputusan bisa diaudit ulang

[96m[1mL4-REF — Invarian Relasi Dokumen (FASE G-4 · tidak ada surat buntu)[0m
  [92m[PASS][0m INV-REF-01: 77 dokumen turunan semuanya menunjuk dokumen induk yang hidup · 1 dokumen SAH berdiri sendiri (tanpa kolom sumber: tax_invoice)
  [92m[PASS][0m INV-REF-02: relasi dua arah konsisten pada 148 dokumen ber-referensi (bisa ditelusuri dari sisi mana pun)
  [92m[PASS][0m INV-REF-03: dokumen cetak SO-0001 menampilkan blok referensi (PICK-2B2182 · SJ-00001 · FKT-00001 · AR-00001 · SRET-00001 · KSC/RPB-00001) + QR Jejak Dokumen (juga saat dirender tanpa browser: https://exclusive-palette.preview.emergentagent.…)

[96m[1mL4-PAY — Invarian Rencana Pembayaran & Denda (FASE G-2)[0m
  [92m[PASS][0m INV-PAY-01: 3 rencana pembayaran jumlahnya PAS dengan nilai dokumen sumber
  [92m[PASS][0m INV-PAY-02: alokasi pembayaran pada jadwal tidak pernah melebihi kas yang benar-benar masuk
  [92m[PASS][0m INV-PEN-01: dari 3 nota denda, tidak ada draft yang menyentuh buku besar
  [92m[PASS][0m INV-PEN-02: 0 keputusan denda semuanya ber-alasan & ber-pemutus (tidak ada denda hilang diam-diam)
  [92m[PASS][0m INV-PEN-03: Σ denda terbit belum dibayar == saldo GL 1-1270 (Rp 308.330)

[96m[1mL4-VAR — Invarian Selisih Pembayaran (FASE G-3)[0m
  [92m[PASS][0m INV-VAR-01: 1 keputusan selisih semuanya ber-alasan & ber-pemutus · tak ada selisih menggantung (dari 0 kwitansi ter-takar)
  [92m[PASS][0m INV-VAR-02a: setiap kwitansi — dana == teralokasi + belum teralokasi (tidak ada uang hilang)
  [92m[PASS][0m INV-VAR-02b: setiap rupiah yang dipindah keputusan selisih punya jurnal & tidak melebihi kelebihan bayarnya

[96m[1mL4-BNK — Invarian Rekonsiliasi Bank (FASE G-8)[0m
  [92m[PASS][0m INV-BNK-01: 6 baris mutasi berstatus sah & tautannya utuh  [92m{'holding': 1, 'ignored': 0, 'matched': 0, 'unmatched': 5}[0m
  [92m[PASS][0m INV-BNK-02: 0 transaksi buku tertaut — Σ rekonsiliasi == Σ alokasi & tidak melebihi nominal
  [92m[PASS][0m INV-BNK-03: saldo titipan 2-1950 = Rp 12,459,800 sama dgn 1 baris titipan belum teralokasi
  [92m[PASS][0m INV-BNK-04: 0 baris biaya/bunga bank punya kas + jurnal aktif pada akun yang benar
  [92m[PASS][0m INV-BNK-05: 0 alokasi titipan menunjuk pesanan yang ADA dan berada di entitas rekeningnya sendiri

[96m[1mL4-CASE — Invarian Pusat Kasus Keuangan (FASE G-9)[0m
  [92m[PASS][0m INV-CASE-01: 1 kasus selesai punya dokumen turunan, alasan berlabel & penyelesai (dari 3 kasus)
  [92m[PASS][0m INV-CASE-02: 1 titipan dana berumur > 3 hari semuanya punya kasus terbuka (tidak ada uang terlupakan)
  [92m[PASS][0m INV-CASE-03: setiap kasus uang berjurnal seimbang (2 jurnal kasus terbit)

[96m[1mL4-CB — Invarian Kontrabon / Tukar Faktur (FASE G-7)[0m
  [92m[PASS][0m INV-CB-01: 3 kontrabon aktif — tidak ada faktur yang dipegang dua kontrabon & nilainya tak melebihi faktur
  [92m[PASS][0m INV-CB-02: 3 kontrabon konsisten (net = faktur − potongan) · 1 lunas & pelunasannya menempel di subledger hutang
  [92m[PASS][0m INV-CB-03: setiap selisih 3-way di luar toleransi diputus berlabel sebelum verifikasi (tidak ada selisih diterima diam-diam)
  [92m[PASS][0m INV-CB-04: 1 potongan menunjuk dokumen nyata, sekali pakai, tak melebihi sumbernya, dan jurnalnya tepat (retur beli sengaja tanpa jurnal ulang)

[96m[1mL4-IC — Invarian Transaksi Antar Entitas (FASE G-6)[0m
  [92m[PASS][0m INV-IC-01: 6 transaksi antar-PT — jurnal berpasangan seimbang di dua buku (pembatalan pun dibalik penuh)
  [92m[PASS][0m INV-IC-02: 4 baris saldo antar-PT berpasangan sama besar (2 arah dagang · IC-AR bersih 6,705,510 == IC-AP bersih 6,705,510)
  [92m[PASS][0m INV-IC-03: 4 pair aktif ter-eliminasi otomatis di konsolidasi (unrealized profit Rp 2,416,100 tidak menggelembungkan laba grup)
  [92m[PASS][0m INV-IC-04: 4 saldo pasangan PT == Σ transaksi − Σ settlement (2 arah dagang lengkap piutang+utang · 1 settlement konsisten)
  [92m[PASS][0m INV-IC-05: PPN keluaran penjual == PPN masukan pembeli untuk setiap transaksi antar-PT (mode tanpa-PPN nol di kedua sisi)
  [92m[PASS][0m INV-IC-06: 2 tugas gudang antar-PT tanpa jurnal dobel; roll pembeli dinilai ulang ke harga beli internal
  [92m[PASS][0m INV-IC-07: 1 faktur pajak internal berpasangan (keluaran penjual == masukan pembeli, hanya untuk transaksi ber-PPN)
  [92m[PASS][0m INV-IC-08: 2 retur antar-PT berpasangan seimbang di dua buku; jumlah retur tidak melebihi transaksi asalnya

[96m[1mL4-CLS — Invarian Unlock Periode Tertutup (FASE G-5)[0m
  [92m[PASS][0m INV-CLS-01: 0 periode tertutup — tak ada jurnal mundur tanpa unlock resmi (0 jurnal pasca-tutup diperiksa)
  [92m[PASS][0m INV-CLS-02: 0 unlock disetujui — semua ber-alasan & pengusul ≠ penyetuju (dual-control)

[96m[1mL4-RND — Invarian R&D & Desain (FASE F)[0m
  [92m[PASS][0m INV-RND-01: 21 keputusan sample ber-ACC, ber-alasan & ber-pemutus; kontrak yang lahir menunjuk balik ke nomor sample
  [92m[PASS][0m INV-RND-02: 52 dari 56 round tertutup — semuanya ber-lampiran & ber-catatan; nomor round berurut per (supplier × jenis sampling)
  [92m[PASS][0m INV-RND-03: 1 spesifikasi disetujui → produk nyata dengan tautan dua arah
  [92m[PASS][0m INV-RND-04: 0 produk belum rilis — nol kebocoran ke SO/PR/PO (uang tidak keluar untuk barang belum sah)
  [92m[PASS][0m INV-RND-05: 1 pengambilan bahan sample — semuanya punya mutasi `sample_issue` dengan qty yang sama (satu angka stok)
  [92m[PASS][0m INV-RND-06: 2 permintaan ber-jenis wajib-desain — semuanya merujuk desain nyata di master desain
  [92m[PASS][0m INV-RND-07: 1 pengambilan bahan sample berbiaya — semuanya berjurnal Dr 6-7000 / Cr 1-1300 dengan nilai sama (GL sejalan subledger)

[96m[1mL5 — Number-series integrity (cegah RC-5 duplicate number)[0m
  [92m[PASS][0m sales_orders.number: 11 nomor unik (tidak ada duplikat)
  [92m[PASS][0m purchase_orders.po_number: 17 nomor unik (tidak ada duplikat)

[96m[1mL3 — Invarian INTENT lintas-endpoint (KPI dashboard == sumber data)[0m
  [92m[PASS][0m dashboard: products KPI 20 == /products 20
  [92m[PASS][0m dashboard: available KPI 4198.82 == Σbalances 4198.82
  [92m[PASS][0m dashboard: reserved KPI 220.0 == Σbalances 220.0
  [92m[PASS][0m orders: stats total 9 == /sales-orders 9
  [92m[PASS][0m dashboard: active_orders KPI 8 == hitung penuh 8

[1m================================================================[0m
  [92mPASS 248[0m  |  [91mFAIL 0[0m  |  [93mWARN 0[0m
  [92m[1mSEMUA INVARIAN VALID.[0m

  [92m✓ verify_data_integrity (229 invarian domain/GL/alert/ledger/config/relasi/pembayaran/selisih/bank/kasus/kontrabon/antar-entitas) PASS[0m (3s)

[96m[1m▶ verify_entity_scoping (F0-C, DB + STATIK anti-kebocoran PT)[0m
================================================================
(1) DB CHECK — 0 dokumen SCOPED tanpa field entitas
================================================================
  [OK ] approval_matrix_log      field=entity_id        missing=0
  [OK ] approval_rules           field=entity_id        missing=0 (warisan global — sah)
  [OK ] ar_receipts              field=entity_id        missing=0
  [OK ] audit_logs               field=scope_entity_id  missing=1 (warisan global — sah)
  [OK ] bank_accounts            field=entity_id        missing=0
  [OK ] bank_statement_formats   field=entity_id        missing=0
  [OK ] bank_statement_lines     field=entity_id        missing=0
  [OK ] budgets                  field=entity_id        missing=0
  [OK ] cash_transactions        field=entity_id        missing=0
  [OK ] complaint_reasons        field=entity_id        missing=0 (warisan global — sah)
  [OK ] contra_bons              field=entity_id        missing=0
  [OK ] credit_notes             field=entity_id        missing=0
  [OK ] customer_prices          field=entity_id        missing=0
  [OK ] customers                field=entity_id        missing=0
  [OK ] cycle_count_sessions     field=entity_id        missing=0
  [OK ] data_hygiene_log         field=entity_id        missing=14 (warisan global — sah)
  [OK ] design_gallery           field=entity_id        missing=0
  [OK ] design_requests          field=entity_id        missing=0
  [OK ] doc_amendments           field=entity_id        missing=0
  [OK ] document_templates       field=entity_id        missing=0 (warisan global — sah)
  [OK ] entity_prices            field=entity_id        missing=0
  [OK ] expense_categories       field=entity_id        missing=0 (warisan global — sah)
  [OK ] fin_budget_rules         field=entity_id        missing=0
  [OK ] fin_depreciation_entries field=entity_id        missing=0
  [OK ] fin_fixed_assets         field=entity_id        missing=0
  [OK ] finance_cases            field=entity_id        missing=0
  [OK ] fleet_vehicles           field=entity_id        missing=0
  [OK ] hr_attendance            field=entity_id        missing=0
  [OK ] hr_devices               field=entity_id        missing=0
  [OK ] hr_employees             field=entity_id        missing=0
  [OK ] hr_field_tracks          field=entity_id        missing=0
  [OK ] hr_geofences             field=entity_id        missing=0
  [OK ] hr_kpi                   field=entity_id        missing=0
  [OK ] hr_leave_balances        field=entity_id        missing=0
  [OK ] hr_leave_requests        field=entity_id        missing=0
  [OK ] hr_org_units             field=entity_id        missing=0
  [OK ] hr_overtime              field=entity_id        missing=0
  [OK ] hr_payroll_runs          field=entity_id        missing=0
  [OK ] hr_payslips              field=entity_id        missing=0
  [OK ] hr_shifts                field=entity_id        missing=0
  [OK ] hr_visits                field=entity_id        missing=0
  [OK ] incentive_rates          field=entity_id        missing=0 (warisan global — sah)
  [OK ] inspections              field=entity_id        missing=0
  [OK ] interco_accounts         field=entity_id        missing=0
  [OK ] interco_loans            field=entity_id        missing=0
  [OK ] interco_returns          field=entity_id        missing=0
  [OK ] interco_settlements      field=entity_id        missing=0
  [OK ] interco_transactions     field=entity_id        missing=0
  [OK ] internal_requests        field=entity_id        missing=0
  [OK ] inventory_balances       field=owner_entity_id  missing=0
  [OK ] inventory_lots           field=owner_entity_id  missing=0
  [OK ] inventory_movements      field=owner_entity_id  missing=0
  [OK ] inventory_rolls          field=owner_entity_id  missing=0
  [OK ] journal_entries          field=entity_id        missing=0
  [OK ] landed_cost_vouchers     field=entity_id        missing=0
  [OK ] logistics_deliveries     field=entity_id        missing=0
  [OK ] makloon_orders           field=entity_id        missing=0
  [OK ] makloons                 field=entity_id        missing=0
  [OK ] md_samples               field=entity_id        missing=0
  [OK ] md_specs                 field=entity_id        missing=0
  [OK ] mfg_boms                 field=entity_id        missing=0
  [OK ] mfg_work_orders          field=entity_id        missing=0
  [OK ] notifications            field=entity_id        missing=0 (warisan global — sah)
  [OK ] payment_plans            field=entity_id        missing=0
  [OK ] payment_terms            field=entity_id        missing=0 (warisan global — sah)
  [OK ] payment_variance_decisions field=entity_id        missing=0
  [OK ] penalties                field=entity_id        missing=0
  [OK ] price_approvals          field=entity_id        missing=0
  [OK ] process_recipes          field=entity_id        missing=0
  [OK ] process_stages           field=entity_id        missing=0 (warisan global — sah)
  [OK ] product_lines            field=entity_id        missing=0 (warisan global — sah)
  [OK ] purchase_orders          field=entity_id        missing=0
  [OK ] purchase_requisitions    field=entity_id        missing=0
  [OK ] purchase_returns         field=entity_id        missing=0
  [OK ] rfid_reads               field=owner_entity_id  missing=0
  [OK ] rfid_tags                field=owner_entity_id  missing=0
  [OK ] rfqs                     field=entity_id        missing=0
  [OK ] rnd_person_divisions     field=entity_id        missing=0
  [OK ] roll_cost_history        field=entity_id        missing=0
  [OK ] sales_incentives         field=entity_id        missing=0
  [OK ] sales_orders             field=entity_id        missing=0
  [OK ] sales_returns            field=entity_id        missing=0
  [OK ] sales_targets            field=entity_id        missing=0
  [OK ] sample_types             field=entity_id        missing=0 (warisan global — sah)
  [OK ] shipments                field=entity_id        missing=0
  [OK ] special_orders           field=entity_id        missing=0
  [OK ] store_credit_ledger      field=entity_id        missing=0
  [OK ] supplier_contracts       field=entity_id        missing=0
  [OK ] supplier_items           field=entity_id        missing=0
  [OK ] supplier_price_lists     field=entity_id        missing=0
  [OK ] suppliers                field=entity_id        missing=0
  [OK ] tax_invoices             field=entity_id        missing=0
  [OK ] tax_invoices_in          field=entity_id        missing=0
  [OK ] vendor_bills             field=entity_id        missing=0
  [OK ] warehouse_transfers      field=entity_id        missing=0
  [OK ] wms_tasks                field=entity_id        missing=0

================================================================
(2) STATIC CHECK — router list/aggregate SCOPED pakai entity_scope
================================================================
  [OK    ] admin.py                   customers
  [OK    ] audit.py                   audit_logs
  [OK    ] cash.py                    cash_transactions
  [OK    ] categories.py              design_gallery
  [OK    ] color_library.py           customers
  [OK    ] contra_bons.py             wms_tasks
  [OK    ] crm.py                     sales_incentives
  [OK    ] crm.py                     sales_targets
  [OK    ] customers.py               customers
  [OK    ] cycle_count.py             cycle_count_sessions
  [OK    ] dashboard.py               sales_orders
  [OK    ] dashboard.py               inventory_balances
  [OK    ] dashboard.py               customers
  [OK    ] data_hygiene.py            data_hygiene_log
  [OK    ] entities.py                audit_logs
  [OK    ] hr.py                      hr_kpi
  [OK    ] hr.py                      hr_attendance
  [OK    ] hr.py                      hr_employees
  [OK    ] hr.py                      hr_org_units
  [OK    ] hr.py                      hr_payslips
  [OK    ] hr.py                      hr_leave_requests
  [OK    ] hr_attendance.py           hr_geofences
  [OK    ] hr_attendance.py           hr_attendance
  [OK    ] hr_attendance.py           hr_employees
  [OK    ] hr_attendance.py           hr_shifts
  [OK    ] hr_attendance.py           hr_devices
  [OK    ] hr_tracking.py             hr_field_tracks
  [OK    ] hr_tracking.py             hr_visits
  [OK    ] inbound_receiving.py       wms_tasks
  [OK    ] inbound_receiving.py       purchase_orders
  [OK    ] inbound_receiving_extra.py wms_tasks
  [OK    ] inbound_receiving_extra.py purchase_orders
  [OK    ] inbound_scan_label.py      rfid_tags
  [OK    ] inbound_scan_label.py      inventory_rolls
  [OK    ] incentive_rates.py         incentive_rates
  [OK    ] input_tax.py               tax_invoices_in
  [OK    ] inspections.py             wms_tasks
  [OK    ] inspections.py             purchase_returns
  [OK    ] inspections.py             makloon_orders
  [OK    ] inspections.py             sales_returns
  [OK    ] interco.py                 supplier_contracts
  [OK    ] inventory.py               inventory_balances
  [OK    ] inventory.py               inventory_movements
  [OK    ] inventory.py               inventory_rolls
  [OK    ] landed_cost.py             landed_cost_vouchers
  [OK    ] landed_cost.py             purchase_orders
  [OK    ] lots.py                    inventory_lots
  [OK    ] lots.py                    inventory_rolls
  [OK    ] makloons.py                makloons
  [OK    ] notifications.py           notifications
  [OK    ] outbound_picking.py        wms_tasks
  [OK    ] outbound_picking.py        sales_orders
  [OK    ] outbound_picking_extra.py  wms_tasks
  [OK    ] outbound_picking_extra.py  shipments
  [OK    ] pegging.py                 inventory_rolls
  [OK    ] price_approvals.py         price_approvals
  [OK    ] process_recipes.py         process_recipes
  [OK    ] product_media.py           md_specs
  [OK    ] product_traceability.py    inventory_lots
  [OK    ] product_traceability.py    purchase_orders
  [OK    ] product_traceability.py    inventory_rolls
  [OK    ] products.py                sales_orders
  [OK    ] products.py                inventory_balances
  [OK    ] products.py                inventory_rolls
  [OK    ] purchase_orders.py         wms_tasks
  [OK    ] purchase_orders.py         purchase_returns
  [OK    ] purchase_orders.py         purchase_orders
  [OK    ] purchase_orders_extra.py   purchase_orders
  [OK    ] purchase_requisitions.py   purchase_requisitions
  [OK    ] purchase_returns.py        purchase_returns
  [OK    ] reporting.py               sales_orders
  [OK    ] reporting.py               inventory_balances
  [OK    ] reporting.py               inventory_movements
  [OK    ] rfid.py                    wms_tasks
  [OK    ] rfid.py                    roll_scans
  [OK    ] rfid.py                    inventory_rolls
  [OK    ] rfq.py                     rfqs
  [OK    ] sales_orders_extra.py      sales_orders
  [OK    ] sales_orders_extra.py      inventory_rolls
  [OK    ] sales_returns.py           credit_notes
  [OK    ] sales_returns.py           sales_returns
  [OK    ] sample_orders.py           sales_orders
  [OK    ] so_approvals.py            sales_orders
  [OK    ] special_orders.py          special_orders
  [OK    ] suppliers.py               supplier_price_lists
  [OK    ] suppliers.py               purchase_orders
  [OK    ] suppliers.py               suppliers
  [OK    ] tax_invoices.py            tax_invoices
  [OK    ] transfers.py               warehouse_transfers
  [OK    ] uom_conversions.py         wms_tasks
  [OK    ] uom_conversions.py         purchase_requisitions
  [OK    ] uom_conversions.py         purchase_orders
  [OK    ] users.py                   hr_employees
  [OK    ] vendor_bills.py            vendor_bills
  [OK    ] wms.py                     wms_tasks

================================================================
DB CHECK    : ✅ LULUS
STATIC CHECK: ✅ LULUS
GATE F0-C   : ✅ LULUS (0 FAIL)
================================================================
  [92m✓ verify_entity_scoping (F0-C, DB + STATIK anti-kebocoran PT) PASS[0m (1s)

[96m[1m▶ audit_doc_refs (INV-REF cakupan data + kesehatan tautan)[0m

[96m[1m==============================================================================
A. CAKUPAN KODE — hook penautan di titik LAHIR dokumen
==============================================================================[0m
  [92m✓ [PASS][0m ar_receipt: hook penautan ada di services/ar_receipt_service.py
  [92m✓ [PASS][0m credit_note: hook penautan ada di services/amendment_service.py
  [92m✓ [PASS][0m doc_amendment: hook penautan ada di services/amendment_service.py
  [92m✓ [PASS][0m grn: hook penautan ada di routers/purchase_orders.py
  [92m✓ [PASS][0m landed_cost: hook penautan ada di routers/landed_cost.py
  [92m✓ [PASS][0m makloon_order: hook penautan ada di services/makloon_order_service.py
  [92m✓ [PASS][0m picking_task: hook penautan ada di services/fulfillment_status.py
  [92m✓ [PASS][0m purchase_order: hook penautan ada di services/pr_sourcing_service.py, routers/purchase_orders.py
  [92m✓ [PASS][0m purchase_return: hook penautan ada di services/purchase_return_service.py, services/qc_service.py
  [92m✓ [PASS][0m sales_order: hook penautan ada di routers/sales_orders.py
  [92m✓ [PASS][0m sales_return: hook penautan ada di services/return_service.py
  [92m✓ [PASS][0m shipment: hook penautan ada di services/shipment_service.py
  [92m✓ [PASS][0m tax_invoice: hook penautan ada di services/tax_invoice_service.py
  [92m✓ [PASS][0m vendor_bill: hook penautan ada di routers/vendor_bills.py, services/makloon_order_service.py

[96m[1m==============================================================================
B. CAKUPAN DATA — surat ber-sumber wajib menaut sumbernya
==============================================================================[0m
  [92m✓ [PASS][0m Penerimaan Barang (GRN) (grn): cakupan 100.0%
        18/18 ber-sumber tertaut · 0 berdiri sendiri · 18 total
  [92m✓ [PASS][0m Inspeksi & QC (inspection): cakupan 100.0%
        3/3 ber-sumber tertaut · 0 berdiri sendiri · 3 total
  [92m✓ [PASS][0m Voucher Landed Cost (landed_cost): cakupan 100.0%
        3/3 ber-sumber tertaut · 0 berdiri sendiri · 3 total
  [92m✓ [PASS][0m Tagihan Supplier (Kontrabon) (vendor_bill): cakupan 100.0%
        12/12 ber-sumber tertaut · 0 berdiri sendiri · 12 total
  [92m✓ [PASS][0m Retur Beli (purchase_return): cakupan 100.0%
        3/3 ber-sumber tertaut · 0 berdiri sendiri · 3 total
  [92m✓ [PASS][0m Tugas Pengambilan (picking_task): cakupan 100.0%
        9/9 ber-sumber tertaut · 0 berdiri sendiri · 9 total
  [92m✓ [PASS][0m Surat Jalan / Pengiriman (shipment): cakupan 100.0%
        4/4 ber-sumber tertaut · 0 berdiri sendiri · 4 total
  [92m✓ [PASS][0m Faktur Pajak (tax_invoice): cakupan 100.0%
        2/2 ber-sumber tertaut · 1 berdiri sendiri · 3 total
  [92m✓ [PASS][0m Kwitansi / Pembayaran (ar_receipt): cakupan 100.0%
        6/6 ber-sumber tertaut · 0 berdiri sendiri · 6 total
  [92m✓ [PASS][0m Retur Jual (sales_return): cakupan 100.0%
        3/3 ber-sumber tertaut · 0 berdiri sendiri · 3 total
  [92m✓ [PASS][0m Amandemen Dokumen (doc_amendment): cakupan 100.0%
        4/4 ber-sumber tertaut · 0 berdiri sendiri · 4 total
  [92m✓ [PASS][0m Nota Kredit / Debit (credit_note): cakupan 100.0%
        2/2 ber-sumber tertaut · 0 berdiri sendiri · 2 total
  [92m✓ [PASS][0m Rencana Pembayaran (payment_plan): cakupan 100.0%
        3/3 ber-sumber tertaut · 0 berdiri sendiri · 3 total
  [92m✓ [PASS][0m Nota Denda Keterlambatan (penalty): cakupan 100.0%
        3/3 ber-sumber tertaut · 0 berdiri sendiri · 3 total
  [92m✓ [PASS][0m Keputusan Selisih Pembayaran (payment_variance): cakupan 100.0%
        1/1 ber-sumber tertaut · 0 berdiri sendiri · 1 total

[96m[1m==============================================================================
C. KESEHATAN TAUTAN — menggantung · satu arah · tak dikenal · duplikat
==============================================================================[0m
  [96mtotal 259 tautan diperiksa[0m
  [92m✓ [PASS][0m Tautan menggantung: bersih
  [92m✓ [PASS][0m Relasi satu arah: bersih
  [92m✓ [PASS][0m doc_type tak dikenal: bersih
  [92m✓ [PASS][0m Tautan duplikat: bersih

[96m[1m==============================================================================
RINGKASAN
==============================================================================[0m
  PASS 33 · FAIL 0 · WARN 0

[92m[1m✓ AUDIT RELASI DOKUMEN HIJAU — tidak ada surat buntu.[0m
  [92m✓ audit_doc_refs (INV-REF cakupan data + kesehatan tautan) PASS[0m (0s)

[96m[1m▶ guard:roll_identity SELF-TEST (bukti-merah + anti tuduh palsu)[0m
[96m[1m== SELF-TEST INV-ROLL-01 (penjaga harus bisa MEMERAH) ==[0m
  [92m[PASS][0m K1 tertangkap — nama field melenceng (`roll_number`) di dict Python
  [92m[PASS][0m K1 tertangkap — layar membaca `.roll_number`
  [92m[PASS][0m K2 tertangkap — menyimpan roll tanpa nomor
  [92m[PASS][0m K3 tertangkap — nomor dari hitungan dokumen
  [92m[PASS][0m K3 tertangkap — nomor dari nilai acak
  [92m[PASS][0m K3 tertangkap — nomor dari penghitung lokal
  [92m[PASS][0m tidak menuduh — komentar Python yang MENJELASKAN bug lama
  [92m[PASS][0m tidak menuduh — docstring yang menyebut nama lama
  [92m[PASS][0m tidak menuduh — komentar JS yang menyebut nama lama
  [92m[PASS][0m tidak menuduh — potongan roll lewat pintu `insert_child_roll`
  [92m[PASS][0m tidak menuduh — nomor dari pengalokasi bersama
  [92m[PASS][0m tidak menuduh — nomor dari pengguna dengan cadangan pengalokasi
  [92m[PASS][0m tidak menuduh — membaca nomor kanonik
  [92m[PASS][0m tidak menuduh — MEMBACA roll (bukan menyimpan)

  [92m[1m✓ SELF-TEST: 6 pelanggaran tertangkap & 8 kasus sah tidak dituduh.[0m

[96m[1m== INV-ROLL-01 — identitas roll (nomor sendiri & satuan) ==[0m
  berkas kode diperiksa: 1125  ·  roll di basis data: 66

  [92m[1m✓ 0 pelanggaran — satu nama (`roll_no`), satu pengalokasi, satu nomor per roll.[0m

  [92m✓ guard:roll_identity SELF-TEST (bukti-merah + anti tuduh palsu) PASS[0m (4s)

[96m[1m▶ guard:roll_identity (INV-ROLL-01, satu nomor untuk satu roll)[0m
[96m[1m== INV-ROLL-01 — identitas roll (nomor sendiri & satuan) ==[0m
  berkas kode diperiksa: 1125  ·  roll di basis data: 66

  [92m[1m✓ 0 pelanggaran — satu nama (`roll_no`), satu pengalokasi, satu nomor per roll.[0m

  [92m✓ guard:roll_identity (INV-ROLL-01, satu nomor untuk satu roll) PASS[0m (4s)

[96m[1m▶ guard:rfid_tag_unique SELF-TEST (bukti-merah dua arah, 7 kasus)[0m
  [[92mPASS[0m] K1 reset lewat item assignment → hijau → hijau
  [[92mPASS[0m] K1 reset lewat literal dict → hijau → hijau
  [[92mPASS[0m] K1 potongan mewarisi tag → MERAH → MERAH
  [[92mPASS[0m] K1 pintu tunggal hilang → MERAH → MERAH
  [[92mPASS[0m] D1 dua roll aktif satu tag → MERAH → MERAH
  [[92mPASS[0m] D1 tag sama tapi satu roll sudah sold → hijau → hijau
  [[92mPASS[0m] D1 tag berbeda → hijau → hijau
[92m  SELF-TEST HIJAU (0 gagal).[0m
  [92m✓ guard:rfid_tag_unique SELF-TEST (bukti-merah dua arah, 7 kasus) PASS[0m (0s)

[96m[1m▶ guard:rfid_tag_unique (INV-RFID-01, satu tag untuk satu roll aktif)[0m
[96m[1m== INV-RFID-01 — satu tag RFID untuk satu roll aktif; potongan tidak mewarisi tag induk ==[0m
[92m[PASS][0m 2 cek lolos, 0 pelanggaran.
  [92m✓ guard:rfid_tag_unique (INV-RFID-01, satu tag untuk satu roll aktif) PASS[0m (1s)
[92m[residue][0m sidik jari disimpan (750 dok · 24 balance · 11 SO)

[96m[1m▶ guard:cross_entity (INV-ENTITY-01, IDOR multi-PT)[0m
[96m  [snapshot] 600 dokumen dari 21 koleksi disimpan — data demo akan dipulihkan setelah uji.[0m

[1m================================================================[0m
  CROSS-ENTITY IDOR GATE (INV-ENTITY-01, runtime)  http://localhost:8001/api
[1m================================================================[0m
  [92m[OK][0m BACA customer 360 lintas-entitas ditolak (403).
  [92m[OK][0m BACA customer credit-status lintas-entitas ditolak (403).
  [92m[OK][0m BACA sales-order invoices lintas-entitas ditolak (404).
  [92m[OK][0m TULIS inbound escalate lintas-entitas ditolak (404).

[1m================================================================[0m
  [91mLEAK 0[0m | [93mSKIP 0[0m
[1m================================================================[0m
[92m[1m  Isolasi lintas-entitas sehat (INV-ENTITY-01 tertutup).[0m

[92m  [snapshot] 21 koleksi dipulihkan ke keadaan sebelum uji — nol residu.[0m
  [92m✓ guard:cross_entity (INV-ENTITY-01, IDOR multi-PT) PASS[0m (1s)

[96m[1m▶ guard:nonfinancial_sweep (INV-ENTITY-01+, IDOR non-finansial)[0m
[96m  [snapshot] 600 dokumen dari 21 koleksi disimpan — data demo akan dipulihkan setelah uji.[0m

[1m================================================================[0m
  NON-FINANCIAL IDOR SWEEP (INV-ENTITY-01+)  http://localhost:8001/api
[1m================================================================[0m
[96m[1m-- PETA CAKUPAN STATIK (advisory · tak mem-fail) --[0m
  router                scoped-coll?              guard?    mutasi
  crm                   customers                 [92myes[0m       8
  crm_omnichannel       -                         [91mNO[0m        6
  rfid                  inventory_rolls,purchase  [92myes[0m       24
  cycle_count           inventory_balances        [92myes[0m       6
  consolidation         -                         [91mNO[0m        4
  hr                    -                         [92myes[0m       7
  hr_analytics          -                         [91mNO[0m        0
  hr_attendance         -                         [92myes[0m       15
  hr_kpi                -                         [92myes[0m       3
  hr_leave              -                         [92myes[0m       10
  hr_payroll            -                         [92myes[0m       8
  hr_tracking           customers                 [92myes[0m       3
  design_gallery        -                         [92myes[0m       15
  label_printer         -                         [91mNO[0m        2
  notifications         -                         [92myes[0m       3
  onboarding            -                         [91mNO[0m        2
  integrations          -                         [91mNO[0m        2
  wms                   sales_orders,wms_tasks    [92myes[0m       4
  inbound_receiving     purchase_orders,wms_task  [92myes[0m       4
  transfers             interco_transactions      [92myes[0m       6

[96m[1m-- RUNTIME (probe akses lintas-PT) --[0m
  [96mCRM [aktor sales2@kainnusantara.id allowed=['ent_ksc'] → customer cust_moda_surabaya@ent_kanda][0m
  [92m[OK][0m CRM read-360: GET /customers/cust_moda_surabaya/360 lintas-PT ditolak (403).
  [92m[OK][0m CRM read-credit-status: GET /customers/cust_moda_surabaya/credit-status lintas-PT ditolak (403).
  [92m[OK][0m CRM write-followup: POST /customers/cust_moda_surabaya/followups lintas-PT ditolak (403).
  [92m[OK][0m CRM write-credit-override: POST /customers/cust_moda_surabaya/credit-override lintas-PT ditolak (403).
  [96mWMS [aktor warehouse@kainnusantara.id allowed=['ent_ksc'] → task wms_d8f1ed390741@ent_kanda][0m
  [92m[OK][0m WMS write-scan: POST /wms/tasks/wms_d8f1ed390741/scan lintas-PT ditolak (404).
  [92m[OK][0m WMS write-advance: POST /wms/tasks/wms_d8f1ed390741/advance lintas-PT ditolak (404).
  [93m[SKIP][0m RFID: rfid_tags tak ber-`entity_id` (global) — bukan surface IDOR entitas; lihat resolve_scope_ids.
  [93m[SKIP][0m CRM-omnichannel: crm_leads/interactions kosong di seed — SKIP.

[1m================================================================[0m
  [92mOK 6[0m | [91mLEAK 0[0m | [93mSKIP 2[0m
[1m================================================================[0m
[92m[1m  Modul non-finansial teruji BERSIH untuk cakupan seed (INV-ENTITY-01 tertutup).[0m

[92m  [snapshot] 21 koleksi dipulihkan ke keadaan sebelum uji — nol residu.[0m
  [92m✓ guard:nonfinancial_sweep (INV-ENTITY-01+, IDOR non-finansial) PASS[0m (1s)

[96m[1m▶ audit_2026_09_21 (penjaga entitas aksi tulis · R-3a sampel · konstanta bersama)[0m
bringing up nodes...
bringing up nodes...

s......                                                                  [100%]
========......                                                                  [100%]
=============================== warnings summary ===============================
tests/test_kn_audit_2026_09_21.py::test_rfid_green_lists_identical
  /root/.venv/lib/python3.11/site-packages/starlette/formparsers.py:12: PendingDeprecationWarning: Please use `import python_multipart` instead.
    import multipart

-- Docs: https://docs.pytest.org/en/stable/how-to/capture-warnings.html
6 passed, 1 skipped, 1 warning in 33.67s
  [92m✓ audit_2026_09_21 (penjaga entitas aksi tulis · R-3a sampel · konstanta bersama) PASS[0m (34s)

[96m[1m▶ POC F0-C (isolasi lintas-entitas: kartu asal · roll retur · jejak UoM)[0m

======================================================================
  POC F0-C — BUKTI-MERAH ISOLASI LINTAS-ENTITAS (5 temuan gate)
======================================================================
  [[92mPASS[0m] login 4 peran (admin PT-A · sales PT-A · sales PT-B · warehouse PT-A)
  [[92mPASS[0m] FIXTURE: roll kembaran PT-B dibuat (uji jadi deterministik)  (product=prod_batik_mega)

── 1. GET /products/{id}/purchase-history — isolasi roll & PO ──
  [[92mPASS[0m] BUKTI-MERAH: produk uji punya roll di 2 entitas (kalau tidak, uji palsu)  (product=prod_batik_mega {'ent_ksc': 13, 'ent_kanda': 2})
     fixture: product=prod_batik_mega · roll ent_ksc=13 · roll ent_kanda=2
  [[92mPASS[0m] sales PT-A tanpa param → HTTP 200  (status=200)
  [[92mPASS[0m] sales PT-A TIDAK melihat roll PT-B  (13 roll, owner=['ent_ksc'])
  [[92mPASS[0m] jumlah roll PT-A tepat (bukan sekadar tidak kosong)  (api=13 db=13)
  [[92mPASS[0m] sales PT-B hanya melihat roll PT-B  (2 roll, owner=['ent_kanda'])
  [[92mPASS[0m] jumlah roll PT-B tepat  (api=2 db=2)
  [[92mPASS[0m] BUKTI-MERAH: himpunan roll PT-A & PT-B benar-benar berbeda
  [[92mPASS[0m] sales PT-A minta entity_id=PT-B → 403 (anti-IDOR)  (status=403)
  [[92mPASS[0m] sales PT-A minta entity_id=all → tetap hanya PT-A  (status=200 owner=['ent_ksc'])
  [[92mPASS[0m] admin + entity_id=all → melihat KEDUA entitas (wewenang tidak berkurang)  (15 roll, owner=['ent_kanda', 'ent_ksc'])
  [[92mPASS[0m] enrichment purchase_orders tidak membocorkan nomor PO PT lain  (leaked=[])

── 2. GET /purchase-returns/source-rolls — isolasi roll retur ──
  [[92mPASS[0m] BUKTI-MERAH: produk uji punya roll AVAILABLE di 2 entitas  (product=prod_batik_mega entitas=['ent_kanda', 'ent_ksc'])
  [[92mPASS[0m] admin (entitas aktif PT-A) → hanya roll PT-A  (status=200 owner=['ent_ksc'])
  [[92mPASS[0m] admin ganti entitas aktif → PT-B → hanya roll PT-B  (status=200 owner=['ent_kanda'])
  [[92mPASS[0m] sales PT-A minta roll PT-B secara eksplisit → 403  (status=403)
  [[92mPASS[0m] admin + entity_id=all → kedua entitas (oversight tetap jalan)  (owner=['ent_kanda', 'ent_ksc'])

── 3. GET /uom-conversions/usage — isolasi jejak konversi ──
  [[92mPASS[0m] BUKTI-MERAH: fixture uom_trail terpasang di KEDUA entitas  (5 dokumen ditandai)
     fixture: nomor PT-A=['KSC/PO-00015', 'PO-00001', 'PR-00005'] · PT-B=['PO-00005', 'PO-00006']
  [[92mPASS[0m] BUKTI-MERAH: fixture punya nomor dokumen yang TERLIHAT di kedua entitas  (PT-A=3 nomor · PT-B=2 nomor)
  [[92mPASS[0m] warehouse PT-A → HTTP 200  (status=200)
  [[92mPASS[0m] warehouse PT-A TIDAK melihat nomor dokumen PT-B  (bocor=[])
  [[92mPASS[0m] warehouse PT-A tetap melihat dokumen PT-A sendiri (tidak over-block)  (terlihat=['KSC/PO-00015', 'PO-00001', 'PR-00005'])
  [[92mPASS[0m] admin entitas aktif PT-B → hanya dokumen PT-B  (bocor=[])
  [[92mPASS[0m] admin X-Entity-Id=all → melihat kedua entitas  (A=['KSC/PO-00015', 'PO-00001', 'PR-00005'] B=['PO-00005', 'PO-00006'])
  [[92mPASS[0m] CLEANUP: nol residu fixture di DB  (residu=0)
  [[92mPASS[0m] CLEANUP: roll fixture PT-B dihapus (nol residu)  (residu=0)
  [[92mPASS[0m] INV-GATE-01: nol residu audit_logs & sessions dari POC ini  (dihapus=9 sisa=0)

======================================================================
  HASIL: [92m28 PASS[0m · [91m0 FAIL[0m
======================================================================

  [92m✓ POC F0-C (isolasi lintas-entitas: kartu asal · roll retur · jejak UoM) PASS[0m (2s)

[96m[1m▶ audit_entity_isolation (E0.9/E0.10 — 0 kebocoran lintas-entitas)[0m
==============================================================================
  GATE ISOLASI LINTAS-ENTITAS (FASE E-0)
==============================================================================

[3] STATIK REGISTRY (E0.10)
  [92m✓ koleksi ber-entitas TIDAK terdaftar di registry: nihil[0m
  [92m✓ router menyentuh koleksi ter-scope TANPA scoping: nihil[0m
  [92m✓ dokumen ter-scope TANPA field entitas: nihil[0m

[1] SAPUAN RUNTIME (semua GET × 2 sales beda entitas)
    endpoint GET: 400 · respons 200 diperiksa: 342
  [92m✓ nol kebocoran lintas-entitas[0m

[2] IDOR DOKUMEN (dokumen PT-B diminta sebagai sales PT-A)
    endpoint by-id diuji: 11
  [92m✓ semua endpoint by-id menolak dokumen entitas lain[0m
  [93m  catatan: 4 endpoint tak teruji (tak ada dokumen PT-B)[0m

==============================================================================
  VERDICT: [92mHIJAU[0m
==============================================================================
  [92m✓ audit_entity_isolation (E0.9/E0.10 — 0 kebocoran lintas-entitas) PASS[0m (9s)

[96m[1m▶ POC FASE E-0 (bukti-merah L1–L21: notifikasi·denda·audit·lot·AR·transfer·dokumen·pratinjau)[0m

==============================================================================
  POC FASE E-0 — ISOLASI LINTAS-ENTITAS (L1–L21)  ·  bukti-merah + nol residu
==============================================================================

[96m── Prasyarat[0m
  [[92mPASS[0m] dua entitas demo tersedia  (['ent_3f0cb66ac4a6', 'ent_kanda', 'ent_ksc'])
  [[92mPASS[0m] login 5 identitas (admin · manager · sales KSC · sales Kanda · gudang KSC)

[96m── L1–L6 · modul pinggir (notifikasi · rencana bayar · selisih · denda · target · insentif)[0m
  [[92mPASS[0m] L1 BUKTI-MERAH: ada notifications milik ent_ksc di DB  (108 baris)
  [[92mPASS[0m] L1 /api/notifications — sales ent_kanda TIDAK melihat data ent_ksc  (bocor=[])
  [[92mPASS[0m] L2 BUKTI-MERAH: ada payment_plans milik ent_ksc di DB  (2 baris)
  [[92mPASS[0m] L2 /api/payment-plans — sales ent_kanda TIDAK melihat data ent_ksc  (bocor=[])
  [[92mPASS[0m] L3 BUKTI-MERAH: ada payment_variance_decisions milik ent_ksc di DB  (1 baris)
  [[92mPASS[0m] L3 /api/payment-variances — sales ent_kanda TIDAK melihat data ent_ksc  (bocor=[])
  [[92mPASS[0m] L4 BUKTI-MERAH: ada penalties milik ent_ksc di DB  (1 baris)
  [[92mPASS[0m] L4 /api/penalties — sales ent_kanda TIDAK melihat data ent_ksc  (bocor=[])
  [[92mPASS[0m] L5 BUKTI-MERAH: ada sales_targets milik ent_ksc di DB  (2 baris)
  [[92mPASS[0m] L5 /api/sales-targets — sales ent_kanda TIDAK melihat data ent_ksc  (bocor=[])
  [[92mPASS[0m] L6 BUKTI-MERAH: ada sales_incentives milik ent_ksc di DB  (2 baris)
  [[92mPASS[0m] L6 /api/sales-incentives — sales ent_kanda TIDAK melihat data ent_ksc  (bocor=[])

[96m── L7 · jejak audit (hanya admin, hanya entitas aktif)[0m
  [[92mPASS[0m] L7 BUKTI-MERAH: audit_logs terisi  (112 baris)
  [[92mPASS[0m] L7 /api/audit-logs — sales ditolak 403  (HTTP 403)
  [[92mPASS[0m] L7 /api/audit-logs — sales3 ditolak 403  (HTTP 403)
  [[92mPASS[0m] L7 /api/audit-logs — warehouse ditolak 403  (HTTP 403)
  [[92mPASS[0m] L7 /api/audit-logs — admin boleh (200)  (HTTP 200)
  [[92mPASS[0m] L7 admin@KSC hanya melihat jejak entitas aktif  (bocor=[])

[96m── L8 · detail lot / silsilah / label lintas-entitas[0m
  [[92mPASS[0m] L8 BUKTI-MERAH: ada lot milik ent_kanda  (lot_0376a4f86905)
  [[92mPASS[0m] L8 GET /api/lots/{id} (detail) — sales KSC ditolak  (HTTP 404)
  [[92mPASS[0m] L8 GET /api/lots/{id}/genealogy (silsilah) — sales KSC ditolak  (HTTP 404)
  [[92mPASS[0m] L8 GET /api/lots/{id}/recall (recall) — sales KSC ditolak  (HTTP 404)
  [[92mPASS[0m] L8 POST /api/lots/{id}/label — sales KSC ditolak  (HTTP 404)

[96m── L9 · laporan piutang (AR aging) per entitas[0m
  [[92mPASS[0m] L9 AR aging terbaca untuk kedua entitas  (200/200)
  [[92mPASS[0m] L9 entity_id respons = entitas aktif (bukan 'all')  (A=ent_ksc B=ent_kanda)
  [[92mPASS[0m] L9 total piutang BERBEDA antar entitas (tidak dicampur)  (A=39480850.0 B=25875000.0)
  [[92mPASS[0m] L9 laporan menyebut nama entitas  (A=Sukacita B=Kanda Fabric)
  [[92mPASS[0m] L9 daftar pelanggan tidak tumpang-tindih antar entitas  (irisan=[])

[96m── L10 · /api/settings/effective wajib menghormati X-Entity-Id[0m
  [[92mPASS[0m] L10 kedua jalur terbaca  (200/200)
  [[92mPASS[0m] L10 header X-Entity-Id memberi hasil SAMA dengan ?entity_id  (header=(False, 0.0) param=(False, 0.0))
  [[92mPASS[0m] L10 ent_kanda non-PKP → is_pkp False  ((False, 0.0))

[96m── L11–L12 · kebersihan data (referensi entitas yatim & stempel salah)[0m
  [[92mPASS[0m] L11 BUKTI-MERAH: daftar entitas hidup terbaca  (['ent_3f0cb66ac4a6', 'ent_kanda', 'ent_ksc'])
  [[92mPASS[0m] L11 nol dokumen menunjuk entitas yang sudah tidak ada  ({})
  [[92mPASS[0m] L12 stempel entitas target/insentif = entitas home pemiliknya  ([])

[96m── L13–L14 · /api/transfers (list · detail · aksi) + registry[0m
  [[92mPASS[0m] L13 BUKTI-MERAH: ada transfer milik ent_ksc  (5 baris)
  [[92mPASS[0m] L13 GET /api/transfers — Kanda ditolak (403 juga sah)  (HTTP 403)
  [[92mPASS[0m] L13 GET /api/transfers/{id} — konteks Kanda tidak membuka transfer KSC  (HTTP 404)
  [[92mPASS[0m] L13 POST /api/transfers/{id}/approve — konteks Kanda ditolak  (HTTP 404)
  [[92mPASS[0m] L13 POST /api/transfers/{id}/reject — konteks Kanda ditolak  (HTTP 404)
  [[92mPASS[0m] L13 POST /api/transfers/{id}/status — konteks Kanda ditolak  (HTTP 404)
  [[92mPASS[0m] L13 DELETE /api/transfers/{id} — konteks Kanda ditolak  (HTTP 404)
  [[92mPASS[0m] L13 kontrol positif: entitas pemilik tetap bisa membuka transfernya  (HTTP 200)
  [[92mPASS[0m] L14 warehouse_transfers terdaftar di SCOPED_COLLECTIONS
  [[92mPASS[0m] L14 semua warehouse_transfers punya entity_id (backfill)  (kosong=0)

[96m── L15–L17 · registry koleksi & drift nama[0m
  [[92mPASS[0m] L15 nol koleksi ber-entity_id yang belum terdaftar di registry  ([])
  [[92mPASS[0m] L16 drift nama diperbaiki: tax_invoices_in terdaftar
  [[92mPASS[0m] L16 drift nama diperbaiki: input_tax_invoices tidak lagi terdaftar sendiri
  [[92mPASS[0m] L17 nol router menyentuh koleksi ter-scope tanpa lapisan scoping  ([])

[96m── L18–L19 · cetak & jejak dokumen lintas-entitas[0m
  [[92mPASS[0m] L18 BUKTI-MERAH: ada SO di kedua entitas  (A=SO-0005 B=SO-0002)
  [[92mPASS[0m] L18 cetak Surat Jalan SO KSC oleh sales Kanda ditolak  (HTTP 404)
  [[92mPASS[0m] L18 generate dokumen SO KSC oleh sales Kanda ditolak  (HTTP 404)
  [[92mPASS[0m] L19 jejak dokumen SO Kanda oleh sales KSC ditolak  (HTTP 404)
  [[92mPASS[0m] L19 refs dokumen SO Kanda oleh sales KSC ditolak  (HTTP 404)
  [[92mPASS[0m] L19 relations dokumen SO Kanda oleh sales KSC ditolak  (HTTP 404)
  [[92mPASS[0m] L19 pencarian jejak dokumen ter-scope entitas aktif  (bocor=[])

[96m── L20 · gudang tidak boleh membaca keuangan antar-PT[0m
  [[92mPASS[0m] L20 /api/interco/accounts — gudang ditolak 403  (HTTP 403)
  [[92mPASS[0m] L20 /api/interco/settlements — gudang ditolak 403  (HTTP 403)
  [[92mPASS[0m] L20 /api/interco/margin-report — gudang ditolak 403  (HTTP 403)
  [[92mPASS[0m] L20 /api/interco/reminders — gudang ditolak 403  (HTTP 403)
  [[92mPASS[0m] L20 gudang TETAP boleh melihat transaksi antar-PT (aliran barang)  (HTTP 200)

[96m── L21 · pratinjau alokasi/lot WAJIB memakai entitas konteks (KRITIS)[0m
  [[92mPASS[0m] L21 BUKTI-MERAH: ada roll available milik KSC  (-)
  [[92mPASS[0m] L21 preview-allocation terbaca untuk sales Kanda  (HTTP 200)
  [[92mPASS[0m] L21 preview-allocation memakai entitas Kanda (bukan default KSC)  (entity_id=ent_kanda)
  [[92mPASS[0m] L21 own_available bukan angka stok KSC  (own=7.0 ksc=0.0 kanda=0.0)
  [[92mPASS[0m] L21 sales Kanda TIDAK boleh memaksa entity_id=KSC di payload  (HTTP 403)
  [[92mPASS[0m] L21 preview-lots juga menolak entity_id paksaan  (HTTP 403)
  [[92mPASS[0m] L21 preview-lots memakai entitas Kanda  (entity_id=ent_kanda)
  [[92mPASS[0m] L21 preview-roll-reconcile all_entities ditolak untuk peran non-lintas  (HTTP 403)

[96m── L17-lanjutan · endpoint router yang sebelumnya tanpa scoping[0m
  [[92mPASS[0m] BUKTI-MERAH: incentive_rates terisi  (12 baris)
  [[92mPASS[0m] /api/incentive-rates — sales3 ditolak/kosong (403)
  [[92mPASS[0m] /api/landed-costs — sales3 ditolak/kosong (403)
  [[92mPASS[0m] /api/pegging/rolls — tidak membocorkan entitas lain  (bocor=[])
  [[92mPASS[0m] /api/cycle-count/sessions — sales3 ditolak/kosong (403)
  [[92mPASS[0m] /api/purchase-returns — sales3 ditolak/kosong (403)
  [[92mPASS[0m] /api/credit-notes — tidak membocorkan entitas lain  (bocor=[])
  [[92mPASS[0m] /api/budgets — sales3 ditolak/kosong (404)
  [[92mPASS[0m] /api/approval-rules — sales3 ditolak/kosong (403)
  [[92mPASS[0m] /api/return-policies — sales3 ditolak/kosong (404)
  [[92mPASS[0m] /api/rfid/tags — sales3 ditolak/kosong (403)

[96m── CLEANUP · nol residu[0m
  [[92mPASS[0m] sesi POC dihapus  (sisa=0)
  [[92mPASS[0m] jejak audit dari POC dihapus  (dihapus=0 sisa=0)

==============================================================================
  HASIL: [92m83 PASS[0m · [91m0 FAIL[0m · [93m0 SKIP[0m
==============================================================================

  [92m✓ POC FASE E-0 (bukti-merah L1–L21: notifikasi·denda·audit·lot·AR·transfer·dokumen·pratinjau) PASS[0m (2s)

[96m[1m▶ POC FASE E-3 (mode “Semua Entitas” hanya-lihat: 409 menuntun · master bersama tetap boleh)[0m
==============================================================================
  POC FASE E-3 (user story 7) — PAGAR TULIS MODE “SEMUA ENTITAS”
==============================================================================
  [PASS] prasyarat: minimal 2 badan usaha aktif (ada 3)
  konteks: home=ent_ksc · badan usaha lain=ent_kanda

── 1. Mode gabungan: membuat data DITOLAK dengan pesan menuntun ──
  [PASS] POST /api/customers (X-Entity-Id: all) → 409 pagar
  [PASS] pesannya menyebut cara keluar dari keadaan ini
  [PASS] POST /api/sales-orders (pesanan penjualan) → 409 pagar
  [PASS] POST /api/ar-receipts (uang masuk (AR receipt)) → 409 pagar
  [PASS] POST /api/purchase-requisitions (permintaan pembelian) → 409 pagar
  [PASS] POST /api/approval-rules (aturan persetujuan) → 409 pagar
  [PASS] POST /api/hr/employees (karyawan HR) → 409 pagar
  [PASS] POST /api/suppliers (supplier) → 409 pagar
  [PASS] POST /api/wms/tasks (tugas gudang) → 409 pagar

── 2. Setelah memilih satu badan usaha: berhasil & tidak salah buku ──
  [PASS] POST /api/customers (badan usaha dipilih) → 200
  [PASS] pelanggan lahir di badan usaha yang DIPILIH (ent_kanda), bukan HOME (ent_ksc)

── 3. Membaca gabungan tetap boleh (itulah guna mode ini) ──
  [PASS] GET /api/customers (mode gabungan) → 200
  [PASS] GET /api/sales-orders (mode gabungan) → 200
  [PASS] GET /api/dashboard (mode gabungan) → 200

── 4. Master bersama (tanpa kolom badan usaha) tetap boleh ──
  [PASS] POST /api/uoms (master satuan bersama) → 200
  [PASS] POST /api/product-categories (master bersama) → 200

── 5. Layar tingkat grup (badan usaha & akun) tetap boleh ──
  [PASS] PATCH /api/entities/{id} (mode gabungan) → 200
  [PASS] GET /api/users (mode gabungan) → 200

── 6. Menindak dokumen yang sudah ada tetap boleh ──
  [PASS] PATCH /api/customers/{id} (mode gabungan) → 200 (badan usaha dari dokumen)

── 7. Sales (terkunci 1 badan usaha) tidak terpengaruh pagar ──
  [PASS] sales memang terkunci (can_switch_entity=false) sehingga tak pernah di mode gabungan
  [PASS] sales tetap bisa membaca daftarnya sendiri
  [PASS] sales tidak melihat pelanggan badan usaha lain walau meminta `all`

── 8. Bersih-bersih (POC harus bisa dijalankan berulang) ──
  [PASS] data uji dibersihkan (3 dokumen · 10 jejak audit)
  [PASS] nol residu setelah POC
  [PASS] data demo badan usaha dipulihkan (nomor telepon kembali seperti semula)

==============================================================================
  HASIL: 26 PASS · 0 FAIL
==============================================================================
  [92m✓ POC FASE E-3 (mode “Semua Entitas” hanya-lihat: 409 menuntun · master bersama tetap boleh) PASS[0m (3s)

[96m[1m▶ POC FASE E-4 (gudang bersama/khusus · harga per badan usaha · CSV)[0m
==============================================================================
  POC FASE E-4 — GUDANG BERSAMA/KHUSUS (E4.1) & HARGA PER BADAN USAHA (E4.7)
==============================================================================

── E4.1 · 1-2 · gudang mana yang terlihat ────────────────────────────
  [PASS] pengguna KSC melihat gudang khusus KSC, TIDAK melihat gudang khusus Kanda
  [PASS] pengguna Kanda melihat gudang khusus Kanda, TIDAK melihat gudang khusus KSC
  [PASS] gudang bersama terlihat oleh keduanya
  [PASS] admin ?scope=all melihat seluruh gudang
  [PASS] tanda 'boleh dipakai' benar saat admin berkonteks Kanda
  [PASS] lencana mode gudang memakai kata manusia (Bersama / Khusus …)

── E4.1 · 3-4 · menulis ke gudang orang lain ─────────────────────────
  [PASS] stock opname di gudang khusus badan usaha lain → 403 menuntun
  [PASS] transfer ke gudang khusus badan usaha lain → 403 menuntun
  [PASS] PO dengan gudang penerimaan badan usaha lain → 403 menuntun
  [PASS] stok awal ke gudang khusus badan usaha lain → 403 menuntun
  [PASS] gudang BERSAMA tetap boleh dipakai (pagar tidak asal tolak)

── E4.1 · 5 · jangan mengurung barang orang ──────────────────────────
  [PASS] isi gudang Surabaya terbaca: 20 roll milik KSC
  [PASS] jadikan khusus padahal berisi stok badan usaha lain → 409 menyebut roll & pemilik
  [PASS] setelah pemilik stok disertakan → perubahan diterima
  [PASS] gudang Surabaya dipulihkan menjadi bersama (POC tidak meninggalkan jejak)

── E4.1 · 6 · gudang baru bawaannya khusus ───────────────────────────
  [PASS] gudang baru dibuat
  [PASS] gudang baru otomatis KHUSUS badan usaha aktif (harus sengaja dibuka)
  [PASS] badan usaha lain langsung TIDAK melihat gudang baru itu

── E4.7 · 8-9 · satu produk, dua harga (user story 9) ────────────────
  [PASS] Kanda memakai harga sendiri: 172500.0 (asal: entity)
  [PASS] KSC untuk produk yang sama tetap harga global: 185000.0
  [PASS] harga efektif kedua badan usaha BERBEDA untuk produk yang sama
  [PASS] grid mengirim tiga angka + asal harga (layar tidak perlu menebak)
  [PASS] sales Kanda melihat harga badan usahanya di layar harga

── E4.7 · 10-12 · tetapkan · jadwalkan · kembalikan ke global ────────
  [PASS] produk uji DNM-BDG-001 awalnya ikut harga global 165000.0
  [PASS] harga badan usaha ditetapkan
  [PASS] harga efektif langsung memakai harga badan usaha
  [PASS] harga lama ditutup otomatis saat harga baru berlaku (riwayat utuh)
  [PASS] harga terbaru yang dipakai (bukan yang lama)
  [PASS] harga terjadwal terlihat sebagai 'terjadwal' dan belum mengubah harga hari ini
  [PASS] tombol 'kembalikan ke global' diterima server
  [PASS] produk kembali memakai harga global setelah override dilepas
  [PASS] riwayat harga TIDAK hilang setelah dilepas (hanya dinonaktifkan)

── E4.7 · 13 · rantai harga yang dipakai pesanan & POS ───────────────
  [PASS] quote sales Kanda memakai harga badan usaha (172500.0)
  [PASS] quote sales KSC untuk produk tanpa override tetap harga global
  [PASS] quote membawa rincian lapisan harga (global & badan usaha) untuk lencana di layar

── E4.7 · 14 · ekspor & impor CSV ────────────────────────────────────
  [PASS] ekspor CSV berisi kolom & angka harga badan usaha
  [PASS] impor menerapkan tepat 1 baris berharga
  [PASS] angka gaya Indonesia '171.500' terbaca 171500 (bukan 171,5 atau 171500000)
  [PASS] baris tanpa kolom harga TIDAK mengubah apa pun (impor tidak menghapus harga)
  [PASS] SKU yang tidak ada dilaporkan per baris, bukan menggagalkan seluruh berkas

── 15 · pembersihan (nol residu) ─────────────────────────────────────
  dibersihkan: {'warehouses': 1, 'entity_prices': 4, 'cycle_count_sessions': 1, 'audit_logs': 22}
  [PASS] database kembali ke keadaan semula (nol residu)

==============================================================================
  HASIL: 41 PASS · 0 FAIL
==============================================================================
  [92m✓ POC FASE E-4 (gudang bersama/khusus · harga per badan usaha · CSV) PASS[0m (3s)

[96m[1m▶ POC FASE E-4 master berlapis (global→badan usaha · override · kop surat per PT)[0m
==============================================================================
  POC FASE E-4 (E4.2/E4.3) — MASTER BERLAPIS: global → badan usaha
==============================================================================
  [PASS] prasyarat: minimal 2 badan usaha aktif (ada 3)
  badan usaha uji: A=ent_ksc (Sukacita) · B=ent_kanda (Kanda Fabric)

── 1. Baris global tidak hilang setelah koleksi jadi per badan usaha ──
  [PASS] Syarat Pembayaran: 9 baris global terlihat dari Sukacita
  [PASS] Syarat Pembayaran: semua baris global berlencana 'Global'
  [PASS] Syarat Pembayaran: baris global TIDAK bisa diubah dari konteks satu badan usaha
  [PASS] Kategori Biaya: 8 baris global terlihat dari Sukacita
  [PASS] Kategori Biaya: semua baris global berlencana 'Global'
  [PASS] Kategori Biaya: baris global TIDAK bisa diubah dari konteks satu badan usaha
  [PASS] Template Dokumen: 2 baris global terlihat dari Sukacita
  [PASS] Template Dokumen: semua baris global berlencana 'Global'
  [PASS] Template Dokumen: baris global TIDAK bisa diubah dari konteks satu badan usaha
  [PASS] syarat bayar 'NET30' ada di lapisan global (dipakai untuk uji override)

── 2. 'Buat khusus' menyalin baris global menjadi milik badan usaha B ──
  [PASS] POST override NET30 untuk Kanda Fabric → 200
  [PASS] baris hasil override milik Kanda Fabric & berlencana 'Badan usaha ini'
  [PASS] baris override menyimpan jejak baris global asalnya (`overrides_id`)
  [PASS] baris global NET30 ditandai 'sudah ditimpa' saat dilihat dari badan usaha B
  [PASS] override kedua untuk kode yang sama → 409 (tidak menumpuk)

── 3. Nilai override menang; daftar efektif tidak pernah kembar ──
  [PASS] ubah override menjadi net_days=45 → 200
  [PASS] daftar efektif Kanda Fabric: NET30 = 45 hari (override menang)
  [PASS] daftar efektif Kanda Fabric tidak kembar (9 baris, 9 kode unik)
  [PASS] GET /api/payment-terms (dropdown pesanan & POS) tidak menampilkan kode kembar
  [PASS] dropdown badan usaha B ikut memakai nilai override

── 4. Isolasi: override badan usaha B tidak terlihat/berlaku di A ──
  [PASS] Sukacita tidak melihat baris khusus milik Kanda Fabric
  [PASS] Sukacita tetap memakai nilai global (30 hari)

── 5. Mengubah baris GLOBAL dari konteks badan usaha → ditolak menuntun ──
  [PASS] PATCH baris global (konteks badan usaha) → 409
  [PASS] pesannya menjelaskan sebabnya DAN menawarkan jalan keluar
  [PASS] nilai global TIDAK berubah setelah penolakan (bukan gagal separuh jalan)
  [PASS] PATCH baris global di mode 'Semua Entitas' → 200

── 6. 'Kembalikan ke global' melepas override ──
  [PASS] DELETE override → 200 & nilai kembali mengikuti baris global
  [PASS] Kanda Fabric kembali memakai nilai global (30 hari)
  [PASS] baris override sudah tidak ada (bukan sekadar dinonaktifkan)

── 7. Konsumen nyata: kategori biaya & template cetak ikut berlapis ──
  [PASS] kategori biaya 'office_supplies' di Kanda Fabric memetakan ke akun override
  [PASS] kategori yang sama di Sukacita TETAP memakai akun global
  [PASS] GET /api/expense-categories (layar kas kecil) tidak kembar
  [PASS] template Surat Jalan Kanda Fabric memakai kop surat khusus badan usaha
  [PASS] template Surat Jalan Sukacita TIDAK terpengaruh (masih kop global)
  [PASS] cetak Surat Jalan so_10c546d16543 memakai kop surat Kanda Fabric

── 8. Di mode 'Semua Entitas' baris baru lahir sebagai GLOBAL ──
  [PASS] POST syarat bayar di mode gabungan → 200
  [PASS] baris baru itu GLOBAL (tak ada satu badan usaha yang memilikinya)
  [PASS] baris global itu langsung terlihat di kedua badan usaha
  [PASS] baris baru saat Kanda Fabric aktif → menjadi milik Kanda Fabric
  [PASS] baris khusus Kanda Fabric itu tidak terlihat di Sukacita

── 9. Setelan operasional per badan usaha (E4.5) + kembalikan ke global (E4.6) ──
  [PASS] lot.enforcement_mode terdaftar di registry Pusat Pengaturan
  [PASS] lot.enforcement_mode: registry mengizinkan lapisan badan usaha (E4.5)
  [PASS] seluruh 44 setelan hr./uom./lot./receiving./makloon. bisa per badan usaha
  [PASS] awalnya kedua badan usaha memakai nilai global yang sama ('warn')
  [PASS] set 'lot.enforcement_mode' = 'block' khusus Kanda Fabric → 200
  [PASS] mesin lot Kanda Fabric memakai nilai badan usaha ('block')
  [PASS] mesin lot Sukacita TIDAK terpengaruh (tetap 'warn')
  [PASS] jejak lapisan menyebut 'Entitas' sebagai pemenang (bukan menebak)
  [PASS] 'Kembalikan ke global' (POST /config/values/clear) → 200
  [PASS] nilainya kembali ke global ('warn'), bukan ke bawaan kode
  [PASS] mesin lot Kanda Fabric ikut kembali ke nilai global
  [PASS] mengosongkan lapisan Global ditolak dengan penjelasan

── 10. Bersih-bersih (POC harus bisa dijalankan berulang) ──
  [PASS] data uji dibersihkan (6 dokumen · 2 jejak audit)
  [PASS] nol residu setelah POC (tidak ada override/jejak uji yang tertinggal)
  [PASS] nilai global NET30 dipulihkan seperti semula

==============================================================================
  HASIL: 56 PASS · 0 FAIL
==============================================================================
  [92m✓ POC FASE E-4 master berlapis (global→badan usaha · override · kop surat per PT) PASS[0m (4s)

[96m[1m▶ POC FASE E-5 (papan stok agregat · pegging · mutasi lintas-PT nama singkat · kartu riwayat)[0m

==============================================================================
  POC FASE E-5 — VISIBILITAS STOK (E5.1 papan · E5.2 pegging · E5.3 mutasi · E5.3c riwayat)
==============================================================================
  [[92mPASS[0m] login 3 peran (admin lintas-entitas · sales · gudang)
  [[92mPASS[0m] FIXTURE siap (saldo 2 badan usaha · roll pegging · pasangan mutasi)  (product=prod_tenun_ikat warehouse=wh_surabaya)

── 1. E5.1 · GET /inventory/status-board — detail sendiri + agregat grup ──
  [[92mPASS[0m] BUKTI-MERAH: produk uji punya stok tersedia di 2 badan usaha  (product=prod_tenun_ikat {'ent_ksc': 500.0, 'ent_kanda': 25.0})
  [[92mPASS[0m] sales → HTTP 200  (status=200)
  [[92mPASS[0m] baris produk uji ada di papan stok sales
  [[92mPASS[0m] E5.1 · `by_entity` HANYA badan usaha sendiri (tidak ada rincian PT lain)  (terlihat=['ent_ksc'])
  [[92mPASS[0m] E5.1 · `detail_scope` = own_entity  (detail_scope=own_entity)
  [[92mPASS[0m] E5.1 · total baris = stok SENDIRI (bukan stok grup)  (api=500.0 db_sendiri=500.0)
  [[92mPASS[0m] E5.1 · `global_total` hadir sebagai AGREGAT grup  (global_total.available=525.0 db_grup=525.0)
  [[92mPASS[0m] E5.1 · `global_total` TIDAK memuat rincian entitas/gudang  (kunci=['atp', 'available', 'entities_with_stock', 'incoming', 'on_hand', 'reserved'])
  [[92mPASS[0m] E5.1 · `other_entities_available` = stok badan usaha lain (angka saja)  (api=25.0 db=25.0)
  [[92mPASS[0m] E5.1 · isyarat `has_intercompany_opportunity` menyala
  [[92mPASS[0m] E5.1 · identitas badan usaha lawan TIDAK muncul di baris papan stok sales  (bocor=[])
  [[92mPASS[0m] E5.1 · gudang yang HANYA dipakai badan usaha lawan tidak muncul  (gudang_khusus_lawan=[])
  [[92mPASS[0m] E5.1 · sales minta owner_entity_id=PT lain → 403 (anti-IDOR)  (status=403)
  [[92mPASS[0m] E5.1 · gudang (peran non-lintas) juga hanya melihat badan usahanya  (status=200)
  [[92mPASS[0m] E5.1 · admin mode gabungan → rincian KEDUA badan usaha (wewenang utuh)  (terlihat=['ent_kanda', 'ent_ksc'])
  [[92mPASS[0m] E5.1 · admin `detail_scope` = group  (detail_scope=group)
  [[92mPASS[0m] E5.1 · admin melihat rincian per gudang (bukti detail penuh masih ada)

── 2. E5.2 · GET /pegging/rolls — ter-scope kepemilikan roll ──
  [[92mPASS[0m] BUKTI-MERAH: fixture roll pegging ada di 2 badan usaha
  [[92mPASS[0m] sales → HTTP 200  (status=200)
  [[92mPASS[0m] E5.2 · sales hanya melihat roll pegging badan usahanya  (owner=['ent_ksc'])
  [[92mPASS[0m] E5.2 · roll pegging badan usaha lawan TIDAK ikut terbaca
  [[92mPASS[0m] BUKTI-MERAH: roll pegging badan usaha sendiri MEMANG terbaca (bukan hijau karena daftar kosong)  (4 roll)
  [[92mPASS[0m] E5.2 · admin di konteks badan usaha lawan melihat roll itu (wewenang utuh)  (status=200 n=2)

── 3. E5.3 · mutasi pindah-kepemilikan: jejak tetap ada, lawan = nama singkat ──
  [[92mPASS[0m] BUKTI-MERAH: pasangan mutasi A→B ada di DB (1 milik A, 1 milik B)  (out=1 in=1)
  [[92mPASS[0m] E5.3 · JEJAK WAJIB: sales tetap melihat mutasi pindah-kepemilikan sisinya  (status=200 n=3)
  [[92mPASS[0m] E5.3 · nama lawan = NAMA SINGKAT badan usaha lawan  (api='Kanda Fabric' harap='Kanda Fabric')
  [[92mPASS[0m] E5.3 · arah terbaca 'keluar' (dari kita ke sana)  (arah=out)
  [[92mPASS[0m] E5.3 · kalimat siap tampil 'ke <lawan>'  (label='ke Kanda Fabric')
  [[92mPASS[0m] E5.3 · id TEKNIS badan usaha dicabut untuk peran non-lintas  (kunci_entitas=['owner_entity_id'])
  [[92mPASS[0m] E5.3 · nama badan HUKUM lawan tidak dibocorkan (cukup nama singkat)  (legal='Kanda Fabric' (=nama singkat))
  [[92mPASS[0m] E5.3 · id teknis badan usaha lawan tidak muncul di mana pun pada baris
  [[92mPASS[0m] E5.3 · sales TIDAK melihat baris kembar milik badan usaha lawan
  [[92mPASS[0m] E5.3 · penyaring 'masuk' pun tidak memunculkan baris milik PT lain
  [[92mPASS[0m] E5.3 · jalur PAGINASI ikut memberi label lawan (layar Mutasi memakai ini)  (status=200 label='ke Kanda Fabric')
  [[92mPASS[0m] E5.3 · sisi badan usaha lawan melihat mutasi yang sama sebagai 'masuk'  (arah=in)
  [[92mPASS[0m] E5.3 · dari sisi lawan, nama singkat yang tampil adalah badan usaha kita  (api='Sukacita' harap='Sukacita')
  [[92mPASS[0m] E5.3 · peran LINTAS-ENTITAS tetap mendapat nama badan hukum (wewenang utuh)  (from_entity_name='Sukacita Textile')
  [[92mPASS[0m] E5.3 · peran lintas-entitas tetap mendapat id teknis (dipakai layar admin)

── 4. E5.3c · GET /history/{product_id} — kebocoran Kartu Riwayat ditutup ──
  [[92mPASS[0m] BUKTI-MERAH: produk uji punya mutasi milik 2 badan usaha di DB  (product=prod_tenun_ikat {'ent_ksc': 5, 'ent_kanda': 1})
  [[92mPASS[0m] sales → HTTP 200  (status=200)
  [[92mPASS[0m] E5.3c · Kartu Riwayat sales HANYA memuat mutasi badan usahanya  (owner=['ent_ksc'])
  [[92mPASS[0m] E5.3c · jumlah baris TEPAT sama dengan jumlah mutasi badan usaha itu (bukan sekadar 'tidak kosong')  (api=5 db=5)
  [[92mPASS[0m] E5.3c · baris mutasi milik badan usaha lawan hilang dari Kartu Riwayat
  [[92mPASS[0m] BUKTI-MERAH: mutasi pindah-kepemilikan SISI SENDIRI tetap tampil (jejak tidak ikut terhapus)
  [[92mPASS[0m] E5.3c · Kartu Riwayat ikut memberi nama singkat lawan  (label='ke Kanda Fabric')
  [[92mPASS[0m] E5.3c · gudang (peran non-lintas kedua) juga tidak lagi melihat PT lain  (owner=['ent_ksc'])
  [[92mPASS[0m] E5.3c · admin di konteks badan usaha lawan melihat mutasi badan usaha itu  (status=200 n=1)
  [[92mPASS[0m] E5.3c · admin mode gabungan melihat KEDUA sisi (rincian grup masih ada)  (n=6)

── CLEANUP (INV-GATE-01: nol residu) ──
  [[92mPASS[0m] CLEANUP: seluruh fixture dihapus (saldo · roll · mutasi)  (residu=0)
  [[92mPASS[0m] CLEANUP: nol residu audit_logs & sessions  (dihapus=8 sisa=0)

==============================================================================
  HASIL: [92m52 PASS[0m · [91m0 FAIL[0m
==============================================================================

  [92m✓ POC FASE E-5 (papan stok agregat · pegging · mutasi lintas-PT nama singkat · kartu riwayat) PASS[0m (3s)

[96m[1m▶ POC FASE E-7 (pagar entitas grup · HPP taksiran berlabel · permintaan internal · kas grup dihapus · pinjaman & pindah aset antar-PT)[0m
==============================================================================
  POC FASE E-7 — ANTAR-ENTITAS (pagar · label · permintaan internal · kas · pinjaman · aset)
==============================================================================
  [poc-stock] snapshot 145 dokumen stok dari 8 koleksi — akan dipulihkan di CLEANUP.

[93mE7a — pagar “lawan transaksi ternyata PT sendiri”[0m
  [[92mPASS[0m] BUKTI-MERAH: pemasok bertipe 'Entitas grup' memang ada di daftar
  [[92mPASS[0m] PO ke badan usaha grup DITOLAK 409 + kalimat menuntun  (HTTP 409)
  [[92mPASS[0m] PR ber-pemasok badan usaha grup DITOLAK 409  (HTTP 409)
  [[92mPASS[0m] PR → convert-to-po ke badan usaha grup DITOLAK 409 (kebocoran KSC/PO-00013)  (HTTP 409)
  [[92mPASS[0m] PR → realize-po ke badan usaha grup DITOLAK 409  (HTTP 409)
  [[92mPASS[0m] Blanket PO ke badan usaha grup DITOLAK 409  (HTTP 409)
  [[92mPASS[0m] RFQ mengundang badan usaha grup DITOLAK 409  (HTTP 409)
  [[92mPASS[0m] Buat PELANGGAN bernama badan usaha grup DITOLAK 409  (HTTP 409)
  [[92mPASS[0m] Buat pemasok KEMBAR badan usaha grup DITOLAK 409  (HTTP 409)
  [[92mPASS[0m] Nonaktifkan cermin pemasok badan usaha grup DITOLAK 409  (HTTP 409)
  [[92mPASS[0m] KONTROL: PR ke pemasok LUAR tetap boleh (200)  (HTTP 200)

[93mE7b/E7c — konsistensi kecil & HPP taksiran berlabel[0m
  [[92mPASS[0m] BUKTI-MERAH: ada dokumen retur antar-PT untuk diuji  (2 dokumen)
  [[92mPASS[0m] E7b: retur antar-PT mengirim `pair_id` + `qty_total`  (pair_id=icrp_81a5be32aa27 qty_total=10.0)
  [[92mPASS[0m] E7b: nomor transfer gudang ber-prefix badan usaha  (KSC/TRF-00005, KANDA/TRF-00002, KANDA/TRF-00001, KSC/TRF-00004)
  [[92mPASS[0m] E7c: identitas margin tetap utuh (margin = jual − HPP)
  [[92mPASS[0m] E7c: eliminasi = LABA belum terealisasi (INV-IC-03)  (eliminasi=21256100.0 laba_belum_terealisasi=21256100.0)
  [[92mPASS[0m] E7c: rugi belum terealisasi dilaporkan terpisah (tidak dieliminasi diam-diam)  (rugi=90000.0 alasan=Rugi belum terealisasi tidak dieliminasi (konservatisme): ma)
  [[92mPASS[0m] BUKTI-MERAH: ada transaksi yang HPP-nya belum diposting  (3 dari 5)
  [[92mPASS[0m] E7c: HPP taksiran BERLABEL + ada angka taksiran & alasannya  (basis=wac_estimate est=14642494.8)
  [[92mPASS[0m] E7c: total ikut jujur (`estimated_doc_count` > 0 & margin taksiran ada)

[93mE7d — Permintaan Internal (jalur sales yang dulu buntu)[0m
  [[92mPASS[0m] BUKTI-MERAH: papan stok memberi isyarat 'tersedia di badan usaha lain'  (2 barang)
  [[92mPASS[0m] Sales BOLEH mengajukan permintaan internal (nomor <ENT>/PIN-#####)  (HTTP 200 KSC/PIN-00004)
  [[92mPASS[0m] Cuplikan bukti ketersediaan tersimpan TANPA rincian per badan usaha (E5.1)
  [[92mPASS[0m] Sales DITOLAK memilih badan usaha sumber (keputusan E5.1)  (HTTP 400)
  [[92mPASS[0m] Sales 403 di rincian stok badan usaha lain  (HTTP 403)
  [[92mPASS[0m] Sales 403 mengubah permintaan menjadi transaksi antar-PT  (HTTP 403)
  [[92mPASS[0m] Admin melihat kandidat sumber + kesiapan harga internalnya  (2 kandidat)
  [[92mPASS[0m] Admin mengubahnya menjadi transaksi antar-PT (dokumen kembar)  (HTTP 200)
  [[92mPASS[0m] Transaksi antar-PT membawa asal permintaannya (`source_request_number`)
  [[92mPASS[0m] Permintaan tertaut dua arah ke transaksinya (mesin G-4)

[93mE7e — kas tingkat grup DIHAPUS[0m
  [[92mPASS[0m] Transaksi kas ber-`entity_id=all` DITOLAK 409  (HTTP 409)
  [[92mPASS[0m] Rekening ber-`entity_id=all` DITOLAK 409  (HTTP 409)
  [[92mPASS[0m] Ringkasan kas melaporkan sisa kas tingkat grup (jujur, bukan disembunyikan)  ({'transactions': 0, 'accounts': 0, 'net_amount': 0.0, 'hint': ''})
  [[92mPASS[0m] Data demo bersih dari kas tingkat grup  ({'transactions': 0, 'accounts': 0, 'net_amount': 0.0, 'hint': ''})
  [[92mPASS[0m] KONTROL: kas milik satu badan usaha tetap boleh (200)  (HTTP 200)

[93mE7f — pinjaman uang antar-PT[0m
  [[92mPASS[0m] Pinjaman ke DIRI SENDIRI ditolak  (HTTP 400)
  [[92mPASS[0m] Tujuan pinjaman kosong/pendek ditolak  (HTTP 400)
  [[92mPASS[0m] Pinjaman dibuat sebagai DOKUMEN KEMBAR (dua nomor per badan usaha)  (HTTP 200)
  [[91mFAIL[0m] Pencairan: status `disbursed` & sisa = pokok  (HTTP 500)

[93mE7g — pindah aset tetap antar-PT[0m
  [[92mPASS[0m] BUKTI-MERAH: ada aset tetap aktif untuk dipindah  (2 aset)
  [[92mPASS[0m] Alasan pindah kosong/pendek ditolak  (HTTP 400)
  [[92mPASS[0m] Pindah ke badan usaha SENDIRI ditolak  (HTTP 400)
  [[92mPASS[0m] Pindah aset berhasil & lahir aset baru di badan usaha penerima  (HTTP 200)
  [[92mPASS[0m] Masa manfaat yang pindah adalah SISA (bukan mulai dari awal)  (111 dari 120 bulan)
  [[92mPASS[0m] Harga pindah di atas nilai buku → laba pindah tercatat  (laba 1000000.0)
  [[92mPASS[0m] Utang antar-PT atas aset masuk saldo non-dagang  (220999999.97)
  [[92mPASS[0m] Pembayaran pindah aset memindahkan uang di kedua buku  (HTTP 200)
  [[92mPASS[0m] Setelah dibayar, saldo non-dagang aset kembali ke angka awal  (0 (awal 0.0))
  [[92mPASS[0m] Aset yang sudah dipindah tidak bisa dipindah lagi  (HTTP 400)
  [[92mPASS[0m] Ringkasan aset TIDAK mengaku memiliki aset yang sudah pindah PT  (gross 185000000.0 == milik sendiri 185000000.0)
  [[92mPASS[0m] Ringkasan aset melaporkan jumlah & nilai aset yang pindah (jujur, terlihat)  (1 aset · 219999999.97)
  [[92mPASS[0m] Aset yang pindah TIDAK ikut dihitung sebagai aset dimiliki  (active 1 == 1)

  (self-cleanup: 0 dokumen uji dibatalkan lewat API · 1 tidak bisa dibatalkan (sudah converted) → dihapus di tahap residu · uang & aset uji DIPULIHKAN EKSAK lewat `poc_stock_guard`, bukan ditinggalkan)
  [92m[poc-stock] stok dipulihkan EKSAK (145 dokumen, 8 koleksi) — nol residu roll & saldo.[0m
  [[92mPASS[0m] CLEANUP (POC-RESIDU-03): buku uang & aset dipulihkan EKSAK (kas · jurnal · pinjaman · aset · eliminasi · PR)  (8 koleksi)
  [[92mPASS[0m] CLEANUP (INV-GATE-01): nol residu transaksi antar-PT (draf E7d dihapus)  (dihapus 0 draf · sisa 0)
  [[92mPASS[0m] CLEANUP (INV-GATE-01): nol residu Permintaan Internal (E7d dihapus, bukan 'dibatalkan' yang gagal diam-diam)  (dihapus 0 permintaan · sisa 0)
  [[92mPASS[0m] CLEANUP (INV-REF-04): nol tautan menggantung sesudah dokumen uji dihapus  (bersih)
  [[92mPASS[0m] CLEANUP (INV-GATE-01): nol residu jejak audit & notifikasi  (dihapus audit=3 notifikasi=0 · sisa 0/0)
  [[91mFAIL[0m] CLEANUP (POC-RESIDU-03): nol residu di SELURUH basis data (123 koleksi dihitung, bukan hanya yang dipantau)  (products 20→21 (+1) · turn_marks 26→27 (+1))

==============================================================================
  HASIL: [92m56 PASS[0m · [91m2 FAIL[0m dari 58 pemeriksaan
    [91m✗[0m Pencairan: status `disbursed` & sisa = pokok
    [91m✗[0m CLEANUP (POC-RESIDU-03): nol residu di SELURUH basis data (123 koleksi dihitung, bukan hanya yang dipantau)
==============================================================================
  [91m✗ POC FASE E-7 (pagar entitas grup · HPP taksiran berlabel · permintaan internal · kas grup dihapus · pinjaman & pindah aset antar-PT) FAIL (rc=1)[0m (4s)

[96m[1m▶ POC FASE E-8 G1 (peran sales_admin & finance · pemisahan tugas · penugasan entitas)[0m
[96m==============================================================================
  POC FASE E-8 GELOMBANG 1 — DUA PERAN BARU (sales_admin · finance)
  http://localhost:8001
==============================================================================[0m

[93mA · E8.1 — registry peran: server ↔ layar tidak boleh bercabang[0m
  [[92mPASS[0m] self-test role_registry HIJAU  (HIJAU — 11 peran, 0 gagal.)
  [[92mPASS[0m] registry peran terisi & memuat peran inti (11 peran terdaftar)  (admin · manager · sales_admin · finance · sales · warehouse · designer · driver · md · warehouse_admin · sample_admin)
  [[92mPASS[0m] layar mengenal peran yang SAMA dengan server (nol percabangan)  (11 peran identik: admin · designer · driver · finance · manager · md · sales · sales_admin · sample_admin · warehouse · warehouse_admin)
  [[92mPASS[0m] label · peringkat · lintas-entitas · urutan IDENTIK server↔layar  (11/11 sama)
  [[92mPASS[0m] beranda tiap peran sama di server & layar (tak ada yang mendarat di layar kosong)  (sales_admin→sales-admin-desk · finance→finance-desk)
  [[92mPASS[0m] gate check_nav_map PASS (beranda tiap peran ter-reach dari menunya)  (exit 0)
  [[92mPASS[0m] BUKTI-MERAH parser: id sesudah komentar (& komentar berkoma) tetap terbaca  (['customers-crm', 'finance-tower', 'keuangan'])
  [[92mPASS[0m] BUKTI-MERAH peringkat: Admin Sales bukan penyetuju nilai (dan pagar ini nyata)

[93mB · E8.1 — identitas & daftar peran dari server[0m
  [[92mPASS[0m] GET /api/roles mengirim seluruh 11 peran + penjelasannya  (HTTP 200 · admin · designer · driver · finance · manager · md · sales · sales_admin · sample_admin · warehouse · warehouse_admin)
  [[92mPASS[0m] peran baru ditandai `new_in: E-8` (formulir akun bisa memberi lencana “baru”)
  [[92mPASS[0m] peringkat yang dikirim server = registry
  [[92mPASS[0m] Admin Sales masuk & dilabeli MANUSIA (bukan id teknis `sales_admin`)  (Admin Sales)
  [[92mPASS[0m] Finance masuk & dilabeli “Finance”  (Finance)
  [[92mPASS[0m] login mengirim IZIN EFEKTIF milik pengguna (layar tak perlu menebak dari peran)  (order=['view', 'create', 'update', 'confirm', 'print', 'deliver', 'verify'])
  [[92mPASS[0m] E8.10b#1 Admin Sales ditugaskan 2 badan usaha & boleh berpindah  (['ent_ksc', 'ent_kanda'])
  [[92mPASS[0m] Finance terkunci 1 badan usaha (kas & pajak selalu milik satu badan usaha)  (['ent_ksc'])
  [[92mPASS[0m] peran baru BUKAN peran lintas-entitas (tak ikut oversight grup)  (['admin', 'manager'])

[93mC · E8.2 — sales tak lagi menyentuh uang masuk, pajak & pegging[0m
  [[92mPASS[0m] sales TERBITKAN Faktur Pajak → 403  (HTTP 403)
  [[92mPASS[0m] sales CATAT uang masuk (kwitansi AR) → lolos pagar izin (bukan 403; Sesi 16)  (HTTP 404)
  [[92mPASS[0m] sales PUTUSKAN selisih bayar → 403  (HTTP 403)
  [[92mPASS[0m] sales PEGGING roll (kunci stok atas namanya) → 403  (HTTP 403)
  [[92mPASS[0m] E8.6 sales TANDAI DITERIMA sendiri → 403  (HTTP 403)
  [[92mPASS[0m] sales KONFIRMASI pesanan → 403 (sebab lahirnya peran Admin Sales)  (HTTP 403)
  [[92mPASS[0m] sales tetap MELIHAT faktur pajak
  [[92mPASS[0m] sales tetap MELIHAT kwitansi AR
  [[92mPASS[0m] izin efektif sales: tax_invoice hanya `view`  (['view'])
  [[92mPASS[0m] izin efektif sales: ar_receipt = view + create (Sesi 16), TANPA void  (['view', 'create'])
  [[92mPASS[0m] izin efektif sales: TANPA `order.deliver` & TANPA `inventory.pegging`  (order=['view', 'create', 'update', 'print'] inventory=['view'])
  [[92mPASS[0m] sales tetap boleh MEMBUAT pesanan (pekerjaan intinya utuh)
  [[92mPASS[0m] E7d/E8.8 sales tetap boleh MENGAJUKAN permintaan internal ke PT lain  (['view', 'create', 'cancel'])

[93mD · E8.1b/E8.10b — Admin Sales: alur pesanan penuh, uang & pajak TIDAK[0m
  [[92mPASS[0m] Admin Sales KONFIRMASI pesanan → izin lolos (404, pesanan tak ada)  (HTTP 404)
  [[92mPASS[0m] E8.6 Admin Sales TANDAI DITERIMA → izin lolos (404)  (HTTP 404)
  [[92mPASS[0m] Admin Sales PEGGING roll → izin lolos (404)  (HTTP 404)
  [[92mPASS[0m] Admin Sales REORDER ke supplier (buat PR) → izin lolos (400 item kosong)  (HTTP 400)
  [[92mPASS[0m] E8.10b#4 Admin Sales AMBIL DARI PT LAIN → izin lolos (bukan 403)  (HTTP 400)
  [[92mPASS[0m] Admin Sales TERBITKAN Faktur Pajak → 403 (itu wilayah Finance)  (HTTP 403)
  [[92mPASS[0m] Admin Sales CATAT uang masuk → 403  (HTTP 403)
  [[92mPASS[0m] Admin Sales PUTUSKAN selisih bayar → 403  (HTTP 403)
  [[92mPASS[0m] Admin Sales LUNASI saldo antar-PT (settlement) → 403 (tetap manajer)  (HTTP 403)
  [[92mPASS[0m] E8.1b Admin Sales SETUJUI harga khusus → 403 (peringkat 2 < manajer 3)  (HTTP 403)
  [[92mPASS[0m] Admin Sales SETUJUI nilai pesanan → 403 (verifikasi ≠ persetujuan)  (HTTP 403)

[93mE · E8.10b#2 — Finance: uang masuk & pajak keluaran[0m
  [[92mPASS[0m] Finance CATAT uang masuk → izin lolos (404, pelanggan tak ada)  (HTTP 404)
  [[92mPASS[0m] Finance TERBITKAN Faktur Pajak → izin lolos (404)  (HTTP 404)
  [[92mPASS[0m] Finance PUTUSKAN selisih bayar → izin lolos (kwitansi tak ada)  (HTTP 400)
  [[92mPASS[0m] Finance ISI NSFP resmi → izin lolos (404)  (HTTP 404)
  [[92mPASS[0m] Finance melihat kas
  [[92mPASS[0m] Finance melihat piutang (AR aging)
  [[92mPASS[0m] Finance KONFIRMASI pesanan → 403  (HTTP 403)
  [[92mPASS[0m] Finance BUAT pelanggan → 403 (hanya melihat)  (HTTP 403)
  [[92mPASS[0m] izin efektif Finance: pesanan hanya `view`+`print`  (['view', 'print'])
  [[92mPASS[0m] izin efektif Finance: TANPA sisi hutang (vendor_bill/contra_bon/landed_cost)
  [[92mPASS[0m] izin efektif Finance: batal faktur pajak TETAP manajer  (['view', 'create', 'update', 'replace', 'print'])

[93mF · E8.10b#1 — penugasan badan usaha & mode gabungan yang benar[0m
  [[92mPASS[0m] Admin Sales boleh bekerja di badan usaha penugasan KEDUA (Kanda)
  [[92mPASS[0m] Admin Sales menyebut badan usaha yang BUKAN penugasannya → 403 (bukan jatuh diam-diam)  (HTTP 403)
  [[92mPASS[0m] CACAT DITUTUP: mode “Semua Entitas” Admin Sales menggabungkan KEDUA penugasan  ({'ent_ksc': 10, 'ent_kanda': 2})
  [[92mPASS[0m] mode gabungan Admin Sales = HANYA LIHAT (tulis ditolak 409 + kalimat menuntun)  (HTTP 409)
  [[92mPASS[0m] ISOLASI TETAP: Finance (1 penugasan) di mode gabungan hanya melihat badan usahanya  ({'ent_ksc': 5})
  [[92mPASS[0m] ISOLASI TETAP: sales (1 penugasan) tidak kebocoran PT lain di mode gabungan  ({'ent_ksc': 9})
  [[92mPASS[0m] Finance menyebut badan usaha lain → 403  (HTTP 403)

[93mG · E8.1 — peran bukan teks bebas lagi[0m
  [[92mPASS[0m] salah ketik peran (`sales-admin`) DITOLAK 400  (HTTP 400)
  [[92mPASS[0m] pesan penolakan MENYEBUT pilihan yang sah (bukan “400 Bad Request” telanjang)  (Peran “sales-admin” tidak dikenal. Pilihan yang sah: admin (Admin) · manager (Manajer) · sales_admin (Admin Sa)
  [[92mPASS[0m] huruf besar/kecil tidak ditebak-tebak (`Finance` ditolak)  (HTTP 400)
  [[92mPASS[0m] akun TIDAK berubah setelah percobaan gagal (nol residu)  (warehouse)

[93m── CLEANUP (INV-GATE-01: nol residu)[0m
  [[92mPASS[0m] CLEANUP: nol residu sessions & audit_logs (POC tak membuat dokumen bisnis)  (dihapus=30 sisa=0)

[96m==============================================================================[0m
  [92m64/64 PASS[0m
[96m==============================================================================[0m
  [92m✓ POC FASE E-8 G1 (peran sales_admin & finance · pemisahan tugas · penugasan entitas) PASS[0m (3s)

[96m[1m▶ POC FASE E-8 G2/G3 (meja admin sales & finance · verifikasi · keputusan pemenuhan)[0m
[96m==============================================================================
  POC FASE E-8 GELOMBANG 2&3 — MEJA KERJA · VERIFIKASI · PEMENUHAN
  http://localhost:8001
==============================================================================[0m

[93mA · US11 — sales hanya melihat pesanan MILIKNYA[0m
  [[92mPASS[0m] Admin Sales melihat SELURUH pesanan badan usahanya  (9 pesanan)
  [[92mPASS[0m] dua sales TIDAK melihat jumlah yang sama (dulu keduanya melihat 8 milik Ayu)  (ayu=8 bima=1 adminsales=9)
  [[92mPASS[0m] setiap sales punya pesanan sendiri (daftar tidak kosong)  (ayu=8 bima=1)
  [[92mPASS[0m] jumlah keduanya = jumlah Admin Sales (tidak ada pesanan hilang)  (8+1 vs 9)
  [[92mPASS[0m] tidak ada pesanan yang muncul di KEDUA sales  ([])
  [[92mPASS[0m] US11 — ANGKA RINGKASAN sales cocok dengan isi daftarnya (Ayu)  (ringkasan=8 daftar=8)
  [[92mPASS[0m] US11 — ANGKA RINGKASAN sales cocok dengan isi daftarnya (Bima)  (ringkasan=1 daftar=1)
  [[92mPASS[0m] US11 — dasbor (SUMBER DATA LAYAR PESANAN) ikut aturan kepemilikan (Ayu)  (dasbor=8 daftar=8 asing=[])
  [[92mPASS[0m] US11 — dasbor ikut aturan kepemilikan (Bima)  (dasbor=1 daftar=1 asing=[])
  [[92mPASS[0m] BUKTI-MERAH: pesanan REKAN tidak pernah ikut ke dasbor sales  ([])
  [[92mPASS[0m] Admin Sales tetap melihat pesanan SELURUH sales di dasbornya (tak ikut terkunci)  (adminsales=9 ayu=8 bima=1)
  [[92mPASS[0m] US11 — kartu 'Pesanan Aktif' di dasbor tak pernah melebihi daftarnya  (aktif=7 daftar=8)
  [[92mPASS[0m] BUKTI-MERAH: sales membuka pesanan REKAN lewat id → 403  (HTTP 403)
  [[92mPASS[0m] pesan penolakan menyebut sebabnya (bukan 403 telanjang)  (Pesanan KSC/SO-00010 bukan pesanan Anda. Peran sales hanya membuka pes)
  [[92mPASS[0m] sales tetap bisa membuka pesanan SENDIRI
  [[92mPASS[0m] Admin Sales bisa membuka pesanan sales mana pun (dia pemilik alurnya)
  [[92mPASS[0m] BUKTI-MERAH: sales MENYUNTING pesanan rekan → 403  (HTTP 403)
  [[92mPASS[0m] US11 — laporan pelanggan teratas hanya dari pesanan SENDIRI (Ayu)  ([])
  [[92mPASS[0m] US11 — laporan pelanggan teratas hanya dari pesanan SENDIRI (Bima)  ([])
  [[92mPASS[0m] US11 — angka laporan sales tidak pernah melebihi angka Admin Sales  ([])
  [[92mPASS[0m] peran non-sales boleh MEMINTA saringan 'punya saya' (mine=true)  (0 dari 9)

[93mB · US12 — perjalanan pesanan untuk sales (read-only)[0m
  [[92mPASS[0m] endpoint perjalanan pesanan tersedia untuk sales  (HTTP 200)
  [[92mPASS[0m] 9 tahapan dalam bahasa pelanggan, berurutan  (['dipesan', 'diverifikasi', 'disetujui', 'dikonfirmasi', 'disiapkan', 'dikirim', 'diterima', 'ditagih', 'dibayar'])
  [[92mPASS[0m] setiap tahap membawa keterangan yang bisa dibacakan ke pelanggan
  [[92mPASS[0m] ada tahap yang SUDAH & ada yang BELUM (bukan semua hijau)  ({'done': 4, 'total': 9, 'percent': 44.4})
  [[92mPASS[0m] menyebut tahap yang sedang berjalan  (Disiapkan gudang)
  [[92mPASS[0m] membawa ringkasan uang (tagihan & sisa)  (total=4856250.0 sisa=4856250.0)
  [[92mPASS[0m] membawa blok sumber pemenuhan (US12: 'diambil dari PT lain / lewat PO')
  [[92mPASS[0m] membawa progres gudang TANPA memberi akses layar gudang
  [[92mPASS[0m] BUKTI-MERAH: layar gudang tetap tertutup untuk sales (`/api/wms/tasks` 403)  (HTTP 403)

[93mC · US15/US18 — Meja Admin Sales berbasis antrean[0m
  [[92mPASS[0m] Meja Admin Sales terbuka untuk peran sales_admin  (HTTP 200)
  [[92mPASS[0m] 8 antrean inti pemilik tetap ada & berurutan (antrean tambahan boleh menyusul)  (['perlu_verifikasi', 'siap_dikonfirmasi', 'menunggu_manajer', 'siap_cetak_dokumen', 'perlu_dipenuhi', 'jatuh_tempo', 'retur', 'permintaan_internal', 'od_acc_pelanggan', 'od_kunci_harga'])
  [[92mPASS[0m] US15 — setiap antrean membawa JUMLAH, NILAI, dan UMUR TERTUA
  [[92mPASS[0m] setiap antrean punya SATU tindakan jelas per baris  ([])
  [[92mPASS[0m] antrean 'perlu dipenuhi' menandai satuannya BUKAN rupiah (200 yard bukan Rp 200)  (qty)
  [[92mPASS[0m] US18 — antrean retur ada di meja Admin Sales
  [[92mPASS[0m] US15 — faktur pajak & uang masuk TIDAK di meja ini (itu Finance)  (['Faktur Pajak keluaran', 'Pencatatan uang masuk (kwitansi AR)', 'Keputusan selisih bayar')
  [[92mPASS[0m] BUKTI-MERAH: Finance TIDAK bisa membuka Meja Admin Sales
  [[92mPASS[0m] BUKTI-MERAH: sales lapangan TIDAK bisa membuka Meja Admin Sales
  [[92mPASS[0m] setiap baris membawa konteks pelanggan + umur (isyarat SLA)  (17 baris)

[93mD · US20 — Meja Finance (uang masuk & pajak keluaran)[0m
  [[92mPASS[0m] Meja Finance terbuka untuk peran finance  (HTTP 200)
  [[92mPASS[0m] 5 antrean inti pemilik tetap ada & berurutan (hutang jatuh tempo/uang muka menyusul)  (['siap_faktur_pajak', 'uang_masuk', 'selisih_bayar', 'denda_draft', 'jatuh_tempo', 'hutang_jatuh_tempo', 'uang_muka_belum_kirim'])
  [[92mPASS[0m] semua antrean bertanda milik Finance
  [[92mPASS[0m] US20 — meja ini menyebut yang BUKAN wewenangnya (buat/konfirmasi pesanan)  (['Membuat / mengonfirmasi pesanan', 'Keputusan pemenuhan (ambil dari PT lain · reorder)', )
  [[92mPASS[0m] BUKTI-MERAH: sales TIDAK bisa membuka Meja Finance (izin `ar_receipt.view` saja tidak cukup)  (HTTP 403)
  [[92mPASS[0m] BUKTI-MERAH: Admin Sales TIDAK bisa membuka Meja Finance
  [[92mPASS[0m] Finance boleh MELIHAT pesanan (dia menagihnya)
  [[92mPASS[0m] BUKTI-MERAH: Finance TIDAK bisa mengonfirmasi pesanan
  [[92mPASS[0m] BUKTI-MERAH: Finance TIDAK bisa memverifikasi pesanan

[93mE · US17 — verifikasi administratif (E8.13)[0m
  [[92mPASS[0m] ada pesanan di antrean 'perlu diverifikasi'  (3 pesanan)
  [[92mPASS[0m] pratinjau daftar periksa tersedia sebelum menekan Verifikasi  (HTTP 200)
  [[92mPASS[0m] daftar periksa mencakup alamat · syarat bayar · isi · pajak · NPWP · kredit  ({'alamat', 'syarat_bayar', 'pajak', 'kredit', 'npwp', 'isi_pesanan'})
  [[92mPASS[0m] setiap baris memakai bahasa yang bisa ditindak (bukan nama kolom)
  [[92mPASS[0m] kredit ditandai TIDAK menghalangi (itu keputusan manajer)
  [[92mPASS[0m] BUKTI-MERAH: sales lapangan tidak punya wewenang verifikasi
  [[92mPASS[0m] BUKTI-MERAH: pesanan tanpa alamat/penerima DITOLAK verifikasi (409)  (HTTP 409)
  [[92mPASS[0m] penolakan menyebut APA yang harus dilengkapi (bukan 'gagal' telanjang)  ({'message': 'Belum bisa diverifikasi — lengkapi dulu: Alamat & penerima lengkap', 'checks')
  [[92mPASS[0m] verifikasi SO-0008 BERHASIL setelah lengkap  (HTTP 200)
  [[92mPASS[0m] verifikasi mencatat SIAPA & KAPAN (jejak, bukan cap stempel)  (Rina Kusumawati · sales_admin)
  [[92mPASS[0m] hasil pemeriksaan ikut tersimpan di dokumen pesanan  (6)
  [[92mPASS[0m] pesanan itu KELUAR dari antrean 'perlu diverifikasi' (antrean bergerak)  (3 → 2)
  [[92mPASS[0m] bawaan sakelar `sales_admin.require_verification_before_confirm` = HIDUP (T1 audit training)  (True)
  [[92mPASS[0m] bawaan HIDUP: konfirmasi pesanan belum terverifikasi DITOLAK 409  (HTTP 409)
  [[92mPASS[0m] penolakannya MENUNTUN ke antrean yang benar  (Verifikasi kelengkapan dulu (alamat · syarat bayar · isi pesanan) sebelum pesana)
  [[92mPASS[0m] sakelar bisa dimatikan dari Pusat Pengaturan  (HTTP 200)
  [[92mPASS[0m] setelah sakelar dimatikan, konfirmasi tidak lagi tertahan gerbang verifikasi

[93mF · US16/US22 — keputusan pemenuhan (3 jalan)[0m
  [[92mPASS[0m] pesanan Kanda yang kurang barang tersedia di data demo  (KANDA/SO-00001)
  [[92mPASS[0m] panel pemenuhan terbuka untuk Admin Sales  (HTTP 200)
  [[92mPASS[0m] US16 — kekurangan pesanan terbaca (bukan 'tidak ada data')  ([('Batik Mega Mendung Premium', 120.0)])
  [[92mPASS[0m] US16 — TIGA pilihan disajikan sekaligus  (['interco', 'reorder', 'wait'])
  [[92mPASS[0m] setiap pilihan membawa KELAYAKAN + alasan bila mati (tombol mati tanpa alasan = teka-teki)
  [[92mPASS[0m] US16 — kandidat badan usaha sumber beserta stok per baris  ([('Sukacita', True), ('Cipta Sandang', False)])
  [[92mPASS[0m] ada badan usaha sumber yang stoknya CUKUP (jalur antar-PT bisa dibuktikan)  (['Sukacita'])
  [[92mPASS[0m] BUKTI-MERAH: sales lapangan TIDAK melihat rincian stok badan usaha lain
  [[92mPASS[0m] ambang rupiah antar-PT bisa diturunkan pemilik di Pusat Pengaturan  (HTTP 200)
  [[92mPASS[0m] US22 — di ATAS ambang: keputusan Admin Sales TERTAHAN (400/409)  (HTTP 400)
  [[92mPASS[0m] penolakan menyebut peran penyetuju yang dibutuhkan  (Transaksi Rp 20.912.400 melewati ambang bernilai besar (Rp 1). Wajib disetujui peran 'admi)
  [[92mPASS[0m] US22 — di BAWAH ambang: Admin Sales memutuskan SENDIRI (tanpa manajer)  (HTTP 200 {'order_id': 'so_10c546d16543', 'order_number': 'KANDA/SO-00001', 'decision': {'mode': 'interco', 'by': 'Rina )
  [[92mPASS[0m] keputusan tercatat pada dokumen pesanan (bukan di ingatan orang)  (interco oleh Rina Kusumawati)
  [[92mPASS[0m] lahir PERMINTAAN INTERNAL sebagai jejak permintaannya  (KANDA/PIN-00002)
  [[92mPASS[0m] lahir TRANSAKSI ANTAR-PT kembar (nomor penjual & pembeli)  (KANDA/IC-00010 ⇄ KSC/IC-00010)
  [[92mPASS[0m] harga transaksinya BUKAN nol (memakai kontrak harga internal)  (20912400.0)
  [[92mPASS[0m] kalimat keputusan bisa dibacakan ke pelanggan  (Kekurangan diambil dari PT lain lewat KANDA/IC-00010 (permintaan KANDA/PIN-00002)
  [[92mPASS[0m] E8.12 — pesanan menunjuk transaksi antar-PT (jejak dua arah)  ({'doc_type': 'sales_order', 'doc_id': 'so_10c546d16543', 'number': 'KANDA/SO-000)
  [[92mPASS[0m] E8.12 — transaksi antar-PT menunjuk balik ke pesanannya  ({'doc_type': 'interco_transaction', 'doc_id': 'ict_1d87bb492380', 'number': 'KAN)
  [[92mPASS[0m] BUKTI-MERAH: sales KSC tetap tertutup atas pesanan Kanda (pagar entitas)
  [[92mPASS[0m] US12 — sales membaca sumber pemenuhannya di perjalanan pesanan  (Kekurangan diambil dari PT lain lewat KANDA/IC-00010 (permintaan KANDA/PIN-00002))
  [[92mPASS[0m] US16 — pilihan 'ambil dari PT lain' MATI bila stok grup tak cukup, dengan alasan tertulis  (Belum ada badan usaha grup yang stoknya cukup untuk semua baris.)
  [[92mPASS[0m] BUKTI-MERAH: mode pemenuhan asal-asalan ditolak 400  (HTTP 400)
  [[92mPASS[0m] BUKTI-MERAH: 'ambil dari PT lain' tanpa memilih sumber ditolak dengan kalimat menuntun  (Pilih badan usaha sumber dulu — daftar kandidat beserta stok & kesiapan harga in)

[93mG · E8.3/E8.5 — layar mati sales & dropdown ikut badan usaha[0m
  [[92mPASS[0m] E8.3 — sales melihat KUNJUNGANNYA SENDIRI (dulu menu 403)  (HTTP 200)
  [[92mPASS[0m] kunjungan sendiri membawa KPI ringkas (total · selesai · berbuah order)  ({'total': 2, 'done': 2, 'with_order': 1, 'total_minutes': 80, 'conversion_percent': 50.0})
  [[92mPASS[0m] hanya kunjungan milik akun yang login (pagar dari sesi, bukan parameter)
  [[92mPASS[0m] BUKTI-MERAH: daftar kunjungan SELURUH karyawan tetap tertutup untuk sales  (HTTP 403)
  [[92mPASS[0m] E8.5 — dropdown sales BERBEDA per badan usaha  (KSC=['Ayu Permatasari', 'Bima Saputra', 'Dewi Anggraini'] Kanda=['Citra Lestari'])
  [[92mPASS[0m] E8.5 — tidak ada sales PT lain yang bocor ke dropdown  ([])

[93m── CLEANUP (INV-GATE-01: nol residu)[0m
  [[92mPASS[0m] CLEANUP: seluruh dokumen yang dibuat POC dihapus & dokumen lama dipulihkan  (interco_transactions=2 internal_requests=2 journal_entries=2 intercompany_eliminations=1 notifications=3 audit_logs=11 config_values=4 sisa=0)

[96m==============================================================================[0m
  [92m97/97 PASS[0m
[96m==============================================================================[0m
  [92m✓ POC FASE E-8 G2/G3 (meja admin sales & finance · verifikasi · keputusan pemenuhan) PASS[0m (6s)

[96m[1m▶ POC FASE E-9 (rantai jual→beli internal antar-PT→retur berantai · 41 pemeriksaan)[0m
==============================================================================
  POC FASE E-9 — RANTAI JUAL → BELI INTERNAL ANTAR-PT → RETUR BERANTAI
==============================================================================

[96m[1mLANGKAH 0 — Persiapan (bersihkan sisa POC lama · master produk POC)[0m
  [poc-stock] snapshot 1 dokumen stok dari 1 koleksi — akan dipulihkan di CLEANUP.
  ✅ [PASS] Lingkungan POC bersih & produk uji siap (sisa lama dihapus: {'po': 0, 'so': 0, 'sret': 0, 'ict': 0, 'icr': 0, 'pret': 0})
  ℹ  Data uji: pemasok Toba Craft (sup_cb6ef32d94e4) · pelanggan Butik Bali Indah (cust_butik_bali) alamat addr_002

[96m[1mLANGKAH 1 — Entitas B (CV Kanda Suka) beli dari supplier Toba Craft[0m
  ✅ [PASS] PO KANDA/PO-00014 ke Toba Craft terbit (40 yard · status pending)
  ✅ [PASS] Barang diterima gudang wh_tangerang & lolos QC — roll milik Entitas B lahir dengan jejak supplier & PO

[96m[1mLANGKAH 2 — Customer A pesan di Entitas A, stoknya KOSONG → menunggu stok[0m
  ✅ [PASS] KSC/SO-00012 berstatus MENUNGGU STOK dengan backorder 25 yard (stok Entitas A memang nol)

[96m[1mLANGKAH 3 — Entitas A beli internal dari Entitas B (E9.2) lalu barang berpindah (E9.1)[0m
  ✅ [PASS] Kontrak harga internal KANDA/SCT-00004 aktif (Rp 120,000/yard)
  ✅ [PASS] Dokumen kembar terbit: KANDA/IC-00009 (B) ↔ KSC/IC-00009 (A) · status confirmed
  ✅ [PASS] E9.2 · US24 — layar pesanan menyebut asalnya: “diambil dari Kanda Fabric lewat KSC/IC-00009”
  ✅ [PASS] E9.2 — Papan Pending SO: covered · dijanjikan 37 yard dari Kanda Fabric lewat KSC/IC-00009
  ✅ [PASS] Tugas gudang KANDA/TRF-00004 disetujui — kepemilikan roll pindah B → A
  ✅ [PASS] E9.1 · US23 — KSC/SO-00012 otomatis terpenuhi begitu barang antar-PT masuk (status reserved · backorder 0) — TANPA alokasi manual
  ℹ  Utang Entitas A ke Entitas B sebelum retur: Rp 7,680,000
  ✅ [PASS] E9.1 — Admin Sales diberi tahu & pesanannya disebut: “Barang dari Kanda Fabric masuk — 1 pesanan terpenuhi otomatis…” (tautan pending-so)

[96m[1mLANGKAH 4 — Customer A retur ke Entitas A (inspeksi → karantina → roll RTN)[0m
  ✅ [PASS] KSC/SO-00012 berstatus confirmed — barang sudah jadi hak pelanggan
  ✅ [PASS] Retur pelanggan SRET-00005 terbit (10 yard · pending_approval)
  ✅ [PASS] Retur diselesaikan (nota kredit terbit) — barang masuk KARANTINA, bukan langsung stok
  ✅ [PASS] E9.5 — roll retur 40f1ee MEWARISI jejak asal: supplier Toba Craft · KANDA/PO-00014
  ✅ [PASS] E9.3 — roll retur tahu asalnya pembelian internal KANDA/IC-00009 → jalur at-cost akan diblokir

[96m[1mLANGKAH 5 — Entitas A retur ke Entitas B (rambu E9.3 + pilihan roll E9.4)[0m
  ✅ [PASS] Roll retur dilepas dari karantina (grade B) — siap ditindak
  ✅ [PASS] E9.3 · US25 — pindah kepemilikan at-cost DITOLAK dengan tuntunan: “Barang ini berasal dari pembelian internal KANDA/IC-00009 (Kanda Fabric → Sukacita Textile), jadi pengembalian…”
  ✅ [PASS] E9.4 · US26 — kandidat teratas adalah roll hasil retur pelanggan (KSC/LOT-2609-0036 · grade B · 10 yard)
  ✅ [PASS] E9.4 — layar menyebut 10 yard berasal dari retur pelanggan (bukan stok biasa)
  ✅ [PASS] Retur antar-PT KSC/ICR-00004 ↔ KANDA/ICR-00004 terbit (draf)
  ✅ [PASS] E9.6 — retur antar-PT membawa asal returnya: SRET-00005
  ✅ [PASS] Tugas gudang retur KSC/TRF-00007 selesai — kepemilikan roll kembali ke Entitas B
  ✅ [PASS] E9.4 — roll hasil retur pelanggan (lot KANDA/LOT-2609-0007) kini milik Entitas B — bukan roll bagus dari stok Entitas A
  ✅ [PASS] E9.4 — roll BAGUS 12 yard (grade A) TETAP di Entitas A — tidak ikut terkirim balik
  ✅ [PASS] E9.5 — jejak supplier & PO TETAP UTUH setelah dua kali pindah kepemilikan
  ✅ [PASS] E9.5 — riwayat perolehan tersimpan (3 langkah, termasuk penerimaan GRN) — `acquired` tidak lagi menghapus jejak
  ✅ [PASS] E9.5/E5.3 — riwayat menyebut NAMA badan usaha (Kanda Fabric, Sukacita) tanpa satu pun id teknis `ent_*`
  ✅ [PASS] E9-uang — utang Entitas A ke Entitas B turun TEPAT sebesar nilai retur (Rp 7,680,000 → Rp 6,480,000; retur Rp 1,200,000)
  ✅ [PASS] E9.4-uang — barang yang kembali sudah bernilai Rp 0 (dihapus-bukukan saat retur pelanggan), jadi TIDAK ada jurnal barang palsu; selisih dengan nilai retur dicatat jujur sebagai Rp 1,200,000
  ✅ [PASS] E9.6-jejak — nota kredit CN-00003 tertaut dua arah sejak lahir (ke pesanan & ke retur pelanggan)

[96m[1mLANGKAH 6 — Entitas B meretur barang itu ke supplier ASLINYA (Toba Craft)[0m
  ✅ [PASS] E9.5 · US28 — roll yang kembali dari Entitas A MUNCUL sebagai kandidat retur ke supplier aslinya (Toba Craft · KANDA/PO-00014)
  ✅ [PASS] Retur beli PRET-00005 terbit ke Toba Craft (status pending_approval)
  ✅ [PASS] E9.6 — retur beli menyebut retur antar-PT asalnya (KANDA/ICR-00004) langsung di dokumen yang baru terbit

[96m[1mLANGKAH 7 — Jejak Retur: satu layar untuk seluruh rantai (E9.6 · US29)[0m
  ✅ [PASS] E9.6 — dibuka dari retur pelanggan: rantai utuh (sales_return → interco_return → purchase_return → kept)
  ✅ [PASS] E9.6 — dibuka dari retur antar-PT: rantai utuh (sales_return → interco_return → purchase_return → kept)
  ✅ [PASS] E9.6 — dibuka dari retur beli: rantai utuh (sales_return → interco_return → purchase_return → kept)
  ✅ [PASS] E9.6 — ringkasan sekali baca: “Retur Pelanggan SRET-00005 → Retur Antar-PT KSC/ICR-00004 → Retur ke Supplier PRET-00005 → disimpan Kanda Fabric”
  ✅ [PASS] E9.6 — layar juga menjawab barangnya di mana: 10 yard di Kanda Fabric (asal Toba Craft · KANDA/PO-00014)
  ✅ [PASS] E9.6b — pemegang retur beli (peran gudang, tanpa izin retur jual) BISA membuka rantai dokumennya sendiri (4 langkah)
  ✅ [PASS] E9.6c/E5.3 — sales Entitas A melihat TAHAPNYA (PRET-00005) tetapi tidak melihat supplier & nilai milik badan usaha lain
  ✅ [PASS] E9.6c/E5.3 — nol id teknis `ent_*` & nol nama supplier tetangga di respons rantai untuk sales Entitas A

[96m[1mCLEANUP — POC tidak boleh meninggalkan jejak[0m
  [92m[poc-stock] stok dipulihkan EKSAK (1 dokumen, 1 koleksi) — nol residu roll & saldo.[0m
  ✅ [PASS] Nol residu (dihapus: {'po': 1, 'so': 1, 'sret': 1, 'ict': 2, 'icr': 2, 'pret': 1})
  ✅ [PASS] Nol residu jejak (dihapus 4 baris audit & sesi POC · notifikasi kembali seperti semula)

==============================================================================
  HASIL: [92m44 PASS[0m · [91m0 FAIL[0m dari 44 pemeriksaan
==============================================================================
  [92m✓ POC FASE E-9 (rantai jual→beli internal antar-PT→retur berantai · 41 pemeriksaan) PASS[0m (4s)

[96m[1m▶ POC Cek Kenyataan Peran (utang migrasi ii E-8 · usulan peran dari jejak nyata)[0m
[96m[1m==============================================================================
  POC CEK KENYATAAN PERAN — utang migrasi (ii) FASE E-8
  http://localhost:8001
==============================================================================[0m

[96m[1mLANGKAH 1 — menemukan yang salah TANPA salah-tuduh (R1–R4)[0m
  [[92mPASS[0m] laporan menyebut metodenya di layar (bukan angka turun dari langit)  (Jejak diambil dari catatan audit dan field pembuat dokumen, …)
  [[92mPASS[0m] R1 · akun warisan `manager` ditemukan sebagai KUASA BERLEBIH  (Rudi Hartono → kuasa_berlebih)
  [[92mPASS[0m] R1 · usulannya Admin Sales (peran pelaksana yang tepat)  (usul=Admin Sales)
  [[92mPASS[0m] R1 · buktinya memuat izin yang benar-benar dipakai  (interco.invoice · order.verify · sales_return.update)
  [[92mPASS[0m] R1 · bukti menyebut NOMOR DOKUMEN nyata (bisa dicek pemilik)  (SO-0001 · SO-0003 · SO-0004 · SRET-00001)
  [[92mPASS[0m] R1 · kesimpulan dijelaskan dengan kalimat manusia  (Seluruh pekerjaannya bisa dilakukan sebagai Admin Sales. Sebagai Manaj)
  [[92mPASS[0m] R1 · nama badan usaha tampil sebagai NAMA SINGKAT (INV-UI-02)  (home=Sukacita harap=Sukacita)
  [[92mPASS[0m] R2 · manajer SUNGGUHAN tidak ikut dituduh (bukti-merah pembeda)  (Dewi Rahayu → sesuai)
  [[92mPASS[0m] R2 · alasannya terlihat: ia memakai izin khusus manajer  (accounting.create · order.approve · penalty.issue · price_approval.approve · sales_return.approve)
  [[92mPASS[0m] R3 · akun tanpa jejak TIDAK diberi usulan (sistem tidak menebak)  (9 akun sunyi)
  [[92mPASS[0m] R4 · admin sistem tidak diusulkan turun peran  (1 admin)
  [[92mPASS[0m] ringkasan konsisten dengan barisnya  (17 akun · 1 perlu ditinjau)
  [[92mPASS[0m] cakupan dilaporkan jujur (kegiatan belum dipetakan tetap disebut)  (50 dipetakan · 3 belum)

[96m[1mLANGKAH 2 — satu orang mengerjakan pesanan DAN uang/pajak (R5)[0m
  [[92mPASS[0m] R5 · kesimpulannya berubah menjadi PERLU PISAH TUGAS  (→ pisah_tugas)
  [[92mPASS[0m] R5 · tidak ada satu peran pun yang diusulkan (memang harus dua akun)  (usul=—)
  [[92mPASS[0m] R5 · alur pesanan diusulkan ke Admin Sales  ({'alur_pesanan': 'sales_admin', 'uang_pajak': 'finance'})
  [[92mPASS[0m] R5 · uang & pajak diusulkan ke Finance  ({'alur_pesanan': 'sales_admin', 'uang_pajak': 'finance'})
  [[92mPASS[0m] R5 · alasannya menyebut jalan keluarnya: DUA akun  (Akun ini mengerjakan alur pesanan DAN uang/pajak sekaligus. Keputusan pemilik memisahkan keduanya, j)
  [[92mPASS[0m] R5 · keadaan kembali seperti semula setelah jejak uji dihapus

[96m[1mLANGKAH 3 — jejak yang peran sekarang TIDAK boleh lakukan (R6)[0m
  [[92mPASS[0m] R6 · sales yang pernah menerbitkan faktur pajak → DI LUAR PERAN  (→ di_luar_peran)
  [[92mPASS[0m] R6 · baris buktinya ditandai satu per satu (bukan hanya kesimpulan)  (tax_invoice.create)
  [[92mPASS[0m] R6 · usulannya peran yang memang boleh melakukannya  (usul=Manajer)
  [[92mPASS[0m] R6 · sales kembali `sesuai` setelah jejak uji dihapus

[96m[1mLANGKAH 3b — satu koleksi, dua pintu: PR dari 'Ulangi pesanan' BUKAN di luar peran (R6b)[0m
  [[92mPASS[0m] R6b · data demo memang punya PR `so_repeat` milik sales (bukan hijau tapi hampa)  (4 PR · ['so_007', 'so_005', 'PR-00006', 'PR-00008'])
  [[92mPASS[0m] R6b · PR `so_repeat` dipetakan ke izin PINTUNYA (`order.update`), bukan `purchase_requisition.create`  (internal_request.create · order.create · order.update · price_approval.create)
  [[92mPASS[0m] R6b · karena itu sales tetap `sesuai` di data demo (nol tuduhan palsu)  (→ sesuai)
  [[92mPASS[0m] R6b · PR dari LAYAR PR (source=manual) TETAP dituduh di luar peran (penyaring bukan lubang)  (→ di_luar_peran · izin=['internal_request.create', 'order.create', 'order.update', 'price_approval.create', 'purchase_requisition.create'])
  [[92mPASS[0m] R6b · keadaan pulih: sales `sesuai` lagi sesudah PR uji dihapus

[96m[1mLANGKAH 4 — laporan wewenang bukan untuk semua orang (R7)[0m
  [[92mPASS[0m] R7 · sales DITOLAK membaca laporan cek peran  (HTTP 403)
  [[92mPASS[0m] R7 · sales DITOLAK menerapkan perubahan peran  (HTTP 403)
  [[92mPASS[0m] R7 · Admin Sales DITOLAK membaca laporan cek peran  (HTTP 403)
  [[92mPASS[0m] R7 · Admin Sales DITOLAK menerapkan perubahan peran  (HTTP 403)
  [[92mPASS[0m] R7 · Finance DITOLAK membaca laporan cek peran  (HTTP 403)
  [[92mPASS[0m] R7 · Finance DITOLAK menerapkan perubahan peran  (HTTP 403)

[96m[1mLANGKAH 5 — menerapkan usulan dengan aman (R8/R9)[0m
  [[92mPASS[0m] R8 · peran yang BUKAN usulan ditolak  (HTTP 400)
  [[92mPASS[0m] R8 · penolakannya MENUNTUN (menyebut usulan yang sah & jalur manual)  (Peran “Finance” bukan usulan untuk akun ini, jadi tidak diterapkan dari layar ini. Usulan )
  [[92mPASS[0m] R8 · peran yang sama dengan sekarang juga ditolak  (HTTP 400)
  [[92mPASS[0m] R9 · usulan yang sah berhasil diterapkan  (HTTP 200)
  [[92mPASS[0m] R9 · pesannya menyebut peran lama → peran baru  (Peran Rudi Hartono diubah dari Manajer menjadi Admin Sales. 0 sesi dicabut — ia harus masu)
  [[92mPASS[0m] R9 · sesinya dicabut supaya izin baru benar-benar berlaku  (sessions_revoked=0)
  [[92mPASS[0m] R9 · laporan ikut berubah: akun itu kini `sesuai`  (sales_admin → sesuai)
  [[92mPASS[0m] R9 · jejak audit `role_reclassified` tertulis
  [[92mPASS[0m] R9 · jejaknya menyimpan POTRET BUKTI (bisa dijawab 6 bulan kemudian)  (3 baris bukti tersimpan)
  [[92mPASS[0m] R9 · keadaan dipulihkan (peran dikembalikan ke manager)

[96m[1mLANGKAH 6 — BUKTI-MERAH: sabotase matriks izin harus mengubah usulan (R10)[0m
  [[92mPASS[0m] R10 · sebelum sabotase: usulan = Admin Sales  (usul=sales_admin · matriks dari baris permission_settings)
  [[92mPASS[0m] R10 · setelah `order.verify` dicabut dari Admin Sales, usulan BERUBAH (usulan memang dibaca dari matriks izin, bukan tabel kedua)  (usul=— · kesimpulan=sesuai)
  [[92mPASS[0m] R10 · matriks dipulihkan → usulan kembali Admin Sales  (usul=sales_admin)

[93m── CLEANUP (INV-GATE-01: nol residu)[0m
  [[92mPASS[0m] CLEANUP: nol residu audit_logs & sessions · peran dipulihkan  (dihapus=5 sisa=0)

[96m==============================================================================[0m
  [92m48/48 PASS[0m
[96m==============================================================================[0m
  [92m✓ POC Cek Kenyataan Peran (utang migrasi ii E-8 · usulan peran dari jejak nyata) PASS[0m (3s)

[96m[1m▶ audit_sales_roles_ux SELF-TEST (bukti-merah penilaian layar mati)[0m
[1m== SELF-TEST audit peran (gate harus bisa MEMERAH) ==[0m
  [[92mPASS[0m] layar mati (semua 403 tanpa penjelasan)  (harap=mati dapat=mati)
  [[92mPASS[0m] panel mati: SATU panel 403 → TEMUAN (dulu hanya kuning)  (harap=panel dapat=panel)
  [[92mPASS[0m] 403 yang sudah dipagari di kode BUKAN temuan  (harap=ok dapat=ok)
  [[92mPASS[0m] pagar khusus layar TIDAK memaafkan layar lain  (harap=panel dapat=panel)
  [[92mPASS[0m] pagar `('*', path)` berlaku di layar mana pun (modul API bersama)  (harap=ok dapat=ok)
  [[92mPASS[0m] semua 403 tetapi SEMUANYA berpenjelasan → bukan layar mati  (harap=ok dapat=ok)
  [[92mPASS[0m] layar sehat  (harap=ok dapat=ok)
  [[92mPASS[0m] izin tulis tanpa pintu → terdeteksi yatim  (harap=1 dapat=1)
  [[92mPASS[0m] izin tulis dengan pintu → BUKAN yatim  (harap=0 dapat=0)
[92m  HIJAU — audit terbukti menuduh layar/panel mati DAN tidak salah-tuduh.[0m
  [92m✓ audit_sales_roles_ux SELF-TEST (bukti-merah penilaian layar mati) PASS[0m (0s)

[96m[1m▶ audit_sales_roles_ux (SEMUA peran: nol layar & panel mati)[0m
[96m  [snapshot] 601 dokumen dari 21 koleksi disimpan — data demo akan dipulihkan setelah uji.[0m
[1m==============================================================================
  AUDIT PERAN — menu terlihat vs data yang boleh dibaca
  http://localhost:8001  ·  peran: sales, sales_admin, finance, warehouse, manager, admin, designer
==============================================================================[0m

[1m▶ sales[0m  (sales@kainnusantara.id)
  menu terlihat: 25 · layar dengan endpoint terdeteksi: 23
  [92m✓ tidak ada layar/panel mati[0m

[1m▶ sales_admin[0m  (salesadmin@kainnusantara.id)
  menu terlihat: 30 · layar dengan endpoint terdeteksi: 28
  [92m✓ tidak ada layar/panel mati[0m

[1m▶ finance[0m  (finance@kainnusantara.id)
  menu terlihat: 19 · layar dengan endpoint terdeteksi: 18
  [92m✓ tidak ada layar/panel mati[0m

[1m▶ warehouse[0m  (warehouse@kainnusantara.id)
  menu terlihat: 31 · layar dengan endpoint terdeteksi: 29
  [92m✓ tidak ada layar/panel mati[0m

[1m▶ manager[0m  (manager@kainnusantara.id)
  menu terlihat: 120 · layar dengan endpoint terdeteksi: 116
  [92m✓ tidak ada layar/panel mati[0m

[1m▶ admin[0m  (admin@kainnusantara.id)
  menu terlihat: 134 · layar dengan endpoint terdeteksi: 130
  [92m✓ tidak ada layar/panel mati[0m

[1m▶ designer[0m  (designer@kainnusantara.id)
  menu terlihat: 7 · layar dengan endpoint terdeteksi: 7
  [92m✓ tidak ada layar/panel mati[0m

[1m▶ BEDA MENU sales vs Admin Sales[0m
  hanya sales      (1): hr-visits
  hanya Admin Sales(6): doc-trace, interco-transactions, operations, purchase-requisitions, return-policies, sales-admin-desk

[1m==============================================================================[0m
  [92m[1mHIJAU — setiap menu yang terlihat bisa dipakai perannya.[0m
[1m==============================================================================[0m
[92m  [snapshot] 21 koleksi dipulihkan ke keadaan sebelum uji — nol residu.[0m
  [92m✓ audit_sales_roles_ux (SEMUA peran: nol layar & panel mati) PASS[0m (54s)

[96m[1m▶ POC F-2 Akses & UI/UX per peran (izin baca · pagar · KPI jujur · bukti-merah)[0m
[96m  [snapshot] 601 dokumen dari 21 koleksi disimpan — data demo akan dipulihkan setelah uji.[0m
[1m==============================================================================
  POC F-2 — AKSES & UI/UX PER PERAN  ·  http://localhost:8001
==============================================================================[0m

[1m▶ G1 — izin BACA yang hilang sudah diberikan (layar jadi berguna)[0m
  [[92mPASS[0m] finance     GET /ar/aging                          200 [2m(Aging Piutang: menu finance, izin denda finance) → 200[0m
  [[92mPASS[0m] finance     GET /suppliers                         200 [2m(Kasus Keuangan: nama lawan-transaksi) → 200[0m
  [[92mPASS[0m] warehouse   GET /suppliers                         200 [2m(RFQ/PR/Retur Beli: dropdown Supplier) → 200[0m
  [[92mPASS[0m] manager     GET /users                             200 [2m(layar Karyawan: kolom akun tertaut) → 200[0m
  [[92mPASS[0m] finance     GET /ar/aging?entity_id=ent_ksc        200 [2m(aging tersaring badan usaha) → 200[0m

[1m▶ G2 — pagar TIDAK ikut longgar (yang penting justru ini)[0m
  [[92mPASS[0m] sales       GET /ar/aging                      403 [2m(aging = piutang SEMUA pelanggan; sales dibatasi E8.4) → 403[0m
  [[92mPASS[0m] warehouse   GET /ar/aging                      403 [2m(gudang bukan wilayah piutang) → 403[0m
  [[92mPASS[0m] sales       GET /users                         403 [2m(daftar akun bukan wilayah sales) → 403[0m
  [[92mPASS[0m] sales_admin GET /users                         403 [2m(daftar akun bukan wilayah Admin Sales) → 403[0m
  [[92mPASS[0m] finance     GET /users                         403 [2m(daftar akun bukan wilayah kasir) → 403[0m
  [[92mPASS[0m] warehouse   GET /users                         403 [2m(daftar akun bukan wilayah gudang) → 403[0m
  [[92mPASS[0m] finance     GET /vendor-bills                  403 [2m(sisi HUTANG tetap manajer/admin (E8.1b)) → 403[0m
  [[92mPASS[0m] sales       GET /suppliers                     403 [2m(sales tidak berurusan dengan supplier) → 403[0m
  [[92mPASS[0m] warehouse   POST /suppliers                   403 [2m(hanya izin BACA yang diberikan) → 403[0m
  [[92mPASS[0m] finance     POST /suppliers                   403 [2m(hanya izin BACA yang diberikan) → 403[0m

[1m▶ G3 — KPI beranda = antrean NYATA (INV-HOME-01)[0m
  [[92mPASS[0m] data demo memang punya antrean persetujuan [2m({'sales_order': 1, 'purchase_order': 3, 'purchase_requisition': 1, 'sales_return': 1, 'purchase_return': 2})[0m
  [[92mPASS[0m] admin       GET /api/home/admin          200 [2m→ 200[0m
  [[92mPASS[0m] admin       KPI == rincian di layar yang sama [2m(KPI 37 vs rincian 37)[0m
  [[92mPASS[0m] admin       KPI mencakup seluruh antrean nyata [2m(KPI 37 ≥ 8)[0m
  [[92mPASS[0m] admin       tiap baris sama dengan hitungan MongoDB [2mbeda={}[0m
  [[92mPASS[0m] admin       rincian bisa diklik (items terisi) [2m(21 baris)[0m
  [[92mPASS[0m] manager     GET /api/home/manager        200 [2m→ 200[0m
  [[92mPASS[0m] manager     KPI == rincian di layar yang sama [2m(KPI 37 vs rincian 37)[0m
  [[92mPASS[0m] manager     KPI mencakup seluruh antrean nyata [2m(KPI 37 ≥ 8)[0m
  [[92mPASS[0m] manager     tiap baris sama dengan hitungan MongoDB [2mbeda={}[0m
  [[92mPASS[0m] manager     rincian bisa diklik (items terisi) [2m(21 baris)[0m

[1m▶ G4 — wewenang dari IZIN, bukan nama peran (INV-ROLE-01)[0m
  [[92mPASS[0m] finance memang memegang izin penalty.issue (dari respons login) [2m(['view', 'issue'])[0m
  [[92mPASS[0m] finance bisa membaca aging (prasyarat) [2m→ 200[0m
  [[92mPASS[0m] finance BOLEH menerbitkan nota denda dari aging (server menerima) [2mcustomer=Toko Kain Sejahtera → 200 [0m
  [[92mPASS[0m] sales TETAP ditolak menerbitkan denda [2m→ 403[0m

[1m▶ G6 — `GET /approvals/backlog`: satu sumber untuk beranda & Pusat Persetujuan[0m
  [[92mPASS[0m] admin       GET /approvals/backlog 200 [2m→ 200[0m
  [[92mPASS[0m] manager     GET /approvals/backlog 200 [2m→ 200[0m
  [[92mPASS[0m] sales_admin GET /approvals/backlog 200 [2m→ 200[0m
  [[92mPASS[0m] finance     GET /approvals/backlog 200 [2m→ 200[0m
  [[91mFAIL[0m] sales       GET /approvals/backlog 403 (bukan wilayahnya) [91m→ 401[0m
  [[91mFAIL[0m] warehouse   GET /approvals/backlog 403 (bukan wilayahnya) [91m→ 401[0m
  [[92mPASS[0m] total backlog == KPI beranda (tidak mungkin dua angka berbeda lagi) [2m(backlog 37 vs KPI 37)[0m
  [[92mPASS[0m] angka per badan usaha ≤ angka gabungan (isolasi entitas terjaga) [2m(KSC 34 ≤ semua 37)[0m
  [[92mPASS[0m] semua baris antrean menunjuk layar yang ADA di AppViewRouter [2mhantu=[][0m
  [[92mPASS[0m] setiap baris antrean menyebut koleksi yang benar (ada di DB atau di kode) [2msalah=[][0m

[1m▶ G5 — BUKTI-MERAH (cabut izinnya → POC wajib memerah)[0m
  [[92mPASS[0m] izin dicabut → finance kembali 403 di /ar/aging (gate bisa memerah)
  [[92mPASS[0m] izin dicabut → warehouse kembali 403 di /suppliers (gate bisa memerah)
  [[92mPASS[0m] matriks dipulihkan → finance 200 kembali (nol residu izin)

[1m==============================================================================[0m
  HASIL: [92m41 PASS[0m · [91m2 FAIL[0m dari 43 pemeriksaan
[1m==============================================================================[0m
[92m  [snapshot] 21 koleksi dipulihkan ke keadaan sebelum uji — nol residu.[0m
  [91m✗ POC F-2 Akses & UI/UX per peran (izin baca · pagar · KPI jujur · bukti-merah) FAIL (rc=1)[0m (6s)

[96m[1m▶ POC F-1b Migrasi kas tingkat grup (utang migrasi i · 4 lapis bukti · idempotent)[0m
[1m==============================================================================
  POC F-1b — MIGRASI KAS TINGKAT GRUP (utang migrasi i)
==============================================================================[0m

[1m▶ G0 — keadaan data hari ini[0m
  [[92mPASS[0m] data demo saat ini NOL transaksi kas tingkat grup [2m(ditemukan 0) — utang ini tentang ALAT-nya, bukan data sekarang[0m
[96m  [snapshot] 247 dokumen dari 6 koleksi disimpan — data demo akan dipulihkan setelah uji.[0m

[1m▶ G1 — `--report` tidak boleh menulis apa pun[0m
  [[92mPASS[0m] `--report` selesai tanpa galat [2mrc=0[0m
  [[92mPASS[0m] laporan menyebut 13 transaksi tingkat grup
  [[92mPASS[0m] laporan memisahkan yang terbukti vs belum terbukti
  [[92mPASS[0m] data TIDAK berubah setelah `--report` (mode laporan sungguh read-only)

[1m▶ G2 — empat lapis bukti memetakan pemilik dengan benar[0m
  [[92mPASS[0m] `--apply` selesai tanpa galat [2mrc=0[0m
  [[92mPASS[0m] poc_e7e_01 (ref dokumen     ) → ent_ksc [2mdapat ent_ksc · bukti: ar_receipt AR-00001 milik ent_ksc[0m
  [[92mPASS[0m] poc_e7e_02 (ref dokumen     ) → ent_ksc [2mdapat ent_ksc · bukti: ar_receipt AR-00001 milik ent_ksc[0m
  [[92mPASS[0m] poc_e7e_03 (ref dokumen     ) → ent_kanda [2mdapat ent_kanda · bukti: ar_receipt AR-00002 milik ent_kanda[0m
  [[92mPASS[0m] poc_e7e_04 (source_entity_id) → ent_kanda [2mdapat ent_kanda · bukti: jejak source_entity_id=ent_kanda[0m
  [[92mPASS[0m] poc_e7e_05 (source_entity_id) → ent_kanda [2mdapat ent_kanda · bukti: jejak source_entity_id=ent_kanda[0m
  [[92mPASS[0m] poc_e7e_06 (source_entity_id) → ent_kanda [2mdapat ent_kanda · bukti: jejak source_entity_id=ent_kanda[0m
  [[92mPASS[0m] poc_e7e_07 (prefix uraian   ) → ent_kanda [2mdapat ent_kanda · bukti: nomor dokumen ber-prefix KANDA di uraian[0m
  [[92mPASS[0m] poc_e7e_08 (prefix uraian   ) → ent_kanda [2mdapat ent_kanda · bukti: nomor dokumen ber-prefix KANDA di uraian[0m
  [[92mPASS[0m] poc_e7e_09 (prefix uraian   ) → ent_ksc [2mdapat ent_ksc · bukti: nomor dokumen ber-prefix KSC di uraian[0m
  [[92mPASS[0m] poc_e7e_10 (rekening        ) → ent_ksc [2mdapat ent_ksc · bukti: rekening BCA Operasional KSC milik ent_ksc[0m
  [[92mPASS[0m] poc_e7e_11 (rekening        ) → ent_ksc [2mdapat ent_ksc · bukti: rekening BCA Operasional KSC milik ent_ksc[0m

[1m▶ G3 — baris tanpa bukti TIDAK ditebak (butuh keputusan orang)[0m
  [[92mPASS[0m] poc_e7e_12 tetap tingkat grup (tidak ditebak) [2mentity_id='all'[0m
  [[92mPASS[0m] poc_e7e_12 ditandai `needs_entity_mapping` (tetap terlihat)
  [[92mPASS[0m] poc_e7e_12 dibuatkan kasus keuangan `salah_entitas` [2mCASE-00003 Kas tanpa pemilik badan usaha: POC-CASH-12[0m
  [[92mPASS[0m] poc_e7e_13 tetap tingkat grup (tidak ditebak) [2mentity_id='all'[0m
  [[92mPASS[0m] poc_e7e_13 ditandai `needs_entity_mapping` (tetap terlihat)
  [[92mPASS[0m] poc_e7e_13 dibuatkan kasus keuangan `salah_entitas` [2mCASE-00004 Kas tanpa pemilik badan usaha: POC-CASH-13[0m

[1m▶ G4 — cermin rekening per badan usaha; rekening grup TIDAK dihapus[0m
  [[92mPASS[0m] cermin rekening untuk KSC dibuat [2mbank_kas_besar_grup_poc_ksc · Kas Besar Grup — Sukacita[0m
  [[92mPASS[0m] cermin KSC bersaldo awal 0 (saldo awal tetap di rekening lama)
  [[92mPASS[0m] cermin rekening untuk Kanda dibuat [2mbank_kas_besar_grup_poc_kanda · Kas Besar Grup — Kanda Fabric[0m
  [[92mPASS[0m] cermin Kanda bersaldo awal 0 (saldo awal tetap di rekening lama)
  [[92mPASS[0m] rekening grup TIDAK dihapus (riwayat rekonsiliasi menunjuk id-nya)
  [[92mPASS[0m] rekening grup BELUM dinonaktifkan selama 2 baris belum terbukti pemiliknya [2mis_active=True[0m

[1m▶ G5 — IDEMPOTENT: `--apply` kedua tidak menggandakan apa pun[0m
  [[92mPASS[0m] `--apply` kedua selesai tanpa galat [2mrc=0[0m
  [[92mPASS[0m] jumlah cermin rekening tetap [2m2[0m
  [[92mPASS[0m] jumlah kasus keuangan tetap (dedup by source.id) [2m2[0m

[1m▶ G6 — setelah keputusan orang, rekening grup dinonaktifkan[0m
  [[92mPASS[0m] `--apply` setelah keputusan selesai tanpa galat [2mrc=0[0m
  [[92mPASS[0m] rekening grup dinonaktifkan (bukan dihapus) — utang migrasi tertutup [2mis_active=False retired_by=E7e[0m
  [[92mPASS[0m] nol transaksi kas tingkat grup tersisa [2msisa=0[0m
[92m  [snapshot] 6 koleksi dipulihkan ke keadaan sebelum uji — nol residu.[0m

[1m▶ G7 — nol residu setelah POC[0m
  [[92mPASS[0m] transaksi POC hilang seluruhnya
  [[92mPASS[0m] rekening grup POC & cerminnya hilang seluruhnya
  [[92mPASS[0m] jumlah transaksi tingkat grup kembali seperti sebelum POC [2m0[0m

[1m==============================================================================[0m
  HASIL: [92m38 PASS[0m · [91m0 FAIL[0m dari 38 pemeriksaan
[1m==============================================================================[0m
  [92m✓ POC F-1b Migrasi kas tingkat grup (utang migrasi i · 4 lapis bukti · idempotent) PASS[0m (4s)

[96m[1m▶ POC Pengingat Antrean Persetujuan (umur tunggu · eskalasi · idempotent · ambang pemilik)[0m
[1m==============================================================================
  POC PENGINGAT ANTREAN PERSETUJUAN  ·  http://localhost:8001
==============================================================================[0m
[96m  [snapshot] 299 dokumen dari 6 koleksi disimpan — data demo akan dipulihkan setelah uji.[0m

[1m▶ G1 — umur tunggu: dokumen paling lama, bukan sekadar jumlah[0m
  [[92mPASS[0m] GET /approvals/backlog?oldest=8 → 200 [2m→ 200[0m
  [[92mPASS[0m] ada dokumen menunggu untuk diingatkan [2m(8 baris)[0m
  [[92mPASS[0m] diurutkan dari yang PALING LAMA menunggu [2m[6, 6, 2, 2, 2, 1, 1, 0][0m
  [[92mPASS[0m] tiap baris menyebut NOMOR dokumen (bisa dicari orang)
  [[92mPASS[0m] umur tunggu tidak negatif
  [[92mPASS[0m] tiap baris berasal dari antrean yang memang dihitung [2m[][0m
  [[92mPASS[0m] tujuan klik tiap baris ADA sebagai layar [2m[][0m

[1m▶ G2/G3 — job membuat pengingat NYATA + eskalasi[0m
  [[92mPASS[0m] job mengirim pengingat [2m{'entities': 3, 'notified': 2, 'escalated': 1}[0m
  [[92mPASS[0m] ada notifikasi untuk peran manager [2m(2)[0m
  [[92mPASS[0m] tiap pengingat menuntun ke Pusat Persetujuan
  [[92mPASS[0m] badan pengingat menyebut dokumen tertua (PRET-00001) [2m5 dokumen menunggu keputusan — tertua 6 hari[0m
  [[92mPASS[0m] judul pengingat menyebut umur dokumen tertua [2m5 dokumen menunggu keputusan — tertua 6 hari[0m
  [[92mPASS[0m] eskalasi ke admin sesuai laporan job (umur ≥ 2× ambang) [2mescalated=1 · notifikasi admin=1[0m
  [[92mPASS[0m] notifikasi eskalasi bertingkat `critical`

[1m▶ G4 — penjadwal boleh jalan berkali-kali sehari[0m
  [[92mPASS[0m] jalan kedua TIDAK membuat pengingat baru [2m{'entities': 3, 'notified': 0, 'escalated': 0}[0m
  [[92mPASS[0m] jumlah notifikasi tetap (dedupe harian) [2m3[0m

[1m▶ G5 — BUKTI-MERAH: ambang di Pusat Pengaturan benar-benar dipakai[0m
  [[92mPASS[0m] ambang dinaikkan lewat API Pusat Pengaturan (60 hari) [2m→ 200 [0m
  [[92mPASS[0m] dengan ambang 60 hari → NOL pengingat (job menuruti pemilik) [2m{'entities': 3, 'notified': 0, 'escalated': 0}[0m
  [[92mPASS[0m] job memang membaca ambang dari Pusat Pengaturan (bukan angka keras) [2m[60, 60, 60][0m
  [[92mPASS[0m] ambang dipulihkan → pengingat kembali jalan [2mnotified=2[0m

[1m▶ G6 — pengingat sampai ke pemutus, bukan ke semua orang[0m
  [[91mFAIL[0m] manajer melihat pengingatnya di lonceng notifikasi [91m(0)[0m
  [[92mPASS[0m] peran sales TIDAK dikirimi pekerjaan yang bukan wewenangnya [2m(0)[0m

[1m▶ G6b — job terdaftar di layar Penjadwal[0m
  [[92mPASS[0m] job `approval_backlog_reminder` ada di registry penjadwal [2mPengingat Keputusan yang Menunggu · daily 7:45[0m
[92m  [snapshot] 6 koleksi dipulihkan ke keadaan sebelum uji — nol residu.[0m

[1m▶ G7 — nol residu setelah POC (DIUKUR, bukan diklaim)[0m
  [[92mPASS[0m] seluruh koleksi tersentuh kembali ke jumlah awal (INV-GATE-01) [2m6 koleksi identik[0m
  [[92mPASS[0m] BUKTI-MERAH: pengukur residu MEMERAH saat 1 dokumen sengaja nyangkut
  [[92mPASS[0m] sentinel bukti-merah ikut dibersihkan (POC ini nol residu)

[1m==============================================================================[0m
  HASIL: [92m25 PASS[0m · [91m1 FAIL[0m dari 26 pemeriksaan
[1m==============================================================================[0m
  [91m✗ POC Pengingat Antrean Persetujuan (umur tunggu · eskalasi · idempotent · ambang pemilik) FAIL (rc=1)[0m (2s)

[96m[1m▶ POC FASE F-6 (pensiun mesin generik · 14 antrean nyata · anti dobel-hitung)[0m
[1m==============================================================================
  POC FASE F-6 — SATU PINTU PERSETUJUAN YANG BENAR-BENAR SATU
  http://localhost:8001
==============================================================================[0m
[96m  [snapshot] 186 dokumen dari 4 koleksi disimpan — data demo akan dipulihkan setelah uji.[0m

[1m▶ G1 — mesin persetujuan generik BENAR-BENAR pensiun[0m
  [[92mPASS[0m] GET /api/approval-requests → 404 (route dicabut) [2m→ 404[0m
  [[92mPASS[0m] GET /api/approval-requests/pending-count → 404 (route dicabut) [2m→ 404[0m
  [[92mPASS[0m] GET /api/approval-requests/appreq_x → 404 (route dicabut) [2m→ 404[0m
  [[92mPASS[0m] POST /approval-requests/{id}/approve → 404 [2m→ 404[0m
  [[92mPASS[0m] POST /approval-requests/{id}/reject → 404 [2m→ 404[0m
  [[92mPASS[0m] izin `approval.approve` tidak ada lagi di matriks manager [2mapproval=['view'][0m
  [[92mPASS[0m] manager TETAP boleh MEMBACA antrean (`approval.view`) [2mapproval=['view'][0m
  [[92mPASS[0m] izin `approval.approve` tidak ada lagi di matriks admin [2mapproval=['view'][0m
  [[92mPASS[0m] admin TETAP boleh MEMBACA antrean (`approval.view`) [2mapproval=['view'][0m
  [[92mPASS[0m] tak ada kode backend yang memakai koleksi mati `approval_requests`
  [[92mPASS[0m] berkas router generik sudah tidak ada
  [[92mPASS[0m] koleksi `approval_requests` memang kosong (bukan data yang dibuang)

[1m▶ G2 — yang dicabut hanya yang mati; kemampuan nyata tetap[0m
  [[92mPASS[0m] GET /approvals/backlog → 200 [2m→ 200[0m
  [[92mPASS[0m] GET /approvals/queue (antrean SO) tetap 200
  [[92mPASS[0m] aturan ambang (`/approval-rules`) tetap bisa dibaca & diatur pemilik [2m7 aturan[0m

[1m▶ G3 — KPI beranda == backlog == hitung-ulang mandiri[0m
  [[92mPASS[0m] total backlog == hitung-ulang MANDIRI dari MongoDB [2mapi=37 mandiri=37[0m
  [[92mPASS[0m] GET /home/manager → 200 [2m→ 200[0m
  [[92mPASS[0m] KPI beranda manajer == total backlog (satu sumber) [2mkpi=37 backlog=37[0m
  [[92mPASS[0m] setiap baris antrean cocok dengan hitungan mandiri [2m{}[0m
  [[92mPASS[0m] jumlah baris antrean backend == jumlah antrean yang diketahui POC [2mbackend=32 poc=32[0m

[1m▶ G4 — antrean baru menyebut dokumen NYATA & layar yang ada[0m
  [[92mPASS[0m] ada antrean baru yang memang berisi dokumen di data demo [2m['transfer', 'contra_bon_verify', 'internal_request', 'landed_cost', 'makloon_claim', 'hr_leave'][0m
  [[92mPASS[0m] tiap baris antrean menunjuk layar yang ADA di AppViewRouter [2m[][0m
  [[92mPASS[0m] antrean `transfer` menyebut nomor dokumen yang bisa dicari orang [2m['KSC/TRF-00003'][0m
  [[92mPASS[0m] antrean `landed_cost` menyebut nomor dokumen yang bisa dicari orang [2m['LCV-00002'][0m
  [[92mPASS[0m] umur tunggu tiap baris tidak negatif

[1m▶ G5 — BUKTI-MERAH: suntik 1 transfer menunggu → angka WAJIB bergerak[0m
  [[92mPASS[0m] total backlog naik TEPAT 1 setelah dokumen menunggu dibuat [2m37 → 38[0m
  [[92mPASS[0m] kenaikan terjadi di baris `transfer` (bukan di baris lain) [2mtransfer 1 → 2[0m
  [[92mPASS[0m] dokumennya muncul di daftar 'paling lama menunggu' [2mKSC/TRF-POCF6 · fixture POC F-6[0m
  [[92mPASS[0m] barisnya punya layar tujuan nyata + umur tunggu terhitung [2mview=operations umur=266h[0m
  [[92mPASS[0m] KPI beranda ikut bergerak (bukan angka mati) [2mkpi=38 backlog=38[0m
  [[92mPASS[0m] dokumen dihapus → total kembali seperti awal [2m37 == 37[0m

[1m▶ G6 — ANTI DOBEL-HITUNG (harga langganan sudah terhitung lewat harga khusus)[0m
  [[92mPASS[0m] tiap harga langganan yang menunggu punya `price_approval_id` [2m1/1[0m
  [[92mPASS[0m] pasangannya memang sudah dihitung baris antrean `price` [2m1/1[0m
  [[92mPASS[0m] total TIDAK ikut bertambah karena harga langganan (nol dobel-hitung)
  [[92mPASS[0m] tak ada satu dokumen pun yang dihitung dua antrean [2m37 dokumen unik[0m

[1m▶ G7 — angka tersaring badan usaha (bukan angka grup yang dipakai ulang)[0m
  [[92mPASS[0m] angka satu PT ≤ angka gabungan [2mKSC=34 gabungan=37[0m
  [[92mPASS[0m] PT utama memang punya antrean (uji tidak kosong palsu) [2mKSC=34[0m

[1m▶ G8 — penjaga INV-APPR-01 terbukti bisa MEMERAH[0m
  [[92mPASS[0m] self-test penjaga antrean LULUS (15 kasus bukti-merah) [2m[92m  HIJAU — penjaga terbukti menuduh pintu tanpa antrean.[0m[0m
  [[92mPASS[0m] penjaga antrean HIJAU pada kode & data saat ini [2m['\x1b[92m[PASS]\x1b[0m 248 cek lolos, 0 pelanggaran.'][0m
[92m  [snapshot] 4 koleksi dipulihkan ke keadaan sebelum uji — nol residu.[0m

[1m▶ G9 — nol residu setelah POC (DIUKUR, bukan diklaim)[0m
  [[92mPASS[0m] seluruh koleksi tersentuh kembali ke jumlah awal (INV-GATE-01) [2m4 koleksi identik[0m

[1m==============================================================================[0m
  HASIL: [92m40 PASS[0m · [91m0 FAIL[0m dari 40 pemeriksaan
[1m==============================================================================[0m
  [92m✓ POC FASE F-6 (pensiun mesin generik · 14 antrean nyata · anti dobel-hitung) PASS[0m (4s)

[96m[1m▶ POC FASE F-6.7 (langkah Ajukan payroll & desain · selisih bayar · verifikasi SO)[0m
[1m==============================================================================
  POC FASE F-6.7 — UTANG ALUR DIBAYAR ('Ajukan' dulu, baru disetujui)
  http://localhost:8001
==============================================================================[0m
[96m  [snapshot] 365 dokumen dari 8 koleksi disimpan — data demo akan dipulihkan setelah uji.[0m

[1mW1–W5 — PAYROLL: draf tak bisa disahkan → Ajukan → antrean → tolak/sahkan[0m
  [[92mPASS[0m] W1 payroll DRAF ditolak saat disahkan [2mHTTP 400[0m
  [[92mPASS[0m] W1 pesannya MENUNTUN ke langkah Ajukan [2m{"detail":"Hanya payroll yang sudah DIAJUKAN bisa disahkan (status sekarang: 'draft'). Ajukan dulu dari layar [0m
  [[92mPASS[0m] W2 Ajukan: draft → pending_approval [2mHTTP 200[0m
  [[92mPASS[0m] W2 kapan diajukan tersimpan (umur tunggu jujur)
  [[92mPASS[0m] W2 antrean `hr_payroll` naik tepat 1 [2m1 → 2[0m
  [[92mPASS[0m] W2 total antrean naik tepat 1 [2m48 → 49[0m
  [[92mPASS[0m] W2 payroll yang diajukan MASUK daftar 'paling lama menunggu' [2m25 baris tertua[0m
  [[92mPASS[0m] W2 barisnya menyebut NOMOR dokumennya (bisa dicari orang) [2mKSC/PR-POC67[0m
  [[92mPASS[0m] W2 umur tunggu dihitung dari KAPAN DIAJUKAN, bukan kapan draf dibuat [2m262 hari (dari created_at hanya ~17 hari)[0m
  [[92mPASS[0m] W3 tolak TANPA alasan ditolak [2mHTTP 422[0m
  [[92mPASS[0m] W3 tolak dengan alasan → kembali ke draf [2mHTTP 200[0m
  [[92mPASS[0m] W3 ALASAN tersimpan di DOKUMENNYA (bukan cuma jejak audit) [2mTunjangan transport 3 karyawan belum masuk[0m
  [[92mPASS[0m] W3 alasan juga masuk riwayat keputusan dokumen
  [[92mPASS[0m] W4 sesudah dikembalikan, ia HILANG dari antrean (angka kembali) [2m1[0m
  [[92mPASS[0m] W5 payroll yang DIAJUKAN bisa disahkan [2mHTTP 200[0m
  [[92mPASS[0m] W5 sesudah disahkan ia keluar dari antrean

[1mW2b — DAFTAR 'PALING LAMA MENUNGGU' TIDAK BOLEH MELEWATKAN YANG TERTUA[0m
[92m  [snapshot] 8 koleksi dipulihkan ke keadaan sebelum uji — nol residu.[0m
Traceback (most recent call last):
  File "/app/backend/test_core_f67_workflow_poc.py", line 434, in <module>
    sys.exit(main())
             ^^^^^^
  File "/app/backend/test_core_f67_workflow_poc.py", line 404, in main
    step_oldest_scan_depth(db, hr)
  File "/app/backend/test_core_f67_workflow_poc.py", line 233, in step_oldest_scan_depth
    top = (backlog(hr, oldest=5).get("oldest") or [{}])[0]
           ^^^^^^^^^^^^^^^^^^^^^
  File "/app/backend/test_core_f67_workflow_poc.py", line 102, in backlog
    r.raise_for_status()
  File "/root/.venv/lib/python3.11/site-packages/httpx/_models.py", line 829, in raise_for_status
    raise HTTPStatusError(message, request=request, response=self)
httpx.HTTPStatusError: Client error '401 Unauthorized' for url 'http://localhost:8001/api/approvals/backlog?oldest=5'
For more information check: https://developer.mozilla.org/en-US/docs/Web/HTTP/Status/401
  [91m✗ POC FASE F-6.7 (langkah Ajukan payroll & desain · selisih bayar · verifikasi SO) FAIL (rc=1)[0m (1s)

[96m[1m▶ guard:home_kpi SELF-TEST (bukti-merah penjaga KPI beranda)[0m
[1m== SELF-TEST INV-HOME-01 (penjaga KPI harus bisa MEMERAH) ==[0m
  [[92mPASS[0m] payload benar → hijau  (harap=0 pelanggaran, dapat=0)
  [[92mPASS[0m] A+C: KPI ≠ rincian di layar yang sama, dan KPI 0 padahal ada 4 → 2 pelanggaran  (harap=2 pelanggaran, dapat=2)
  [[92mPASS[0m] B+C: seluruh baris 0 padahal DB punya 4 (kelas `approval_requests` mati) → 2 pelanggaran  (harap=2 pelanggaran, dapat=2)
  [[92mPASS[0m] G: 'paling lama menunggu' dari antrean berhitung 0 → merah  (harap=1 pelanggaran, dapat=1)
  [[92mPASS[0m] G: 'paling lama menunggu' yang sehat → hijau  (harap=0 pelanggaran, dapat=0)
  [[92mPASS[0m] D: baris menunjuk layar hantu → merah  (harap=1 pelanggaran, dapat=1)
  [[92mPASS[0m] H: Papan PO Custom sehat → hijau  (harap=0 pelanggaran, dapat=0)
  [[92mPASS[0m] H: papan berbunyi lain dari baris antrean di layar yang sama → merah  (harap=1 pelanggaran, dapat=1)
  [[92mPASS[0m] H: antrean berisi tetapi papan hampa → merah (2×: hampa + tanpa penanda)  (harap=2 pelanggaran, dapat=2)
  [[92mPASS[0m] H: baris papan tanpa nomor / umur negatif → merah  (harap=1 pelanggaran, dapat=1)
  [[92mPASS[0m] H: papan menunjuk layar hantu → merah  (harap=1 pelanggaran, dapat=1)
  [[92mPASS[0m] B2: 12 menunggu tetapi 10 baris TANPA penanda → merah  (harap=1 pelanggaran, dapat=1)
  [[92mPASS[0m] B2: 12 menunggu · 10 baris + shown/truncated jujur → hijau  (harap=0 pelanggaran, dapat=0)
  [[92mPASS[0m] B2: mengaku terpotong padahal semuanya terkirim → merah  (harap=1 pelanggaran, dapat=1)
  [[92mPASS[0m] D1: payload ADMIN tanpa `special_orders_waiting` → merah  (harap=1 pelanggaran, dapat=1)
  [[92mPASS[0m] D1: payload MANAJER tanpa papan → MERAH sejak 2026-06 (manajer punya papan)  (harap=1 pelanggaran, dapat=1)
  [[92mPASS[0m] papan tambahan `waiting_boards` sehat → hijau  (harap=0 pelanggaran, dapat=0)
  [[92mPASS[0m] papan tambahan berbunyi lain dari antreannya → merah  (harap=1 pelanggaran, dapat=1)
  [[92mPASS[0m] papan tambahan hampa selagi antreannya berisi → merah (hampa + tanpa penanda)  (harap=2 pelanggaran, dapat=2)
[92m  HIJAU — penjaga terbukti menuduh angka yang berbohong.[0m
  [92m✓ guard:home_kpi SELF-TEST (bukti-merah penjaga KPI beranda) PASS[0m (0s)

[96m[1m▶ guard:home_kpi (INV-HOME-01, KPI beranda = antrean nyata)[0m
[96m  [snapshot] 610 dokumen dari 21 koleksi disimpan — data demo akan dipulihkan setelah uji.[0m
  hitung-ulang dari MongoDB: 37 dokumen menunggu keputusan {'sales_order': 1, 'purchase_order': 3, 'price': 2, 'purchase_requisition': 1, 'sales_return': 1, 'purchase_return': 2, 'amendment': 1, 'cycle_count': 1, 'rnd_spec': 1, 'rnd_sample': 3, 'transfer': 1, 'contra_bon_verify': 1, 'internal_request': 1, 'landed_cost': 1, 'makloon_claim': 1, 'hr_leave': 1, 'hr_payroll': 1, 'design_gallery': 7, 'so_verify': 4, 'design_request': 1, 'inspection_hold': 2}
[96m[1m== INV-HOME-01 — KPI beranda = antrean persetujuan yang NYATA ==[0m
[92m[PASS][0m 112 cek lolos, 0 pelanggaran.
[92m  [snapshot] 21 koleksi dipulihkan ke keadaan sebelum uji — nol residu.[0m
  [92m✓ guard:home_kpi (INV-HOME-01, KPI beranda = antrean nyata) PASS[0m (3s)

[96m[1m▶ guard:aging_fields SELF-TEST (bukti-merah field umur ditebak)[0m
[1m== SELF-TEST INV-AGING-01 (penjaga harus bisa MEMERAH) ==[0m
  [[92mPASS[0m] field yang benar-benar ditulis kode → hijau  (harap=0, dapat=0)
  [[92mPASS[0m] field TEBAKAN (nol jalur tulis, nol dokumen) → merah  (harap=1, dapat=1)
  [[92mPASS[0m] hanya `created_at` → hijau (cadangan sah, tak dianggap tebakan)  (harap=0, dapat=0)
  [[92mPASS[0m] metadata umur untuk antrean yang tidak ada → merah  (harap=1, dapat=1)
  [[92mPASS[0m] dua field tebakan sekaligus → dua tuduhan  (harap=2, dapat=2)
  [[92mPASS[0m] DETAIL_META field nyata → hijau  (harap=0, dapat=0)
  [[92mPASS[0m] DETAIL_META field TEBAKAN → merah  (harap=1, dapat=1)
  [[92mPASS[0m] DETAIL_META jalur bersarang dinilai dari AKARNYA → hijau  (harap=0, dapat=0)
  [[92mPASS[0m] DETAIL_META untuk antrean yang tidak ada → merah  (harap=1, dapat=1)
[92m  HIJAU — penjaga terbukti menuduh field yang ditebak.[0m
  [92m✓ guard:aging_fields SELF-TEST (bukti-merah field umur ditebak) PASS[0m (0s)

[96m[1m▶ guard:aging_fields (INV-AGING-01, field umur tunggu wajib nyata)[0m
[96m[1m== INV-AGING-01 — field umur tunggu WAJIB nyata (bukan ditebak) ==[0m
[92m[PASS][0m 164 cek lolos, 0 pelanggaran.
  [92m✓ guard:aging_fields (INV-AGING-01, field umur tunggu wajib nyata) PASS[0m (1s)

[96m[1m▶ guard:status_history SELF-TEST (bukti-merah bentuk riwayat ke-dua)[0m
[1m== SELF-TEST INV-HIST-01 (penjaga bentuk riwayat harus bisa MEMERAH) ==[0m
  [[92mPASS[0m] entri kanonik → hijau  (harap=0, dapat=0)
  [[92mPASS[0m] entri berkunci `at` (bentuk ke-dua) → merah  (harap=1, dapat=1)
  [[92mPASS[0m] dua jalur tulis, satu salah → satu tuduhan  (harap=1, dapat=1)
  [[92mPASS[0m] memakai penyusun SSOT → hijau (bentuknya dijamin modulnya)  (harap=0, dapat=0)
  [[92mPASS[0m] tanpa jalur tulis sama sekali → hijau  (harap=0, dapat=0)
[92m  HIJAU — penjaga terbukti menuduh bentuk riwayat ke-dua.[0m
  [92m✓ guard:status_history SELF-TEST (bukti-merah bentuk riwayat ke-dua) PASS[0m (0s)

[96m[1m▶ guard:status_history (INV-HIST-01, satu bentuk riwayat status)[0m
[96m[1m== INV-HIST-01 — `status_history` hanya boleh punya SATU bentuk ==[0m
[92m[PASS][0m 7 cek lolos, 0 pelanggaran.
  [92m✓ guard:status_history (INV-HIST-01, satu bentuk riwayat status) PASS[0m (0s)

[96m[1m▶ POC Papan PO Custom (umur tunggu bukan tebakan · yang tertua ikut · jujur saat dipotong · nol residu)[0m
[1m==============================================================================
  POC PAPAN PO CUSTOM (D2)  ·  http://localhost:8001
==============================================================================[0m
[96m  [snapshot] 313 dokumen dari 5 koleksi disimpan — data demo akan dipulihkan setelah uji.[0m

[1m▶ P1 — B1: umur tunggu bukan tebakan dari `created_at`[0m
  [[92mPASS[0m] GET /api/home/admin → 200 [2m→ 200[0m
  [[92mPASS[0m] dokumen uji muncul di Papan PO Custom
  [[92mPASS[0m] dibuat 20 hari lalu · masuk antrean 2 hari lalu → papan lapor 2 hari [2mdays_waiting=2 (sebelum B1 dibayar: 20)[0m
  [[92mPASS[0m] backfill mengisi dokumen warisan [2m{'total_pending': 2, 'missing_before': 1, 'written': 1}[0m
  [[92mPASS[0m] dokumen warisan kini punya `approval_requested_at` (dari status_history)

[1m▶ P2 — B3: dokumen TERTUA wajib ikut walau disisipkan terakhir[0m
  [[91mFAIL[0m] papan tetap terbaca dengan 14+ dokumen menunggu [91m→ 401[0m
  [[91mFAIL[0m] dokumen 60 hari (disisipkan TERAKHIR) IKUT muncul di 10 baris [91mrows=[]…[0m
  [[91mFAIL[0m] yang paling lama menunggu berada di BARIS PERTAMA [91mrows[0]=—[0m
  [[92mPASS[0m] baris terurut dari yang paling lama menunggu [2m[][0m

[1m▶ P3 — B2: angka di judul WAJIB mengaku bila daftarnya dipotong[0m
  [[91mFAIL[0m] kasus uji memang terpotong (count > baris) [91mcount=None rows=0[0m
  [[91mFAIL[0m] `shown` = jumlah baris terkirim [91mshown=None[0m
  [[91mFAIL[0m] `truncated` menyala
  [[91mFAIL[0m] `hidden` = selisih yang tidak tampil [91mhidden=None[0m

[1m▶ P4 — B4: `total_amount` berupa TEKS tidak boleh 500-kan beranda[0m
  [[91mFAIL[0m] GET /api/home/admin tetap 200 (dulu: 500 → Control Tower kosong) [91m→ 401[0m
  [[91mFAIL[0m] nilai yang tak bisa dibaca dilaporkan 0 (bukan melempar galat) [91mamount=None[0m

[1m▶ P5 — A1/A2: satu pesan, satu penagih (nol pesan kembar harian)[0m
  [[92mPASS[0m] job melahirkan pemberitahuan PO custom [2m56 notifikasi[0m
  [[92mPASS[0m] job kedua TIDAK menggandakan (satu pesan per dokumen) [2m0[0m
  [[92mPASS[0m] maksimal SATU pesan per orang per dokumen [2m[1][0m
  [[92mPASS[0m] isi pesan datang dari penyusun TUNGGAL (bentuknya seragam)
  [[92mPASS[0m] sesudah pesannya DIBACA, job keadaan tetap tidak menagih lagi (penagihan berulang milik `approval_reminder`) [2m0[0m
  [[92mPASS[0m] pengingat harian tetap terkirim (satu pemilik penagihan) [2mmatched=15 · tertua=60 hari[0m
  [[92mPASS[0m] pengingat menyebut dokumen TERTUA yang nyata (tidak disembunyikan) [2moldest=SORD-POC-0099 60 hari[0m
  [[92mPASS[0m] pengingat harian: maksimal SATU per orang per hari [2m[1][0m

[1m▶ P6 — C1/C2: peran ber-label & badan usaha disebut[0m
  [[91mFAIL[0m] baris papan mengirim `role` (bahan label peran) [91mrole=None[0m
  [[91mFAIL[0m] baris papan mengirim `entity_id` (bahan badge) [91mentity_id=None[0m
  [[92mPASS[0m] AdminHome.jsx memakai `roleLabel()` (bukan kode peran mentah `manager`)
  [[92mPASS[0m] AdminHome.jsx menampilkan `<EntityBadge/>` (INV-UI-02: id `ent_*` dilarang)
  [[92mPASS[0m] A3: nama layar tujuan TIDAK lagi ditebak di frontend (nol fallback)
  [[92mPASS[0m] B5: papan punya keadaan 'tidak bisa dibaca' (kegagalan ≠ kabar baik)
  [[92mPASS[0m] B5.2: AdminHome.jsx menilai 'tidak bisa dibaca' SEBELUM 'daftar kosong' [2murutan cabang benar[0m
  [[92mPASS[0m] B5.2: ManagerHome.jsx menilai 'tidak bisa dibaca' SEBELUM 'daftar kosong' [2murutan cabang benar[0m
  [[92mPASS[0m] B5.2: Dasbor Manajer punya `manager-home-approvals-unreadable`
  [[92mPASS[0m] B5.2: Dasbor Manajer punya `manager-home-late-unreadable`
[92m  [snapshot] 5 koleksi dipulihkan ke keadaan sebelum uji — nol residu.[0m

[1m▶ P7 — nol residu setelah POC (DIUKUR, bukan diklaim)[0m
  [[92mPASS[0m] seluruh koleksi tersentuh kembali ke jumlah awal (INV-GATE-01) [2m5 koleksi identik[0m
  [[92mPASS[0m] BUKTI-MERAH: pengukur residu MEMERAH saat 1 dokumen sengaja nyangkut
  [[92mPASS[0m] sentinel ikut dibersihkan (POC ini nol residu)

[1m==============================================================================[0m
  HASIL: [92m25 PASS[0m · [91m11 FAIL[0m dari 36 pemeriksaan
[1m==============================================================================[0m
  [91m✗ POC Papan PO Custom (umur tunggu bukan tebakan · yang tertua ikut · jujur saat dipotong · nol residu) FAIL (rc=1)[0m (1s)

[96m[1m▶ POC Sesi 2026-06 (true-up persediaan · papan manajer · umur tunggu antrean lain · satu bentuk riwayat)[0m
[1m==============================================================================
  POC SESI 2026-06 (true-up · papan · riwayat)  ·  http://localhost:8001
==============================================================================[0m
[96m  [snapshot] 193 dokumen dari 3 koleksi disimpan — data demo akan dipulihkan setelah uji.[0m

[1m▶ G1 — INV-GL-DRIFT: true-up boleh berjalan lagi di HARI YANG SAMA[0m
  [[92mPASS[0m] keadaan awal: subledger == GL 1-1300 di semua buku [2m{'ent_ksc': 0.01, 'ent_kanda': 0.0, 'ent_3f0cb66ac4a6': 0.0}[0m
  [[92mPASS[0m] stok masuk SETELAH true-up hari ini menciptakan drift yang nyata [2mΔ900,000[0m
  [[92mPASS[0m] true-up kedua di HARI YANG SAMA benar-benar memposting (dulu dilewati `_already_posted` → drift menginap sampai besok) [2mposted=[{'entity_id': 'ent_ksc', 'amount': 900000.01, 'journal_number': 'KSC/JE-00098', 'reason': ''}][0m
  [[92mPASS[0m] sesudah true-up kedua: drift kembali 0 di hari yang sama [2mΔ0[0m
  [[92mPASS[0m] kunci idempotensi memakai urutan (`#n`), bukan hanya tanggal [2m['ent_ksc:2026-09-24', 'ent_ksc:2026-09-24#2'][0m

[1m▶ G1b — drift diberitahukan sendiri + alasan true-up sampai ke jurnal[0m
  [[92mPASS[0m] pemantau MENEMUKAN drift dan memberi tahu pemegang izin accounting.manage [2m[{'entity_id': 'ent_ksc', 'entity_name': 'Sukacita Textile', 'difference': 900000.0, 'threshold': 1000.0, 'notified': 4, 'last_true_up': 'KSC/JE-00098'}][0m
  [[92mPASS[0m] pesannya menyebut NILAI selisihnya (bukan 'ada selisih') [2mPersediaan berselisih Rp 900.000 — Sukacita Textile[0m
  [[92mPASS[0m] pesannya menyebut saldo GL & true-up terakhir (menjelaskan, bukan menuduh)
  [[92mPASS[0m] alamatnya BUKAN siaran `all` (FASE N: alamat = izin, bukan nama peran) [2mrecipient_role=''[0m
  [[92mPASS[0m] dijalankan ulang di hari yang sama: nol pesan baru (dedupe harian) [2mcreated=0[0m
  [[92mPASS[0m] ALASAN true-up tersimpan di jurnalnya (dulu berhenti di `audit_logs`) [2mreason='POC sesi 2026-06 · stock opname roll uji'[0m
  [[92mPASS[0m] dasar penyesuaian ikut terbaca di deskripsi jurnal (yang dibaca saat tutup buku) [2mposted=1[0m
  [[92mPASS[0m] sesudah true-up: pemantau DIAM untuk buku itu (bukti-merah dua arah) [2m[][0m
  [[92mPASS[0m] pemilik melihat peringatan KRITIS buku lain walau konteksnya KSC
  [[92mPASS[0m] peringatan BIASA buku lain tetap tersaring konteks (isolasi tak dilonggarkan)
  [[92mPASS[0m] sales badan usaha lain TETAP tidak melihat notifikasi PT-A [2m[][0m
  [[92mPASS[0m] sesudah dibersihkan: buku kembali seperti sebelum POC (nol residu nilai) [2mΔ0[0m

[1m▶ G2 — papan antrean mahal ada di beranda pemilik DAN manajer[0m
  [[92mPASS[0m] Dasbor Manajer memuat Papan PO Custom (dulu hanya beranda pemilik)
  [[92mPASS[0m] papan pemilik = awalan papan manajer (satu SSOT `HOME_BOARD_KEYS`, +`inspection_hold` khusus manajer) [2m['special_order', 'contra_bon_dispute', 'interco_return', 'inspection_hold'][0m
  [[92mPASS[0m] jumlah PO custom menunggu SAMA di pemilik & manajer [2m0[0m

[1m▶ G3 — antrean lain yang mahal bila menunggu ikut ber-umur-tunggu[0m
  [[92mPASS[0m] pemilik: kedua papan baru menghitung dokumen uji [2mkontrabon=1 retur=1[0m
  [[92mPASS[0m] pemilik: umur tunggu kontrabon dihitung dari `disputed_at` (5 hari) [2m5 hari · since=2026-09-19T17:46:02.302077+00:00[0m
  [[92mPASS[0m] pemilik: umur tunggu retur antar-PT 12 hari [2m12 hari[0m
  [[92mPASS[0m] pemilik: nilai rupiah dibaca dari field NYATA (`DETAIL_META`), bukan 0 [2m11500000.0 · 4750000.0[0m
  [[92mPASS[0m] pemilik: nomor dokumen bisa dicari orang
  [[92mPASS[0m] manajer: kedua papan baru menghitung dokumen uji [2mkontrabon=1 retur=1[0m
  [[92mPASS[0m] manajer: umur tunggu kontrabon dihitung dari `disputed_at` (5 hari) [2m5 hari · since=2026-09-19T17:46:02.302077+00:00[0m
  [[92mPASS[0m] manajer: umur tunggu retur antar-PT 12 hari [2m12 hari[0m
  [[92mPASS[0m] manajer: nilai rupiah dibaca dari field NYATA (`DETAIL_META`), bukan 0 [2m11500000.0 · 4750000.0[0m
  [[92mPASS[0m] manajer: nomor dokumen bisa dicari orang
  [[92mPASS[0m] komponen papan memakai `roleLabel()` + `<EntityBadge/>` (C1/C2 tetap berlaku untuk SEMUA papan, bukan hanya PO custom)
  [[92mPASS[0m] B2 & B5 ikut terbawa ke semua papan (penanda terpotong + 'tidak bisa dibaca')
  [[92mPASS[0m] ManagerHome.jsx memakai komponen papan yang SAMA (nol salinan kedua)
  [[92mPASS[0m] kedua beranda memakai SATU pemilih papan (B5 tak bisa hilang di satu layar)
  [[92mPASS[0m] saat data tak terbaca pemilih tetap mengembalikan KERANGKA papan utama (supaya 'tidak bisa dibaca' + Coba lagi terlihat; papan utama bisa berbeda per layar — sales/pemilik `special_order`, gudang `transfer`)
  [[92mPASS[0m] Dasbor Manajer tidak lagi berbunyi 'Meja Anda bersih' saat gagal dimuat
  [[92mPASS[0m] KPI 'Persetujuan Menunggu' tidak lagi berbunyi 'Tidak ada yang menunggu' saat datanya gagal dibaca

[1m▶ G3b — papan antrean ada di meja SALES & GUDANG (koleksi yang benar)[0m
  [[92mPASS[0m] beranda SALES memuat tiga papan meja penjualan [2m['special_order', 'sales_order', 'price'][0m
  [[92mPASS[0m] layar GUDANG memuat tiga papan yang menahan barang [2m['transfer', 'cycle_count', 'inspection_hold'][0m
  [[92mPASS[0m] angka PO custom di meja sales SAMA dengan Control Tower (satu SSOT) [2m0[0m
  [[92mPASS[0m] papan `transfer` menghitung koleksi `warehouse_transfers` yang benar [2mlayar=2 db=2[0m
  [[92mPASS[0m] papan `cycle_count` menghitung koleksi `cycle_count_sessions` yang benar [2mlayar=1 db=1[0m
  [[92mPASS[0m] papan `inspection_hold` menghitung koleksi `inspections` yang benar [2mlayar=2 db=2[0m
  [[92mPASS[0m] tugas gudang uji muncul dengan umur tunggu 4 hari (bukan 0) [2m4 hari[0m
  [[92mPASS[0m] BUKTI-MERAH: dokumen dihapus → hilang dari papan (papan tidak mengarang)
  [[92mPASS[0m] layar sales memakai komponen papan yang SAMA (nol salinan kedua)
  [[92mPASS[0m] layar gudang memakai komponen papan yang SAMA (nol salinan kedua)
  [[92mPASS[0m] sales PT lain TIDAK melihat dokumen PT-A di papan (tanpa header pun) [2msales=nihil gudang=nihil[0m
  [[92mPASS[0m] meminta badan usaha yang bukan penugasannya DITOLAK 403 (bukan diam-diam kosong) [2mHTTP 403[0m

[1m▶ G3c — penjelas selisih: di MANA selisihnya, dari koleksi aslinya[0m
  [[92mPASS[0m] penjelas memakai angka yang SAMA dengan layar rekonsiliasi (satu rumus) [2mfisik=582,368,600 gl=582,368,600[0m
  [[92mPASS[0m] rincian per ASAL menjumlah PAS ke nilai fisik (tak ada kategori hilang)
  [[92mPASS[0m] asal barang dibaca dari `inventory_rolls.acquired.via` yang nyata [2m['initial', 'inbound', 'subcon_receipt', 'transfer'][0m
  [[92mPASS[0m] mutasi GL dipecah per `journal_entries.source_type` (akun 1-1300) [2m['inventory_opening', 'subcon_receipt', 'shipment_cogs', 'landed_cost'][0m
  [[92mPASS[0m] asal barang yang tak punya pasangan jurnal DITUDUH beserta nilainya [2m[{'kind': 'asal_tak_dikenal', 'value': 100000.0, 'label': "Roll dengan asal 'poc_asal_uji' (1 roll)", 'hint': 'Asal ini belum punya pasangan jenis jurnal yang diketahui — periksa pembuat roll-nya sebelum true-up.', 'ref': {'kind': 'roll', 'id': 'roll_poc_explain_2026_06', 'number': 'ROLL-POC-EXPLAIN', 'q': 'ROLL-POC-EXPLAIN', 'view': 'inventory-rolls', 'source_ref_id': '', 'source_via': 'poc_asal_uji'}}][0m
  [[92mPASS[0m] BUKTI-MERAH dua arah: roll dibuang → tuduhannya ikut hilang
  [[92mPASS[0m] roll yang nilainya PERSIS sebesar selisih ditunjuk beserta dokumen sumbernya [2m[{'kind': 'nilai_cocok_selisih', 'value': 200000.0, 'label': 'Roll ROLL-POC-TUNJUK bernilai Rp 200.000 — PERSIS sebesar selisihnya', 'hint': "Masuk lewat 'inbound' (dokumen po_poc_uji, 2026-09-23). Barangnya ada di gudang tetapi nilainya tidak pernah berjurnal ke 1-1300 — periksa dokumen itu dulu, jangan langsung true-up.", 'ref': {'kind': 'roll', 'id': 'roll_poc_tunjuk_2026_06', 'number': 'ROLL-POC-TUNJUK', 'q': 'ROLL-POC-TUNJUK', 'view': 'inventory-rolls', 'source_ref_id': 'po_poc_uji', 'source_via': 'inbound'}}][0m
  [[92mPASS[0m] BUKTI-MERAH: roll dibuang → penunjukan itu ikut hilang (bukan tuduhan abadi)

[1m▶ G4 — `status_history[]` hanya punya SATU bentuk (INV-HIST-01)[0m
  [[92mPASS[0m] penyusun SSOT menghasilkan bentuk kanonik [2m['note', 'status', 'timestamp', 'user'][0m
  [[92mPASS[0m] pembaca kanonik membaca satu kunci (bentuk lama TIDAK diam-diam diterima)
  [[92mPASS[0m] nol lot masih memakai bentuk lama `at` (migrasi sudah jalan) [2m0 lot[0m
  [[92mPASS[0m] nol PO custom memakai bentuk lama [2m0 dokumen[0m
  [[92mPASS[0m] riwayat lot nyata sudah berbentuk kanonik [2m['reason', 'status', 'timestamp', 'user'][0m
  [[92mPASS[0m] `waiting_since` membaca kunci kanonik (umur 2 hari, bukan 20) [2m2026-09-22[0m
[92m  [snapshot] 3 koleksi dipulihkan ke keadaan sebelum uji — nol residu.[0m

[1m▶ G5 — nol residu setelah POC (DIUKUR, bukan diklaim)[0m
  [[92mPASS[0m] seluruh koleksi tersentuh kembali ke jumlah awal (INV-GATE-01) [2m10 koleksi identik[0m
  [[92mPASS[0m] BUKTI-MERAH: pengukur residu MEMERAH saat 1 dokumen sengaja nyangkut
  [[92mPASS[0m] sentinel ikut dibersihkan (POC ini nol residu)

[1m==============================================================================[0m
  HASIL: [92m66 PASS[0m · [91m0 FAIL[0m dari 66 pemeriksaan
[1m==============================================================================[0m
  [92m✓ POC Sesi 2026-06 (true-up persediaan · papan manajer · umur tunggu antrean lain · satu bentuk riwayat) PASS[0m (5s)

[96m[1m▶ guard:approval_queues SELF-TEST (bukti-merah penjaga antrean keputusan)[0m
[1m== SELF-TEST INV-APPR-01 (penjaga antrean harus bisa MEMERAH) ==[0m
  [[92mPASS[0m] A: pintu terdaftar & antreannya ada → hijau  (harap=0 pelanggaran, dapat=0)
  [[92mPASS[0m] A: PINTU BARU tak terklasifikasi → merah  (harap=1 pelanggaran, dapat=1)
  [[92mPASS[0m] A: pintu menunjuk antrean yang tak ada di QUEUES → merah  (harap=1 pelanggaran, dapat=1)
  [[92mPASS[0m] A: pembebasan tanpa alasan → merah  (harap=1 pelanggaran, dapat=1)
  [[92mPASS[0m] A: klasifikasi basi (pintu sudah tak ada di kode) → merah  (harap=1 pelanggaran, dapat=1)
  [[92mPASS[0m] B: antrean bayangan di data → merah  (harap=1 pelanggaran, dapat=1)
  [[92mPASS[0m] B: tercakup baris antrean → hijau  (harap=0 pelanggaran, dapat=0)
  [[92mPASS[0m] B: dibebaskan dengan alasan panjang → hijau  (harap=0 pelanggaran, dapat=0)
  [[92mPASS[0m] C: satu dokumen dihitung dua antrean → merah  (harap=1 pelanggaran, dapat=1)
  [[92mPASS[0m] C: antrean saling lepas → hijau  (harap=0 pelanggaran, dapat=0)
  [[92mPASS[0m] D: layar hantu → merah  (harap=1 pelanggaran, dapat=1)
  [[92mPASS[0m] E: koleksi salah tulis (tak ada di DB & tak ada di kode) → merah  (harap=1 pelanggaran, dapat=1)
  [[92mPASS[0m] E: koleksi belum ada di DB tetapi ADA di kode → hijau  (harap=0 pelanggaran, dapat=0)
  [[92mPASS[0m] F: mesin generik kembali tanpa produsen → merah  (harap=1 pelanggaran, dapat=1)
  [[92mPASS[0m] F: mesin generik benar-benar pensiun → hijau  (harap=0 pelanggaran, dapat=0)
[92m  HIJAU — penjaga terbukti menuduh pintu tanpa antrean.[0m
  [92m✓ guard:approval_queues SELF-TEST (bukti-merah penjaga antrean keputusan) PASS[0m (0s)

[96m[1m▶ guard:approval_queues (INV-APPR-01, tiap pintu keputusan punya antrean)[0m
  pintu keputusan di kode: 61 · baris antrean: 32
  dokumen menunggu keputusan (semua antrean): 37 · antrean berisi: ['amendment', 'contra_bon_verify', 'cycle_count', 'design_gallery', 'design_request', 'hr_leave', 'hr_payroll', 'inspection_hold', 'internal_request', 'landed_cost', 'makloon_claim', 'price', 'purchase_order', 'purchase_requisition', 'purchase_return', 'rnd_sample', 'rnd_spec', 'sales_order', 'sales_return', 'so_verify', 'transfer']
[96m[1m== INV-APPR-01 — tiap pintu keputusan punya antrean yang menghitungnya ==[0m
[92m[PASS][0m 248 cek lolos, 0 pelanggaran.
  [92m✓ guard:approval_queues (INV-APPR-01, tiap pintu keputusan punya antrean) PASS[0m (1s)

[96m[1m▶ guard:concurrency (INV-CONC-01, race/TOCTOU uang)[0m
[96m  [snapshot] 617 dokumen dari 21 koleksi disimpan — data demo akan dipulihkan setelah uji.[0m

[1m================================================================[0m
  CONCURRENCY / RACE GATE (INV-CONC-01)  http://localhost:8001/api
[1m================================================================[0m
  [92m[OK][0m vendor-bill pay paralel aman (amount_paid=27,472,500 ≤ grand_total=27,472,500; sukses=1).
  [92m[OK][0m ar-receipt paralel aman (1/20 sukses; paid_total=9,213,000 ≤ grand=9,213,000; receipts=1=payments=1).

[1m================================================================[0m
  [91mRACE 0[0m | [93mSKIP 0[0m
[1m================================================================[0m
[92m[1m  Tak ada race terdeteksi (INV-CONC-01 tertutup untuk jalur teruji).[0m

[92m  [snapshot] 21 koleksi dipulihkan ke keadaan sebelum uji — nol residu.[0m
  [92m✓ guard:concurrency (INV-CONC-01, race/TOCTOU uang) PASS[0m (1s)

[96m[1m▶ guard:state_machine (INV-STATE-01, transisi SO)[0m

[1m================================================================[0m
  STATE-MACHINE GATE (INV-STATE-01)  http://localhost:8001/api
[1m================================================================[0m
[96m  [snapshot] 613 dokumen dari 21 koleksi disimpan — data demo akan dipulihkan setelah uji.[0m
  [92m[OK][0m SM-1 CANCEL-RELEASE: 2 roll ter-reserve dilepas (0 tersisa).
  [92m[OK][0m SM-4 NO-ZOMBIE-TASK: tak ada task aktif tersisa pasca-cancel.
  [92m[OK][0m SM-3 IDEMPOTENT: cancel-ulang ditolak bersih (409).
  [92m[OK][0m SM-2 TERMINAL-GUARD: cancel SO terminal 'done' ditolak (409).
  [92m[OK][0m SM-WMS-1 RESURRECTION: 6 task terminal ditolak advance (aman).
  [92m[OK][0m SM-PO-1 STATE-GUARD: approve PO status 'completed' ditolak (409).
  [92m[OK][0m SM-PO-2 TERMINAL-GUARD: cancel PO 'completed' ditolak (400).

[1m================================================================[0m
  [91mFAIL 0[0m | [93mSKIP 0[0m
[1m================================================================[0m
[92m[1m  State-machine SO sehat untuk jalur teruji (INV-STATE-01 tertutup).[0m

[92m  [snapshot] 21 koleksi dipulihkan ke keadaan sebelum uji — nol residu.[0m
  [92m✓ guard:state_machine (INV-STATE-01, transisi SO) PASS[0m (1s)

[96m[1m▶ guard:line_scope SELF-TEST (bukti-merah pagar lini, 15 kasus dua arah)[0m
[1m== SELF-TEST INV-LINE-01/02 (bukti-merah dua arah) ==[0m
  [92m[OK][0m S1 bersih → 0 pelanggaran
  [92m[OK][0m S1 memerah bila satu berkas melepas pagar
  [92m[OK][0m S1 memerah bila berkas wajib hilang
  [92m[OK][0m R1 bersih (kode dikenal + kosong)
  [92m[OK][0m R1 memerah untuk kode asing
  [92m[OK][0m R1 memerah untuk lini akun yang asing
  [92m[OK][0m R2 bersih (turunan cocok, urutan tak penting)
  [92m[OK][0m R2 bersih untuk dokumen tanpa lini sama sekali
  [92m[OK][0m R2 memerah bila turunan berbohong
  [92m[OK][0m R2 memerah bila `line_codes` tidak dihitung
  [92m[OK][0m R3 bersih (baris berlini & produk tanpa lini)
  [92m[OK][0m R3 memerah bila jalur tulis lupa menstempel
  [92m[OK][0m R4 bersih (cocok + printing bebas + tanpa lini)
  [92m[OK][0m R4 memerah untuk lini knit pada kain woven
  [92m[OK][0m R4 tidak menuduh produk yang fabric_type-nya belum diisi
[92mSELF-TEST LULUS: 15/15 kasus (bersih & pelanggaran).[0m
  [92m✓ guard:line_scope SELF-TEST (bukti-merah pagar lini, 15 kasus dua arah) PASS[0m (0s)

[96m[1m▶ guard:line_scope (INV-LINE-01/02, kode dikenal · turunan jujur · snapshot lengkap)[0m
  · master lini: knit, printing, woven
  · diperiksa: 20 produk · 68 dokumen ber-baris · 296 sumber kode lini
[96m[1m== INV-LINE-01/02 — Pagar lini produk (kode dikenal · turunan jujur · snapshot lengkap · lini vs fisika kain) ==[0m
[92m[PASS][0m 483 cek lolos, 0 pelanggaran.
  [92m✓ guard:line_scope (INV-LINE-01/02, kode dikenal · turunan jujur · snapshot lengkap) PASS[0m (1s)

[96m[1m▶ POC FASE L (lini produk: master bertambah · pagar keras · snapshot · isolasi PT)[0m
====================================================================================
  POC FASE L — LINI PRODUK (master bertambah · pagar keras · snapshot)
====================================================================================

── 0. Prasyarat ──
  [PASS] master lini berisi woven · knit · printing (hasil migrate_lini_produk.py)
  [PASS] katalog terbaca admin (20 produk)
  [PASS] ada produk woven & printing untuk diuji

── L1. Lini ke-4 “Denim” ditambah lewat API → muncul di /api/enums ──
  [PASS] baris master lini baru dibuat (mode Semua Entitas → GLOBAL)
  [PASS] baris baru lahir GLOBAL (dipakai semua badan usaha)
  [PASS] lini baru langsung muncul di /api/enums (tanpa restart backend)
  [PASS] GET /api/enums/product_line sepakat dengan snapshot registry

── L6. INV-LINE-02: lini knit untuk kain woven DITOLAK ──
  [PASS] produk lini knit ber-fabric_type woven ditolak 400
  [PASS] pesan menyebut lini, jenis kain, dan invariannya (bisa ditindak pengguna)
  [PASS] produk yang ditolak TIDAK tersimpan (tolakan bukan setengah jalan)

── L8. POST /api/products di mode “Semua Entitas” tetap berperilaku sama ──
  [PASS] produk lini printing dibuat
  [PASS] produk TANPA lini dibuat di mode Semua Entitas (master bersama — pagar E-3 tak berubah)
  [PASS] produk tanpa lini tersimpan dengan lini KOSONG (bukan ditebak mesin)

── L2/L3/L4. Akun berpagar lini “printing” (Dewi) ──
  [PASS] akun uji dibuat
  [PASS] L3 — tanpa `allowed_line_codes` Dewi melihat semua (21 produk)
  [PASS] pagar lini disetel: hanya `printing`
  [PASS] sesi Dewi dicabut karena hak lini berubah (tidak boleh terus memakai hak lama)
  [PASS] lini yang salah ketik DITOLAK 400 (bukan disimpan diam-diam)
  [PASS] L2 — daftar produk Dewi TIDAK memuat lini woven/knit
  [PASS] daftar Dewi memuat produk printing
  [PASS] L4 — produk TANPA lini tetap terlihat (tidak ada layar mendadak kosong)
  [PASS] pagar benar-benar menyempitkan daftar (21 → 7)
  [PASS] alamat langsung produk woven ditolak 403 (bukan hanya UI disaring)
  [PASS] `?line=woven` dari akun printing tidak membocorkan produk woven

── L2b. Membuat SO berisi kain woven → 403 ber-kalimat Indonesia ──
  [PASS] ada pelanggan uji dengan alamat kirim
  [PASS] SO berisi kain woven ditolak 403
  [PASS] pesan menyebut lini dokumen & lini akun + cara memperbaikinya
  [PASS] tidak ada SO setengah jadi yang tertinggal

── L5. Snapshot lini pada baris dokumen yang sudah terbit ──
  [PASS] ada SO ber-snapshot lini (hasil migrasi)
  [PASS] lini master produk dipindah ke `denimf975ab` ATAU ditolak pagar varian (induk ber-SKU)
  [PASS] baris SO SO-0001 TETAP lini `printing` (snapshot, bukan join)
  [PASS] turunan `line_codes[]` kepala dokumen juga tidak berubah

── L7. Lini khusus satu badan usaha tidak bocor ke badan usaha lain ──
  [PASS] lini khusus CV Kanda Suka dibuat
  [PASS] baris itu dimiliki CV Kanda Suka
  [PASS] lini itu terlihat DI CV Kanda Suka
  [PASS] lini itu TIDAK bocor ke PT Kain Suka Cita
  [PASS] baris GLOBAL tetap terlihat di kedua badan usaha

── L9. Bersih-bersih (POC harus bisa dijalankan berulang) ──
  [PASS] data uji dibersihkan (7 dokumen · 16 jejak audit)
  [PASS] tidak ada baris master uji yang tertinggal
  [PASS] tidak ada produk uji yang tertinggal

====================================================================================
  HASIL: 40 PASS · 0 FAIL
====================================================================================
  [92m✓ POC FASE L (lini produk: master bertambah · pagar keras · snapshot · isolasi PT) PASS[0m (2s)

[96m[1m▶ guard:master_stages SELF-TEST (bukti-merah tahapan proses, 20 kasus dua arah)[0m
[1m== SELF-TEST INV-DOMAIN-06 (bukti-merah dua arah) ==[0m
  [92m[OK][0m A bersih (semua tahap yang dipakai ada & aktif)
  [92m[OK][0m A memerah bila tahap yang dipakai DIHAPUS dari master
  [92m[OK][0m A memerah bila tahap yang dipakai DINONAKTIFKAN
  [92m[OK][0m A TIDAK menuduh tahap tak terpakai yang dinonaktifkan (anti tuduhan palsu)
  [92m[OK][0m B bersih
  [92m[OK][0m B memerah untuk process_type yang tak ada di registry
  [92m[OK][0m B TIDAK menuduh tahap non-makloon (process_type kosong)
  [92m[OK][0m C bersih
  [92m[OK][0m C memerah untuk to_stage asing
  [92m[OK][0m D bersih (tenun punya transisi · screen tidak mengubah kain)
  [92m[OK][0m D memerah bila tahap pengubah kain tak punya transisi
  [92m[OK][0m D memperhatikan target_use (dye vs print)
  [92m[OK][0m E bersih bila mitra menutup semua proses ber-mitra
  [92m[OK][0m E memerah bila needs_vendor tanpa mitra terdaftar (bukti-merah T6)
  [92m[OK][0m E TIDAK menuduh tahap yang tidak butuh mitra
  [92m[OK][0m F bersih
  [92m[OK][0m F memerah untuk nilai aliran kain yang tak dikenal
  [92m[OK][0m F memerah bila `either` tanpa bawaan konkret
  [92m[OK][0m F memerah bila tahap SPK tidak punya aliran kain sama sekali
  [92m[OK][0m F TIDAK menuduh tahap inspeksi tanpa aliran kain
[92mSELF-TEST LULUS: 20/20 kasus (bersih & pelanggaran).[0m
  [92m✓ guard:master_stages SELF-TEST (bukti-merah tahapan proses, 20 kasus dua arah) PASS[0m (0s)

[96m[1m▶ guard:master_stages (INV-DOMAIN-06, master tahapan vs registry domain)[0m
  · benih PROCESS_STAGES: 10 tahap diperiksa (benang, tenun, rajut, pfp, pfd, celup, screen, printing, proofing, inspect)
  · master hidup: 13 tahap · SPK memakai 5 tahap (11 langkah) · mitra menutup 7 jenis proses
[96m[1m== INV-DOMAIN-06 — Master tahapan proses vs registry domain (tahap terpakai · process_type · stage · transisi · mitra · aliran kain) ==[0m
[91m[FAIL][0m 1 pelanggaran (dari 10 cek):
  [91m✗[0m (E) tahap 'kasarotaryc8535f' dikerjakan mitra ('lainnya') tetapi TIDAK ADA satu pun mitra di `makloons` yang mencantumkan proses itu. Form SPK akan jadi jalan buntu: petugas dituntut memilih mitra dari daftar kosong. Daftarkan mitranya di Mitra Makloon (centang kemampuan 'lainnya').
[93m→ Perbaiki sesuai INVARIANT INV-DOMAIN-06 (detail: memory/INVARIANTS.md).[0m
  [91m✗ guard:master_stages (INV-DOMAIN-06, master tahapan vs registry domain) FAIL (rc=1)[0m (1s)

[96m[1m▶ POC FASE T (tahapan proses: master bertambah · screen tak ubah kain · regresi identik)[0m
  [poc-stock] snapshot 335 dokumen stok dari 8 koleksi — akan dipulihkan di CLEANUP.
====================================================================================
  POC FASE T — TAHAPAN PROSES (master bertambah · screen tak ubah kain · regresi)
====================================================================================

── T1. Admin menambah tahap 'Sanforize' (tanpa programmer) ──
  [PASS] tahap baru dibuat lewat API master
  [PASS] tahap baru langsung ada di /api/enums (enum `process_stage`) — tanpa restart
  [PASS] tahap baru langsung ada di pemilih langkah SPK (/api/process-stages)
  [PASS] penyaring lini bekerja: tahap khusus `woven` tak muncul di lini `printing`
  [PASS] tahap `screen` muncul di lini printing (dan bukan di woven)
  [PASS] tahap `inspect` (inspeksi internal) TIDAK ditawarkan sbg langkah SPK (tak ada mitra/tarif → jalan buntu)

── T2a. Staf printing membuat SPK berisi tahap Screen (jasa murni) ──
  [PASS] produk PFP (input tahap screen) tersedia di data demo
  [PASS] SPK tahap Screen (jasa murni) tersimpan
  [PASS] langkah membawa `stage_code`+`stage_label` dari master
  [PASS] master memberi tahu mesin bahwa tahap ini TIDAK mengubah kain
  [PASS] aliran kain langkah = jasa murni (pilihan langkah dihormati)
  [PASS] estimasi memakai metode `no_transform` (rumus GSM dipotong)
  [PASS] KAIN TIDAK BERUBAH: qty keluar = qty masuk (10)
  [PASS] susut dipaksa 0% (tersimpan di langkah, bukan hanya di estimasi)
  [PASS] explain[] menyebut ALASANNYA (tak mengubah kain · jasa murni)
  [PASS] produk output diisi otomatis = kain yang sama (tak perlu produk hasil baru)
   · Issue harus DITOLAK (kain tidak boleh bergerak di langkah jasa murni)
  [PASS] Issue ditolak 409
  [PASS] penolakan menuntun ke aksi yang benar ("Catat Jasa")
   · Catat Jasa: tagihan mitra + jurnal lahir, roll TIDAK lahir
  [PASS] Catat Jasa berhasil
  [PASS] langkah selesai (status `received`)
  [PASS] qty aktual = qty masuk (kain benar-benar tidak berubah)
  [PASS] TIDAK ada roll/lot baru yang lahir
  [PASS] jumlah roll di gudang tidak bergerak sama sekali
  [PASS] biaya jasa MASUK BUKU: Rp 1,250,000
  [PASS] tagihan mitra lahir & ditandai `service_only`
  [PASS] jurnal Dr 1-1350 WIP / Cr 2-1100 Hutang terbentuk
  [PASS] SPK ini tidak punya langkah kain → jasanya dibebankan, bukan digantung (T7)
  [PASS] T7 — jurnal Dr 5-1200 / Cr 1-1350 keluar: WIP kembali NOL

── T2b. Tahap Screen yang sama, tetapi kainnya DIKIRIM (moves) ──
  [PASS] SPK Screen dengan kain dikirim tersimpan
  [PASS] master `either` menghormati pilihan langkah = kain dikirim
  [PASS] kain tetap TIDAK berubah walau dikirim (qty keluar = qty masuk)
  [PASS] Issue BOLEH untuk aliran `moves`
  [PASS] Catat Jasa DITOLAK untuk langkah yang memindahkan kain (aksi tidak tertukar)
  [PASS] Terima Hasil berhasil (roll kembali utuh)
  [PASS] biaya jasa kasa MASUK HPP kain: 238,382 + 750,000 = 988,382

── T3. Menonaktifkan tahap yang masih dipakai SPK ──
  [PASS] tahap `screen` memang sedang dipakai 3 SPK
  [PASS] penonaktifan DITOLAK 409
  [PASS] penolakan menyebut JUMLAH pemakainya (bukan sekadar 'tidak boleh')
  [PASS] tahapnya tetap aktif di basis data

── T4. Manajer membuka SPK lama: angkanya tidak boleh bergeser ──
  [PASS] SPK seed MKO-00001 (lahir sebelum FASE T) ditemukan
  [PASS] SPK gaya lama tetap bisa dibuat
  [PASS] expected_output_qty IDENTIK (109.44)
  [PASS] explain[] IDENTIK baris per baris
  [PASS] metode, susut & berat efektif IDENTIK
  [PASS] biaya jasa RENCANA IDENTIK (Rp 500,000)
  [PASS] dasar tarif yang lahir bersama langkah IDENTIK (basis · tarif · qty · satuan)
  [PASS] tahapnya DICARI dari `process_type` (jembatan kompatibilitas bekerja)
  [PASS] langkah gaya lama tetap memindahkan kain (arti dokumen tidak berubah)

── T5. Tahap khusus satu badan usaha tidak bocor ke badan usaha lain ──
  [PASS] tahap khusus CV Kanda Suka dibuat
  [PASS] tahap itu terlihat di badan usaha pemiliknya
  [PASS] tahap itu TIDAK bocor ke PT Kain Suka Cita
  [PASS] baris GLOBAL tetap terlihat di kedua badan usaha

── T6. Bukti-merah: tahap ber-mitra tanpa satu pun mitra terdaftar ──
  [PASS] gate INV-DOMAIN-06 HIJAU sebelum uji
  [PASS] tahap ber-mitra tanpa mitra dibuat (form TIDAK memblokir — 3b)
  [PASS] gate INV-DOMAIN-06 MEMERAH — kelalaian terlihat di tempat yang benar
  [PASS] T8 — SPK tanpa mitra TETAP tersimpan (keputusan 3b)
  [PASS] …tetapi membawa peringatan yang menyebut mitra belum dipilih
  [PASS] tidak ada SPK yang masih menunjuk tahap uji (dokumen dibereskan lebih dulu)
  [PASS] gate HIJAU lagi setelah tahap tanpa mitra dibereskan

── T9. Bersih-bersih (POC harus bisa dijalankan berulang) ──
  [93m[poc-refs] 3 tautan hantu disapu (INV-REF-04) — dokumen uji dihapus tanpa meninggalkan jejak menunjuk ketiadaan.[0m
  [PASS] nol tautan hantu sesudah SPK uji dihapus (INV-REF-04 · 3 disapu)
  [PASS] data uji dibersihkan (8 dokumen · 7 jejak audit)
  [PASS] tidak ada tahap uji yang tertinggal
  [PASS] tidak ada SPK uji yang tertinggal
  [92m[poc-stock] stok dipulihkan EKSAK (335 dokumen, 8 koleksi) — nol residu roll & saldo.[0m
  [PASS] stok dipulihkan EKSAK — nol residu roll · lot · mutasi · saldo

====================================================================================
  HASIL: 64 PASS · 0 FAIL
====================================================================================
  [92m✓ POC FASE T (tahapan proses: master bertambah · screen tak ubah kain · regresi identik) PASS[0m (4s)

[96m[1m▶ guard:uom_vocab SELF-TEST (bukti-merah kosakata satuan, 23 kasus dua arah)[0m
[96m[1m== SELF-TEST INV-UOM-02 (kosakata satuan) ==[0m
  [[92mPASS[0m] alias kembar antar baris master → MERAH
  [[92mPASS[0m] master sah (tanpa alias kembar) → hijau
  [[92mPASS[0m] baris NONAKTIF tidak dihitung bentrok
  [[92mPASS[0m] kata dokumen `yard` dikenali lewat alias
  [[92mPASS[0m] kode master `YRD` juga dikenali (huruf kecil)
  [[92mPASS[0m] kata asing `hasta` TIDAK dikenali
  [[92mPASS[0m] kode nyata saat ini HIJAU (0 pelanggaran)
  [[92mPASS[0m] satuan `hasta` disuntik ke wms_tasks → MERAH
  [[92mPASS[0m] pesannya menyebut JUMLAH dokumen pemakainya
  [[92mPASS[0m] hijau lagi sesudah data uji dihapus (nol residu)
  [[92mPASS[0m] tidak ada sisa dokumen uji
  [[92mPASS[0m] satuan panjang tanpa `factor_to_base` → MERAH
  [[92mPASS[0m] daftar opsi `{value:"meter"},{value:"yard"}` di layar → MERAH
  [[92mPASS[0m] himpunan `["meter","yard","kg"]` → MERAH
  [[92mPASS[0m] satu array = SATU laporan (tidak dihitung dua kali)
  [[92mPASS[0m] BASIS tarif (`pick`/`lumpsum` ikut) → hijau (bukan pemilih satuan)
  [[92mPASS[0m] satuan BIAYA (`hari`/`paket` ikut) → hijau
  [[92mPASS[0m] daftar dari katalog (`uomSelectOptions`) → hijau
  [[92mPASS[0m] kata satuan di KOMENTAR → hijau
  [[92mPASS[0m] satu opsi tunggal (bukan daftar) → hijau
  [[92mPASS[0m] berkas ber-izin (`utils/uom.js` faktor pratinjau) → hijau
  [[92mPASS[0m] layar MASTER satuan itu sendiri → hijau
  [[92mPASS[0m] kode FE NYATA saat ini HIJAU (aturan D, 0 pelanggaran)
[92m  HIJAU — penjaga menangkap satuan asing di data NYATA, alias kembar, satuan tanpa faktor, dan daftar satuan yang diketik di layar (aturan D); tanpa menuduh baris nonaktif, kata yang sah, basis tarif, maupun satuan biaya (hari/paket).[0m
  [92m✓ guard:uom_vocab SELF-TEST (bukti-merah kosakata satuan, 23 kasus dua arah) PASS[0m (2s)

[96m[1m▶ guard:uom_vocab (INV-UOM-02, satuan dokumen ⊆ master uoms · alias tak kembar · pemilih satuan dari master)[0m
  master satuan aktif: 8 · nilai satuan tersimpan diperiksa: 28 (3 kata unik) · koleksi dipantau: 16 · berkas FE diperiksa (aturan D): 711
[96m[1m== INV-UOM-02 — kosakata satuan dokumen ⊆ master `uoms` (kode/nama/alias) ==[0m
[92m[PASS][0m 747 cek lolos, 0 pelanggaran.
  [92m✓ guard:uom_vocab (INV-UOM-02, satuan dokumen ⊆ master uoms · alias tak kembar · pemilih satuan dari master) PASS[0m (1s)

[96m[1m▶ guard:qty_dual SELF-TEST (bukti-merah dua satuan, 32 kasus dua arah)[0m
[96m[1m== SELF-TEST INV-QTY-01 (dua satuan) ==[0m
  [[92mPASS[0m] `{formatQty(it.quantity)} yard` → MERAH
  [[92mPASS[0m] `{r.length_remaining} meter` → MERAH
  [[92mPASS[0m] `{it.quantity} panel` → MERAH
  [[92mPASS[0m] huruf besar `{it.quantity} KG` juga MERAH
  [[92mPASS[0m] `{item.qty_rolls} roll` → MERAH (aturan "—" jadi salinan kedua)
  [[92mPASS[0m] `{formatQty(m.received_rolls)} roll` → MERAH
  [[92mPASS[0m] `{s.qty_rolls_out} roll` → MERAH
  [[92mPASS[0m] satuan dari DOKUMEN (`{it.unit}`) → hijau
  [[92mPASS[0m] `<QtyDual measure={it.quantity} unit={it.unit} />` → hijau
  [[92mPASS[0m] MENGHITUNG gulungan fisik `{item.rolls.length} roll` → hijau ("roll" = nama benda, bukan satuan dokumen)
  [[92mPASS[0m] `{pending.length} Roll` → hijau
  [[92mPASS[0m] `punya {holder.rolls} roll di gudang ini` → hijau
  [[92mPASS[0m] `{rollsText(m.qty_rolls)}` (lewat helper bersama) → hijau
  [[92mPASS[0m] judul kolom "Total Roll" → hijau
  [[92mPASS[0m] kata satuan di dalam className/atribut string → hijau
  [[92mPASS[0m] kata satuan di dalam KOMENTAR → hijau
  [[92mPASS[0m] kalimat penjelasan "12 roll" (literal string) → hijau
  [[92mPASS[0m] angka yang BUKAN jumlah tidak dipancing
  [[92mPASS[0m] layar tanpa `<QtyDual/>` & unduhan tanpa `qtyDualCsv` → MERAH semuanya
  [[92mPASS[0m] komponen bersama tanpa "—" → MERAH
  [[92mPASS[0m] kode NYATA saat ini HIJAU (0 pelanggaran FE)
  [[92mPASS[0m] form ber-kotak `qty_rolls` tetapi tanpa tampilan roll → MERAH
  [[92mPASS[0m] form yang sama + `<QtyDual/>` → hijau
  [[92mPASS[0m] layar sunting-langsung yang terdaftar EKSPLISIT → hijau (kotaknya = tampilannya)
  [[92mPASS[0m] form tanpa kotak roll tidak dituduh
  [[92mPASS[0m] implementasi server ber-`or 0` (dokumen lama jadi "0 roll") → MERAH
  [[92mPASS[0m] implementasi server NYATA saat ini HIJAU
  [[92mPASS[0m] resolver PDF tanpa kolom roll → MERAH
  [[92mPASS[0m] resolver PDF NYATA saat ini HIJAU
  [[92mPASS[0m] perilaku CSV dua satuan NYATA hijau (PASS)
  [[92mPASS[0m] `sumRolls` diubah agar mulai dari 0 (dokumen lama jadi "0") → MERAH
  [[92mPASS[0m] `sumMeasure` diubah agar MENCAMPUR satuan → MERAH
  [[92mPASS[0m] data NYATA saat ini HIJAU (15 koleksi target ada)
  [[92mPASS[0m] koleksi yang BELUM LAHIR tidak dituduh (anti-merah-selamanya)
  [[92mPASS[0m] koleksi ADA tetapi tanpa `items.qty_rolls` → MERAH
  [[92mPASS[0m] tidak ada koleksi uji yang tertinggal (nol residu)
[92m  HIJAU — penjaga memerah pada rangkai-tangan, layar tanpa komponen bersama, implementasi ber-`or 0`, resolver PDF tanpa kolom roll, dan koleksi tanpa `qty_rolls`; tanpa menuduh satuan dari dokumen, judul kolom, komentar, maupun koleksi fase lain.[0m
  [92m✓ guard:qty_dual SELF-TEST (bukti-merah dua satuan, 32 kasus dua arah) PASS[0m (2s)

[96m[1m▶ guard:qty_dual (INV-QTY-01, dua satuan satu arti di layar · PDF · CSV)[0m
  perilaku CSV dua satuan (Node): 14 uji lolos
  koleksi target: 15/15 ada
  layar wajib <QtyDual/>: 18 · unduhan wajib qtyDualCsv: 7 · resolver PDF ber-kolom roll: 14
[96m[1m== INV-QTY-01 — dua satuan (roll + ukuran) satu arti di layar · PDF · CSV ==[0m
[92m[PASS][0m 759 cek lolos, 0 pelanggaran.
  [92m✓ guard:qty_dual (INV-QTY-01, dua satuan satu arti di layar · PDF · CSV) PASS[0m (2s)

[96m[1m▶ POC FASE U (dua satuan: PO→terima→PDF/CSV · retur turun serentak · satuan lini · dokumen lama "—")[0m
  [poc-stock] snapshot 365 dokumen stok dari 8 koleksi — akan dipulihkan di CLEANUP.
====================================================================================
  POC FASE U — DUA SATUAN (roll + yard/kg/panel) · tanda uji POC-U-0188AC
====================================================================================

── U1. 12 roll × 45 yard = 540 yard → satu angka, ENAM tampilan ────────────────────
  [PASS] (1) PO menyimpan jumlah roll yang DIKETIK admin = 12
  [PASS] …dan ukurannya 540 yard (satu field, bukan field kembar)
  [PASS] tugas penerimaan gudang lahir dari PO (status 'pending')
  [PASS] (2) tugas gudang BELUM menyebut jumlah roll sebelum barang datang (rencana ≠ kenyataan)
  [PASS] scan-receive 540 yard diterima gudang
  [PASS] selesaikan penerimaan dengan 12 baris roll
  [PASS] (2) tugas gudang kini 12 roll — DIHITUNG dari roll yang lahir, bukan diketik
  [PASS] 12 roll fisik lahir di gudang
  [PASS] Σ panjang roll = 540 yard ≈ 540 yard yang dipesan
  [PASS] (3) papan PO: `received_rolls` = 12 (TURUNAN, tidak diketik siapa pun)
  [PASS] (4) kartu stok: 12 baris mutasi membawa jumlah roll
  [PASS] helper server menuliskannya sebagai "12 roll · 540 yard" (satu kalimat)
  [PASS] (5) PDF Pesanan Pembelian punya KOLOM ROLL tersendiri (keputusan pemilik)
  [PASS] …berisi 12
  [PASS] …dan kolom Jumlah berisi 540 yard
  [PASS] (5) PDF Bukti Terima (GRN) memisahkan Roll Dipesan vs Roll Diterima
  [PASS] …Roll Diterima = 12 tanpa petugas mengetik apa pun
  [PASS] …dan baris TOTAL GRN menyebutnya juga
  [PASS] (6) CSV dari helper FE yang sungguhan: dua kolom `12;540 yard`
  [PASS] …dan kolom DITERIMA pada CSV papan PO ikut benar

── U2. Retur 2 roll → 12→10 roll · 540→450 yard (serentak) ─────────────────────────
  [PASS] nota retur beli dibuat dengan 2 roll dipilih
  [PASS] jumlah roll retur = 2 — DIHITUNG dari `roll_ids`, bukan diketik
  [PASS] retur disetujui → stok disesuaikan
  [PASS] jumlah roll di gudang turun 12→10 (2 roll berstatus `returned_supplier` = keluar ke supplier)
  [PASS] ukuran turun 540→450 yard SERENTAK (satu sumber, bukan dua angka yang harus disamakan)
  [PASS] kartu saldo gudang ikut turun 90 yard pada saat yang sama (1310 → 1220)
  [PASS] …dan JUMLAH ROLL pada kartu saldo turun 2 (25 → 23) — dua satuan, satu peristiwa
  [PASS] PDF Nota Retur Pembelian punya kolom Roll Retur
  [PASS] …berisi 2
  [PASS] CSV daftar retur menyebut `2;90 yard` (bukan lagi menghitung `roll_ids.length` sendiri)

── U3. Satuan dari MASTER — knit memakai kg, printing memakai PANEL ────────────────
  [PASS] kata `kg` dikenali master satuan (baris KG)
  [PASS] kata `panel` dikenali master satuan (baris PANEL)
  [PASS] kata dokumen `yard`/`meter` juga dikenali LEWAT ALIAS (inilah D1 yang ditutup)
  [PASS] hanya PANEL yang berhak membawa faktor per dokumen (keputusan pemilik)
  [PASS] katalog satuan LAYAR menawarkan `panel` (master → pemilih satuan, tanpa ubah kode)
  [PASS] lini knit/benang: 6 roll · 300 kg tersimpan apa adanya (layar tidak memaksa yard)
  [PASS] …dan PDF-nya menulis `300 kg`, bukan yard
  [PASS] printing: 4 roll · 40 panel dengan faktor 1 panel = 1,6 yard DI BARIS DOKUMEN (keputusan pemilik: panjang panel beda tiap pesanan)
  [PASS] jejak konversi (D-07) menyebut sumber faktor = `document_line` — pesanan ini, bukan master
  [PASS] …dan qty dasar = 40 × 1,6 = 64 yard (faktor baris DIPAKAI mesin konversi, bukan cuma disimpan)
  [PASS] satuan yang TIDAK bertanda faktor-per-dokumen (yard) DITOLAK 400 — tidak lahir pintu ke-3 untuk konversi
  [PASS] …dengan kalimat yang MENUNTUN ke Master Data → UOM

── U4. Dokumen LAMA tanpa jumlah roll → "—" di PDF, sel KOSONG di CSV ──────────────
  [PASS] baris tanpa jumlah roll tersimpan `None` (bukan 0) — perbedaan itu dijaga di DATA
  [PASS] PDF menulis "—", BUKAN "0" (0 roll = pernyataan salah bahwa tak ada gulungan)
  [PASS] …sementara ukurannya tetap tercetak apa adanya
  [PASS] CSV mengosongkan sel Roll (bukan "—") supaya SUM Excel pada kolom itu tetap bekerja — keputusan pemilik: CSV ≠ PDF
  [PASS] layar, PDF, dan total memakai SATU aturan yang sama untuk "belum diisi"

── U5. Gate INV-UOM-02 — satuan asing `hasta` WAJIB memerahkan gate ────────────────
  [PASS] gate hijau sebelum disuntik
  [PASS] satuan `hasta` disimpan di baris PO → gate MEMERAH (bukan lolos senyap)
  [PASS] hijau lagi setelah dibereskan
  [PASS] menambah satuan dengan alias `yard` yang sudah dipakai baris lain → DITOLAK (satu kata satuan hanya boleh menunjuk satu baris master)

── U6. Roll ber-yard yang ditimbang menyimpan `secondary_measures` (kg) ────────────
  [PASS] 12 roll menyimpan ukuran kedua `secondary_measures.kg`
  [PASS] …dan nilainya = berat timbangan yang dikirim gudang (10.369 kg)
  [PASS] roll yang sama tetap membawa PANJANG dalam yard — dua ukuran, satu roll
  [FAIL] kartu Roll di layar menerima kedua ukuran dari API (bukan hanya di basis data)
         → None

── U7. Bersih-bersih — POC harus bisa dijalankan berulang ──────────────────────────
  [PASS] dokumen uji dibersihkan (9 dokumen · 0 jejak audit · 0 notifikasi · 3 sesi)
  [PASS] tidak ada PO uji yang tertinggal
  [PASS] tidak ada nota retur uji yang tertinggal
  [92m[poc-stock] stok dipulihkan EKSAK (365 dokumen, 8 koleksi) — nol residu roll & saldo.[0m
  [PASS] stok DAN buku besar dipulihkan EKSAK — nol residu roll · lot · mutasi · saldo · jurnal
  [PASS] jumlah jurnal sebelum == sesudah (116) — dua sisi satu peristiwa (stok & GL) kembali ke SATU saat yang sama
  [PASS] INV-UOM-02 hijau di akhir POC
  [PASS] INV-QTY-01 hijau di akhir POC
  [FAIL] JEJAK sebelum == sesudah (audit_logs 129 · notifications 134 · sessions 88) — nol residu audit · notifikasi · sesi
         → masih bergeser: {'audit_logs': '129 → 125', 'notifications': '134 → 123', 'sessions': '88 → 87'}

====================================================================================
  HASIL: 61 PASS · 2 FAIL
====================================================================================
  [91m✗ POC FASE U (dua satuan: PO→terima→PDF/CSV · retur turun serentak · satuan lini · dokumen lama "—") FAIL (rc=1)[0m (10s)

[96m[1m▶ guard:doc_origin SELF-TEST (bukti-merah asal dokumen PO, 26 kasus dua arah)[0m
[1m== SELF-TEST INV-ORIG-01 (bukti-merah dua arah) ==[0m
  [92m[OK][0m S1 penulis PO yang memakai definisi bersama → bersih
  [92m[OK][0m S1 penulis PO tanpa definisi bersama → MERAH
  [92m[OK][0m S1 berkas yang hanya MEMBACA PO tidak dituduh
  [92m[OK][0m S1 `insert_many` ikut terdeteksi sebagai penulis
  [92m[OK][0m S2 definisi lengkap → bersih
  [92m[OK][0m S2 kehilangan `source_so_ids` → MERAH
  [92m[OK][0m S2 definisi hilang sama sekali → MERAH
  [92m[OK][0m S2 komentar yang menyebut nama field tidak dianggap definisi
  [92m[OK][0m S2 membaca kunci lewat ast (bukan regex): urutan/format bebas
  [92m[OK][0m S3 pemilik definisi boleh menulis kunci itu
  [92m[OK][0m S3 penulis PO lain yang menulis "sales_name" → MERAH
  [92m[OK][0m S3 MEMBACA `po.get("sales_name")` bukan pelanggaran
  [92m[OK][0m S4 `source_fk=["pr_id"]` ada → bersih
  [92m[OK][0m S4 `source_fk` hilang → MERAH
  [92m[OK][0m S4 tidak tertipu `source_fk` milik jenis dokumen SESUDAHNYA
  [92m[OK][0m R rantai lengkap & konsisten → bersih
  [92m[OK][0m R PO mandiri (tanpa pr_id, tanpa sales) TIDAK dituduh
  [92m[OK][0m R3 `sales_name` terisi tanpa `pr_id` → MERAH
  [92m[OK][0m R4 nama sales menyimpang dari SO → MERAH
  [92m[OK][0m R4 nama sales KOSONG padahal SO punya sales → MERAH
  [92m[OK][0m R5 arah balik (PR→PO) hilang → MERAH
  [92m[OK][0m R5 PO tidak menaut PR-nya → MERAH
  [92m[OK][0m R1 `pr_id` menunjuk PR yang tidak ada → MERAH
  [92m[OK][0m R1 `pr_number` kosong → MERAH
  [92m[OK][0m R2 `source="pr"` tanpa `pr_id` → MERAH
  [92m[OK][0m R PR dari `reorder` (bukan dari SO) → sales kosong TIDAK dituduh
[92mSELF-TEST LULUS: 26/26 kasus (bersih & pelanggaran).[0m
  [92m✓ guard:doc_origin SELF-TEST (bukti-merah asal dokumen PO, 26 kasus dua arah) PASS[0m (1s)

[96m[1m▶ guard:doc_origin (INV-ORIG-01, satu definisi asal PO · sales dirunut bukan diketik · refs dua arah)[0m
[96m[STATIK][0m 4 pintu lahirnya PO ditemukan: routers/purchase_orders.py, services/blanket_po_service.py, services/pr_sourcing_service.py, services/rfq_service.py
[96m[DB][0m 20 PO diperiksa · 5 mengaku punya asal dokumen (PR) · 15 berdiri sendiri (tidak dituduh — keputusan pemilik: PO lama dibiarkan kosong).
[96m[1m== INV-ORIG-01 — Asal dokumen PO dari SATU definisi (pr_id · sales dirunut, tidak diketik · refs dua arah) ==[0m
[92m[PASS][0m 26 cek lolos, 0 pelanggaran.
  [92m✓ guard:doc_origin (INV-ORIG-01, satu definisi asal PO · sales dirunut bukan diketik · refs dua arah) PASS[0m (0s)

[96m[1m▶ POC P-0 (asal dokumen PO: PO→PR→SO · Nama Sales dirunut · PO rutin kosong-jujur · nol residu)[0m
[1m==============================================================================
  POC P-0 — asal dokumen PO (PO→PR→SO) & kolom Nama Sales
==============================================================================[0m

[93mP0-1a · PINTU 1 — realisasi PR → PO (jalur paling sering dipakai)[0m
  [PASS] PR lahir dari pesanan lewat tombol 'Ulangi pesanan'  [2mHTTP 200 {"ok":true,"pr":{"id":"pr_f6e148532e5a","number":"PR-00013","entity_id":"ent_ksc","warehouse_id":"wh_surabaya","warehouse_name":"Gudang Surabaya Rungkut","items":[{"line_no":1,"pro[0m
  [PASS] PR menyimpan jejak pesanan asalnya (`source=so_repeat` + `source_ref_id`)  [2mPR-00013 · source=so_repeat ref=so_001[0m
  [PASS] PR direalisasikan menjadi PO  [2mHTTP 200 {"pr":{"id":"pr_f6e148532e5a","number":"PR-00013","entity_id":"ent_ksc","warehouse_id":"wh_surabaya","warehouse_name":"Gudang Surabaya Rungkut","items":[{"line_no":1,"product_id":"prod_tenun_ikat","sk[0m
  [PASS] PO menyimpan `pr_id` + `pr_number` (field KANONIK, bukan `source_pr_*` yatim)  [2mKSC/PO-00027 ← PR-00013[0m
  [PASS] PO menyimpan jalur lahirnya (`source=pr`) & pesanan asal (`source_so_ids`)  [2msource=pr so_ids=['so_001'][0m

[93mP0-2 · Nama Sales DIRUNUT dari pesanan — bukan diketik, bukan pembuat PO[0m
  [PASS] `sales_name` PO == hitung-ulang mandiri dari SO asal  [2mPO='Ayu Permatasari' · Mongo(SO)='Ayu Permatasari'[0m
  [PASS] `sales_user_id` PO == `sales_orders.created_by` (id pengguna, bukan nama)  [2mPO='user_sales_01' · Mongo='user_sales_01'[0m
  [PASS] nama yang muncul BUKAN nama penekan tombol (admin) — kolom tidak berbohong  [2msales='Ayu Permatasari' vs penekan tombol='Budi Santoso'[0m
  [PASS] yang TERSIMPAN di MongoDB sama dengan yang dikembalikan API (bukan hiasan respons)  [2mdb='Ayu Permatasari'[0m

[93mP0-3 · Payload permintaan tidak pernah memuat nama sales[0m
  [PASS] nol kunci `sales_*` dan nol nama sales di seluruh badan permintaan POC ini  [2mkunci=[] · badan memuat nama=[][0m

[93mP0-1b · PINTU 2 — award RFQ → PO (rantai PO → RFQ → PR → SO)[0m
  [PASS] PR kedua lahir dari pesanan lain  [2mHTTP 200 {"ok":true,"pr":{"id":"pr_c6b24cd6da49","number":"PR-00014","entity_id":"ent_ksc","warehouse_id":"wh_jakarta","warehouse_name":"Gudang Jakarta Utara","items":[{"line_no":1,"product[0m
  [PASS] RFQ dibuat dari PR  [2mHTTP 200 {"id":"rfq_c33640b64e96","rfq_number":"RFQ-00005","title":"POC P-0 RFQ","entity_id":"ent_ksc","source":"pr","pr_id":"pr_c6b24cd6da49","pr_number":"PR-00014","warehouse_id":"wh_jakarta","warehouse_name[0m
  [PASS] penawaran supplier masuk  [2mHTTP 200[0m
  [PASS] RFQ di-award → PO lahir  [2mHTTP 200 {"rfq":{"id":"rfq_c33640b64e96","rfq_number":"RFQ-00005","title":"POC P-0 RFQ","entity_id":"ent_ksc","source":"pr","pr_id":"pr_c6b24cd6da49","pr_number":"PR-00014","warehouse_id":"wh_jakarta","warehou[0m
  [PASS] PO hasil award RFQ memakai definisi asal dokumen yang SAMA  [2mKSC/PO-00028 pr=PR-00014 source=pr[0m
  [PASS] Nama Sales ikut terunut lewat jalur RFQ (tiga pintu, satu arti)  [2mPO='Ayu Permatasari' · Mongo(SO)='Ayu Permatasari'[0m

[93mP0-4 · PINTU 3 — PO manual (pembelian rutin): field ADA tetapi KOSONG[0m
  [PASS] PO manual dibuat  [2mHTTP 200 {"id":"po_71f6a0bc1663","po_number":"KSC/PO-00029","pr_id":"","pr_number":"","source":"manual","source_so_ids":[],"sales_user_id":"","sales_name":"","stage_progress":[],"po_type":"standard","parent_po_id":"","parent_po_n[0m
  [PASS] SELURUH field asal dokumen ADA di PO manual (papan bisa bedakan kosong vs tak ada)  [2m6 field lengkap[0m
  [PASS] isinya KOSONG (bukan nama pembuat PO) — sel '—' yang jujur di papan  [2m{'pr_id': '', 'pr_number': '', 'sales_user_id': '', 'sales_name': ''}[0m
  [PASS] PO rutin TIDAK mencatut nama admin yang mengetiknya (kelas bug C · INV-ORIG-01 R3)  [2msales_name='' · admin='Budi Santoso'[0m

[93mP0-5 · Jejak `refs` DUA ARAH (PO↔PR · RFQ→PR)[0m
  [PASS] PO → PR: `refs[rel=parent]` tertulis di PO  [2m[('parent', 'PR-00013'), ('child', 'GRN-22BC0C')][0m
  [PASS] PR → PO: arah BALIK tertulis di PR (penelusuran bisa mulai dari mana pun)  [2m[('child', 'KSC/PO-00027')][0m
  [PASS] `PR.po_ids` ikut terisi (dipakai layar PR & realisasi parsial)  [2mpo_ids=['po_0955038da839'][0m
  [PASS] RFQ → PR: rantai PO → RFQ → PR → SO tidak putus di tengah  [2m[('parent', 'PR-00014'), ('child', 'KSC/PO-00028')][0m

[93mP0-6 · Backfill relasi dokumen BERSIH (`would_add=0` DAN `skipped=0`)[0m
  [PASS] backfill dry-run tidak menemukan tautan yang tertinggal maupun yang dilewatkan  [2m{'dry_run': True, 'candidates': 81, 'would_add': 0, 'written': 0, 'skipped': 0}[0m

[93mP0-7 · Gate SUNGGUHAN dijalankan (bukan ditiru)[0m
  [PASS] gate `INV-ORIG-01` HIJAU (satu definisi · sales dirunut · refs dua arah)  [2mexit 0 · s/blanket_po_service.py, services/pr_sourcing_service.py, services/rfq_service.py
[96m[DB][0m 20 PO diperiksa · 5 mengaku punya asal dokumen (PR) · 15 berdiri sendiri (tidak dituduh — keputusan pemilik: PO lama dibiarkan kosong).
[96m[1m== INV-ORIG-01 — Asal dokumen PO dari SATU definisi (pr_id · sales dirunut, tidak diketik · refs dua arah) ==[0m
[92m[PASS][0m 26 cek lolos, 0 pelanggaran.
[0m
  [PASS] `INV-ORIG-01 --self-test` membuktikan gate BISA memerah (bukti-merah)  [2mexit 0 · K][0m R5 arah balik (PR→PO) hilang → MERAH
  [92m[OK][0m R5 PO tidak menaut PR-nya → MERAH
  [92m[OK][0m R1 `pr_id` menunjuk PR yang tidak ada → MERAH
  [92m[OK][0m R1 `pr_number` kosong → MERAH
  [92m[OK][0m R2 `source="pr"` tanpa `pr_id` → MERAH
  [92m[OK][0m R PR dari `reorder` (bukan dari SO) → sales kosong TIDAK dituduh
[92mSELF-TEST LULUS: 26/26 kasus (bersih & pelanggaran).[0m
[0m
  [91m[FAIL][0m `INV-REF` HIJAU — PO mandiri TIDAK dituduh dokumen yatim
         → exit 1 · ✗ [FAIL] Tautan menggantung: 1 temuan

[93mP0-8 · Data demo memang punya rantainya (bukan 'hijau tapi hampa')[0m
  [PASS] ≥3 rantai SO→PR→PO tersedia di data demo (papan PO punya isi untuk diklik)  [2m[('KSC/PO-00013', 'Ayu Permatasari'), ('KSC/PO-00014', 'Bima Saputra'), ('KSC/PO-00015', 'Ayu Permatasari')][0m
  [PASS] setiap rantai demo membawa Nama Sales yang dirunut (bukan kosong)  [2m['Ayu Permatasari', 'Bima Saputra', 'Ayu Permatasari'][0m
  [PASS] data demo memuat ≥2 nama sales BERBEDA — membuktikan kolom mengikuti SO-nya  [2m['Ayu Permatasari', 'Bima Saputra'][0m

[93mP0-9 · Keputusan pemilik: PO lama DIBIARKAN kosong (tanpa backfill)[0m
  [PASS] PO lama tetap tanpa `pr_id` — dan gate di atas tetap HIJAU (bukan pelanggaran)  [2m15 PO berdiri sendiri[0m
  [PASS] nol PO yang memuat Nama Sales tanpa jejak dokumen (nama tidak dikarang)  [2m0 pelanggaran[0m

[93mP0-10 · CLEANUP + NOL RESIDU (diukur, bukan diklaim)[0m
  [91m[FAIL][0m nol residu: jumlah dokumen tiap koleksi SAMA sebelum & sesudah POC
         → drift={'purchase_orders': (20, 17), 'purchase_requisitions': (10, 8), 'rfqs': (4, 3), 'wms_tasks': (30, 27), 'notifications': (123, 118)}
  [PASS] nol jejak hantu: pesanan demo tidak menyimpan permintaan ke PR yang dihapus  [2m0 pesanan masih menyimpannya[0m
  [PASS] sesudah pembersihan, backfill relasi tetap bersih (nol tautan menggantung)  [2m{'dry_run': True, 'candidates': 76, 'would_add': 0, 'written': 0, 'skipped': 0}[0m

[1m==============================================================================
  HASIL: [92m34 PASS[0m · [91m2 FAIL[0m dari 36 pemeriksaan
[91m  GAGAL:[0m
   - `INV-REF` HIJAU — PO mandiri TIDAK dituduh dokumen yatim
   - nol residu: jumlah dokumen tiap koleksi SAMA sebelum & sesudah POC
==============================================================================[0m
  [91m✗ POC P-0 (asal dokumen PO: PO→PR→SO · Nama Sales dirunut · PO rutin kosong-jujur · nol residu) FAIL (rc=1)[0m (5s)

[96m[1m▶ guard:po_board SELF-TEST (bukti-merah papan PO, 22 kasus dua arah)[0m
[1m== SELF-TEST INV-STAGE-01 (bukti-merah dua arah) ==[0m
  [92m[OK][0m S1 keempat pintu memakai `PO_BOARD_EMPTY` → bersih
  [92m[OK][0m S1 satu pintu lupa field papan → MERAH
  [92m[OK][0m S1 pintu yang HILANG dari kode → MERAH (gate kedaluwarsa berisik)
  [92m[OK][0m S2 aturan turunan lengkap → bersih
  [92m[OK][0m S2 `inspect` dicabut dari daftar turunan → MERAH
  [92m[OK][0m S2 `set_stage` berhenti memeriksa daftar turunan → MERAH
  [92m[OK][0m S2 berkas layanan hilang → MERAH
  [92m[OK][0m S3 layar menonaktifkan chip terkunci + menjelaskan → bersih
  [92m[OK][0m S3 chip terkunci tetap bisa diklik → MERAH
  [92m[OK][0m S3 tanpa `locked_reason` → MERAH
  [92m[OK][0m S3 layar belum ada → MERAH
  [92m[OK][0m R1 urutan lini memakai kode master → bersih
  [92m[OK][0m R1 kode `yarn` (kosakata tahap BAHAN) → MERAH — inilah drift 2026-08-21
  [92m[OK][0m R PO bertanda tahap yang sah → bersih
  [92m[OK][0m R4 dokumen tanpa field papan → MERAH
  [92m[OK][0m R PO dengan field papan KOSONG tidak dituduh apa pun
  [92m[OK][0m R3 tanda tahap TURUNAN (`inspect`) → MERAH
  [92m[OK][0m R2 tanda tahap di luar urutan lini → MERAH
  [92m[OK][0m R5 tanda tahap tanpa `by` → MERAH
  [92m[OK][0m R5 tanda tahap tanpa `at` → MERAH
  [92m[OK][0m R5 status asing → MERAH
  [92m[OK][0m R PO tanpa lini (dokumen lama) tidak dituduh soal urutan
[92mSELF-TEST LULUS: 22/22 kasus (bersih & pelanggaran).[0m
  [92m✓ guard:po_board SELF-TEST (bukti-merah papan PO, 22 kasus dua arah) PASS[0m (0s)

[96m[1m▶ guard:po_board (INV-STAGE-01, tahap dari master · inspect turunan · tanda tahap ber-jejak)[0m
[96m[DB][0m 3 lini · 10 tahap master · 18 PO (3 sudah ada tahap ditandai).
[96m[1m== INV-STAGE-01 — Papan PO per lini (tahap dari master · `inspect` turunan · tanda tahap ber-jejak) ==[0m
[92m[PASS][0m 28 cek lolos, 0 pelanggaran.
  [92m✓ guard:po_board (INV-STAGE-01, tahap dari master · inspect turunan · tanda tahap ber-jejak) PASS[0m (0s)

[96m[1m▶ POC FASE P (papan PO per lini: tahap dari master · sales dirunut · inspect turunan · terima dihitung · nol residu)[0m
  [poc-stock] snapshot 370 dokumen stok dari 8 koleksi — akan dipulihkan di CLEANUP.
[1m==============================================================================
  POC FASE P — PAPAN PO PER LINI (tahap dari master · sales dirunut · terima dihitung)
==============================================================================[0m

[93mP1 · Urutan tahap DARI MASTER (bukan daftar di kode)[0m
  [PASS] PO lini woven menampilkan TEPAT benang→tenun→celup→inspect  [2mKSC/PO-00030: benang→tenun→celup→inspect[0m
  [PASS] PO lini printing menampilkan TEPAT proofing→pfp→screen→printing→inspect  [2mKSC/PO-00014: proofing→pfp→screen→printing→inspect[0m
  [PASS] label chip datang dari MASTER tahap (bukan ditebak dari kodenya)  [2mbenang → 'Benang (bahan masuk)'[0m
  [PASS] menambah tahap di MASTER langsung mengubah papan (tanpa ubah kode)  [2mbenang→tenun→pfd→celup→inspect[0m
  [PASS] master dipulihkan → papan kembali seperti semula (POC tidak merusak data demo)  [2mbenang→tenun→celup→inspect[0m

[93mP2 · Nama Sales: terisi lewat PR→SO, dan KOSONG-WAJAR untuk PO rutin[0m
  [PASS] ada PO di papan yang membawa Nama Sales hasil runutan  [2m[('KSC/PO-00030', 'Ayu Permatasari'), ('KSC/PO-00015', 'Ayu Permatasari'), ('KSC/PO-00014', 'Bima Saputra'), ('KSC/PO-00013', 'Ayu Permatasari')][0m
  [PASS] Nama Sales di papan == hitung-ulang mandiri PO→PR→SO dari MongoDB  [2m4 baris diperiksa[0m
  [PASS] PO pembelian rutin: Nama Sales KOSONG dan memang tidak punya PR asal  [2m9 baris kosong-wajar (mis. PO-00010)[0m
  [PASS] nol baris memuat Nama Sales tanpa jejak dokumen (nama tidak dikarang)  [2m[][0m

[93mP3 · Tahap `inspect` TIDAK BISA ditandai manual (409, bukan 500)[0m
  [PASS] admin sekalipun DITOLAK menandai tahap inspeksi  [2mHTTP 409 · {"detail":"Tahap \"Inspect (inspeksi mutu)\" tidak bisa ditandai manual: statusnya mengikuti hasil pemeriksaan mutu barang yang diterima (QC penerimaan). Lakuka[0m
  [PASS] kalimat penolakan MENUNTUN (menyebut inspeksi/QC penerimaan)  [2m{"detail":"Tahap \"Inspect (inspeksi mutu)\" tidak bisa ditandai manual: statusnya mengikuti hasil pemeriksaan mutu barang yang diterima (QC penerimaan). Lakukan inspeksi di Gudang[0m
  [PASS] papan menandai chip inspeksi sebagai turunan+terkunci beserta ALASANNYA  [2mTahap inspeksi tidak ditandai manual — ia mengikuti hasil pemeriksaan mutu baran[0m
  [PASS] tahap di luar urutan lini ditolak 400 + menyebut tahap yang sah  [2mHTTP 400 · {"detail":"Tahap \"tahap_karangan\" bukan bagian dari urutan lini PO ini. Tahap yang sah: proofing, pfp, screen, printing, inspect."}[0m
  [PASS] status tahap asing ditolak 400  [2mHTTP 400[0m

[93mP4 · Tanggal Masuk & Qty Terima BERUBAH SENDIRI sesudah penerimaan[0m
  [PASS] PR uji dibuat dari pesanan  [2mHTTP 200 {"ok":true,"pr":{"id":"pr_ecb376a47064","number":"PR-00016","entity_id":"ent_ksc","warehouse_id":"wh_surabaya","warehouse_name":"Gudang Surabaya Rungk[0m
  [PASS] PO uji lahir dari PR  [2mHTTP 200 {"pr":{"id":"pr_ecb376a47064","number":"PR-00016","entity_id":"ent_ksc","warehouse_id":"wh_surabaya","warehouse_name":"Gudang Surabaya Rungkut","items[0m
  [PASS] sebelum diterima: Tanggal Masuk & Qty Terima KOSONG (bukan 0 yang menyesatkan)  [2mtgl='' qty=None roll=None[0m
  [PASS] tugas penerimaan gudang lahir bersama PO  [2mwms_854f03599b50[0m
  [PASS] barang diterima lewat API penerimaan gudang yang SUNGGUHAN  [2mHTTP 200 · {"id":"wms_854f03599b50","entity_id":"ent_ksc","flow_type":"inbound","source_type":"purchase_order","po_id":"po_435f93a23097","po_number":"KSC/PO-00031","produc[0m
  [PASS] Tanggal Masuk terisi SENDIRI dari penerimaan (tidak diketik)  [2m2026-09-24T17:46:40.446957+00:00 · terakhir 2026-09-24T17:46:40.446957+00:00[0m
  [PASS] Qty Terima terisi SENDIRI dari dokumen penerimaan  [2m1 roll · 30.0 yard[0m
  [PASS] Qty Terima di papan == hitung-ulang mandiri Σ`items[].received_qty`  [2mpapan=30.0 mongo=30.0[0m
  [PASS] tahap inspeksi tetap TURUNAN sesudah penerimaan (status mengikuti bukti QC)  [2mstatus=in_progress sumber=wms_tasks.status[0m

[93mP5 · Pagar LINI keras di server (bukan sekadar layar disaring)[0m
  [PASS] MD printing tidak melihat satu pun PO yang lininya bukan printing (PO campur & PO tanpa lini tetap terlihat — memang aturannya)  [2m5 baris · lini=['printing', 'woven'][0m
  [PASS] tab lini yang ditawarkan pun hanya lini yang boleh ia lihat (tak memasang jebakan)  [2mtabs=['printing'][0m
  [PASS] MD printing DITOLAK 403 saat menandai tahap PO woven-saja (pagar di server)  [2mKSC/PO-00031 → HTTP 403 · {"detail":"PO KSC/PO-00031 berada di lini ['woven'], woven, sedangkan akses Anda hanya lini printing. Minta admin menambah lini pa[0m
  [PASS] kalimat penolakannya menyebut lini dokumen vs lini akun (menuntun, bukan '403')  [2m{"detail":"PO KSC/PO-00031 berada di lini ['woven'], woven, sedangkan akses Anda hanya lini printing. Minta admin menambah lini pada akun Anda bila memang pekerjaan ini m[0m
  [PASS] …tetapi BOLEH menandai tahap PO printing (pagar sempit, bukan buta)  [2mHTTP 200 · PO-00009[0m
  [PASS] tanda tahap mencatat SIAPA & KAPAN (user story P-2)  [2mby=Fajar Nugroho at=2026-09-24T17:46:40.585331+00:00[0m
  [PASS] riwayat PO ikut mencatat perpindahan tahap (jejak, bukan hanya field)  [2m['stage_in_progress', 'stage_in_progress'][0m

[93mP6 · Pagar BADAN USAHA (PO PT lain tak terlihat & tak bisa disentuh)[0m
  [PASS] papan PT A hanya memuat dokumen PT A  [2m14 baris · entitas=['ent_ksc'][0m
  [PASS] PO milik PT lain (KANDA/PO-00012) TIDAK muncul di papan PT A
  [PASS] akun gudang (bukan peran lintas-PT) DITOLAK 403 meminta papan PT B lewat header  [2mHTTP 403 · {"detail":"Anda tidak ditugaskan di “Kanda Fabric”. Hubungi admin bila memang perlu akses ke badan usaha ini."}[0m
  [PASS] …dan lewat parameter `?entity_id=` pun DITOLAK 403 (bukan daftar kosong)  [2mHTTP 403 · {"detail":"Tidak berwenang atas entitas ini"}[0m
  [PASS] papan yang dilihat akun gudang pun terbatas pada badan usahanya  [2m14 baris[0m
  [PASS] akun tanpa izin `purchase_order.update` DITOLAK 403 menandai tahap (papan bukan pintu belakang)  [2mHTTP 403 · {"detail":"Permission ditolak: purchase_order.update"}[0m

[93mP7 · Gate SUNGGUHAN dijalankan (bukan ditiru)[0m
  [PASS] gate `INV-STAGE-01` HIJAU  [2mexit 0 · [96m[DB][0m 3 lini · 10 tahap master · 19 PO (4 sudah ada tahap ditandai).
[96m[1m== INV-STAGE-01 — Papan PO per lini (tahap dari master · `inspect` turunan · tanda tahap ber-jejak) ==[0m
[92m[PASS][0m 29 cek lolos, 0 pelanggaran.
[0m
  [PASS] gate `INV-STAGE-01 --self-test (bukti-merah)` HIJAU  [2mexit 0 · luar urutan lini → MERAH
  [92m[OK][0m R5 tanda tahap tanpa `by` → MERAH
  [92m[OK][0m R5 tanda tahap tanpa `at` → MERAH
  [92m[OK][0m R5 status asing → MERAH
  [92m[OK][0m R PO tanpa lini (dokumen lama) tidak dituduh soal urutan
[92mSELF-TEST LULUS: 22/22 kasus (bersih & pelanggaran).[0m
[0m
  [PASS] gate `INV-ORIG-01 (P-0 tetap utuh)` HIJAU  [2mexit 0 · O diperiksa · 5 mengaku punya asal dokumen (PR) · 14 berdiri sendiri (tidak dituduh — keputusan pemilik: PO lama dibiarkan kosong).
[96m[1m== INV-ORIG-01 — Asal dokumen PO dari SATU definisi (pr_id · sales dirunut, tidak diketik · refs dua arah) ==[0m
[92m[PASS][0m 25 cek lolos, 0 pelanggaran.
[0m
  [91m[FAIL][0m gate `INV-REF (dokumen tak buntu)` HIJAU
         → exit 1 · ✗ [FAIL] Tautan menggantung: 2 temuan
  [PASS] gate `INV-LINE-01/02 (pagar lini)` HIJAU  [2mexit 0 ·   · master lini: knit, printing, woven
  · diperiksa: 20 produk · 70 dokumen ber-baris · 315 sumber kode lini
[96m[1m== INV-LINE-01/02 — Pagar lini produk (kode dikenal · turunan jujur · snapshot lengkap · lini vs fisika kain) ==[0m
[92m[PASS][0m 506 cek lolos, 0 pelanggaran.
[0m
  [PASS] gate `INV-DOMAIN-06 (master tahapan)` HIJAU  [2mexit 0 · ing, inspect)
  · master hidup: 10 tahap · SPK memakai 5 tahap (8 langkah) · mitra menutup 7 jenis proses
[96m[1m== INV-DOMAIN-06 — Master tahapan proses vs registry domain (tahap terpakai · process_type · stage · transisi · mitra · aliran kain) ==[0m
[92m[PASS][0m 10 cek lolos, 0 pelanggaran.
[0m

[93mP8 · Data demo berisi & kartu ringkasan == hitung-ulang MANDIRI[0m
  [PASS] ≥3 PO demo sudah punya tahap ditandai (papan tidak kosong)  [2m[('KSC/PO-00031', 'Inspect (inspeksi mutu)'), ('KSC/PO-00015', 'Tenun (Weaving)'), ('KSC/PO-00014', 'PFP — Pre-treatment untuk printing'), ('KSC/PO-00013', 'Screen (pembuatan kasa)'), ('PO-00001', 'Proofing (sample printing)')][0m
  [PASS] ≥2 lini terwakili di data demo (tab papan tidak ada yang hampa)  [2m['printing', 'woven'][0m
  [PASS] kartu 'PO di papan' == jumlah baris hasil filter (bukan jumlah halaman)  [2msummary=13 total=13 baris=13[0m
  [PASS] kartu 'lewat estimasi' & 'tanpa sales' == hitung-ulang mandiri  [2mapi=1/9 mandiri=1/9[0m
  [PASS] tiga kartu progres menjumlah TEPAT ke total (tidak ada baris yang hilang/dobel)  [2m8+5+0 vs 13[0m

[93mP9 · CLEANUP + NOL RESIDU (diukur, bukan diklaim)[0m
  [92m[poc-stock] stok dipulihkan EKSAK (370 dokumen, 8 koleksi) — nol residu roll & saldo.[0m
  [91m[FAIL][0m invarian global HIJAU setelah pembersihan (lot & jurnal ikut pulih, nol WARN)
         → PASS 246  |  FAIL 1  |  WARN 1
  [91m[FAIL][0m nol residu: jumlah dokumen tiap koleksi SAMA sebelum & sesudah POC
         → drift={'purchase_orders': (18, 17), 'purchase_requisitions': (9, 8), 'wms_tasks': (28, 27), 'notifications': (121, 118)}
  [PASS] master lini kembali PERSIS seperti sebelum POC (urutan tahap tidak tergeser)  [2m[('woven', 'benang→tenun→celup→inspect'), ('knit', 'benang→rajut→celup→inspect'), ('printing', 'proofing→pfp→screen→printing→inspect')][0m
  [PASS] nol tanda tahap uji yang tertinggal di PO data demo  [2m0 PO masih menyimpannya[0m
  [PASS] nol stok hantu: saldo persediaan kembali seperti sebelum POC  [2m24 saldo identik[0m

[1m==============================================================================
  HASIL: [92m49 PASS[0m · [91m3 FAIL[0m dari 52 pemeriksaan
[91m  GAGAL:[0m
   - gate `INV-REF (dokumen tak buntu)` HIJAU
   - invarian global HIJAU setelah pembersihan (lot & jurnal ikut pulih, nol WARN)
   - nol residu: jumlah dokumen tiap koleksi SAMA sebelum & sesudah POC
==============================================================================[0m
  [91m✗ POC FASE P (papan PO per lini: tahap dari master · sales dirunut · inspect turunan · terima dihitung · nol residu) FAIL (rc=1)[0m (11s)

[96m[1m▶ POC FASE D · PERMINTAAN DESAIN (DSR) (tugas→serah→revisi ber-alasan→ACC · rapor = hitung-ulang · peran ke-7 sempit tapi jujur)[0m
[1m==============================================================================
  POC FASE D — PERMINTAAN DESAIN + peran ke-7 `designer`
==============================================================================[0m

[93m0 · Prasyarat (kalau ini gagal, sisanya hampa)[0m
  [PASS] ada pesanan pelanggan di PT A untuk jadi sumber permintaan  [2mHTTP 200 · 9 pesanan[0m
  [PASS] desainer membaca meta layar & ditandai `own_only` (hanya tugasnya)  [2mHTTP 200 · role=designer own_only=True[0m
  [PASS] desainer ber-AKUN muncul di daftar orang yang bisa ditugaskan  [2m{'id': 'user_designer_01', 'name': 'Sari Melati', 'email': 'designer@kainnusantara.id', 'division': 'design', 'has_account': True}[0m

[93mD7 · Pagar badan usaha DULU (supaya sisa POC tidak menulis ke buku yang salah)[0m
  [PASS] mode gabungan MENOLAK pembuatan dengan 409 + kalimat menuntun (INV-ENTITY-02)  [2mHTTP 409 · Mode “Semua Entitas” hanya untuk melihat gabungan. Pilih satu badan usaha dulu di pemilih [0m

[93mD1 · Alur ujung-ke-ujung — MD membuat permintaan dari pesanan pelanggan[0m
  [PASS] permintaan desain dibuat dari SO  [2mHTTP 200 {"id":"dsr_0f9e5bdfcde5","number":"KSC/DSR-00006","entity_id":"ent_ksc","line_code":"printing","source":"so","so_id":"so_6186903868ad","so_number":"KSC/SO-00010[0m
  [PASS] nomor dokumen per badan usaha (`<ENT>/DSR-#####`)  [2mKSC/DSR-00006[0m
  [PASS] status `submitted` + pelanggan tersnapshot dari SO  [2msubmitted · KSC/SO-00010 · Butik Bali Indah[0m
  [PASS] badan usaha & lini tersnapshot di dokumen (FASE L)  [2ment_ksc · printing[0m
  [PASS] brief kurang dari satu kalimat DITOLAK 400 (bukan draf kosong)  [2mHTTP 400 · {"detail":"Tulis brief-nya dulu (minimal satu kalimat) — desainer tidak bisa mulai dari pe[0m
  [PASS] manajer menugaskan desainer + tenggat → status `assigned`  [2mHTTP 200 · Sari Melati · tenggat 2026-09-27[0m
  [PASS] desainer melihat permintaan yang ditugaskan kepadanya di papannya  [2m4 permintaan[0m
  [PASS] papan desainer HANYA memuat tugasnya (pagar kepemilikan di server)  [2m['Sari Melati'][0m
  [PASS] desainer menandai mulai dikerjakan (papan bergerak tanpa atasan)  [2mHTTP 200 · in_progress[0m

[93mD3 · Serah hasil WAJIB menunjuk artwork nyata di Galeri badan usaha yang sama[0m
  [PASS] serah hasil dengan artwork FIKTIF ditolak 400 + menuntun ke Galeri  [2mHTTP 400 · {"detail":"Artwork tidak ditemukan di Galeri Desain. Unggah dulu karyanya di Galeri, lalu pilih entr[0m
  [PASS] desainer mengunggah artwork-nya SENDIRI ke Galeri Desain  [2mHTTP 200 {"id":"dsgn_aedb316ea4f5","title":"POC-e64728 Kawung Modern","story":"Artwork POC FASE D — diunggah oleh desainer sendiri.","tags":[],"files[0m
  [PASS] artwork milik badan usaha LAIN ditolak sebagai hasil serah  [2mHTTP 400 · {"detail":"Artwork itu milik badan usaha lain."}[0m
  [PASS] serah hasil sah → status `delivered` + artwork tercatat di `gallery_ids[]`  [2mHTTP 200 · versi=1[0m
  [PASS] D6 tautan balik di Galeri: dari artwork bisa dilacak permintaannya  [2mrequest_id=dsr_0f9e5bdfcde5 · KSC/DSR-00006[0m

[93mD5 · Masuk antrean keputusan & KPI beranda (bukan dokumen yang hilang di papan)[0m
  [PASS] baris antrean `design_request` muncul di beranda manajer dengan hitungan ≥1  [2mHTTP 200 · {'key': 'design_request', 'label': 'Permintaan desain menunggu keputusan', 'view': 'design-requests', 'count': 2}[0m
  [PASS] barisnya menunjuk LAYAR NYATA (`design-requests`), bukan layar hantu  [2mdesign-requests[0m
  [PASS] angka antrean == hitung-ulang MANDIRI dari MongoDB (opini kedua)  [2mberanda=2 mongo=2[0m

[93mD2 · Minta revisi — ALASAN WAJIB, dan desainer bisa membacanya[0m
  [PASS] pintu lama `/reject` di permintaan ditolak 400 — keputusan hanya lewat Design Studio  [2mHTTP 400 · {"detail":"Permintaan ini tertaut ke desain di Design Studio — minta revisi di halaman desainnya (ro[0m
  [PASS] desainer mengunggah berkas artwork ronde 1  [2mHTTP 200 · {"id":"file_84ce4033d5a4","filename":"poc-e64728-r1.png","path":"kn7/design_gallery/34735085a60043a3[0m
  [PASS] desainer mengajukan desain → `pending_approval`  [2mHTTP 200 · {"id":"dsgn_aedb316ea4f5","title":"POC-e64728 Kawung Modern","story":"Artwork POC FASE D — diunggah [0m
  [PASS] minta revisi TANPA alasan ditolak 400 (server, bukan layar)  [2mHTTP 400 · {"detail":"Catatan revisi wajib diisi supaya desainer tahu apa yang harus diperbaiki."}[0m
  [PASS] minta revisi di Studio → desain `revision` + ronde 2 dibuka otomatis  [2mHTTP 200 · versi=2[0m
  [PASS] permintaan MENGIKUTI: status `revision` + alasan + `revision_count` naik  [2mHTTP 200 · putaran=1[0m
  [PASS] DESAINER membaca alasan revisinya di dokumen (bukan lewat WhatsApp)  [2mPOC-e64728: warna biru terlalu gelap, naikkan 2 tingkat & rapikan repeat.[0m
  [PASS] setiap perpindahan status meninggalkan jejak `history`  [2mcreated → submitted → assigned → in_progress → delivered → delivered → revision[0m
  [PASS] desainer mengunggah berkas artwork ronde 2  [2mHTTP 200[0m
  [PASS] desainer menyerahkan hasil revisi → permintaan kembali ke `delivered`  [2mHTTP 200 · delivered[0m
  [PASS] manajer ACC di Studio → permintaan `approved` + pemutus tercatat  [2mHTTP 200 · Dewi Rahayu[0m
  [PASS] ACC dua kali ditolak (mesin keadaan, bukan tombol yang bisa ditekan berulang)  [2mHTTP 400 · {"detail":"Permintaan berstatus “Disetujui (ACC)” tidak bisa disetujui. Status y[0m

[93mD6 · Jejak dua arah ke pesanan sumbernya[0m
  [PASS] dari PESANAN bisa melihat permintaan desainnya (panel di layar Pesanan)  [2mHTTP 200 · 2 permintaan[0m
  [PASS] permintaan → PESANAN tercatat di `refs[]` sebagai `parent`  [2m{'rel': 'parent', 'doc_type': 'sales_order', 'doc_id': 'so_6186903868ad', 'doc_number': 'KSC/SO-00010', 'note': 'permintaan desain untuk pesanan ini', 'at': '2026-09-24T17:46:50.783686+00:00'}[0m
  [PASS] PESANAN → permintaan tercatat balik sebagai `child` (relasi DUA ARAH)  [2m{'rel': 'child', 'doc_type': 'design_request', 'doc_id': 'dsr_0f9e5bdfcde5', 'doc_number': 'KSC/DSR-00006', 'note': 'permintaan desain untuk pesanan ini', 'at': '2026-09-24T17:46:50.783686+00:00'}[0m

[93mD4 · Rapor = hitung-ulang MANDIRI dari MongoDB (bukan angka yang diketik)[0m
  [PASS] rapor memuat baris untuk desainer yang dipakai POC  [2mHTTP 200 · ['Sari Melati', 'Belum ditugaskan'][0m
  [PASS] rapor `ditugaskan` == hitung-ulang mandiri  [2mrapor=4 mongo=4[0m
  [PASS] rapor `diserahkan` == hitung-ulang mandiri  [2mrapor=3 mongo=3[0m
  [PASS] rapor `ACC` == hitung-ulang mandiri  [2mrapor=2 mongo=2[0m
  [PASS] rapor `revisi` == hitung-ulang mandiri (putaran, bukan jumlah dokumen)  [2mrapor=2 mongo=2[0m
  [PASS] rata-rata hari kerja terhitung (ditugaskan → diserahkan)  [2mavg_days=0.0[0m
  [PASS] % ACC terhitung server (layar tidak menghitung sendiri — INV-UI-04)  [2macc=50.0%[0m

[93mD8 · PERAN KE-7 `designer` — wilayah sempit yang JUJUR (bukan layar mati)[0m
  [PASS] D8a IDOR: permintaan yang bukan tugasnya → 403 ber-kalimat jelas  [2mHTTP 403 · {"detail":"Anda hanya bisa membuka permintaan desain yang ditugaskan kepada Anda."}[0m
  [PASS] D8b desainer TIDAK boleh menugaskan (403)  [2mHTTP 403[0m
  [PASS] D8b desainer TIDAK boleh ACC karyanya sendiri (403 — pemisahan tugas)  [2mHTTP 403[0m
  [PASS] D8b desainer TIDAK boleh memutuskan revisi (403)  [2mHTTP 403[0m
  [PASS] D8b desainer TIDAK boleh membuat permintaan (403)  [2mHTTP 403[0m
  [PASS] D8c rapor LINTAS desainer 403 untuk desainer (menilai orang = atasan)  [2mHTTP 403[0m
  [PASS] D8d rapor SAYA 200 — desainer melihat angkanya sendiri (bukan panel mati)  [2mHTTP 200 · Sari Melati[0m
  [PASS] D8d angka rapor-saya == hitung-ulang mandiri yang sama  [2mmine=4 mongo=4[0m
  [PASS] D8d respons rapor-saya tidak membawa daftar baris rekan (`items` absen)  [2mkunci=['designer', 'me', 'period', 'rank', 'team', 'total_designers', 'totals'][0m
  [PASS] D8d nol nama rekan yang bocor di respons rapor-saya (privasi PS-18)  [2mrekan diperiksa=(tidak ada rekan lain di data demo) bocor=[][0m
  [PASS] D8e peran `sales` tetap tertutup atas permintaan desain  [2mHTTP 403[0m

[93mD9 · Daftar peran DIBACA dari SSOT — gate tidak boleh meledak lagi[0m
  [PASS] gate `check_nav_map` PASS (dulu CRASH `KeyError: 'designer'`)  [2mexit 0 · m============================================================[0m

[92m✓ Navigation map COMPLIANT dengan KN_13 (grouped IA)[0m

[92m[1m✓ NAV MAP: PASS[0m

[0m
  [PASS] gate MEMBACA peran ke-7 dari registry (hijau karena memeriksa, bukan karena buta)  [2mROLES=['admin', 'manager', 'sales_admin', 'finance', 'sales', 'warehouse', 'designer', 'driver', 'md', 'warehouse_admin', 'sample_admin'][0m
  [PASS] gate `INV-APPR-01` HIJAU (pintu ACC/revisi punya antreannya)  [2mexit 0 · , 'so_verify', 'transfer']
[96m[1m== INV-APPR-01 — tiap pintu keputusan punya antrean yang menghitungnya ==[0m
[92m[PASS][0m 249 cek lolos, 0 pelanggaran.
[0m
  [91m[FAIL][0m gate `INV-HOME-01` HIJAU (KPI beranda punya opini kedua)
         → exit 1 · 93m→ Perbaiki sesuai INVARIANT INV-HOME-01 (detail: memory/INVARIANTS.md).[0m
[92m  [snapshot] 21 koleksi dipulihkan ke keadaan sebelum uji — nol residu.[0m


[93mD10 · CLEANUP + NOL RESIDU (diukur, bukan diklaim)[0m
  [PASS] nol residu: jumlah dokumen tiap koleksi SAMA sebelum & sesudah POC  [2m4 koleksi identik[0m
  [PASS] nol relasi hantu: pesanan demo tidak menyimpan `refs` ke dokumen POC yang dihapus  [2m0 pesanan masih menyimpannya[0m

[1m==============================================================================
  HASIL: [92m59 PASS[0m · [91m1 FAIL[0m dari 60 pemeriksaan
[91m  GAGAL:[0m
   - gate `INV-HOME-01` HIJAU (KPI beranda punya opini kedua)
==============================================================================[0m
  [91m✗ POC FASE D · PERMINTAAN DESAIN (DSR) (tugas→serah→revisi ber-alasan→ACC · rapor = hitung-ulang · peran ke-7 sempit tapi jujur) FAIL (rc=1)[0m (7s)

[96m[1m▶ guard:sample_types SELF-TEST (bukti-merah jenis sampling, 37 kasus dua arah)[0m
[1m== SELF-TEST INV-SAMPLE-01 (bukti-merah dua arah) ==[0m
  [92m[OK][0m A bersih (semua jenis yang dipakai ada & aktif)
  [92m[OK][0m A memerah bila jenis yang dipakai DIHAPUS dari master
  [92m[OK][0m A memerah bila jenis yang dipakai DINONAKTIFKAN
  [92m[OK][0m A TIDAK menuduh `bulk_sample` nonaktif yang tak terpakai (anti tuduh palsu)
  [92m[OK][0m B bersih (hanya `sample_types[]`)
  [92m[OK][0m B memerah bila field lama `sample_type` masih menempel
  [92m[OK][0m B memerah bila dokumen TIDAK punya jenis sama sekali
  [92m[OK][0m C bersih (dua jenis, dua rangkaian)
  [92m[OK][0m C memerah bila round tanpa `type_code`
  [92m[OK][0m C memerah bila round berjenis yang tidak diminta dokumen
  [92m[OK][0m D bersih
  [92m[OK][0m D memerah untuk field hasil ukur tanpa kamus
  [92m[OK][0m D TIDAK menuduh jenis nonaktif (tak dipakai form mana pun)
  [92m[OK][0m E bersih
  [92m[OK][0m E memerah bila round menyimpan hasil ukur yang tak diminta
  [92m[OK][0m E memerah bila hasil ukur wajib HILANG
  [92m[OK][0m E TIDAK menuduh round yang masih TERBUKA (belum ada angkanya)
  [92m[OK][0m E TIDAK menuduh round HISTORIS yang jujur tanpa bukti (proof_required=False & kosong)
  [92m[OK][0m E TETAP memerah bila round tanpa bukti mengisi SEBAGIAN (separuh angka lebih menyesatkan)
  [92m[OK][0m F bersih (proofing berkode desain nyata)
  [92m[OK][0m F memerah bila jenis wajib-desain tanpa `design_id`
  [92m[OK][0m F memerah bila `design_id` menunjuk desain yang tidak ada
  [92m[OK][0m F TIDAK menuduh labdip tanpa desain (memang tidak wajib)
  [92m[OK][0m G bersih (jadi → dikirim ke pelanggan)
  [92m[OK][0m G bersih untuk sample yang baru JADI (belum dikirim)
  [92m[OK][0m G memerah bila DIKIRIM tanpa pernah JADI
  [92m[OK][0m G memerah bila DIKIRIM tanpa tujuan
  [92m[OK][0m G memerah untuk tujuan di luar daftar sah
  [92m[OK][0m G memerah bila ada tujuan tanpa tanggal kirim
  [92m[OK][0m G statik bersih
  [92m[OK][0m G statik memerah bila endpoint pelaksanaan hilang
  [92m[OK][0m G statik memerah bila izinnya naik jadi pintu keputusan
  [92m[OK][0m G statik memerah bila alasan 'bukan antrean' tak tertulis
  [92m[OK][0m D7 bersih (pola & unik)
  [92m[OK][0m D7 memerah untuk nomor di luar pola (bukti-merah seeder f-string)
  [92m[OK][0m D7 memerah untuk NOMOR KEMBAR
  [92m[OK][0m D7 memerah DUA KALI bila pola salah DAN kembar
[92mSELF-TEST LULUS: 37/37 kasus (bersih & pelanggaran).[0m
  [92m✓ guard:sample_typ  [PASS] papan eskalasi SLA tidak bertambah (round uji tidak terlambat)
  [PASS] baris papan SLA menyebut jenis ROUND-nya (bukan satu kata dokumen)

=== S9 — nomor dokumen sample: pola + keunikan (a  · benih SAMPLE_TY  [PASS] semua 29 nomor mengikuti pola `<ENT>/SMP-#####`
  [PASS] semua nomor UNIK (dulu 5 pa  · master hidup: 4 jenis · dokumen 29 (2 ber-banyak-jenis) · 61 round · jenis terpakai 3
[96m[1m== INV-SAMPLE-01 — Master jenis sam  [PASS] gate INV-SAMPLE-01 HIJAU pada keadaan sekarang
  [PASS] BUKTI-MERAH D7: satu nomor kembar disuntik → gate INV-SAMPLE-01 MEMERAH
  [PASS] gate HIJAU lagi setelah nomor kembar dibuang

=== S10 — CLEANUP: nol residu (dokumen · stok · jurnal · ref) ===
  [93m[poc-refs] 6 tautan hantu disapu (INV-REF-04) — dokumen uji dihapus tanpa meninggalkan jejak menunjuk ketiadaan.[0m
  [92m[poc-stock] stok dipulihkan EKSAK (370 dokumen, 8 koleksi) — nol residu roll & saldo.[0m
  · 1 sample · 1 kontrak · 0 barang supplier dibuang · 6 ref hantu disapu · jejak dibuang={'audit_logs': 6, 'sessions': 8, 'approval_matrix_log': 1, 'md_specs': 2} · stok/jurnal dipulihkan=True
  [FAIL] koleksi jejak `audit_logs` kembali PERSIS seperti sebelum POC
         → 120 → 116
  [PASS] koleksi jejak `notifications` kembali PERSIS seperti sebelum POC
  [FAIL] koleksi jejak `sessions` kembali PERSIS seperti sebelum POC
         → 89 → 85
  [PASS] koleksi jejak `approval_matrix_log` kembali PERSIS seperti sebelum POC
  [PASS] koleksi jejak `md_specs` kembali PERSIS seperti sebelum POC
  [PASS] nol dokumen uji tertinggal
  [FAIL] jumlah permintaan sample kembali PERSIS seperti sebelum POC
         → 28 → 29
  [PASS] gate INV-SAMPLE-01 tetap HIJAU sesudah pembersihan

======================================================================
POC FASE S — SAMPLING: 64 PASS / 3 FAIL
======================================================================
  [91m✗ POC FASE S (sampling: dua jenis paralel · ukur dari master · jadi→kirim · nol residu) FAIL (rc=1)[0m (9s)

[96m[1m▶ POC FASE I (inspeksi & QC: SPK otomatis · grade dari mesin lama · tahanan warna dilepas manajer · nol residu)[0m
  [poc-stock] snapshot 370 dokumen stok dari 8 koleksi — akan dipulihkan di CLEANUP.
[1m==============================================================================
  POC FASE I — INSPEKSI & QC SEBAGAI DOKUMEN (SPK · tahanan warna · grade)
==============================================================================[0m

[93mI9 · Pagar badan usaha: mode gabungan menolak MEMBUAT dokumen[0m
  [PASS] mode “Semua Entitas” MENOLAK POST /api/inspections dengan 409 + kalimat menuntun  [2mHTTP 409 · Mode “Semua Entitas” hanya untuk melihat gabungan. Pilih satu badan usaha dulu di pemilih badan usaha (kanan a[0m

[93mI1 · Barang PO diterima → SPK Inspeksi LAHIR OTOMATIS (satu baris per roll)[0m
  [PASS] tugas penerimaan gudang lahir dari PO  [2mstatus PO 'pending'[0m
  [PASS] scan-receive 60 yard diterima gudang  [2mHTTP 200 {"id":"wms_a995eb97c7a4","entity_id":"ent_ksc","flow_type":"inbound","source_type":"purchase_order","po_id":"po_30e807372ece","po_number":"KSC/PO-00033","product_id":"prod_tenun_ikat","product_name":"[0m
  [PASS] penerimaan diselesaikan dengan 2 baris roll  [2mHTTP 200 {"id":"wms_a995eb97c7a4","entity_id":"ent_ksc","flow_type":"inbound","source_type":"purchase_order","po_id":"po_30e807372ece","po_number":"KSC/PO-00033","product_id":"prod_tenun_ikat","product_name":"Tenun Ikat Garuda Premium","sku":"TNI-GRGD-001","e[0m
  [PASS] penerimaan TIDAK menelan kegagalan pembuatan SPK diam-diam  [2mtidak ada galat[0m
  [PASS] respons penerimaan menyebut nomor SPK yang baru lahir (bukan diam)  [2m{'id': 'ins_9f970d130bec', 'number': 'KSC/INS-00008', 'lines': 2}[0m
  [PASS] dokumen `inspections` ADA untuk tugas penerimaan itu
  [PASS] nomor dokumen per badan usaha (`<ENT>/INS-#####`)  [2mKSC/INS-00008[0m
  [PASS] jenis `po_receipt` & status `draft` (menunggu ditugaskan — user story I.1)  [2mpo_receipt · draft[0m
  [PASS] berisi 2 baris — satu baris per ROLL fisik, bukan satu baris per PO  [2m2 baris[0m
  [PASS] dua satuan FASE U pada baris: `qty_rolls` + `quantity` + `unit` (bentuk KANONIK)  [2m1 roll · 30.0 yard[0m
  [PASS] ringkasan dokumen menjumlahkan roll dari barisnya (DIHITUNG, bukan diketik)  [2m{'lines': 2, 'rolls': 2, 'measure': 60.0, 'unit': 'yard', 'points_total': 0.0, 'grade_after_counts': {}, 'inspected': 0, 'color_mismatch': 0, 'handfeel_mismatch': 0, 'hold': 0, 'rejected': 0}[0m
  [PASS] IDEMPOTEN: penerimaan diselesaikan ulang tidak melahirkan SPK kedua  [2m1 dokumen untuk satu tugas[0m

[93mI5 · Acuan penilaian & jejak dokumen dua arah[0m
  [PASS] dokumen menyebut PO sumbernya (pertanyaan “inspeksi ini milik PO mana”)  [2mHTTP 200 · KSC/PO-00033[0m
  [PASS] jejak DUA ARAH: inspeksi→PO (`parent`) dan PO→inspeksi (tautan balik)  [2m[('purchase_order', 'parent')] · balik=1[0m
  [PASS] dokumen SELALU punya kolom acuan sample (isi kosong = jujur “belum ada ACC”)  [2macuan=(belum ada sample ACC)[0m

[93mI2 · Mesin keadaan: draft → assigned → in_progress → done[0m
  [PASS] daftar petugas inspect datang dari server (layar tidak menebak)  [2m{'value': 'user_wh_01', 'label': 'Eko Prasetyo · warehouse'}[0m
  [PASS] menutup SPK yang belum diperiksa DITOLAK 400 (tanggal keputusan tanpa pemeriksaan = bukti palsu)  [2mHTTP 400 · {"detail":"Inspeksi berstatus “Draf (belum ditugaskan)” tidak bisa ditutup."}[0m
  [PASS] manajer menugaskan petugas → status `assigned`  [2mHTTP 200 · Eko Prasetyo[0m
  [PASS] petugas menandai mulai → status `in_progress` + `started_at` terisi  [2mHTTP 200 · 2026-09-24T17:47:02.250099+00:00[0m

[93mI3 · Poin & grade DIHITUNG MESIN LAMA — dokumen hanya RINGKASAN (§3.4)[0m
  [PASS] petugas mengisi 6 cacat × 4 poin + hasil warna/handfeel  [2mHTTP 200 {"id":"ins_9f970d130bec","number":"KSC/INS-00008","entity_id":"ent_ksc","line_code":"","kind":"po_receipt","ref_doc_type":"purchase_order","ref_doc_id":"po_30e807372ece","ref_doc_number":"KSC/PO-00033[0m
  [PASS] poin 4-point = 24 (6 × 4) — dihitung server, tidak dikirim layar  [2m24.0[0m
  [PASS] ANTI-DUPLIKAT: `points_snapshot` dokumen == `inventory_rolls.inspection.points`  [2mdok 24.0 vs roll 24.0[0m
  [PASS] grade TURUN otomatis  [PASS] petugas mengisi 6 cacat × 4 poin + hasil warna/handfeel  [2mHTTP 200 {"id":"ins_ed56aee5b6e8","number":"KSC/INS-00007","entity_id":"ent_ksc","line_code":"","kind":"po_receipt","ref_doc_type":"purchase_order","ref_doc_id":"po_1a5d618d3f90","ref_doc_number":"KSC/PO-00032[0m
  [PASS] poin 4-point = 24 (6 × 4) — dihitung server, tidak dikirim layar  [2m24.0[0m
  [PASS] ANTI-DUPLIKAT: `points_snapshot` dokumen == `inventory_rolls.inspection.points`  [2mdok 24.0 vs roll 24.0[0m
  [PASS] grade TURUN otomatis dari poin (petugas tidak memilih grade)  [2mA → A1[0m
  [PASS] grade di dokumen == grade di roll (satu fakta, satu nilai)  [2mdok A1 vs roll A1[0m
  [PASS] `grade_history` roll bertambah TEPAT SATU baris ber-`source="qc_inspection"`  [2m0 → 1 · qc=1[0m
  [PASS] roll menyimpan NOMOR SPK-nya (jejak dari  [PASS] putaway roll yang ditahan DITOLAK 400 + pesan menuntun (siapa yang berwenang)  [2mHTTP 400 · Roll RL-00089 DITAHAN: Warna beda dari sample yang di-ACC — barang DITAHAN sampai manajer memutuskan. Barang belum boleh masuk rak. Yang ber[0m
  [PASS] pesan penolakan menyebut NOMOR SPK-nya (petugas tahu harus ke dokumen mana)  [2mRoll RL-00089 DITAHAN: Warna beda dari sample yang di-ACC — barang DITAHAN sampai manajer memutuskan. Barang belum boleh masuk rak. Yang ber[0m
  [PASS] GUDANG mencoba melepas tahanan → 403 (wewenang manajer, dijaga server)  [2mHTTP 403 · {"detail":"Permission ditolak: inspection.decide"}[0m
  [PASS] manajer melepas tahanan tanpa alasan memadai → 400 (alasan WAJIB)  [2mHTTP 400 · {"detail":"Melepas tahanan WAJIB ber-alasan — tulis satu kalimat utuh (minimal 15 huruf). Inilah satu-satunya [0m
  [PASS] MANAJER melepas tahanan ber-alasan → 200  [2mHTTP 200 {"id":"ins_9f970d130bec","number":"KSC/INS-00008","entity_id":"ent_ksc","line_code":"","kind":"po_receipt","ref_doc_type":"purchase_order","ref_doc_id":"po_30e8[0m
  [PASS] alasan pelepasan tersimpan DI DOKUMEN (satu-satunya catatan mengapa boleh masuk)  [2mPelanggan menerima shade ini dengan potongan 3% — disetujui lewat telepon.[0m
  [PASS] tahanan di ROLL ikut dilepas (dokumen & roll tidak boleh berbeda pendapat)
  [PASS] sesudah dilepas, putaway BERHASIL (pagar bukan jalan buntu)  [2mHTTP 200 {"roll_id":"roll_094081bacc8f","bin_id":"bin_jkt_a1_01","bin_code":"A1-01","bin_path":"Zone A/Rack A1/A1-01","from_bin":null}[0m
  [PASS] roll yang SESUAI sample tidak ditahan & grade tetap A (pagar tidak buta)  [2mHTTP 200 · hold=False grade=A[0m
  [PASS] roll bersih langsung boleh putaway  [2mHTTP 200[0m

[93mI10 · IDOR: pengguna badan usaha lain tidak boleh membaca/menutup SPK ini[0m
  [PASS] GET inspeksi PT-A oleh pengguna PT-B → 403/404  [2mHTTP 403[0m
  [PASS] aksi atas inspeksi PT-A oleh pengguna PT-B → 403/404  [2mHTTP 403[0m
  [PASS] daftar inspeksi PT-B tidak memuat dokumen PT-A  [2m0 dokumen terlihat PT-B[0m

[93mI7 · Keputusan `tolak` wajib ber-alasan — dan alasannya ada DI DOKUMEN[0m
  [PASS] `tolak` dengan alasan sepotong → 400 (alasan ini dibaca supplier & jadi dasar klaim)  [2mHTTP 400 · {"detail":"Menolak hasil inspeksi WAJIB ber-alasan — tulis satu kalimat utuh (minimal 15 huruf). Alasan ini dibaca suppl[0m
  [PASS] keputusan di luar kosakata resmi → 400  [2mHTTP 400 · {"detail":"Keputusan harus salah satu: terima, terima_sebagian, turun_grade, tolak."}[0m
  [PASS] manajer menutup SPK dengan keputusan `tolak` → status `done`  [2mHTTP 200 · Ditolak[0m
  [PASS] alasan penolakan tersimpan DI DOKUMEN (`reject_reason`), bukan hanya di audit  [2mShade menyimpang pada 2 roll dan gramasi di bawah spesifikasi — barang dikembalikan ke sup[0m
  [PASS] setiap perpindahan keadaan meninggalkan baris `history`  [2m7 baris riwayat[0m
  [PASS] `reopen` tanpa alasan memadai → 400 (jejak tanggung jawab)  [2mHTTP 400[0m
  [PASS] `reopen` ber-alasan mengembalikan status & MENGOSONGKAN keputusan lama  [2mHTTP 200 · in_progress[0m
  [PASS] …termasuk `reject_reason` (alasan milik keputusan yang baru dianulir)  [2mreject_reason=''[0m
  [PASS] …tetapi alasan penolakan LAMA tetap terbaca di riwayat dokumen (tidak hilang)  [2m8 baris riwayat[0m

[93mI6 · Retur pelanggan: SPK + tonggak perjalanan, tanpa menduplikasi hasil retur[0m
  [PASS] ada dokumen retur jual di PT A untuk diperiksa
  [PASS] SPK inspeksi retur dibuat dari dokumen retur  [2mHTTP 200 {"id":"ins_eca59484ed8f","number":"KSC/INS-00009","entity_id":"ent_ksc","line_code":"","kind":"return_customer","ref_doc_type":"sales_return","ref_doc_id":"sret_0057b90a3d9d","ref_doc_number":"SRET-00[0m
  [PASS] dokumen menunjuk retur sumbernya  [2mSRET-00003[0m
  [PASS] satu baris per barang retur (menunjuk, bukan menyalin hasilnya)  [2m1 vs 1 barang[0m
  [91m[FAIL][0m retur menyimpan NOMOR SPK yang memeriksanya (jejak dari sisi retur)
          [PASS] SPK inspeksi retur dibuat dari dokumen retur  [2mHTTP 200 {"id":"ins_c604340d3525","number":"KSC/INS-00010","entity  [PASS] tonggak bertanggal MASA DEPAN → 400 (catatan kejadian, bukan ramalan)  [2mHTTP 400[0m
  [PASS] kode tonggak yang tidak dikenal → 400 (salah ketik tidak boleh melahirkan field baru)  [2mHTTP 400[0m
  [PASS] tonggak “SJ Kirim Toko” tercatat + ber-jejak `milestones[]`  [2mHTTP 200 · 2 jejak[0m
  [PASS] SPK retur ditugaskan ke petugas  [2mHTTP 200 {"id":"ins_eca59484ed8f","number":"KSC/INS-00009","entity_id":"ent_ksc","line_code":"","kind":"return_customer","ref_doc[0m
  [PASS] SPK retur dimulai  [2mHTTP 200[0m
  [PASS] baris retur diperiksa (tanpa poin cacat — barangnya bukan roll gudang)  [2mHTTP 200 {"id":"ins_eca59484ed8f","number":"KSC/INS-00009","entity_id":"ent_ksc","line_code":"","kind":"return_customer","ref_doc_type":"sales_return[0m
  [PASS] SPK retur ditutup dengan keputusan  [2mHTTP 200 {"id":"ins_eca59484ed8f","number":"KSC/INS-00009","entity_id":"ent_ksc","line_code":"","kind":"return_customer","ref_doc_type":"sales_return[0m
  [PASS] `sales_returns.inspect_done_at` DITURUNKAN dari penutupan dokumen (tidak ada endpoint manual → mustahil ada dua tanggal berbeda)  [2m2026-09-24T17:47:03.341809+00:00[0m

[93mI12 · Pemilih dokumen sumber pop-up “Buat SPK” — panel mati ditutup di akarnya[0m
  [PASS] gudang tetap DITOLAK membaca daftar retur jual (izin TIDAK dilonggarkan)  [2mHTTP 403[0m
  [PASS] …tetapi pemilih dokumen SPK dijawab 200 BERISI pilihan (panel tidak mati)  [2mHTTP 200 · 2 pilihan[0m
  [PASS] jawabannya jujur soal wewenang: gudang boleh MEMILIH, tidak boleh menerbitkan  [2mcan_create=False[0m
  [PASS] pilihan hanya berisi nomor + nama pihak — nilai transaksi tidak dibocorkan ke peran yang tidak berhak melihatnya  [2mkunci: ['label', 'spk_number', 'spk_status', 'value'][0m
  [PASS] dokumen yang SUDAH punya SPK ditandai di pemilih (penolakan bisa diduga sebelum tombol ditekan)  [2mSRET-00003 · Butik Bali Indah · sudah ada SPK KSC/INS-00010 (sudah diputuskan); SRET-00001 · Toko Kain Sejahte[0m
  [PASS] pemilih hasil makloon berisi order yang sudah menyerahkan hasil  [2mHTTP 200 · 4 pilihan[0m
  [PASS] label menyebut NOMOR + NAMA MITRA — dua fakta yang hidup di tempat berbeda (`mko_number` di akar, `makloon_name` di `steps[]`)  [2mMKO-00005 · PT Bleaching Pratama; MKO-00004 · PT Rotary Print Indah; MKO-00003 · PT Tenun Nusantara Jaya; MKO-00001 · PT[0m
  [PASS] order makloon yang BELUM menyerahkan hasil TIDAK ditawarkan (SPK-nya akan lahir nol baris)  [2m1 tanpa hasil: ['MKO-00002'][0m
  [PASS] …dan bila dipaksa lewat API: 400 ber-kalimat menuntun, bukan dokumen kosong  [2mHTTP 400 · Order makloon MKO-00002 belum menyerahkan hasil apa pun — belum ada gulungan yang bisa diperiksa. Te[0m
  [PASS] ada order makloon yang belum ber-SPK untuk diuji  [2m4[0m
  [PASS] SPK hasil makloon diterbitkan dari pilihan itu  [2mHTTP 200 {"id":"ins_b5db5402e9f5","number":"KSC/INS-00012","entity_id":"ent_ksc","line_code":"printing","kind":"makloon_output","ref_doc_type":"makloon_order","ref_doc_id":"mko_da838d24037f","ref_doc_number":"[0m
  [PASS] dokumen menyebut NOMOR order makloonnya, sama dengan yang tertulis di pemilih (satu definisi, dua permukaan)  [2mMKO-00005 ⊂ “MKO-00005 · PT Bleaching Pratama”[0m
  [PASS] …dan NAMA MITRA yang menyerahkan hasil akhirnya  [2mPT Bleaching Pratama[0m
  [PASS] …dan BERISI BARIS: satu baris per gulungan hasil (SPK nol baris = dokumen mati yang tidak bisa diperiksa siapa pun)  [2m2 baris[0m
  [PASS] setiap baris menunjuk roll fisik yang nyata  [2m2 baris ber-roll[0m
  [91m[FAIL][0m SPK KEDUA atas dokumen yang sama DITOLAK & menyebut nomor SPK yang sudah ada (satu barang, satu pemeriksa)
         → HTTP 400 · Dokumen ini sudah punya SPK yang masih berjalan: KSC/INS-00011 (Draf (belum ditugaskan)). Lanjutkan SPK itu — 
  [PASS] dokumen sumber milik PT lain DITOLAK meski id-nya ditebak lewat API — pagarnya di LAYANAN, bukan hanya di pemilih  [2mHTTP 400 · PRET-00003[0m
  [PASS] modul API layar inspeksi TIDAK memanggil endpoint modul lain — kalau kembali, panel gudang mati lagi dan `audit_sales_roles_ux` memerah  [2mnol pemanggilan lintas modul[0m

[93mI8 · Gate INV-QC-01..03 dijalankan sungguhan — dan dibuktikan BISA MEMERAH[0m
  [PASS] keadaan sekarang: invarian INV-QC HIJAU  [2mexit 0 · urn_quarantine, roll_created)

[1m================================================================[0m
  [92mPASS 4[0m  |  [91mFAIL 0[0m  |  [93mWARN 0[0m
  [92m[1mSEMUA INVARIAN VALID.[0m

[0m
  [PASS] poin dokumen digeser sepihak → INV-QC-01 MEMERAH (invarian bukan hiasan)  [2mexit 1 · uarantine_release, return_quarantine, roll_created)

[1m================================================================[0m
  [92mPASS 3[0m  |  [91mFAIL 1[0m  |  [93mWARN 0[0m
  [91m[1mINTEGRITY VIOLATION — blokir seed/deploy sampai diperbaiki.[0m

[0m
  [PASS] dipulihkan → INV-QC kembali HIJAU  [2mexit 0[0m
  [PASS] gate `INV-APPR-01` HIJAU (pintu keputusan inspeksi punya antreannya)  [2mexit 0 · , 'so_verify', 'transfer']
[96m[1m== INV-APPR-01 — tiap pintu keputusan punya antrean yang menghitungnya ==[0m
[92m[PASS][0m 248 cek lolos, 0 pelanggaran.
[0m
  [PASS] gate `INV-HOME-01` HIJAU (KPI beranda punya opini kedua untuk tahanan)  [2mexit 0 · pserted': 0, 'nMatched': 0, 'nModified': 0, 'nRemoved': 0, 'upserted': []}[0m
[92m  [snapshot] 18 koleksi dipulihkan ke keadaan sebelum uji — nol residu.[0m
[0m
  [PASS] gate `INV-QTY-01` HIJAU (dua satuan sampai ke dokumen inspeksi)  [2mexit 0 ·  PDF ber-kolom roll: 14
[96m[1m== INV-QTY-01 — dua satuan (roll + ukuran) satu arti di layar · PDF · CSV ==[0m
[92m[PASS][0m 759 cek lolos, 0 pelanggaran.
[0m

[93mI11 · CLEANUP + NOL RESIDU (diukur, bukan diklaim)[0m
[91m  [poc-stock] restore GAGAL: batch op errors occurred, full error: {'writeErrors': [{'index': 0, 'code': 11000, 'errmsg': "E11000 duplicate key error collection: test_database.inventory_rolls index: _id_ dup key: { _id: ObjectId('6ab561019fabd886bdb0d85a') }", 'keyPattern': {'_id': 1}, 'keyValue': {'_id': ObjectId('6ab561019fabd886bdb0d85a')}, 'op': {'_id': ObjectId('6ab561019fabd886bdb0d85a'), 'id': 'roll_20aa4fc8cdc3', 'product_id': 'prod_batik_mega', 'owner_entity_id': 'ent_ksc', 'owner  [92m[poc-stock] stok dipulihkan EKSAK (370 dokumen, 8 koleksi) — nol residu roll & saldo.[0m
  [PASS] stok · buku besar · kas dipulihkan EKSAK (poc_stock_guard)
  [PASS] nol residu: jumlah dokumen tiap koleksi SAMA sebelum & sesudah POC  [2m6 koleksi identik[0m
  [PASS] invarian INV-QC tetap HIJAU sesudah pembersihan  [2mexit 0 · urn_quarantine, roll_created)

[1m================================================================[0m
  [92mPASS 4[0m  |  [91mFAIL 0[0m  |  [93mWARN 0[0m
  [92m[1mSEMUA INVARIAN VALID.[0m

[0m

[1m==============================================================================
  HASIL: [92m93 PASS[0m · [92m0 FAIL[0m dari 93 pemeriksaan
==============================================================================[0m
  [92m✓ POC FASE I (inspeksi & QC: SPK otomatis · grade dari mesin lama · tahanan warna dilepas manajer · nol residu) PASS[0m (12s)

[96m[1m▶ POC FASE N (notifikasi beralamat: izin & divisi · dedupe per orang · nol siaran 'all')[0m
==============================================================================
  POC FASE N — NOTIFIKASI SAMPAI KE ORANG YANG BENAR
==============================================================================
  [snapshot] 146 notifikasi disimpan — akan dipulihkan PERSIS.

[93mN1 · low_stock hanya ke pemegang wewenang beli[0m
  [PASS] job menghasilkan notifikasi stok menipis  (68 notifikasi dari job, 64 di antaranya low_stock)
  [PASS] NOL notifikasi stok ber-recipient_role="all" (dulu 9)  (0 yang masih 'all')
  [PASS] setiap pesan stok ber-ALAMAT ORANG (recipient_user terisi)
  [PASS] penerimanya HANYA pemegang `purchase_order.create`  (nyasar ke: [])
  [PASS] kotak FINANCE menerima 0 pesan stok kain (inti keluhan D5)
  [PASS] kotak SALES juga bersih dari pesan stok

[93mN4 · dedupe PER ORANG (job dua kali → tetap satu per orang)[0m
  [PASS] job kedua TIDAK menambah satu pun pesan stok (dedupe harian per orang)  (64 → 64)
  [PASS] kunci dedupe UNIK per orang (INV-PS21-01 tetap berlaku)  (64 pesan, 64 kunci)
  [PASS] semua penerima berwenang mendapat JUMLAH yang sama (tak ada yang tertelan)  (4 orang × [16] pesan)

[93mN2 · ar_due_soon MASUK kotak Finance[0m
  [PASS] data demo tidak punya piutang di offset H-3/H-1/H/H+1 — alamat diuji lewat penyelesainya  (job melaporkan {'created': 0, 'scanned': 0, 'detail': '0 order pada offset H-3, H-1, H, H+1'})
  [PASS] penyelesai alamat piutang MEMUAT Finance (dulu tidak pernah)  (8 penerima berwenang)
  [PASS] ref piutang tetap memuat offset sah (INV-PS21-02 tidak dilanggar)

[93mN3 · PO custom diajukan → pemegang keputusan diberi tahu[0m
  [FAIL] PO custom dibuat lewat API
         → HTTP 500 Internal Server Error

[93mN3b · PO custom LAMA (tak lewat endpoint) juga dapat penerima[0m
  [PASS] dokumen warisan yang menunggu keputusan MENDAPAT penerima lewat job (bukan hanya dokumen yang lahir lewat endpoint)  (4 penerima · 1 notifikasi sebelumnya)
  [PASS] penerimanya HANYA pemegang wewenang menyetujui pesanan (bukan siaran)
  [PASS] nol notifikasi PO custom ber-recipient_role="all"
  [PASS] job dijalankan DUA KALI → tiap orang tetap satu pesan (dedupe per orang)  (4 → 4)

[93mN5 · notifikasi ber-ENTITAS (PT-A tidak melihat milik PT-B)[0m
  [PASS] membaca dalam konteks PT-A TIDAK memunculkan notifikasi PT-B
  [PASS] …tetapi dalam konteks PT-B notifikasi itu memang terlihat (bukti pagarnya menyaring, bukan menyembunyikan semuanya)

[93mN6 · alamat mengikuti IZIN, bukan nama peran[0m
  [PASS] sebelum diubah: manajer termasuk penerima  (4 orang)
  [PASS] sesudah izin DICABUT dari layar Matriks Izin: manajer berhenti menerima — tanpa satu baris kode pun diubah  (4 → 1 orang)
  [PASS] matriks izin dipulihkan (nol residu izin)  (4 orang)

[93mN7 · penyelesai TIDAK pernah jatuh ke "kirim ke semua"[0m
  [PASS] izin yang tak dipegang siapa pun → NOL penerima, bukan siaran  (0 penerima)
  [PASS] divisi yang tidak ada → NOL penerima
  [PASS] badan usaha yang bukan penugasan siapa pun → NOL penerima (pagar entitas ikut berlaku pada ALAMAT, bukan hanya pada pembacaan)

[93mN8 · nol residu[0m
  [PASS] koleksi notifikasi dipulihkan PERSIS ke jumlah semula  (146 → 146)
  [PASS] dokumen PO custom uji dibersihkan  (sisa 0)
  · jejak dibuang={'audit_logs': 3, 'sessions': 2}
  [PASS] koleksi jejak `audit_logs` kembali PERSIS seperti sebelum POC (INV-GATE-01 tidak boleh memerah karena POC ini)  (116 → 116)
  [PASS] koleksi jejak `sessions` kembali PERSIS seperti sebelum POC (INV-GATE-01 tidak boleh memerah karena POC ini)  (89 → 89)
  [PASS] matriks izin tidak ditinggalkan dalam keadaan tercabut
  [PASS] baris matriks izin `permission_settings/default` kembali seperti sebelum POC  (semula=ada)

==============================================================================
  HASIL: [92m30 PASS[0m · [91m1 FAIL[0m dari 31 pemeriksaan
==============================================================================
  [91m✗ POC FASE N (notifikasi beralamat: izin & divisi · dedupe per orang · nol siaran 'all') FAIL (rc=1)[0m (2s)

[96m[1m▶ audit_endpoint_sweep (semua GET → 5xx · paralel)[0m
[96m  [snapshot] 116 dokumen dari 2 koleksi disimpan — data demo akan dipulihkan setelah uji.[0m

[1mKN3 ENDPOINT SWEEP — 578 GET routes (paralel x12)[0m
  OK(data): 356  EMPTY: 49  5xx/EXC: 0  4xx: 153  SKIPPED: 20

[91m[1m=== 5xx / EXCEPTIONS (BUG NYATA) ===[0m
  [92mnone[0m

[93m=== 4xx (auth/validasi — review) ===[0m
  [404] /api/access/roles/{rid}
  [404] /api/amendments/{amd_id}
  [404] /api/approval-rules/{rule_id}
  [422] /api/ar-receipts/deposit
  [422] /api/ar-receipts/open-orders
  [404] /api/ar-receipts/{receipt_id}
  [404] /api/bank-accounts/{account_id}/ledger
  [422] /api/bank-reconciliation/lines
  [400] /api/bank-reconciliation/lines/{line_id}/candidates
  [422] /api/bank-reconciliation/summary
  [404] /api/cash-advance-settlements/{stl_id}
  [404] /api/cash-advances/{ca_id}
  [422] /api/color-library/nearest
  [404] /api/color-library/{color_id}/links
  [422] /api/config/explain
  [400] /api/contra-bons/bank-line-candidates/{line_id}
  [422] /api/contra-bons/prepare
  [404] /api/contra-bons/{cb_id}
  [404] /api/contra-bons/{cb_id}/receipt
  [404] /api/credit-notes/{cn_id}
  [422] /api/customer-prices
  [422] /api/customer-prices/export
  [422] /api/customer-prices/floor
  [422] /api/customer-prices/quote
  [404] /api/design-gallery/{gallery_id}
  [404] /api/design-gallery/{gallery_id}/files/{file_id}
  [404] /api/design-gallery/{gallery_id}/history
  [404] /api/design-requests/{req_id}
  [404] /api/design-requests/{req_id}/references/{file_id}
  [422] /api/documents/resolve
  [404] /api/documents/{doc_id}/print
  [404] /api/entities/{entity_id}
  [404] /api/entities/{entity_id}/audit
  [404] /api/entities/{entity_id}/deactivation-impact
  [404] /api/entities/{entity_id}/readiness
  [404] /api/finance-cases/{case_id}
  [422] /api/finance/budget-vs-actual
  [422] /api/finance/closing/preview
  [422] /api/finance/closing/status
  [404] /api/fixed-assets/{asset_id}
  [404] /api/fulfillment/wizard/{so_id}
  [422] /api/gl/inventory-drift-explain
  [404] /api/gl/journal/{entry_id}
  [404] /api/hr/employees/{employee_id}
  [404] /api/hr/employees/{employee_id}/360
  [422] /api/hr/field-tracks
  [404] /api/hr/payroll/runs/{run_id}
  [404] /api/hr/payslips/{slip_id}
  [404] /api/hr/payslips/{slip_id}/pdf
  [400] /api/inbound/po/{po_id}/receiving-goods-document
  [400] /api/inbound/tasks/{task_id}/scanned-rolls
  [400] /api/inbound/tasks/{task_id}/uom-options
  [404] /api/input-tax-invoices/{fpm_id}
  [404] /api/inspections/{ins_id}
  [404] /api/inspections/{ins_id}/pdf
  [404] /api/interco/loans/{loan_id}
  [404] /api/interco/returns/{ret_id}
  [404] /api/interco/settlements/{sid}
  [404] /api/interco/transactions/{interco_id}
  [404] /api/interco/transactions/{interco_id}/journal
  [400] /api/interco/transactions/{interco_id}/returnable
  [404] /api/interco/transactions/{interco_id}/tax-invoice
  [404] /api/internal-requests/{req_id}
  [404] /api/internal-requests/{req_id}/sources
  [422] /api/inventory/rolls/available
  [404] /api/inventory/rolls/{roll_id}/cost-history
  [404] /api/inventory/rolls/{roll_id}/grade-history
  [404] /api/inventory/rolls/{roll_id}/journey-timeline
  [404] /api/landed-costs/{voucher_id}
  [404] /api/logistics/deliveries/{delivery_id}
  [404] /api/logistics/deliveries/{delivery_id}/photos/{photo_id}
  [404] /api/lots/{lot_id}
  [404] /api/lots/{lot_id}/genealogy
  [404] /api/lots/{lot_id}/recall
  [404] /api/makloon-orders/{mko_id}
  [404] /api/makloons/{makloon_id}
  [404] /api/makloons/{makloon_id}/scorecard
  [404] /api/marketing/posts/{pid}
  [404] /api/marketing/posts/{pid}/attachments/{fid}
  [400] /api/outbound/so/{order_id}/surat-jalan
  [404] /api/payment-variances/receipt/{receipt_id}
  [404] /api/payment-variances/{decision_id}
  [404] /api/penalties/{penalty_id}
  [422] /api/pos/frequently-bought-together
  [422] /api/pos/substitutes
  [422] /api/price-approvals/effective
  [422] /api/price-approvals/hint
  [404] /api/price-approvals/{approval_id}
  [404] /api/price-approvals/{approval_id}/attachments/{att_id}/download
  [404] /api/product-templates/{template_id}
  [404] /api/product-templates/{template_id}/summary
  [404] /api/production/boms/{bom_id}
  [404] /api/production/work-orders/{wo_id}
  [404] /api/products/{product_id}/media/{media_id}/content
  [400] /api/purchase-orders/resolve-sourcing
  [404] /api/purchase-requisitions/{pr_id}
  [422] /api/purchase-requisitions/{pr_id}/makloon-prefill
  [404] /api/purchase-requisitions/{pr_id}/sourcing
  [422] /api/purchase-returns/source-rolls
  [404] /api/purchase-returns/{return_id}
  [422] /api/putaway-orders/suggest
  [404] /api/rfid/cycle-counts/{cc_id}
  [401] /api/rfid/device-jobs/pending
  [400] /api/rfid/labels
  [422] /api/rfid/lookup
  [404] /api/rfid/print-jobs/{job_id}
  [404] /api/rfid/print-jobs/{job_id}/zpl
  [404] /api/rfid/roll-scans/{roll_id}
  [404] /api/rfqs/{rfq_id}
  [404] /api/rfqs/{rfq_id}/compare
  [400] /api/rnd/labdip-history
  [422] /api/rnd/reports/designer-kpi/report
  [404] /api/rnd/samples/{sample_id}
  [404] /api/rnd/samples/{sample_id}/rounds/{round_id}/attachments/{file_id}
  [404] /api/rnd/specs/{spec_id}
  [404] /api/rolls/{roll_id}/lot
  [404] /api/sales-orders/{order_id}/approvals/{approval_id}/evidence/{att_id}/download
  [422] /api/sales-return-policies/eligibility
  [404] /api/sales-return-policies/{policy_id}
  [404] /api/sales-returns/{return_id}
  [404] /api/sales-returns/{return_id}/attachments/{att_id}/download
  [404] /api/sales-returns/{return_id}/quarantine
  [422] /api/sales/commission
  [422] /api/sales/incentive/gl-status
  [422] /api/sample-quote
  [422] /api/settings/compute-tax
  [422] /api/settings/evaluate-approval
  [404] /api/shipments/{shipment_id}/surat-jalan
  [404] /api/special-orders/{order_id}
  [404] /api/special-orders/{order_id}/customer-decision/evidence/{file_id}
  [404] /api/special-orders/{order_id}/pricing
  [404] /api/special-orders/{order_id}/references/{file_id}
  [422] /api/stock/atp
  [422] /api/store-credit/balance
  [422] /api/store-credit/open-orders
  [404] /api/supplier-contracts/{contract_id}
  [422] /api/supplier-items/lookup
  [404] /api/supplier-items/{sid}
  [400] /api/supplier-price-list/resolve
  [404] /api/suppliers/{supplier_id}
  [404] /api/suppliers/{supplier_id}/360
  [404] /api/suppliers/{supplier_id}/label-pattern
  [404] /api/suppliers/{supplier_id}/price-list
  [404] /api/suppliers/{supplier_id}/return-policy
  [404] /api/suppliers/{supplier_id}/scorecard
  [404] /api/tax-invoices/{fkt_id}
  [404] /api/tax-invoices/{fkt_id}/document
  [404] /api/transfers/{transfer_id}
  [404] /api/users/{user_id}
  [404] /api/vendor-bills/{bill_id}
  [422] /api/wilayah/districts
  [422] /api/wilayah/regencies
  [422] /api/wilayah/villages

[93m=== EMPTY (200 tapi 0 items — verifikasi disengaja) ===[0m
  /api/approvals/matrix-log
  /api/ar/aging/{customer_id}
  /api/bank-reconciliation/rules
  /api/cash-advance-settlements
  /api/cash-advances
  /api/color-library/customer-colors
  /api/color-library/supplier-variants
  /api/color-library/use-requests
  /api/config/history
  /api/credit-overrides
  /api/crm/interactions
  /api/crm/leads
  /api/customer-feedback
  /api/data-hygiene/preview
  /api/design-requests-for-so/{so_id}
  /api/documents/trace-search
  /api/finance/closing
  /api/finance/period-unlocks
  /api/finance/period-unlocks/active
  /api/hr/visits/mine
  /api/inbound/qc/tasks/{task_id}/rolls
  /api/inbound/scan-label/stats
  /api/input-tax-invoices
  /api/inspections/meta/ref-docs
  /api/inspections/queue/qc-tasks
  /api/interco/loans
  /api/invoices
  /api/logistics/deliveries
  /api/logistics/fleet/vehicles
  /api/logistics/history
  /api/marketing/accounts
  /api/marketing/campaigns
  /api/marketing/posts
  /api/marketing/templates
  /api/payment-variances/pending
  /api/products/{product_id}/media
  /api/purchase-orders/blanket
  /api/saga-locks
  /api/sales-orders/frequent-products
  /api/sales-orders/{order_id}/invoices
  /api/sales-return-policies
  /api/sample-orders
  /api/scheduler/wa-outbox
  /api/stock/holds
  /api/stock/wip
  /api/tax/pph-records
  /api/vehicle-usage-logs
  /api/vehicles
  /api/wilayah/search

=== SKIPPED (param tak bisa di-resolve) ===
  /api/amendments/doc/{doc_type}/{doc_id}
  /api/approvals/queue-board/{key}
  /api/deliveries/whatsapp/recipient/{doc_type}/{source_id}
  /api/deliveries/{doc_type}/{source_id}
  /api/documents/refs/{doc_type}/{doc_id}
  /api/documents/relations/{doc_type}/{doc_id}
  /api/documents/trace/{doc_type}/{doc_id}
  /api/entity-masters/{kind}
  /api/entity-masters/{kind}/effective
  /api/enums/{name}
  /api/esign/signatures/{doc_type}/{source_id}
  /api/esign/verify/{code}
  /api/gl/accounts/{code}/ledger
  /api/payment-plans/by-doc/{doc_type}/{doc_id}
  /api/pdf/documents/{doc_type}
  /api/pdf/render/{doc_type}/{source_id}
  /api/pdf/sample/{doc_type}
  /api/pdf/templates/{doc_type}
  /api/process-stages/for-line/{line_code}
  /api/wilayah/postal-code/{code}
[92m  [snapshot] 2 koleksi dipulihkan ke keadaan sebelum uji — nol residu.[0m
  [92m✓ audit_endpoint_sweep (semua GET → 5xx · paralel) PASS[0m (10s)

[96m[1m▶ health_check (isi endpoint kritis)[0m
[96m  [snapshot] 116 dokumen dari 2 koleksi disimpan — data demo akan dipulihkan setelah uji.[0m

[1m============================================================[0m
[1m[96m  KN3 — HEALTH CHECK[0m
  API: http://localhost:8001
  Waktu: 2026-09-24 17:47:23
[1m============================================================[0m
[92m  ✓ Login berhasil
[0m
  [92m[PASS][0m /api/                                    [92mOK[0m
  [92m[PASS][0m /api/auth/me                             [92mOK[0m
  [92m[PASS][0m /api/dashboard                           [92mOK[0m
  [92m[PASS][0m /api/products                            [92m20 items[0m
  [92m[PASS][0m /api/customers                           [92m4 items[0m
  [92m[PASS][0m /api/warehouses                          [92m3 items[0m
  [92m[PASS][0m /api/uoms                                [92m8 items[0m
  [92m[PASS][0m /api/users                               [92m17 items[0m
  [92m[PASS][0m /api/inventory/balances                  [92m24 items[0m
  [92m[PASS][0m /api/inventory/status-board              [92m20 items[0m
  [92m[PASS][0m /api/inventory/movements                 [92m79 items[0m
  [92m[PASS][0m /api/sales-orders                        [92m9 items[0m
  [92m[PASS][0m /api/sales-orders/stats/summary          [92mOK[0m
  [92m[PASS][0m /api/purchase-orders                     [92m12 items[0m
  [92m[PASS][0m /api/wms/tasks                           [92m22 items[0m
  [92m[PASS][0m /api/inbound/tasks                       [92m15 items[0m
  [92m[PASS][0m /api/outbound/tasks                      [92m7 items[0m
  [92m[PASS][0m /api/transfers                           [92m7 items[0m
  [92m[PASS][0m /api/cycle-count/sessions                [92m2 items[0m
  [93m[WARN][0m /api/invoices                            [93m0 items (kosong — perlu seed?)[0m  (Finance: invoices)
  [92m[PASS][0m /api/bank-accounts                       [92m3 items[0m
  [92m[PASS][0m /api/document-templates                  [92m2 items[0m
  [92m[PASS][0m /api/audit-logs                          [92m101 items[0m
  [92m[PASS][0m /api/reports/summary                     [92mOK[0m

[1m============================================================[0m
  [92mPASS[0m 23  |  [93mWARN[0m 1  |  [91mFAIL[0m 0
[1m============================================================[0m
[93m
  INFO — beberapa endpoint 0 items (normal bila belum di-seed).
[0m
[92m  [snapshot] 2 koleksi dipulihkan ke keadaan sebelum uji — nol residu.[0m
  [92m✓ health_check (isi endpoint kritis) PASS[0m (2s)

[96m[1m▶ INV-GATE-01 anti-residu (gate tak boleh merusak data)[0m

[1mINV-GATE-01 — apakah menjalankan gate merusak data?[0m
  [91m[FAIL][0m gate MENINGGALKAN RESIDU (15 perubahan):
    [91m✗[0m koleksi 'inventory_movements': 67 -> 85 dok  (selisih +18)
    [91m✗[0m koleksi 'inventory_rolls': 66 -> 81 dok  (selisih +15)
    [91m✗[0m koleksi 'audit_logs': 105 -> 116 dok  (selisih +11)
    [91m✗[0m koleksi 'notifications': 116 -> 118 dok  (selisih +2)
    [91m✗[0m koleksi 'inventory_lots': 35 -> 38 dok  (selisih +3)
    [91m✗[0m koleksi 'design_requests': 4 -> 5 dok  (selisih +1)
    [91m✗[0m koleksi 'inspections': 3 -> 5 dok  (selisih +2)
    [91m✗[0m koleksi 'journal_entries': 109 -> 117 dok  (selisih +8)
    [91m✗[0m koleksi 'md_samples': 28 -> 29 dok  (selisih +1)
    [91m✗[0m balance 'prod_tenun_ikat|wh_surabaya'.quarantine_qty: 0.0 -> 30.0
    [91m✗[0m balance 'prod_tenun_ikat|wh_surabaya'.on_hand_qty: 245.0 -> 275.0
    [91m✗[0m balance 'prod_tenun_ikat|wh_surabaya'.owned_qty: 245.0 -> 275.0
    [91m✗[0m balance 'prod_tenun_ikat|wh_jakarta'.quarantine_qty: 0.0 -> 450.0
    [91m✗[0m balance 'prod_tenun_ikat|wh_jakarta'.on_hand_qty: 320.0 -> 770.0
    [91m✗[0m balance 'prod_tenun_ikat|wh_jakarta'.owned_qty: 320.0 -> 770.0
  [93m→ Guardrail runtime wajib memulihkan data: pakai `run_with_restore(main)` / `DbSnapshot` dari scripts/guardrails/_common.py.[0m
  [91m✗ INV-GATE-01 anti-residu (gate tak boleh merusak data) FAIL (rc=1)[0m (1s)

[96m[1m==============================================================[0m
  [91m[1m✗ ADA GATE MERAH.[0m  327s · Lihat detail di atas & memory/GATE_RECEIPT.md
[96m[1m==============================================================[0m

2026-09-24T17:42:27.074184+00:00', 'created_by': 'seed', 'created_by_name': 'System Seed', 'lot_id': 'lot_a9e3c8159f33', 'defects': [], 'landed_cost_refs': []}}, {'index': 14, 'code': 11000, 'errmsg': "E11000 duplicate key error collection: test_database.inventory_rolls index: _id_ dup key: { _id: ObjectId('6ab561019fabd886bdb0d868') }", 'keyPattern': {'_id': 1}, 'keyValue': {'_id': ObjectId('6ab561019fabd886bdb0d868')}, 'op': {'_id': ObjectId('6ab561019fabd886bdb0d868'), 'id': 'roll_2dde7618645d', 'product_id': 'prod_batik_mega', 'owner_entity_id': 'ent_ksc', 'ownership_type': 'internal', 'consignor_ref': None, 'warehouse_id': 'wh_bandung', 'bin_id': None, 'lot': 'LOT-002', 'dye_lot': 'LOT-002', 'batch': 'BATCH-002', 'roll_no': 'RL-00015', 'length_initial': 150.0, 'length_remaining': 150.0, 'unit': 'yard', 'grade': 'A', 'stage': 'finished', 'fabric_type': 'woven', 'line_code': 'printing', 'status': 'available', 'tracking_mode': 'rfid', 'earmarked_for': None, 'secondary_measures': None, 'location_type': 'warehouse_bin', 'reserved_ref': None, 'base_unit_cost': 122100.0, 'unit_cost': 122100.0, 'landed_cost_total': 0.0, 'acquired': {'via': 'initial', 'ref_id': 'seed', 'date': '2026-09-24T17:42:25.876028+00:00'}, 'rfid_tag_id': 'rtag_d156b22918b3', 'is_remnant': False, 'created_at': '2026-09-24T17:42:25.876029+00:00', 'updated_at': '2026-09-24T17:42:27.050533+00:00', 'created_by': 'seed', 'created_by_name': 'System Seed', 'lot_id': 'lot_a9e3c8159f33', 'defects': [], 'landed_cost_refs': []}}, {'index': 15, 'code': 11000, 'errmsg': "E11000 duplicate key error collection: test_database.inventory_rolls index: _id_ dup key: { _id: ObjectId('6ab561019fabd886bdb0d869') }", 'keyPattern': {'_id': 1}, 'keyValue': {'_id': ObjectId('6ab561019fabd886bdb0d869')}, 'op': {'_id': ObjectId('6ab561019fabd886bdb0d869'), 'id': 'roll_a5be6b0e6467', 'product_id': 'prod_batik_mega', 'owner_entity_id': 'ent_ksc', 'ownership_type': 'internal', 'consignor_ref': None, 'warehouse_id': 'wh_bandung', 'bin_id': None, 'lot': 'LOT-002', 'dye_lot': 'LOT-002', 'batch': 'BATCH-002', 'roll_no': 'RL-00016', 'length_initial': 150.0, 'length_remaining': 150.0, 'unit': 'yard', 'grade': 'A', 'stage': 'finished', 'fabric_type': 'woven', 'line_code': 'printing', 'status': 'available', 'tracking_mode': 'rfid', 'earmarked_for': None, 'secondary_measures': None, 'location_type': 'warehouse_bin', 'reserved_ref': None, 'base_unit_cost': 122100.0, 'unit_cost': 122100.0, 'landed_cost_total': 0.0, 'acquired': {'via': 'initial', 'ref_id': 'seed', 'date': '2026-09-24T17:42:25.876041+00:00'}, 'rfid_tag_id': 'rtag_7c8694193006', 'is_remnant': False, 'created_at': '2026-09-24T17:42:25.876043+00:00', 'updated_at': '2026-09-24T17:42:27.051771+00:00', 'created_by': 'seed', 'created_by_name': 'System Seed', 'lot_id': 'lot_a9e3c8159f33', 'defects': [], 'landed_cost_refs': []}}, {'index': 16, 'code': 11000, 'errmsg': "E11000 duplicate key error collection: test_database.inventory_rolls index: _id_ dup key: { _id: ObjectId('6ab561019fabd886bdb0d86a') }", 'keyPattern': {'_id': 1}, 'keyValue': {'_id': ObjectId('6ab561019fabd886bdb0d86a')}, 'op': {'_id': ObjectId('6ab561019fabd886bdb0d86a'), 'id': 'roll_f118ce01f808', 'product_id': 'prod_batik_mega', 'owner_entity_id': 'ent_ksc', 'ownership_type': 'internal', 'consignor_ref': None, 'warehouse_id': 'wh_bandung', 'bin_id': None, 'lot': 'LOT-002', 'dye_lot': 'LOT-002', 'batch': 'BATCH-002', 'roll_no': 'RL-00017', 'length_initial': 20.0, 'length_remaining': 20.0, 'unit': 'yard', 'grade': 'A', 'stage': 'finished', 'fabric_type': 'woven', 'line_code': 'printing', 'status': 'available', 'tracking_mode': 'rfid', 'earmarked_for': None, 'secondary_measures': None, 'location_type': 'warehouse_bin', 'reserved_ref': None, 'base_unit_cost': 122100.0, 'unit_cost': 122100.0, 'landed_cost_total': 0.0, 'acquired': {'via': 'initial', 'ref_id': 'seed', 'date': '2026-09-24T17:42:25.876053+00:00'}, 'rfid_tag_id': 'rtag_7b88016a1c19', 'is_remnant': False, 'created_at': '2026-09-24T17:42:25.876055+00:00', 'updated_at': '2026-09-24T17:42:27.023572+00:00', 'created_by': 'seed', 'created_by_name': 'System Seed', 'lot_id': 'lot_a9e3c8159f33', 'defects': [], 'landed_cost_refs': []}}, {'index': 17, 'code': 11000, 'errmsg': "E11000 duplicate key error collection: test_database.inventory_rolls index: _id_ dup key: { _id: ObjectId('6ab561019fabd886bdb0d86b') }", 'keyPattern': {'_id': 1}, 'keyValue': {'_id': ObjectId('6ab561019fabd886bdb0d86b')}, 'op': {'_id': ObjectId('6ab561019fabd886bdb0d86b'), 'id': 'roll_629c99618d91', 'product_id': 'prod_lurik_classic', 'owner_entity_id': 'ent_ksc', 'ownership_type': 'internal', 'consignor_ref': None, 'warehouse_id': 'wh_bandung', 'bin_id': None, 'lot': 'LOT-001', 'dye_lot': 'LOT-001', 'batch': 'BATCH-001', 'roll_no': 'RL-00018', 'length_initial': 40.0, 'length_remaining': 40.0, 'unit': 'yard', 'grade': 'A', 'stage': 'finished', 'fabric_type': 'woven', 'line_code': 'woven', 'status': 'reserved', 'tracking_mode': 'rfid', 'earmarked_for': None, 'secondary_measures': None, 'location_type': 'warehouse_bin', 'reserved_ref': {'type': 'sales_order', 'id': 'so_006'}, 'base_unit_cost': 58900.0, 'unit_cost': 58900.0, 'landed_cost_total': 0.0, 'acquired': {'via': 'initial', 'ref_id': 'seed', 'date': '2026-09-24T17:42:25.876373+00:00'}, 'rfid_tag_id': 'rtag_5c628738cd62', 'is_remnant': False, 'created_at': '2026-09-24T17:42:25.876375+00:00', 'updated_at': '2026-09-24T17:42:27.079968+00:00', 'created_by': 'seed', 'created_by_name': 'System Seed', 'lot_id': 'lot_fd9f25f65b4c', 'defects': [], 'landed_cost_refs': []}}, {'index': 18, 'code': 11000, 'errmsg': "E11000 duplicate key error collection: test_database.inventory_rolls index: _id_ dup key: { _id: ObjectId('6ab561019fabd886bdb0d86c') }", 'keyPattern': {'_id': 1}, 'keyValue': {'_id': ObjectId('6ab561019fabd886bdb0d86c')}, 'op': {'_id': ObjectId('6ab561019fabd886bdb0d86c'), 'id': 'roll_3bc1ec12a9fb', 'product_id': 'prod_lurik_classic', 'owner_entity_id': 'ent_ksc', 'ownership_type': 'internal', 'consignor_ref': None, 'warehouse_id': 'wh_bandung', 'bin_id': None, 'lot': 'LOT-001', 'dye_lot': 'LOT-001', 'batch': 'BATCH-001', 'roll_no': 'RL-00019', 'length_initial': 150.0, 'length_remaining': 150.0, 'unit': 'yard', 'grade': 'A', 'stage': 'finished', 'fabric_type': 'woven', 'line_code': 'woven', 'status': 'available', 'tracking_mode': 'rfid', 'earmarked_for': None, 'secondary_measures': None, 'location_type': 'warehouse_bin', 'reserved_ref': None, 'base_unit_cost': 58900.0, 'unit_cost': 58900.0, 'landed_cost_total': 0.0, 'acquired': {'via': 'initial', 'ref_id': 'seed', 'date': '2026-09-24T17:42:25.876387+00:00'}, 'rfid_tag_id': 'rtag_698b43ffdda6', 'is_remnant': False, 'created_at': '2026-09-24T17:42:25.876388+00:00', 'updated_at': '2026-09-24T17:42:27.053279+00:00', 'created_by': 'seed', 'created_by_name': 'System Seed', 'lot_id': 'lot_fd9f25f65b4c', 'defects': [], 'landed_cost_refs': []}}, {'index': 19, 'code': 11000, 'errmsg': "E11000 duplicate key error collection: test_database.inventory_rolls index: _id_ dup key: { _id: ObjectId('6ab561019fabd886bdb0d86d') }", 'keyPattern': {'_id': 1}, 'keyValue': {'_id': ObjectId('6ab561019fabd886bdb0d86d')}, 'op': {'_id': ObjectId('6ab561019fabd886bdb0d86d'), 'id': 'roll_066fe122504f', 'product_id': 'prod_lurik_classic', 'owner_entity_id': 'ent_ksc', 'ownership_type': 'internal', 'consignor_ref': None, 'warehouse_id': 'wh_bandung', 'bin_id': None, 'lot': 'LOT-001', 'dye_lot': 'LOT-001', 'batch': 'BATCH-001', 'roll_no': 'RL-00020', 'length_initial': 150.0, 'length_remaining': 150.0, 'unit': 'yard', 'grade': 'A', 'stage': 'finished', 'fabric_type': 'woven', 'line_code': 'woven', 'status': 'available', 'tracking_mode': 'rfid', 'earmarked_for': None, 'secondary_measures': None, 'location_type': 'warehouse_bin', 'reserved_ref': None, 'base_unit_cost': 58900.0, 'unit_cost': 58900.0, 'landed_cost_total': 0.0, 'acquired': {'via': 'initial', 'ref_id': 'seed', 'date': '2026-09-24T17:42:25.876399+00:00'}, 'rfid_tag_id': 'rtag_fef62782f593', 'is_remnant': False, 'created_at': '2026-09-24T17:42:25.876401+00:00', 'updated_at': '2026-09-24T17:42:27.054879+00:00', 'created_by': 'seed', 'created_by_name': 'System Seed', 'lot_id': 'lot_fd9f25f65b4c', 'defects': [], 'landed_cost_refs': []}}, {'index': 20, 'code': 11000, 'errmsg': "E11000 duplicate key error collection: test_database.inventory_rolls index: _id_ dup key: { _id: ObjectId('6ab561019fabd886bdb0d86e') }", 'keyPattern': {'_id': 1}, 'keyValue': {'_id': ObjectId('6ab561019fabd886bdb0d86e')}, 'op': {'_id': ObjectId('6ab561019fabd886bdb0d86e'), 'id': 'roll_8761a83b5269', 'product_id': 'prod_lurik_classic', 'owner_entity_id': 'ent_ksc', 'ownership_type': 'internal', 'consignor_ref': None, 'warehouse_id': 'wh_bandung', 'bin_id': None, 'lot': 'LOT-001', 'dye_lot': 'LOT-001', 'batch': 'BATCH-001', 'roll_no': 'RL-00021', 'length_initial': 150.0, 'length_remaining': 150.0, 'unit': 'yard', 'grade': 'A', 'stage': 'finished', 'fabric_type': 'woven', 'line_code': 'woven', 'status': 'available', 'tracking_mode': 'rfid', 'earmarked_for': None, 'secondary_measures': None, 'location_type': 'warehouse_bin', 'reserved_ref': None, 'base_unit_cost': 58900.0, 'unit_cost': 58900.0, 'landed_cost_total': 0.0, 'acquired': {'via': 'initial', 'ref_id': 'seed', 'date': '2026-09-24T17:42:25.876412+00:00'}, 'rfid_tag_id': 'rtag_7ac9ab954da6', 'is_remnant': False, 'created_at': '2026-09-24T17:42:25.876413+00:00', 'updated_at': '2026-09-24T17:42:27.056224+00:00', 'created_by': 'seed', 'created_by_name': 'System Seed', 'lot_id': 'lot_fd9f25f65b4c', 'defects': [], 'landed_cost_refs': []}}, {'index': 21, 'code': 11000, 'errmsg': "E11000 duplicate key error collection: test_database.inventory_rolls index: _id_ dup key: { _id: ObjectId('6ab561019fabd886bdb0d86f') }", 'keyPattern': {'_id': 1}, 'keyValue': {'_id': ObjectId('6ab561019fabd886bdb0d86f')}, 'op': {'_id': ObjectId('6ab561019fabd886bdb0d86f'), 'id': 'roll_0e9d9a90bdee', 'product_id': 'prod_lurik_classic', 'owner_entity_id': 'ent_ksc', 'ownership_type': 'internal', 'consignor_ref': None, 'warehouse_id': 'wh_bandung', 'bin_id': None, 'lot': 'LOT-001', 'dye_lot': 'LOT-001', 'batch': 'BATCH-001', 'roll_no': 'RL-00022', 'length_initial': 130.0, 'length_remaining': 130.0, 'unit': 'yard', 'grade': 'A', 'stage': 'finished', 'fabric_type': 'woven', 'line_code': 'woven', 'status': 'available', 'tracking_mode': 'rfid', 'earmarked_for': None, 'secondary_measures': None, 'location_type': 'warehouse_bin', 'reserved_ref': None, 'base_unit_cost': 58900.0, 'unit_cost': 58900.0, 'landed_cost_total': 0.0, 'acquired': {'via': 'initial', 'ref_id': 'seed', 'date': '2026-09-24T17:42:25.876426+00:00'}, 'rfid_tag_id': 'rtag_4445c5226973', 'is_remnant': False, 'created_at': '2026-09-24T17:42:25.876428+00:00', 'updated_at': '2026-09-24T17:42:27.039062+00:00', 'created_by': 'seed', 'created_by_name': 'System Seed', 'lot_id': 'lot_fd9f25f65b4c', 'defects': [], 'landed_cost_refs': []}}, {'index': 22, 'code': 11000, 'errmsg': "E11000 duplicate key error collection: test_database.inventory_rolls index: _id_ dup key: { _id: ObjectId('6ab561019fabd886bdb0d870') }", 'keyPattern': {'_id': 1}, 'keyValue': {'_id': ObjectId('6ab561019fabd886bdb0d870')}, 'op': {'_id': ObjectId('6ab561019fabd886bdb0d870'), 'id': 'roll_5904150a0873', 'product_id': 'prod_jumputan_palembang', 'owner_entity_id': 'ent_ksc', 'ownership_type': 'internal', 'consignor_ref': None, 'warehouse_id': 'wh_bandung', 'bin_id': None, 'lot': 'LOT-MIGRATED', 'dye_lot': 'LOT-MIGRATED', 'batch': 'BATCH-MIGRATED', 'roll_no': 'RL-00023', 'length_initial': 150.0, 'length_remaining': 150.0, 'unit': 'yard', 'grade': 'B', 'stage': 'finished', 'fabric_type': 'woven', 'line_code': 'printing', 'status': 'available', 'tracking_mode': 'rfid', 'earmarked_for': None, 'secondary_measures': None, 'location_type': 'warehouse_bin', 'reserved_ref': None, 'base_unit_cost': 87000.0, 'unit_cost': 87000.0, 'landed_cost_total': 0.0, 'acquired': {'via': 'initial', 'ref_id': 'seed', 'date': '2026-09-24T17:42:25.876717+00:00'}, 'rfid_tag_id': 'rtag_063aa39de791', 'is_remnant': False, 'created_at': '2026-09-24T17:42:25.876719+00:00', 'updated_at': '2026-09-24T17:42:27.057499+00:00', 'created_by': 'seed', 'created_by_name': 'System Seed', 'lot_id': 'lot_6a2f94edf83d', 'defects': [], 'landed_cost_refs': []}}, {'index': 23, 'code': 11000, 'errmsg': "E11000 duplicate key error collection: test_database.inventory_rolls index: _id_ dup key: { _id: ObjectId('6ab561019fabd886bdb0d871') }", 'keyPattern': {'_id': 1}, 'keyValue': {'_id': ObjectId('6ab561019fabd886bdb0d871')}, 'op': {'_id': ObjectId('6ab561019fabd886bdb0d871'), 'id': 'roll_e534b96a7f9f', 'product_id': 'prod_jumputan_palembang', 'owner_entity_id': 'ent_ksc', 'ownership_type': 'internal', 'consignor_ref': None, 'warehouse_id': 'wh_bandung', 'bin_id': None, 'lot': 'LOT-MIGRATED', 'dye_lot': 'LOT-MIGRATED', 'batch': 'BATCH-MIGRATED', 'roll_no': 'RL-00024', 'length_initial': 60.0, 'length_remaining': 60.0, 'unit': 'yard', 'grade': 'B', 'stage': 'finished', 'fabric_type': 'woven', 'line_code': 'printing', 'status': 'available', 'tracking_mode': 'rfid', 'earmarked_for': None, 'secondary_measures': None, 'location_type': 'warehouse_bin', 'reserved_ref': None, 'base_unit_cost': 87000.0, 'unit_cost': 87000.0, 'landed_cost_total': 0.0, 'acquired': {'via': 'initial', 'ref_id': 'seed', 'date': '2026-09-24T17:42:25.876730+00:00'}, 'rfid_tag_id': 'rtag_c5b8bb615abe', 'is_remnant': False, 'created_at': '2026-09-24T17:42:25.876732+00:00', 'updated_at': '2026-09-24T17:42:27.026439+00:00', 'created_by': 'seed', 'created_by_name': 'System Seed', 'lot_id': 'lot_6a2f94edf83d', 'defects': [], 'landed_cost_refs': []}}, {'index': 24, 'code': 11000, 'errmsg': "E11000 duplicate key error collection: test_database.inventory_rolls index: _id_ dup key: { _id: ObjectId('6ab561019fabd886bdb0d872') }", 'keyPattern': {'_id': 1}, 'keyValue': {'_id': ObjectId('6ab561019fabd886bdb0d872')}, 'op': {'_id': ObjectId('6ab561019fabd886bdb0d872'), 'id': 'roll_f0edcfd0084c', 'product_id': 'prod_tenun_ikat', 'owner_entity_id': 'ent_ksc', 'ownership_type': 'internal', 'consignor_ref': None, 'warehouse_id': 'wh_surabaya', 'bin_id': None, 'lot': 'LOT-002', 'dye_lot': 'LOT-002', 'batch': 'BATCH-002', 'roll_no': 'RL-00025', 'length_initial': 35.0, 'length_remaining': 35.0, 'unit': 'yard', 'grade': 'A', 'stage': 'finished', 'fabric_type': 'woven', 'line_code': 'woven', 'status': 'reserved', 'tracking_mode': 'rfid', 'earmarked_for': None, 'secondary_measures': None, 'location_type': 'warehouse_bin', 'reserved_ref': {'type': 'sales_order', 'id': 'so_005'}, 'base_unit_cost': 157500.0, 'unit_cost': 157500.0, 'landed_cost_total': 0.0, 'acquired': {'via': 'initial', 'ref_id': 'seed', 'date': '2026-09-24T17:42:25.877029+00:00'}, 'rfid_tag_id': 'rtag_8082a9ed65ef', 'is_remnant': False, 'created_at': '2026-09-24T17:42:25.877031+00:00', 'updated_at': '2026-09-24T17:42:27.077847+00:00', 'created_by': 'seed', 'created_by_name': 'System Seed', 'lot_id': 'lot_697c3660ebda', 'defects': [], 'landed_cost_refs': []}}, {'index': 25, 'code': 11000, 'errmsg': "E11000 duplicate key error collection: test_database.inventory_rolls index: _id_ dup key: { _id: ObjectId('6ab561019fabd886bdb0d873') }", 'keyPattern': {'_id': 1}, 'keyValue': {'_id': ObjectId('6ab561019fabd886bdb0d873')}, 'op': {'_id': ObjectId('6ab561019fabd886bdb0d873'), 'id': 'roll_5c39d554b9da', 'product_id': 'prod_tenun_ikat', 'owner_entity_id': 'ent_ksc', 'ownership_type': 'internal', 'consignor_ref': None, 'warehouse_id': 'wh_surabaya', 'bin_id': None, 'lot': 'LOT-002', 'dye_lot': 'LOT-002', 'batch': 'BATCH-002', 'roll_no': 'RL-00026', 'length_initial': 150.0, 'length_remaining': 150.0, 'unit': 'yard', 'grade': 'A', 'stage': 'finished', 'fabric_type': 'woven', 'line_code': 'woven', 'status': 'available', 'tracking_mode': 'rfid', 'earmarked_for': None, 'secondary_measures': None, 'location_type': 'warehouse_bin', 'reserved_ref': None, 'base_unit_cost': 157500.0, 'unit_cost': 157500.0, 'landed_cost_total': 0.0, 'acquired': {'via': 'initial', 'ref_id': 'seed', 'date': '2026-09-24T17:42:25.877043+00:00'}, 'rfid_tag_id': 'rtag_2975fb2c0a06', 'is_remnant': False, 'created_at': '2026-09-24T17:42:25.877044+00:00', 'updated_at': '2026-09-24T17:42:27.059034+00:00', 'created_by': 'seed', 'created_by_name': 'System Seed', 'lot_id': 'lot_697c3660ebda', 'defects': [], 'landed_cost_refs': []}}, {'index': 26, 'code': 11000, 'errmsg': "E11000 duplicate key error collection: test_database.inventory_rolls index: _id_ dup key: { _id: ObjectId('6ab561019fabd886bdb0d874') }", 'keyPattern': {'_id': 1}, 'keyValue': {'_id': ObjectId('6ab561019fabd886bdb0d874')}, 'op': {'_id': ObjectId('6ab561019fabd886bdb0d874'), 'id': 'roll_0ac2ec9aae08', 'product_id': 'prod_tenun_ikat', 'owner_entity_id': 'ent_ksc', 'ownership_type': 'internal', 'consignor_ref': None, 'warehouse_id': 'wh_surabaya', 'bin_id': None, 'lot': 'LOT-002', 'dye_lot': 'LOT-002', 'batch': 'BATCH-002', 'roll_no': 'RL-00027', 'length_initial': 60.0, 'length_remaining': 60.0, 'unit': 'yard', 'grade': 'A', 'stage': 'finished', 'fabric_type': 'woven', 'line_code': 'woven', 'status': 'available', 'tracking_mode': 'rfid', 'earmarked_for': None, 'secondary_measures': None, 'location_type': 'warehouse_bin', 'reserved_ref': None, 'base_unit_cost': 157500.0, 'unit_cost': 157500.0, 'landed_cost_total': 0.0, 'acquired': {'via': 'initial', 'ref_id': 'seed', 'date': '2026-09-24T17:42:25.877055+00:00'}, 'rfid_tag_id': 'rtag_e50650fb42f3', 'is_remnant': False, 'created_at': '2026-09-24T17:42:25.877057+00:00', 'updated_at': '2026-09-24T17:42:27.027784+00:00', 'created_by': 'seed', 'created_by_name': 'System Seed', 'lot_id': 'lot_697c3660ebda', 'defects': [], 'landed_cost_refs': []}}, {'index': 27, 'code': 11000, 'errmsg': "E11000 duplicate key error collection: test_database.inventory_rolls index: _id_ dup key: { _id: ObjectId('6ab561019fabd886bdb0d875') }", 'keyPattern': {'_id': 1}, 'keyValue': {'_id': ObjectId('6ab561019fabd886bdb0d875')}, 'op': {'_id': ObjectId('6ab561019fabd886bdb0d875'), 'id': 'roll_8f784c8016aa', 'product_id': 'prod_lurik_classic', 'owner_entity_id': 'ent_ksc', 'ownership_type': 'internal', 'consignor_ref': None, 'warehouse_id': 'wh_surabaya', 'bin_id': None, 'lot': 'LOT-002', 'dye_lot': 'LOT-002', 'batch': 'BATCH-002', 'roll_no': 'RL-00028', 'length_initial': 25.0, 'length_remaining': 25.0, 'unit': 'yard', 'grade': 'A', 'stage': 'finished', 'fabric_type': 'woven', 'line_code': 'woven', 'status': 'reserved', 'tracking_mode': 'rfid', 'earmarked_for': None, 'secondary_measures': None, 'location_type': 'warehouse_bin', 'reserved_ref': {'type': 'seed', 'id': 'seed'}, 'base_unit_cost': 58900.0, 'unit_cost': 58900.0, 'landed_cost_total': 0.0, 'acquired': {'via': 'initial', 'ref_id': 'seed', 'date': '2026-09-24T17:42:25.877485+00:00'}, 'rfid_tag_id': 'rtag_030252e2444d', 'is_remnant': False, 'created_at': '2026-09-24T17:42:25.877487+00:00', 'updated_at': '2026-09-24T17:42:27.075430+00:00', 'created_by': 'seed', 'created_by_name': 'System Seed', 'lot_id': 'lot_4a403ed6d957', 'defects': [], 'landed_cost_refs': []}}, {'index': 28, 'code': 11000, 'errmsg': "E11000 duplicate key error collection: test_database.inventory_rolls index: _id_ dup key: { _id: ObjectId('6ab561019fabd886bdb0d876') }", 'keyPattern': {'_id': 1}, 'keyValue': {'_id': ObjectId('6ab561019fabd886bdb0d876')}, 'op': {'_id': ObjectId('6ab561019fabd886bdb0d876'), 'id': 'roll_06276f4e641d', 'product_id': 'prod_lurik_classic', 'owner_entity_id': 'ent_ksc', 'ownership_type': 'internal', 'consignor_ref': None, 'warehouse_id': 'wh_surabaya', 'bin_id': None, 'lot': 'LOT-002', 'dye_lot': 'LOT-002', 'batch': 'BATCH-002', 'roll_no': 'RL-00029', 'length_initial': 150.0, 'length_remaining': 150.0, 'unit': 'yard', 'grade': 'A', 'stage': 'finished', 'fabric_type': 'woven', 'line_code': 'woven', 'status': 'available', 'tracking_mode': 'rfid', 'earmarked_for': None, 'secondary_measures': None, 'location_type': 'warehouse_bin', 'reserved_ref': None, 'base_unit_cost': 58900.0, 'unit_cost': 58900.0, 'landed_cost_total': 0.0, 'acquired': {'via': 'initial', 'ref_id': 'seed', 'date': '2026-09-24T17:42:25.877498+00:00'}, 'rfid_tag_id': 'rtag_ec56da370f90', 'is_remnant': False, 'created_at': '2026-09-24T17:42:25.877500+00:00', 'updated_at': '2026-09-24T17:42:27.060466+00:00', 'created_by': 'seed', 'created_by_name': 'System Seed', 'lot_id': 'lot_4a403ed6d957', 'defects': [], 'landed_cost_refs': []}}, {'index': 29, 'code': 11000, 'errmsg': "E11000 duplicate key error collection: test_database.inventory_rolls index: _id_ dup key: { _id: ObjectId('6ab561019fabd886bdb0d877') }", 'keyPattern': {'_id': 1}, 'keyValue': {'_id': ObjectId('6ab561019fabd886bdb0d877')}, 'op': {'_id': ObjectId('6ab561019fabd886bdb0d877'), 'id': 'roll_64bd9bc78934', 'product_id': 'prod_lurik_classic', 'owner_entity_id': 'ent_ksc', 'ownership_type': 'internal', 'consignor_ref': None, 'warehouse_id': 'wh_surabaya', 'bin_id': None, 'lot': 'LOT-002', 'dye_lot': 'LOT-002', 'batch': 'BATCH-002', 'roll_no': 'RL-00030', 'length_initial': 150.0, 'length_remaining': 150.0, 'unit': 'yard', 'grade': 'A', 'stage': 'finished', 'fabric_type': 'woven', 'line_code': 'woven', 'status': 'available', 'tracking_mode': 'rfid', 'earmarked_for': None, 'secondary_measures': None, 'location_type': 'warehouse_bin', 'reserved_ref': None, 'base_unit_cost': 58900.0, 'unit_cost': 58900.0, 'landed_cost_total': 0.0, 'acquired': {'via': 'initial', 'ref_id': 'seed', 'date': '2026-09-24T17:42:25.877511+00:00'}, 'rfid_tag_id': 'rtag_1cd3de0d0dbc', 'is_remnant': False, 'created_at': '2026-09-24T17:42:25.877512+00:00', 'updated_at': '2026-09-24T17:42:27.062026+00:00', 'created_by': 'seed', 'created_by_name': 'System Seed', 'lot_id': 'lot_4a403ed6d957', 'defects': [], 'landed_cost_refs': []}}, {'index': 30, 'code': 11000, 'errmsg': "E11000 duplicate key error collection: test_database.inventory_rolls index: _id_ dup key: { _id: ObjectId('6ab561019fabd886bdb0d878') }", 'keyPattern': {'_id': 1}, 'keyValue': {'_id': ObjectId('6ab561019fabd886bdb0d878')}, 'op': {'_id': ObjectId('6ab561019fabd886bdb0d878'), 'id': 'roll_35cd6b2c996d', 'product_id': 'prod_lurik_classic', 'owner_entity_id': 'ent_ksc', 'ownership_type': 'internal', 'consignor_ref': None, 'warehouse_id': 'wh_surabaya', 'bin_id': None, 'lot': 'LOT-002', 'dye_lot': 'LOT-002', 'batch': 'BATCH-002', 'roll_no': 'RL-00031', 'length_initial': 85.0, 'length_remaining': 85.0, 'unit': 'yard', 'grade': 'A', 'stage': 'finished', 'fabric_type': 'woven', 'line_code': 'woven', 'status': 'available', 'tracking_mode': 'rfid', 'earmarked_for': None, 'secondary_measures': None, 'location_type': 'warehouse_bin', 'reserved_ref': None, 'base_unit_cost': 58900.0, 'unit_cost': 58900.0, 'landed_cost_total': 0.0, 'acquired': {'via': 'initial', 'ref_id': 'seed', 'date': '2026-09-24T17:42:25.877523+00:00'}, 'rfid_tag_id': 'rtag_b3afeed41c9a', 'is_remnant': False, 'created_at': '2026-09-24T17:42:25.877524+00:00', 'updated_at': '2026-09-24T17:42:27.030413+00:00', 'created_by': 'seed', 'created_by_name': 'System Seed', 'lot_id': 'lot_4a403ed6d957', 'defects': [], 'landed_cost_refs': []}}, {'index': 31, 'code': 11000, 'errmsg': "E11000 duplicate key error collection: test_database.inventory_rolls index: _id_ dup key: { _id: ObjectId('6ab561019fabd886bdb0d879') }", 'keyPattern': {'_id': 1}, 'keyValue': {'_id': ObjectId('6ab561019fabd886bdb0d879')}, 'op': {'_id': ObjectId('6ab561019fabd886bdb0d879'), 'id': 'roll_f6d398df7c2c', 'product_id': 'prod_ulos_batak', 'owner_entity_id': 'ent_ksc', 'ownership_type': 'internal', 'consignor_ref': None, 'warehouse_id': 'wh_surabaya', 'bin_id': None, 'lot': 'LOT-001', 'dye_lot': 'LOT-001', 'batch': 'BATCH-001', 'roll_no': 'RL-00032', 'length_initial': 140.0, 'length_remaining': 140.0, 'unit': 'yard', 'grade': 'A', 'stage': 'finished', 'fabric_type': 'woven', 'line_code': 'woven', 'status': 'available', 'tracking_mode': 'rfid', 'earmarked_for': None, 'secondary_measures': None, 'location_type': 'warehouse_bin', 'reserved_ref': None, 'base_unit_cost': 217600.0, 'unit_cost': 217600.0, 'landed_cost_total': 0.0, 'acquired': {'via': 'initial', 'ref_id': 'seed', 'date': '2026-09-24T17:42:25.878763+00:00'}, 'rfid_tag_id': 'rtag_51776f661e63', 'is_remnant': False, 'created_at': '2026-09-24T17:42:25.878766+00:00', 'updated_at': '2026-09-24T17:42:27.044232+00:00', 'created_by': 'seed', 'created_by_name': 'System Seed', 'lot_id': 'lot_97f74c51047c', 'defects': [], 'landed_cost_refs': []}}, {'index': 32, 'code': 11000, 'errmsg': "E11000 duplicate key error collection: test_database.inventory_rolls index: _id_ dup key: { _id: ObjectId('6ab561019fabd886bdb0d87a') }", 'keyPattern': {'_id': 1}, 'keyValue': {'_id': ObjectId('6ab561019fabd886bdb0d87a')}, 'op': {'_id': ObjectId('6ab561019fabd886bdb0d87a'), 'id': 'roll_55fd9882334a', 'product_id': 'prod_endek_bali', 'owner_entity_id': 'ent_ksc', 'ownership_type': 'internal', 'consignor_ref': None, 'warehouse_id': 'wh_surabaya', 'bin_id': None, 'lot': 'LOT-MIGRATED', 'dye_lot': 'LOT-MIGRATED', 'batch': 'BATCH-MIGRATED', 'roll_no': 'RL-00033', 'length_initial': 75.0, 'length_remaining': 75.0, 'unit': 'yard', 'grade': 'A', 'stage': 'finished', 'fabric_type': 'woven', 'line_code': 'woven', 'status': 'available', 'tracking_mode': 'rfid', 'earmarked_for': None, 'secondary_measures': None, 'location_type': 'warehouse_bin', 'reserved_ref': None, 'base_unit_cost': 193200.0, 'unit_cost': 193200.0, 'landed_cost_total': 0.0, 'acquired': {'via': 'initial', 'ref_id': 'seed', 'date': '2026-09-24T17:42:25.879144+00:00'}, 'rfid_tag_id': 'rtag_88d903afc076', 'is_remnant': False, 'created_at': '2026-09-24T17:42:25.879147+00:00', 'updated_at': '2026-09-24T17:42:27.029125+00:00', 'created_by': 'seed', 'created_by_name': 'System Seed', 'lot_id': 'lot_092b77b21d81', 'defects': [], 'landed_cost_refs': []}}, {'index': 33, 'code': 11000, 'errmsg': "E11000 duplicate key error collection: test_database.inventory_rolls index: _id_ dup key: { _id: ObjectId('6ab561019fabd886bdb0d87b') }", 'keyPattern': {'_id': 1}, 'keyValue': {'_id': ObjectId('6ab561019fabd886bdb0d87b')}, 'op': {'_id': ObjectId('6ab561019fabd886bdb0d87b'), 'id': 'roll_9b3489da2737', 'product_id': 'prod_batik_mega_merah', 'owner_entity_id': 'ent_ksc', 'ownership_type': 'internal', 'consignor_ref': None, 'warehouse_id': 'wh_jakarta', 'bin_id': None, 'lot': 'LOT-V01', 'dye_lot': 'LOT-V01', 'batch': 'BATCH-V01', 'roll_no': 'RL-00034', 'length_initial': 150.0, 'length_remaining': 150.0, 'unit': 'yard', 'grade': 'A', 'stage': 'finished', 'fabric_type': 'woven', 'line_code': 'printing', 'status': 'available', 'tracking_mode': 'rfid', 'earmarked_for': None, 'secondary_measures': None, 'location_type': 'warehouse_bin', 'reserved_ref': None, 'base_unit_cost': 122100.0, 'unit_cost': 122100.0, 'landed_cost_total': 0.0, 'acquired': {'via': 'initial', 'ref_id': 'seed', 'date': '2026-09-24T17:42:25.879465+00:00'}, 'rfid_tag_id': 'rtag_809c0569275b', 'is_remnant': False, 'created_at': '2026-09-24T17:42:25.879467+00:00', 'updated_at': '2026-09-24T17:42:27.063342+00:00', 'created_by': 'seed', 'created_by_name': 'System Seed', 'lot_id': 'lot_99f0d240ae0f', 'defects': [], 'landed_cost_refs': []}}, {'index': 34, 'code': 11000, 'errmsg': "E11000 duplicate key error collection: test_database.inventory_rolls index: _id_ dup key: { _id: ObjectId('6ab561019fabd886bdb0d87c') }", 'keyPattern': {'_id': 1}, 'keyValue': {'_id': ObjectId('6ab561019fabd886bdb0d87c')}, 'op': {'_id': ObjectId('6ab561019fabd886bdb0d87c'), 'id': 'roll_4d80c66fd606', 'product_id': 'prod_batik_mega_merah', 'owner_entity_id': 'ent_ksc', 'ownership_type': 'internal', 'consignor_ref': None, 'warehouse_id': 'wh_jakarta', 'bin_id': None, 'lot': 'LOT-V01', 'dye_lot': 'LOT-V01', 'batch': 'BATCH-V01', 'roll_no': 'RL-00035', 'length_initial': 90.0, 'length_remaining': 90.0, 'unit': 'yard', 'grade': 'A', 'stage': 'finished', 'fabric_type': 'woven', 'line_code': 'printing', 'status': 'available', 'tracking_mode': 'rfid', 'earmarked_for': None, 'secondary_measures': None, 'location_type': 'warehouse_bin', 'reserved_ref': None, 'base_unit_cost': 122100.0, 'unit_cost': 122100.0, 'landed_cost_total': 0.0, 'acquired': {'via': 'initial', 'ref_id': 'seed', 'date': '2026-09-24T17:42:25.879479+00:00'}, 'rfid_tag_id': 'rtag_781da032990d', 'is_remnant': False, 'created_at': '2026-09-24T17:42:25.879480+00:00', 'updated_at': '2026-09-24T17:42:27.031854+00:00', 'created_by': 'seed', 'created_by_name': 'System Seed', 'lot_id': 'lot_99f0d240ae0f', 'defects': [], 'landed_cost_refs': []}}, {'index': 35, 'code': 11000, 'errmsg': "E11000 duplicate key error collection: test_database.inventory_rolls index: _id_ dup key: { _id: ObjectId('6ab561019fabd886bdb0d87d') }", 'keyPattern': {'_id': 1}, 'keyValue': {'_id': ObjectId('6ab561019fabd886bdb0d87d')}, 'op': {'_id': ObjectId('6ab561019fabd886bdb0d87d'), 'id': 'roll_86a7713e0408', 'product_id': 'prod_batik_mega_hijau', 'owner_entity_id': 'ent_ksc', 'ownership_type': 'internal', 'consignor_ref': None, 'warehouse_id': 'wh_jakarta', 'bin_id': None, 'lot': 'LOT-V02', 'dye_lot': 'LOT-V02', 'batch': 'BATCH-V02', 'roll_no': 'RL-00036', 'length_initial': 150.0, 'length_remaining': 150.0, 'unit': 'yard', 'grade': 'A', 'stage': 'finished', 'fabric_type': 'woven', 'line_code': 'printing', 'status': 'available', 'tracking_mode': 'rfid', 'earmarked_for': None, 'secondary_measures': None, 'location_type': 'warehouse_bin', 'reserved_ref': None, 'base_unit_cost': 141900.0, 'unit_cost': 141900.0, 'landed_cost_total': 0.0, 'acquired': {'via': 'initial', 'ref_id': 'seed', 'date': '2026-09-24T17:42:25.879764+00:00'}, 'rfid_tag_id': 'rtag_9776b80bc42a', 'is_remnant': False, 'created_at': '2026-09-24T17:42:25.879766+00:00', 'updated_at': '2026-09-24T17:42:27.064637+00:00', 'created_by': 'seed', 'created_by_name': 'System Seed', 'lot_id': 'lot_abe93f7bb80e', 'defects': [], 'landed_cost_refs': []}}, {'index': 36, 'code': 11000, 'errmsg': "E11000 duplicate key error collection: test_database.inventory_rolls index: _id_ dup key: { _id: ObjectId('6ab561019fabd886bdb0d87e') }", 'keyPattern': {'_id': 1}, 'keyValue': {'_id': ObjectId('6ab561019fabd886bdb0d87e')}, 'op': {'_id': ObjectId('6ab561019fabd886bdb0d87e'), 'id': 'roll_9c4ebf968431', 'product_id': 'prod_batik_mega_hijau', 'owner_entity_id': 'ent_ksc', 'ownership_type': 'internal', 'consignor_ref': None, 'warehouse_id': 'wh_jakarta', 'bin_id': None, 'lot': 'LOT-V02', 'dye_lot': 'LOT-V02', 'batch': 'BATCH-V02', 'roll_no': 'RL-00037', 'length_initial': 10.0, 'length_remaining': 7.0, 'unit': 'yard', 'grade': 'A', 'stage': 'finished', 'fabric_type': 'woven', 'line_code': 'printing', 'status': 'available', 'tracking_mode': 'rfid', 'earmarked_for': None, 'secondary_measures': None, 'location_type': 'warehouse_bin', 'reserved_ref': None, 'base_unit_cost': 141900.0, 'unit_cost': 141900.0, 'landed_cost_total': 0.0, 'acquired': {'via': 'initial', 'ref_id': 'seed', 'date': '2026-09-24T17:42:25.879777+00:00'}, 'rfid_tag_id': 'rtag_334f45b42d21', 'is_remnant': False, 'created_at': '2026-09-24T17:42:25.879778+00:00', 'updated_at': '2026-09-24T17:42:27.446799+00:00', 'created_by': 'seed', 'created_by_name': 'System Seed', 'lot_id': 'lot_abe93f7bb80e', 'defects': [], 'landed_cost_refs': []}}, {'index': 37, 'code': 11000, 'errmsg': "E11000 duplicate key error collection: test_database.inventory_rolls index: _id_ dup key: { _id: ObjectId('6ab561019fabd886bdb0d87f') }", 'keyPattern': {'_id': 1}, 'keyValue': {'_id': ObjectId('6ab561019fabd886bdb0d87f')}, 'op': {'_id': ObjectId('6ab561019fabd886bdb0d87f'), 'id': 'roll_5368248ad072', 'product_id': 'prod_endek_bali_biru', 'owner_entity_id': 'ent_ksc', 'ownership_type': 'internal', 'consignor_ref': None, 'warehouse_id': 'wh_jakarta', 'bin_id': None, 'lot': 'LOT-V03', 'dye_lot': 'LOT-V03', 'batch': 'BATCH-V03', 'roll_no': 'RL-00038', 'length_initial': 150.0, 'length_remaining': 150.0, 'unit': 'yard', 'grade': 'A', 'stage': 'finished', 'fabric_type': 'woven', 'line_code': 'woven', 'status': 'available', 'tracking_mode': 'rfid', 'earmarked_for': None, 'secondary_measures': None, 'location_type': 'warehouse_bin', 'reserved_ref': None, 'base_unit_cost': 193200.0, 'unit_cost': 193200.0, 'landed_cost_total': 0.0, 'acquired': {'via': 'initial', 'ref_id': 'seed', 'date': '2026-09-24T17:42:25.880061+00:00'}, 'rfid_tag_id': 'rtag_35ddbcb13808', 'is_remnant': False, 'created_at': '2026-09-24T17:42:25.880063+00:00', 'updated_at': '2026-09-24T17:42:27.066210+00:00', 'created_by': 'seed', 'created_by_name': 'System Seed', 'lot_id': 'lot_8718149e0cd9', 'defects': [], 'landed_cost_refs': []}}, {'index': 38, 'code': 11000, 'errmsg': "E11000 duplicate key error collection: test_database.inventory_rolls index: _id_ dup key: { _id: ObjectId('6ab561019fabd886bdb0d880') }", 'keyPattern': {'_id': 1}, 'keyValue': {'_id': ObjectId('6ab561019fabd886bdb0d880')}, 'op': {'_id': ObjectId('6ab561019fabd886bdb0d880'), 'id': 'roll_3622fba6922e', 'product_id': 'prod_endek_bali_ungu', 'owner_entity_id': 'ent_ksc', 'ownership_type': 'internal', 'consignor_ref': None, 'warehouse_id': 'wh_jakarta', 'bin_id': None, 'lot': 'LOT-V04', 'dye_lot': 'LOT-V04', 'batch': 'BATCH-V04', 'roll_no': 'RL-00039', 'length_initial': 110.0, 'length_remaining': 110.0, 'unit': 'yard', 'grade': 'A', 'stage': 'finished', 'fabric_type': 'woven', 'line_code': 'woven', 'status': 'available', 'tracking_mode': 'rfid', 'earmarked_for': None, 'secondary_measures': None, 'location_type': 'warehouse_bin', 'reserved_ref': None, 'base_unit_cost': 220800.0, 'unit_cost': 220800.0, 'landed_cost_total': 0.0, 'acquired': {'via': 'initial', 'ref_id': 'seed', 'date': '2026-09-24T17:42:25.880348+00:00'}, 'rfid_tag_id': 'rtag_93cc9e65b393', 'is_remnant': False, 'created_at': '2026-09-24T17:42:25.880350+00:00', 'updated_at': '2026-09-24T17:42:27.037717+00:00', 'created_by': 'seed', 'created_by_name': 'System Seed', 'lot_id': 'lot_cb7aa730defe', 'defects': [], 'landed_cost_refs': []}}, {'index': 39, 'code': 11000, 'errmsg': "E11000 duplicate key error collection: test_database.inventory_rolls index: _id_ dup key: { _id: ObjectId('6ab561019fabd886bdb0d881') }", 'keyPattern': {'_id': 1}, 'keyValue': {'_id': ObjectId('6ab561019fabd886bdb0d881')}, 'op': {'_id': ObjectId('6ab561019fabd886bdb0d881'), 'id': 'roll_81e96f3b451b', 'product_id': 'prod_denim_selvedge', 'owner_entity_id': 'ent_ksc', 'ownership_type': 'internal', 'consignor_ref': None, 'warehouse_id': 'wh_bandung', 'bin_id': None, 'lot': 'LOT-UOM01', 'dye_lot': 'LOT-UOM01', 'batch': 'BATCH-UOM01', 'roll_no': 'RL-00040', 'length_initial': 150.0, 'length_remaining': 150.0, 'unit': 'yard', 'grade': 'A', 'stage': 'finished', 'fabric_type': 'woven', 'line_code': 'woven', 'status': 'available', 'tracking_mode': 'rfid', 'earmarked_for': None, 'secondary_measures': None, 'location_type': 'warehouse_bin', 'reserved_ref': None, 'base_unit_cost': 108900.0, 'unit_cost': 108900.0, 'landed_cost_total': 0.0, 'acquired': {'via': 'initial', 'ref_id': 'seed', 'date': '2026-09-24T17:42:25.880627+00:00'}, 'rfid_tag_id': 'rtag_b4f3feab5080', 'is_remnant': False, 'created_at': '2026-09-24T17:42:25.880628+00:00', 'updated_at': '2026-09-24T17:42:27.067555+00:00', 'created_by': 'seed', 'created_by_name': 'System Seed', 'lot_id': 'lot_3df36c1c8393', 'defects': [], 'landed_cost_refs': []}}, {'index': 40, 'code': 11000, 'errmsg': "E11000 duplicate key error collection: test_database.inventory_rolls index: _id_ dup key: { _id: ObjectId('6ab561019fabd886bdb0d882') }", 'keyPattern': {'_id': 1}, 'keyValue': {'_id': ObjectId('6ab561019fabd886bdb0d882')}, 'op': {'_id': ObjectId('6ab561019fabd886bdb0d882'), 'id': 'roll_8ea10220e1ad', 'product_id': 'prod_denim_selvedge', 'owner_entity_id': 'ent_ksc', 'ownership_type': 'internal', 'consignor_ref': None, 'warehouse_id': 'wh_bandung', 'bin_id': None, 'lot': 'LOT-UOM01', 'dye_lot': 'LOT-UOM01', 'batch': 'BATCH-UOM01', 'roll_no': 'RL-00041', 'length_initial': 150.0, 'length_remaining': 150.0, 'unit': 'yard', 'grade': 'A', 'stage': 'finished', 'fabric_type': 'woven', 'line_code': 'woven', 'status': 'available', 'tracking_mode': 'rfid', 'earmarked_for': None, 'secondary_measures': None, 'location_type': 'warehouse_bin', 'reserved_ref': None, 'base_unit_cost': 108900.0, 'unit_cost': 108900.0, 'landed_cost_total': 0.0, 'acquired': {'via': 'initial', 'ref_id': 'seed', 'date': '2026-09-24T17:42:25.880640+00:00'}, 'rfid_tag_id': 'rtag_462d3c4b0919', 'is_remnant': False, 'created_at': '2026-09-24T17:42:25.880642+00:00', 'updated_at': '2026-09-24T17:42:27.069000+00:00', 'created_by': 'seed', 'created_by_name': 'System Seed', 'lot_id': 'lot_3df36c1c8393', 'defects': [], 'landed_cost_refs': []}}, {'index': 41, 'code': 11000, 'errmsg': "E11000 duplicate key error collection: test_database.inventory_rolls index: _id_ dup key: { _id: ObjectId('6ab561019fabd886bdb0d883') }", 'keyPattern': {'_id': 1}, 'keyValue': {'_id': ObjectId('6ab561019fabd886bdb0d883')}, 'op': {'_id': ObjectId('6ab561019fabd886bdb0d883'), 'id': 'roll_5c124acf79c0', 'product_id': 'prod_benang_katun', 'owner_entity_id': 'ent_ksc', 'ownership_type': 'internal', 'consignor_ref': None, 'warehouse_id': 'wh_surabaya', 'bin_id': None, 'lot': 'LOT-UOM02', 'dye_lot': 'LOT-UOM02', 'batch': 'BATCH-UOM02', 'roll_no': 'RL-00042', 'length_initial': 25.0, 'length_remaining': 25.0, 'unit': 'kg', 'grade': 'A', 'stage': 'yarn', 'fabric_type': 'woven', 'line_code': 'woven', 'status': 'available', 'tracking_mode': 'rfid', 'earmarked_for': None, 'secondary_measures': None, 'location_type': 'warehouse_bin', 'reserved_ref': None, 'base_unit_cost': 51500.0, 'unit_cost': 51500.0, 'landed_cost_total': 0.0, 'acquired': {'via': 'initial', 'ref_id': 'seed', 'date': '2026-09-24T17:42:25.880917+00:00'}, 'rfid_tag_id': 'rtag_f55431869475', 'is_remnant': False, 'created_at': '2026-09-24T17:42:25.880919+00:00', 'updated_at': '2026-09-24T17:42:28.109500+00:00', 'created_by': 'seed', 'created_by_name': 'System Seed', 'lot_id': 'lot_48db629a9a07', 'defects': [], 'landed_cost_refs': []}}, {'index': 42, 'code': 11000, 'errmsg': "E11000 duplicate key error collection: test_database.inventory_rolls index: _id_ dup key: { _id: ObjectId('6ab561029fabd886bdb0d924') }", 'keyPattern': {'_id': 1}, 'keyValue': {'_id': ObjectId('6ab561029fabd886bdb0d924')}, 'op': {'_id': ObjectId('6ab561029fabd886bdb0d924'), 'id': 'roll_8097b2f79898', 'product_id': 'prod_batik_mega', 'owner_entity_id': 'ent_ksc', 'ownership_type': 'internal', 'consignor_ref': None, 'warehouse_id': 'wh_jakarta', 'bin_id': None, 'lot': 'KSC/LOT-2609-0019', 'lot_id': 'lot_11420c0c2ca8', 'dye_lot': 'LOT-QC-PO-00001', 'batch': 'BATCH-QC-PO-00001', 'roll_no': 'RL-00043', 'length_initial': 75.0, 'length_remaining': 75.0, 'unit': 'yard', 'grade': 'A1', 'stage': 'finished', 'fabric_type': 'woven', 'status': 'quarantine', 'qc_task_id': 'wms_e2d5d5c80119', 'tracking_mode': 'rfid', 'earmarked_for': None, 'location_type': 'warehouse_bin', 'reserved_ref': None, 'unit_cost': 196766.66666699998, 'acquired': {'via': 'inbound', 'ref_id': 'po_001', 'date': '2026-09-24T17:42:26.467605+00:00'}, 'rfid_tag_id': 'rtag_bc76cb4458f3', 'is_remnant': False, 'created_at': '2026-09-24T17:42:26.467608+00:00', 'updated_at': '2026-09-24T17:42:32.848341+00:00', 'created_by': 'seed', 'created_by_name': 'System Seed', 'base_unit_cost': 122100.0, 'grade_history': [{'grade_before': 'A', 'grade_after': 'A1', 'rank_before': 1, 'rank_after': 2, 'direction': 'turun', 'source': 'qc_inspection', 'source_label': 'Inspeksi QC (4-point)', 'reason': 'Inspeksi 4-point: 24.0 poin (ambang A≤20.0, B≤40.0)', 'changed_by': 'Eko Prasetyo', 'changed_by_id': 'user_wh_01', 'changed_by_role': 'warehouse', 'changed_at': '2026-09-24T17:42:32.615091+00:00', 'points': 24.0, 'inspection_note': 'Shade lebih tua dari sample yang di-ACC pada 2 meter awal.'}], 'grade_source': 'qc_inspection', 'grade_updated_at': '2026-09-24T17:42:32.615091+00:00', 'defects': [{'point_value': 4, 'count': 6, 'note': ''}], 'inspection': {'points': 24.0, 'grade': 'A1', 'defects': [{'point_value': 4, 'count': 6, 'note': ''}], 'gsm_actual': 148.0, 'width_actual': 112.0, 'thresholds': {'a_max': 20.0, 'a1_max': 26.67, 'a2_max': 33.33, 'b_max': 40.0}, 'note': 'Shade lebih tua dari sample yang di-ACC pada 2 meter awal.', 'lot_id': 'lot_11420c0c2ca8', 'lot_number': 'KSC/LOT-2609-0019', 'supplier_lot': '', 'dye_lot': 'LOT-QC-PO-00001', 'shade_ref': '', 'lot_warnings': ['Nomor lot supplier (supplier_lot) belum diisi — jejak asal barang tidak lengkap untuk penarikan/recall.'], 'color_result': 'beda_shade', 'handfeel_result': 'sesuai', 'handfeel_score': 4.0, 'delta_e': None, 'baseline_sample_id': '', 'baseline_sample_number': '', 'inspection_doc_id': 'ins_c499933005b5', 'inspection_doc_number': 'KSC/INS-00001', 'hold': {'held': True, 'reason': 'Warna beda dari sample yang di-ACC — barang DITAHAN sampai manajer memutuskan.', 'source': 'color', 'by': 'Eko Prasetyo', 'at': '2026-09-24T17:42:32.614758+00:00'}, 'inspected_by': 'Eko Prasetyo', 'inspected_by_id': 'user_wh_01', 'inspected_at': '2026-09-24T17:42:32.614766+00:00'}, 'landed_cost_refs': ['LCV-00001'], 'landed_cost_total': 5600000.0, 'line_code': 'printing'}}, {'index': 43, 'code': 11000, 'errmsg': "E11000 duplicate key error collection: test_database.inventory_rolls index: _id_ dup key: { _id: ObjectId('6ab561039fabd886bdb0da73') }", 'keyPattern': {'_id': 1}, 'keyValue': {'_id': ObjectId('6ab561039fabd886bdb0da73')}, 'op': {'_id': ObjectId('6ab561039fabd886bdb0da73'), 'id': 'roll_635035304ca4', 'product_id': 'prod_benang_katun', 'owner_entity_id': 'ent_ksc', 'ownership_type': 'internal', 'consignor_ref': None, 'warehouse_id': 'wh_surabaya', 'bin_id': None, 'lot': 'LOT-UOM02', 'dye_lot': 'LOT-UOM02', 'batch': 'BATCH-UOM02', 'roll_no': 'RL-00042-1', 'length_initial': 30.0, 'length_remaining': 0.0, 'unit': 'kg', 'grade': 'A', 'stage': 'yarn', 'fabric_type': 'woven', 'line_code': 'woven', 'status': 'consumed', 'tracking_mode': 'rfid', 'earmarked_for': None, 'secondary_measures': None, 'location_type': 'warehouse_bin', 'reserved_ref': None, 'base_unit_cost': 51500.0, 'unit_cost': 51500.0, 'landed_cost_total': 0.0, 'acquired': {'via': 'initial', 'ref_id': 'seed', 'date': '2026-09-24T17:42:25.880917+00:00'}, 'rfid_tag_id': None, 'is_remnant': False, 'created_at': '2026-09-24T17:42:27.992561+00:00', 'updated_at': '2026-09-24T17:42:28.008652+00:00', 'created_by': 'seed', 'created_by_name': 'System Seed', 'lot_id': 'lot_48db629a9a07', 'bucket_ref': {'type': 'subcon', 'id': 'mko_5241f5865a68:1', 'makloon_id': 'mak_seed_tenun', 'makloon_name': 'PT Tenun Nusantara Jaya', 'mko_id': 'mko_5241f5865a68', 'mko_number': 'MKO-00001', 'step': 1, 'created_by': 'Seed', 'created_at': '2026-09-24T17:42:27.991815+00:00'}, 'parent_roll_id': 'roll_5c124acf79c0', 'root_roll_id': 'roll_5c124acf79c0', 'consumed_ref': 'mko_5241f5865a68:1', 'defects': [], 'landed_cost_refs': []}}, {'index': 44, 'code': 11000, 'errmsg': "E11000 duplicate key error collection: test_database.inventory_rolls index: _id_ dup key: { _id: ObjectId('6ab561049fabd886bdb0da7a') }", 'keyPattern': {'_id': 1}, 'keyValue': {'_id': ObjectId('6ab561049fabd886bdb0da7a')}, 'op': {'_id': ObjectId('6ab561049fabd886bdb0da7a'), 'id': 'roll_4acbe7641679', 'product_id': 'prod_grey_katun', 'owner_entity_id': 'ent_ksc', 'ownership_type': 'internal', 'consignor_ref': None, 'warehouse_id': 'wh_surabaya', 'bin_id': None, 'lot': 'KSC/LOT-2609-0020', 'lot_id': 'lot_eadf976cef9f', 'supplier_lot': '', 'dye_lot': 'GREY-MKO-S1A', 'batch': 'GREY-MKO-S1A', 'roll_no': 'RL-00044', 'length_initial': 20.0, 'length_remaining': 0.0, 'unit': 'yard', 'grade': 'A', 'stage': 'grey', 'fabric_type': 'woven', 'line_code': 'woven', 'status': 'consumed', 'tracking_mode': 'barcode', 'earmarked_for': None, 'secondary_measures': None, 'location_type': 'warehouse_bin', 'reserved_ref': None, 'base_unit_cost': 17201.8349, 'unit_cost': 17201.8349, 'landed_cost_total': 0.0, 'acquired': {'via': 'subcon_receipt', 'ref_id': 'mko_5241f5865a68', 'date': '2026-09-24T17:42:28.026166+00:00'}, 'rfid_tag_id': None, 'is_remnant': False, 'created_at': '2026-09-24T17:42:28.026169+00:00', 'updated_at': '2026-09-24T17:42:28.399193+00:00', 'created_by': 'Seed', 'created_by_name': 'Seed', 'bucket_ref': {'type': 'subcon', 'id': 'mko_da838d24037f:1', 'makloon_id': 'mak_seed_pretreat', 'makloon_name': 'PT Bleaching Pratama', 'mko_id': 'mko_da838d24037f', 'mko_number': 'MKO-00005', 'step': 1, 'created_by': 'Seed', 'created_at': '2026-09-24T17:42:28.380336+00:00'}, 'consumed_ref': 'mko_da838d24037f:1', 'defects': [], 'landed_cost_refs': []}}, {'index': 45, 'code': 11000, 'errmsg': "E11000 duplicate key error collection: test_database.inventory_rolls index: _id_ dup key: { _id: ObjectId('6ab561049fabd886bdb0da7e') }", 'keyPattern': {'_id': 1}, 'keyValue': {'_id': ObjectId('6ab561049fabd886bdb0da7e')}, 'op': {'_id': ObjectId('6ab561049fabd886bdb0da7e'), 'id': 'roll_4267eb5acfc2', 'product_id': 'prod_grey_katun', 'owner_entity_id': 'ent_ksc', 'ownership_type': 'internal', 'consignor_ref': None, 'warehouse_id': 'wh_surabaya', 'bin_id': None, 'lot': 'KSC/LOT-2609-0021', 'lot_id': 'lot_378766d241fb', 'supplier_lot': '', 'dye_lot': 'GREY-MKO-S1B', 'batch': 'GREY-MKO-S1B', 'roll_no': 'RL-00045', 'length_initial': 44.0, 'length_remaining': 2.0, 'unit': 'yard', 'grade': 'A', 'stage': 'grey', 'fabric_type': 'woven', 'line_code': 'woven', 'status': 'available', 'tracking_mode': 'barcode', 'earmarked_for': None, 'secondary_measures': None, 'location_type': 'warehouse_bin', 'reserved_ref': None, 'base_unit_cost': 17201.8349, 'unit_cost': 17201.8349, 'landed_cost_total': 0.0, 'acquired': {'via': 'subcon_receipt', 'ref_id': 'mko_5241f5865a68', 'date': '2026-09-24T17:42:28.043891+00:00'}, 'rfid_tag_id': None, 'is_remnant': False, 'created_at': '2026-09-24T17:42:28.043893+00:00', 'updated_at': '2026-09-24T17:42:28.453320+00:00', 'created_by': 'Seed', 'created_by_name': 'Seed', 'defects': [], 'landed_cost_refs': []}}, {'index': 46, 'code': 11000, 'errmsg': "E11000 duplicate key error collection: test_database.inventory_rolls index: _id_ dup key: { _id: ObjectId('6ab561049fabd886bdb0da81') }", 'keyPattern': {'_id': 1}, 'keyValue': {'_id': ObjectId('6ab561049fabd886bdb0da81')}, 'op': {'_id': ObjectId('6ab561049fabd886bdb0da81'), 'id': 'roll_02d65b23795a', 'product_id': 'prod_benang_sisa', 'owner_entity_id': 'ent_ksc', 'ownership_type': 'internal', 'consignor_ref': None, 'warehouse_id': 'wh_surabaya', 'bin_id': None, 'lot': 'KSC/LOT-2609-0022', 'lot_id': 'lot_3e3bd06f088f', 'supplier_lot': '', 'dye_lot': 'SISA-MKO-S1', 'batch': 'SISA-MKO-S1', 'roll_no': 'RL-00046', 'length_initial': 1.0, 'length_remaining': 1.0, 'unit': 'kg', 'grade': 'B', 'stage': 'yarn', 'fabric_type': 'woven', 'line_code': 'woven', 'status': 'available', 'tracking_mode': 'barcode', 'earmarked_for': None, 'secondary_measures': None, 'location_type': 'warehouse_bin', 'reserved_ref': None, 'base_unit_cost': 51500.0, 'unit_cost': 51500.0, 'landed_cost_total': 0.0, 'acquired': {'via': 'subcon_receipt_byproduct', 'ref_id': 'mko_5241f5865a68', 'date': '2026-09-24T17:42:28.058465+00:00'}, 'rfid_tag_id': None, 'is_remnant': True, 'created_at': '2026-09-24T17:42:28.058468+00:00', 'updated_at': '2026-09-24T17:42:28.058470+00:00', 'created_by': 'Seed', 'created_by_name': 'Seed', 'defects': [], 'landed_cost_refs': []}}, {'index': 47, 'code': 11000, 'errmsg': "E11000 duplicate key error collection: test_database.inventory_rolls index: _id_ dup key: { _id: ObjectId('6ab561049fabd886bdb0da86') }", 'keyPattern': {'_id': 1}, 'keyValue': {'_id': ObjectId('6ab561049fabd886bdb0da86')}, 'op': {'_id': ObjectId('6ab561049fabd886bdb0da86'), 'id': 'roll_52b2df3bbce5', 'product_id': 'prod_benang_katun', 'owner_entity_id': 'ent_ksc', 'ownership_type': 'internal', 'consignor_ref': None, 'warehouse_id': 'wh_surabaya', 'bin_id': None, 'lot': 'LOT-UOM02', 'dye_lot': 'LOT-UOM02', 'batch': 'BATCH-UOM02', 'roll_no': 'RL-00042-2', 'length_initial': 20.0, 'length_remaining': 20.0, 'unit': 'kg', 'grade': 'A', 'stage': 'yarn', 'fabric_type': 'woven', 'line_code': 'woven', 'status': 'subcon', 'tracking_mode': 'rfid', 'earmarked_for': None, 'secondary_measures': None, 'location_type': 'warehouse_bin', 'reserved_ref': None, 'base_unit_cost': 51500.0, 'unit_cost': 51500.0, 'landed_cost_total': 0.0, 'acquired': {'via': 'initial', 'ref_id': 'seed', 'date': '2026-09-24T17:42:25.880917+00:00'}, 'rfid_tag_id': None, 'is_remnant': False, 'created_at': '2026-09-24T17:42:28.082581+00:00', 'updated_at': '2026-09-24T17:42:28.082586+00:00', 'created_by': 'seed', 'created_by_name': 'System Seed', 'lot_id': 'lot_48db629a9a07', 'bucket_ref': {'type': 'subcon', 'id': 'mko_1009a45d445e:1', 'makloon_id': 'mak_seed_tenun', 'makloon_name': 'PT Tenun Nusantara Jaya', 'mko_id': 'mko_1009a45d445e', 'mko_number': 'MKO-00002', 'step': 1, 'created_by': 'Seed', 'created_at': '2026-09-24T17:42:28.081529+00:00'}, 'parent_roll_id': 'roll_5c124acf79c0', 'root_roll_id': 'roll_5c124acf79c0', 'defects': [], 'landed_cost_refs': []}}, {'index': 48, 'code': 11000, 'errmsg': "E11000 duplicate key error collection: test_database.inventory_rolls index: _id_ dup key: { _id: ObjectId('6ab561049fabd886bdb0da8a') }", 'keyPattern': {'_id': 1}, 'keyValue': {'_id': ObjectId('6ab561049fabd886bdb0da8a')}, 'op': {'_id': ObjectId('6ab561049fabd886bdb0da8a'), 'id': 'roll_a9ebc135422b', 'product_id': 'prod_benang_katun', 'owner_entity_id': 'ent_ksc', 'ownership_type': 'internal', 'consignor_ref': None, 'warehouse_id': 'wh_surabaya', 'bin_id': None, 'lot': 'LOT-UOM02', 'dye_lot': 'LOT-UOM02', 'batch': 'BATCH-UOM02', 'roll_no': 'RL-00042-3', 'length_initial': 15.0, 'length_remaining': 0.0, 'unit': 'kg', 'grade': 'A', 'stage': 'yarn', 'fabric_type': 'woven', 'line_code': 'woven', 'status': 'consumed', 'tracking_mode': 'rfid', 'earmarked_for': None, 'secondary_measures': None, 'location_type': 'warehouse_bin', 'reserved_ref': None, 'base_unit_cost': 51500.0, 'unit_cost': 51500.0, 'landed_cost_total': 0.0, 'acquired': {'via': 'initial', 'ref_id': 'seed', 'date': '2026-09-24T17:42:25.880917+00:00'}, 'rfid_tag_id': None, 'is_remnant': False, 'created_at': '2026-09-24T17:42:28.109868+00:00', 'updated_at': '2026-09-24T17:42:28.120125+00:00', 'created_by': 'seed', 'created_by_name': 'System Seed', 'lot_id': 'lot_48db629a9a07', 'bucket_ref': {'type': 'subcon', 'id': 'mko_0b924e553be2:1', 'makloon_id': 'mak_seed_tenun', 'makloon_name': 'PT Tenun Nusantara Jaya', 'mko_id': 'mko_0b924e553be2', 'mko_number': 'MKO-00003', 'step': 1, 'created_by': 'Seed', 'created_at': '2026-09-24T17:42:28.109155+00:00'}, 'parent_roll_id': 'roll_5c124acf79c0', 'root_roll_id': 'roll_5c124acf79c0', 'consumed_ref': 'mko_0b924e553be2:1', 'defects': [], 'landed_cost_refs': []}}, {'index': 49, 'code': 11000, 'errmsg': "E11000 duplicate key error collection: test_database.inventory_rolls index: _id_ dup key: { _id: ObjectId('6ab561049fabd886bdb0da91') }", 'keyPattern': {'_id': 1}, 'keyValue': {'_id': ObjectId('6ab561049fabd886bdb0da91')}, 'op': {'_id': ObjectId('6ab561049fabd886bdb0da91'), 'id': 'roll_0044a06764b5', 'product_id': 'prod_grey_katun', 'owner_entity_id': 'ent_ksc', 'ownership_type': 'internal', 'consignor_ref': None, 'warehouse_id': 'wh_surabaya', 'bin_id': None, 'lot': 'KSC/LOT-2609-0023', 'lot_id': 'lot_0d249ceef232', 'supplier_lot': '', 'dye_lot': 'GREY-TNJ-C1A', 'batch': 'GREY-TNJ-C1A', 'roll_no': 'RL-00047', 'length_initial': 25.45, 'length_remaining': 25.45, 'unit': 'yard', 'grade': 'A', 'stage': 'grey', 'fabric_type': 'woven', 'line_code': 'woven', 'status': 'available', 'tracking_mode': 'barcode', 'earmarked_for': None, 'secondary_measures': None, 'location_type': 'warehouse_bin', 'reserved_ref': None, 'base_unit_cost': 24600.1179, 'unit_cost': 24600.1179, 'landed_cost_total': 0.0, 'acquired': {'via': 'subcon_receipt', 'ref_id': 'mko_0b924e553be2', 'date': '2026-09-24T17:42:28.144688+00:00'}, 'rfid_tag_id': None, 'is_remnant': False, 'created_at': '2026-09-24T17:42:28.144691+00:00', 'updated_at': '2026-09-24T17:42:28.144693+00:00', 'created_by': 'Seed', 'created_by_name': 'Seed', 'defects': [], 'landed_cost_refs': []}}, {'index': 50, 'code': 11000, 'errmsg': "E11000 duplicate key error collection: test_database.inventory_rolls index: _id_ dup key: { _id: ObjectId('6ab561049fabd886bdb0da94') }", 'keyPattern': {'_id': 1}, 'keyValue': {'_id': ObjectId('6ab561049fabd886bdb0da94')}, 'op': {'_id': ObjectId('6ab561049fabd886bdb0da94'), 'id': 'roll_fa3ea2297241', 'product_id': 'prod_grey_katun', 'owner_entity_id': 'ent_ksc', 'ownership_type': 'internal', 'consignor_ref': None, 'warehouse_id': 'wh_surabaya', 'bin_id': None, 'lot': 'KSC/LOT-2609-0024', 'lot_id': 'lot_81172afa0785', 'supplier_lot': '', 'dye_lot': 'GREY-TNJ-C1B', 'batch': 'GREY-TNJ-C1B', 'roll_no': 'RL-00048', 'length_initial': 25.44, 'length_remaining': 25.44, 'unit': 'yard', 'grade': 'A', 'stage': 'grey', 'fabric_type': 'woven', 'line_code': 'woven', 'status': 'available', 'tracking_mode': 'barcode', 'earmarked_for': None, 'secondary_measures': None, 'location_type': 'warehouse_bin', 'reserved_ref': None, 'base_unit_cost': 24600.1179, 'unit_cost': 24600.1179, 'landed_cost_total': 0.0, 'acquired': {'via': 'subcon_receipt', 'ref_id': 'mko_0b924e553be2', 'date': '2026-09-24T17:42:28.160142+00:00'}, 'rfid_tag_id': None, 'is_remnant': False, 'created_at': '2026-09-24T17:42:28.160145+00:00', 'updated_at': '2026-09-24T17:42:28.160147+00:00', 'created_by': 'Seed', 'created_by_name': 'Seed', 'defects': [], 'landed_cost_refs': []}}, {'index': 51, 'code': 11000, 'errmsg': "E11000 duplicate key error collection: test_database.inventory_rolls index: _id_ dup key: { _id: ObjectId('6ab561049fabd886bdb0da97') }", 'keyPattern': {'_id': 1}, 'keyValue': {'_id': ObjectId('6ab561049fabd886bdb0da97')}, 'op': {'_id': ObjectId('6ab561049fabd886bdb0da97'), 'id': 'roll_158080180fb5', 'product_id': 'prod_benang_sisa', 'owner_entity_id': 'ent_ksc', 'ownership_type': 'internal', 'consignor_ref': None, 'warehouse_id': 'wh_surabaya', 'bin_id': None, 'lot': 'KSC/LOT-2609-0025', 'lot_id': 'lot_cef17bee4b22', 'supplier_lot': '', 'dye_lot': 'SISA-TENUN-C1', 'batch': 'SISA-TENUN-C1', 'roll_no': 'RL-00049', 'length_initial': 0.4, 'length_remaining': 0.4, 'unit': 'kg', 'grade': 'B', 'stage': 'yarn', 'fabric_type': 'woven', 'line_code': 'woven', 'status': 'available', 'tracking_mode': 'barcode', 'earmarked_for': None, 'secondary_measures': None, 'location_type': 'warehouse_bin', 'reserved_ref': None, 'base_unit_cost': 51500.0, 'unit_cost': 51500.0, 'landed_cost_total': 0.0, 'acquired': {'via': 'subcon_receipt_byproduct', 'ref_id': 'mko_0b924e553be2', 'date': '2026-09-24T17:42:28.176152+00:00'}, 'rfid_tag_id': None, 'is_remnant': True, 'created_at': '2026-09-24T17:42:28.176155+00:00', 'updated_at': '2026-09-24T17:42:28.176157+00:00', 'created_by': 'Seed', 'created_by_name': 'Seed', 'defects': [], 'landed_cost_refs': []}}, {'index': 52, 'code': 11000, 'errmsg': "E11000 duplicate key error collection: test_database.inventory_rolls index: _id_ dup key: { _id: ObjectId('6ab561049fabd886bdb0da9d') }", 'keyPattern': {'_id': 1}, 'keyValue': {'_id': ObjectId('6ab561049fabd886bdb0da9d')}, 'op': {'_id': ObjectId('6ab561049fabd886bdb0da9d'), 'id': 'roll_72e41c9d697c', 'product_id': 'prod_grey_katun', 'owner_entity_id': 'ent_ksc', 'ownership_type': 'internal', 'consignor_ref': None, 'warehouse_id': 'wh_surabaya', 'bin_id': None, 'lot': 'KSC/LOT-2609-0020', 'lot_id': 'lot_eadf976cef9f', 'supplier_lot': '', 'dye_lot': 'GREY-MKO-S1A', 'batch': 'GREY-MKO-S1A', 'roll_no': 'RL-00044-1', 'length_initial': 40.0, 'length_remaining': 0.0, 'unit': 'yard', 'grade': 'A', 'stage': 'grey', 'fabric_type': 'woven', 'line_code': 'woven', 'status': 'consumed', 'tracking_mode': 'barcode', 'earmarked_for': None, 'secondary_measures': None, 'location_type': 'warehouse_bin', 'reserved_ref': None, 'base_unit_cost': 17201.8349, 'unit_cost': 17201.8349, 'landed_cost_total': 0.0, 'acquired': {'via': 'subcon_receipt', 'ref_id': 'mko_5241f5865a68', 'date': '2026-09-24T17:42:28.026166+00:00'}, 'rfid_tag_id': None, 'is_remnant': False, 'created_at': '2026-09-24T17:42:28.217702+00:00', 'updated_at': '2026-09-24T17:42:28.242970+00:00', 'created_by': 'Seed', 'created_by_name': 'Seed', 'bucket_ref': {'type': 'subcon', 'id': 'mko_d965fa9a5764:1', 'makloon_id': 'mak_seed_pretreat', 'makloon_name': 'PT Bleaching Pratama', 'mko_id': 'mko_d965fa9a5764', 'mko_number': 'MKO-00004', 'step': 1, 'created_by': 'Seed', 'created_at': '2026-09-24T17:42:28.216934+00:00'}, 'parent_roll_id': 'roll_4acbe7641679', 'root_roll_id': 'roll_4acbe7641679', 'consumed_ref': 'mko_d965fa9a5764:1', 'defects': [], 'landed_cost_refs': []}}, {'index': 53, 'code': 11000, 'errmsg': "E11000 duplicate key error collection: test_database.inventory_rolls index: _id_ dup key: { _id: ObjectId('6ab561049fabd886bdb0daa4') }", 'keyPattern': {'_id': 1}, 'keyValue': {'_id': ObjectId('6ab561049fabd886bdb0daa4')}, 'op': {'_id': ObjectId('6ab561049fabd886bdb0daa4'), 'id': 'roll_d7b560e24be6', 'product_id': 'prod_pfp_katun', 'owner_entity_id': 'ent_ksc', 'ownership_type': 'internal', 'consignor_ref': None, 'warehouse_id': 'wh_surabaya', 'bin_id': None, 'lot': 'KSC/LOT-2609-0026', 'lot_id': 'lot_95dec62ea21e', 'supplier_lot': '', 'dye_lot': 'PFP-BLP-A1', 'batch': 'PFP-BLP-A1', 'roll_no': 'RL-00050', 'length_initial': 19.6, 'length_remaining': 0.0, 'unit': 'yard', 'grade': 'A', 'stage': 'pfp', 'fabric_type': 'woven', 'line_code': 'printing', 'status': 'consumed', 'tracking_mode': 'barcode', 'earmarked_for': None, 'secondary_measures': None, 'location_type': 'warehouse_bin', 'reserved_ref': None, 'base_unit_cost': 25205.9541, 'unit_cost': 25205.9541, 'landed_cost_total': 0.0, 'acquired': {'via': 'subcon_receipt', 'ref_id': 'mko_d965fa9a5764', 'date': '2026-09-24T17:42:28.270191+00:00'}, 'rfid_tag_id': None, 'is_remnant': False, 'created_at': '2026-09-24T17:42:28.270194+00:00', 'updated_at': '2026-09-24T17:42:28.323412+00:00', 'created_by': 'Seed', 'created_by_name': 'Seed', 'bucket_ref': {'type': 'subcon', 'id': 'mko_d965fa9a5764:3', 'makloon_id': 'mak_seed_printing', 'makloon_name': 'PT Rotary Print Indah', 'mko_id': 'mko_d965fa9a5764', 'mko_number': 'MKO-00004', 'step': 3, 'created_by': 'Seed', 'created_at': '2026-09-24T17:42:28.309152+00:00'}, 'consumed_ref': 'mko_d965fa9a5764:3', 'defects': [], 'landed_cost_refs': []}}, {'index': 54, 'code': 11000, 'errmsg': "E11000 duplicate key error collection: test_database.inventory_rolls index: _id_ dup key: { _id: ObjectId('6ab561049fabd886bdb0daa8') }", 'keyPattern': {'_id': 1}, 'keyValue': {'_id': ObjectId('6ab561049fabd886bdb0daa8')}, 'op': {'_id': ObjectId('6ab561049fabd886bdb0daa8'), 'id': 'roll_5e821f023950', 'product_id': 'prod_pfp_katun', 'owner_entity_id': 'ent_ksc', 'ownership_type': 'internal', 'consignor_ref': None, 'warehouse_id': 'wh_surabaya', 'bin_id': None, 'lot': 'KSC/LOT-2609-0027', 'lot_id': 'lot_8c7321c906e7', 'supplier_lot': '', 'dye_lot': 'PFP-BLP-A2', 'batch': 'PFP-BLP-A2', 'roll_no': 'RL-00051', 'length_initial': 19.6, 'length_remaining': 0.0, 'unit': 'yard', 'grade': 'A', 'stage': 'pfp', 'fabric_type': 'woven', 'line_code': 'printing', 'status': 'consumed', 'tracking_mode': 'barcode', 'earmarked_for': None, 'secondary_measures': None, 'location_type': 'warehouse_bin', 'reserved_ref': None, 'base_unit_cost': 25205.9541, 'unit_cost': 25205.9541, 'landed_cost_total': 0.0, 'acquired': {'via': 'subcon_receipt', 'ref_id': 'mko_d965fa9a5764', 'date': '2026-09-24T17:42:28.282790+00:00'}, 'rfid_tag_id': None, 'is_remnant': False, 'created_at': '2026-09-24T17:42:28.282792+00:00', 'updated_at': '2026-09-24T17:42:28.324216+00:00', 'created_by': 'Seed', 'created_by_name': 'Seed', 'bucket_ref': {'type': 'subcon', 'id': 'mko_d965fa9a5764:3', 'makloon_id': 'mak_seed_printing', 'makloon_name': 'PT Rotary Print Indah', 'mko_id': 'mko_d965fa9a5764', 'mko_number': 'MKO-00004', 'step': 3, 'created_by': 'Seed', 'created_at': '2026-09-24T17:42:28.309152+00:00'}, 'consumed_ref': 'mko_d965fa9a5764:3', 'defects': [], 'landed_cost_refs': []}}, {'index': 55, 'code': 11000, 'errmsg': "E11000 duplicate key error collection: test_database.inventory_rolls index: _id_ dup key: { _id: ObjectId('6ab561049fabd886bdb0dab5') }", 'keyPattern': {'_id': 1}, 'keyValue': {'_id': ObjectId('6ab561049fabd886bdb0dab5')}, 'op': {'_id': ObjectId('6ab561049fabd886bdb0dab5'), 'id': 'roll_87c979d39ee4', 'product_id': 'prod_batik_mega', 'owner_entity_id': 'ent_ksc', 'ownership_type': 'internal', 'consignor_ref': None, 'warehouse_id': 'wh_surabaya', 'bin_id': None, 'lot': 'KSC/LOT-2609-0028', 'lot_id': 'lot_4847987077b1', 'supplier_lot': '', 'dye_lot': 'MEGA-2026-03', 'batch': 'PRINT-RPI-B1', 'roll_no': 'RL-00052', 'length_initial': 19.02, 'length_remaining': 19.02, 'unit': 'yard', 'grade': 'A', 'stage': 'finished', 'fabric_type': 'woven', 'line_code': 'printing', 'status': 'available', 'tracking_mode': 'barcode', 'earmarked_for': None, 'secondary_measures': None, 'location_type': 'warehouse_bin', 'reserved_ref': None, 'base_unit_cost': 78571.4804, 'unit_cost': 78571.4804, 'landed_cost_total': 0.0, 'acquired': {'via': 'subcon_receipt', 'ref_id': 'mko_d965fa9a5764', 'date': '2026-09-24T17:42:28.351119+00:00'}, 'rfid_tag_id': None, 'is_remnant': False, 'created_at': '2026-09-24T17:42:28.351123+00:00', 'updated_at': '2026-09-24T17:42:28.351125+00:00', 'created_by': 'Seed', 'created_by_name': 'Seed', 'defects': [], 'landed_cost_refs': []}}, {'index': 56, 'code': 11000, 'errmsg': "E11000 duplicate key error collection: test_database.inventory_rolls index: _id_ dup key: { _id: ObjectId('6ab561049fabd886bdb0dab8') }", 'keyPattern': {'_id': 1}, 'keyValue': {'_id': ObjectId('6ab561049fabd886bdb0dab8')}, 'op': {'_id': ObjectId('6ab561049fabd886bdb0dab8'), 'id': 'roll_5cd9bee69693', 'product_id': 'prod_batik_mega', 'owner_entity_id': 'ent_ksc', 'ownership_type': 'internal', 'consignor_ref': None, 'warehouse_id': 'wh_surabaya', 'bin_id': None, 'lot': 'KSC/LOT-2609-0028', 'lot_id': 'lot_4847987077b1', 'supplier_lot': '', 'dye_lot': 'MEGA-2026-03', 'batch': 'PRINT-RPI-B2', 'roll_no': 'RL-00053', 'length_initial': 19.01, 'length_remaining': 19.01, 'unit': 'yard', 'grade': 'A', 'stage': 'finished', 'fabric_type': 'woven', 'line_code': 'printing', 'status': 'available', 'tracking_mode': 'barcode', 'earmarked_for': None, 'secondary_measures': None, 'location_type': 'warehouse_bin', 'reserved_ref': None, 'base_unit_cost': 78571.4804, 'unit_cost': 78571.4804, 'landed_cost_total': 0.0, 'acquired': {'via': 'subcon_receipt', 'ref_id': 'mko_d965fa9a5764', 'date': '2026-09-24T17:42:28.359371+00:00'}, 'rfid_tag_id': None, 'is_remnant': False, 'created_at': '2026-09-24T17:42:28.359375+00:00', 'updated_at': '2026-09-24T17:42:28.359376+00:00', 'created_by': 'Seed', 'created_by_name': 'Seed', 'defects': [], 'landed_cost_refs': []}}, {'index': 57, 'code': 11000, 'errmsg': "E11000 duplicate key error collection: test_database.inventory_rolls index: _id_ dup key: { _id: ObjectId('6ab561049fabd886bdb0dabd') }", 'keyPattern': {'_id': 1}, 'keyValue': {'_id': ObjectId('6ab561049fabd886bdb0dabd')}, 'op': {'_id': ObjectId('6ab561049fabd886bdb0dabd'), 'id': 'roll_d267dfaeb8b0', 'product_id': 'prod_grey_katun', 'owner_entity_id': 'ent_ksc', 'ownership_type': 'internal', 'consignor_ref': None, 'warehouse_id': 'wh_surabaya', 'bin_id': None, 'lot': 'KSC/LOT-2609-0021', 'lot_id': 'lot_378766d241fb', 'supplier_lot': '', 'dye_lot': 'GREY-MKO-S1B', 'batch': 'GREY-MKO-S1B', 'roll_no': 'RL-00045-1', 'length_initial': 5.0, 'length_remaining': 0.0, 'unit': 'yard', 'grade': 'A', 'stage': 'grey', 'fabric_type': 'woven', 'line_code': 'woven', 'status': 'consumed', 'tracking_mode': 'barcode', 'earmarked_for': None, 'secondary_measures': None, 'location_type': 'warehouse_bin', 'reserved_ref': None, 'base_unit_cost': 17201.8349, 'unit_cost': 17201.8349, 'landed_cost_total': 0.0, 'acquired': {'via': 'subcon_receipt', 'ref_id': 'mko_5241f5865a68', 'date': '2026-09-24T17:42:28.043891+00:00'}, 'rfid_tag_id': None, 'is_remnant': False, 'created_at': '2026-09-24T17:42:28.381919+00:00', 'updated_at': '2026-09-24T17:42:28.398489+00:00', 'created_by': 'Seed', 'created_by_name': 'Seed', 'bucket_ref': {'type': 'subcon', 'id': 'mko_da838d24037f:1', 'makloon_id': 'mak_seed_pretreat', 'makloon_name': 'PT Bleaching Pratama', 'mko_id': 'mko_da838d24037f', 'mko_number': 'MKO-00005', 'step': 1, 'created_by': 'Seed', 'created_at': '2026-09-24T17:42:28.380336+00:00'}, 'parent_roll_id': 'roll_4267eb5acfc2', 'root_roll_id': 'roll_4267eb5acfc2', 'consumed_ref': 'mko_da838d24037f:1', 'defects': [], 'landed_cost_refs': []}}, {'index': 58, 'code': 11000, 'errmsg': "E11000 duplicate key error collection: test_database.inventory_rolls index: _id_ dup key: { _id: ObjectId('6ab561049fabd886bdb0dac5') }", 'keyPattern': {'_id': 1}, 'keyValue': {'_id': ObjectId('6ab561049fabd886bdb0dac5')}, 'op': {'_id': ObjectId('6ab561049fabd886bdb0dac5'), 'id': 'roll_1fb55be113bd', 'product_id': 'prod_pfp_katun', 'owner_entity_id': 'ent_ksc', 'ownership_type': 'internal', 'consignor_ref': None, 'warehouse_id': 'wh_surabaya', 'bin_id': None, 'lot': 'KSC/LOT-2609-0029', 'lot_id': 'lot_cdf96dc0b8c3', 'supplier_lot': '', 'dye_lot': 'PFP-BLP-B1', 'batch': 'PFP-BLP-B1', 'roll_no': 'RL-00054', 'length_initial': 16.5, 'length_remaining': 16.5, 'unit': 'yard', 'grade': 'A', 'stage': 'pfp', 'fabric_type': 'woven', 'line_code': 'printing', 'status': 'available', 'tracking_mode': 'barcode', 'earmarked_for': None, 'secondary_measures': None, 'location_type': 'warehouse_bin', 'reserved_ref': None, 'base_unit_cost': 29797.7906, 'unit_cost': 29797.7906, 'landed_cost_total': 0.0, 'acquired': {'via': 'subcon_receipt', 'ref_id': 'mko_da838d24037f', 'date': '2026-09-24T17:42:28.423826+00:00'}, 'rfid_tag_id': None, 'is_remnant': False, 'created_at': '2026-09-24T17:42:28.423829+00:00', 'updated_at': '2026-09-24T17:46:08.854359+00:00', 'created_by': 'Seed', 'created_by_name': 'Seed', 'defects': [], 'landed_cost_refs': []}}, {'index': 59, 'code': 11000, 'errmsg': "E11000 duplicate key error collection: test_database.inventory_rolls index: _id_ dup key: { _id: ObjectId('6ab561049fabd886bdb0dacd') }", 'keyPattern': {'_id': 1}, 'keyValue': {'_id': ObjectId('6ab561049fabd886bdb0dacd')}, 'op': {'_id': ObjectId('6ab561049fabd886bdb0dacd'), 'id': 'roll_7ed9cd25ccf0', 'product_id': 'prod_batik_mega', 'owner_entity_id': 'ent_ksc', 'ownership_type': 'internal', 'consignor_ref': None, 'warehouse_id': 'wh_surabaya', 'bin_id': None, 'lot': 'KSC/LOT-2609-0028', 'lot_id': 'lot_4847987077b1', 'supplier_lot': '', 'dye_lot': 'KSC/LOT-2609-0028', 'batch': 'KSC/BATCH-2609-0028', 'roll_no': 'RL-00055', 'length_initial': 40.0, 'length_remaining': 40.0, 'unit': 'yard', 'grade': 'A', 'stage': 'finished', 'fabric_type': 'woven', 'line_code': 'printing', 'status': 'available', 'tracking_mode': 'barcode', 'earmarked_for': None, 'secondary_measures': None, 'location_type': 'warehouse_bin', 'reserved_ref': None, 'base_unit_cost': 21561.9267, 'unit_cost': 21561.9267, 'landed_cost_total': 0.0, 'acquired': {'via': 'production_output', 'ref_id': 'wo_b49fe88be7e2', 'date': '2026-09-24T17:42:28.464608+00:00'}, 'rfid_tag_id': None, 'is_remnant': False, 'created_at': '2026-09-24T17:42:28.464611+00:00', 'updated_at': '2026-09-24T17:42:28.464613+00:00', 'created_by': 'Eko Prasetyo', 'created_by_name': 'Eko Prasetyo', 'defects': [], 'landed_cost_refs': []}}, {'index': 60, 'code': 11000, 'errmsg': "E11000 duplicate key error collection: test_database.inventory_rolls index: _id_ dup key: { _id: ObjectId('6ab561079fabd886bdb0db26') }", 'keyPattern': {'_id': 1}, 'keyValue': {'_id': ObjectId('6ab561079fabd886bdb0db26')}, 'op': {'_id': ObjectId('6ab561079fabd886bdb0db26'), 'id': 'roll_8a2e763fa819', 'product_id': 'prod_batik_mega', 'owner_entity_id': 'ent_kanda', 'ownership_type': 'internal', 'consignor_ref': None, 'warehouse_id': 'wh_jakarta', 'bin_id': None, 'lot': 'KANDA/LOT-2609-0001', 'dye_lot': 'LOT-001', 'batch': 'BATCH-001', 'roll_no': 'RL-00002-1', 'length_initial': 7.0, 'length_remaining': 7.0, 'unit': 'yard', 'grade': 'A', 'stage': 'finished', 'fabric_type': 'woven', 'line_code': 'printing', 'status': 'available', 'tracking_mode': 'rfid', 'earmarked_for': {'type': 'customer', 'id': 'cust_toko_kain', 'name': 'Toko Kain Sejahtera', 'note': 'Hold untuk repeat order bulanan', 'by': 'Budi Santoso', 'at': '2026-09-24T17:42:26.166876+00:00'}, 'secondary_measures': None, 'location_type': 'warehouse_bin', 'reserved_ref': None, 'base_unit_cost': 157000.0, 'unit_cost': 157000.0, 'landed_cost_total': 0.0, 'acquired': {'via': 'transfer', 'ref_id': 'trn_6d6818f6ab32', 'date': '2026-09-24T17:42:31.546607+00:00'}, 'rfid_tag_id': None, 'is_remnant': False, 'created_at': '2026-09-24T17:42:31.516358+00:00', 'updated_at': '2026-09-24T17:42:31.793384+00:00', 'created_by': 'seed', 'created_by_name': 'System Seed', 'lot_id': 'lot_8763123d9d0d', 'parent_roll_id': 'roll_dfc033938605', 'root_roll_id': 'roll_dfc033938605', 'acquired_history': [{'via': 'initial', 'ref_id': 'seed', 'date': '2026-09-24T17:42:25.874347+00:00', 'owner_entity_name': 'KSC', 'replaced_at': '2026-09-24T17:42:31.547101+00:00', 'replaced_by_transfer': 'KSC/TRF-00004'}], 'cost_basis': {'source': 'interco_purchase', 'interco_pair_id': 'icp_26255e4b2aa5', 'interco_number': 'KSC/IC-00001', 'previous_unit_cost': 122100.0, 'at': '2026-09-24T17:42:31.568466+00:00'}, 'defects': [], 'landed_cost_refs': []}}, {'index': 61, 'code': 11000, 'errmsg': "E11000 duplicate key error collection: test_database.inventory_rolls index: _id_ dup key: { _id: ObjectId('6ab561079fabd886bdb0db4f') }", 'keyPattern': {'_id': 1}, 'keyValue': {'_id': ObjectId('6ab561079fabd886bdb0db4f')}, 'op': {'_id': ObjectId('6ab561079fabd886bdb0db4f'), 'id': 'roll_09cfa06c5592', 'product_id': 'prod_batik_mega', 'owner_entity_id': 'ent_ksc', 'ownership_type': 'internal', 'consignor_ref': None, 'warehouse_id': 'wh_jakarta', 'bin_id': None, 'lot': 'KSC/LOT-2609-0030', 'dye_lot': 'LOT-001', 'batch': 'BATCH-001', 'roll_no': 'RL-00002-1-1', 'length_initial': 3.0, 'length_remaining': 3.0, 'unit': 'yard', 'grade': 'A', 'stage': 'finished', 'fabric_type': 'woven', 'line_code': 'printing', 'status': 'available', 'tracking_mode': 'rfid', 'earmarked_for': {'type': 'customer', 'id': 'cust_toko_kain', 'name': 'Toko Kain Sejahtera', 'note': 'Hold untuk repeat order bulanan', 'by': 'Budi Santoso', 'at': '2026-09-24T17:42:26.166876+00:00'}, 'secondary_measures': None, 'location_type': 'warehouse_bin', 'reserved_ref': None, 'base_unit_cost': 122100.0, 'unit_cost': 122100.0, 'landed_cost_total': 0.0, 'acquired': {'via': 'transfer', 'ref_id': 'trn_13db8c2a3901', 'date': '2026-09-24T17:42:31.813019+00:00'}, 'rfid_tag_id': None, 'is_remnant': False, 'created_at': '2026-09-24T17:42:31.793369+00:00', 'updated_at': '2026-09-24T17:42:31.836072+00:00', 'created_by': 'seed', 'created_by_name': 'System Seed', 'lot_id': 'lot_1e46353a38b9', 'parent_roll_id': 'roll_dfc033938605', 'root_roll_id': 'roll_dfc033938605', 'acquired_history': [{'via': 'initial', 'ref_id': 'seed', 'date': '2026-09-24T17:42:25.874347+00:00', 'owner_entity_name': 'KSC', 'replaced_at': '2026-09-24T17:42:31.547101+00:00', 'replaced_by_transfer': 'KSC/TRF-00004'}, {'via': 'transfer', 'ref_id': 'trn_6d6818f6ab32', 'date': '2026-09-24T17:42:31.546607+00:00', 'owner_entity_name': 'Kanda', 'replaced_at': '2026-09-24T17:42:31.813334+00:00', 'replaced_by_transfer': 'KANDA/TRF-00001'}], 'cost_basis': {'source': 'interco_return', 'interco_pair_id': '', 'returned_from_pair_id': 'icp_26255e4b2aa5', 'interco_return_pair_id': 'icrp_78bff4e83fc5', 'interco_return_number': 'KANDA/ICR-00001', 'previous_unit_cost': 157000.0, 'at': '2026-09-24T17:42:31.836066+00:00'}, 'defects': [], 'landed_cost_refs': []}}, {'index': 62, 'code': 11000, 'errmsg': "E11000 duplicate key error collection: test_database.inventory_rolls index: _id_ dup key: { _id: ObjectId('6ab5610ae3404eef4ed973e2') }", 'keyPattern': {'_id': 1}, 'keyValue': {'_id': ObjectId('6ab5610ae3404eef4ed973e2')}, 'op': {'_id': ObjectId('6ab5610ae3404eef4ed973e2'), 'id': 'roll_cd85d689c3e9', 'product_id': 'prod_e9_demo_rantai', 'owner_entity_id': 'ent_kanda', 'ownership_type': 'internal', 'consignor_ref': None, 'warehouse_id': 'wh_tangerang', 'bin_id': None, 'lot': 'KANDA/LOT-2609-0002', 'lot_id': 'lot_f6593a5c45f5', 'supplier_lot': '', 'dye_lot': 'LOT-KANDA/PO-00012', 'batch': 'BATCH-KANDA/PO-00012', 'roll_no': 'RL-00056', 'length_initial': 3.0, 'length_remaining': 3.0, 'unit': 'yard', 'weight_kg': 5.889, 'weight_unit': 'kg', 'secondary_measures': {'kg': 5.889}, 'grade': 'A', 'defects': [], 'stage': 'finished', 'fabric_type': 'woven', 'line_code': 'woven', 'status': 'available', 'qc_task_id': None, 'tracking_mode': 'barcode', 'earmarked_for': None, 'location_type': 'warehouse_bin', 'reserved_ref': None, 'unit_cost': 90000.0, 'base_unit_cost': 90000.0, 'landed_cost_total': 0.0, 'landed_cost_refs': [], 'acquired': {'via': 'inbound', 'ref_id': 'po_772f5da39713', 'date': '2026-09-24T17:42:34.735424+00:00'}, 'supplier_id': 'sup_cb6ef32d94e4', 'supplier_name': 'Toba Craft', 'po_id': 'po_772f5da39713', 'po_number': 'KANDA/PO-00012', 'grn_task_id': 'wms_d8f1ed390741', 'received_date': '2026-09-24T17:42:34.735429+00:00', 'vendor_bill_id': '', 'supplier_invoice_no': '', 'rfid_tag_id': None, 'is_remnant': False, 'journey': {'stage': 'received_transit', 'routing': 'store', 'updated_at': '2026-09-24T17:42:34.735432+00:00'}, 'created_at': '2026-09-24T17:42:34.735433+00:00', 'updated_at': '2026-09-24T17:42:35.027328+00:00', 'created_by': 'user_admin_01', 'created_by_name': 'Budi Santoso', 'grade_source': 'qc_inspection', 'grade_updated_at': '2026-09-24T17:42:34.807541+00:00', 'qc_grade': 'A', 'qc_passed_at': '2026-09-24T17:42:34.807539+00:00'}}, {'index': 63, 'code': 11000, 'errmsg': "E11000 duplicate key error collection: test_database.inventory_rolls index: _id_ dup key: { _id: ObjectId('6ab5610be3404eef4ed973f6') }", 'keyPattern': {'_id': 1}, 'keyValue': {'_id': ObjectId('6ab5610be3404eef4ed973f6')}, 'op': {'_id': ObjectId('6ab5610be3404eef4ed973f6'), 'id': 'roll_6f050a713852', 'product_id': 'prod_e9_demo_rantai', 'owner_entity_id': 'ent_ksc', 'ownership_type': 'internal', 'consignor_ref': None, 'warehouse_id': 'wh_tangerang', 'bin_id': None, 'lot': 'KSC/LOT-2609-0031', 'lot_id': 'lot_9f8a374e117a', 'supplier_lot': '', 'dye_lot': 'LOT-KANDA/PO-00012', 'batch': 'BATCH-KANDA/PO-00012', 'roll_no': 'RL-00056-1', 'length_initial': 12.0, 'length_remaining': 12.0, 'unit': 'yard', 'weight_kg': 5.889, 'weight_unit': 'kg', 'secondary_measures': {'kg': 5.889}, 'grade': 'A', 'defects': [], 'stage': 'finished', 'fabric_type': 'woven', 'line_code': 'woven', 'status': 'available', 'qc_task_id': None, 'tracking_mode': 'barcode', 'earmarked_for': None, 'location_type': 'warehouse_bin', 'reserved_ref': None, 'unit_cost': 120000.0, 'base_unit_cost': 120000.0, 'landed_cost_total': 0.0, 'landed_cost_refs': [], 'acquired': {'via': 'transfer', 'ref_id': 'trn_68192c0cbd5a', 'date': '2026-09-24T17:42:35.052409+00:00'}, 'supplier_id': 'sup_cb6ef32d94e4', 'supplier_name': 'Toba Craft', 'po_id': 'po_772f5da39713', 'po_number': 'KANDA/PO-00012', 'grn_task_id': 'wms_d8f1ed390741', 'received_date': '2026-09-24T17:42:34.735429+00:00', 'vendor_bill_id': '', 'supplier_invoice_no': '', 'rfid_tag_id': None, 'is_remnant': False, 'journey': {'stage': 'received_transit', 'routing': 'store', 'updated_at': '2026-09-24T17:42:34.735432+00:00'}, 'created_at': '2026-09-24T17:42:35.027300+00:00', 'updated_at': '2026-09-24T17:42:35.083793+00:00', 'created_by': 'user_admin_01', 'created_by_name': 'Budi Santoso', 'grade_source': 'qc_inspection', 'grade_updated_at': '2026-09-24T17:42:34.807541+00:00', 'qc_grade': 'A', 'qc_passed_at': '2026-09-24T17:42:34.807539+00:00', 'parent_roll_id': 'roll_cd85d689c3e9', 'root_roll_id': 'roll_cd85d689c3e9', 'acquired_history': [{'via': 'inbound', 'ref_id': 'po_772f5da39713', 'date': '2026-09-24T17:42:34.735424+00:00', 'owner_entity_name': 'Kanda', 'replaced_at': '2026-09-24T17:42:35.052761+00:00', 'replaced_by_transfer': 'KANDA/TRF-00002'}], 'cost_basis': {'source': 'interco_purchase', 'interco_pair_id': 'icp_e054f22d41e1', 'interco_number': 'KANDA/IC-00006', 'previous_unit_cost': 90000.0, 'at': '2026-09-24T17:42:35.070569+00:00'}}}, {'index': 64, 'code': 11000, 'errmsg': "E11000 duplicate key error collection: test_database.inventory_rolls index: _id_ dup key: { _id: ObjectId('6ab5610be3404eef4ed97400') }", 'keyPattern': {'_id': 1}, 'keyValue': {'_id': ObjectId('6ab5610be3404eef4ed97400')}, 'op': {'_id': ObjectId('6ab5610be3404eef4ed97400'), 'id': 'roll_456f8379a2bb', 'product_id': 'prod_e9_demo_rantai', 'owner_entity_id': 'ent_ksc', 'ownership_type': 'internal', 'consignor_ref': None, 'warehouse_id': 'wh_tangerang', 'bin_id': None, 'lot': 'KSC/LOT-2609-0031', 'lot_id': 'lot_9f8a374e117a', 'supplier_lot': '', 'dye_lot': 'LOT-KANDA/PO-00012', 'batch': 'BATCH-KANDA/PO-00012', 'roll_no': 'RL-00056-1-1', 'length_initial': 25.0, 'length_remaining': 25.0, 'unit': 'yard', 'weight_kg': 5.889, 'weight_unit': 'kg', 'secondary_measures': {'kg': 5.889}, 'grade': 'A', 'defects': [], 'stage': 'finished', 'fabric_type': 'woven', 'line_code': 'woven', 'status': 'committed', 'qc_task_id': None, 'tracking_mode': 'barcode', 'earmarked_for': None, 'location_type': 'warehouse_bin', 'reserved_ref': {'type': 'sales_order', 'id': 'so_6186903868ad'}, 'unit_cost': 120000.0, 'base_unit_cost': 120000.0, 'landed_cost_total': 0.0, 'landed_cost_refs': [], 'acquired': {'via': 'transfer', 'ref_id': 'trn_68192c0cbd5a', 'date': '2026-09-24T17:42:35.052409+00:00'}, 'supplier_id': 'sup_cb6ef32d94e4', 'supplier_name': 'Toba Craft', 'po_id': 'po_772f5da39713', 'po_number': 'KANDA/PO-00012', 'grn_task_id': 'wms_d8f1ed390741', 'received_date': '2026-09-24T17:42:34.735429+00:00', 'vendor_bill_id': '', 'supplier_invoice_no': '', 'rfid_tag_id': None, 'is_remnant': False, 'journey': {'stage': 'received_transit', 'routing': 'store', 'updated_at': '2026-09-24T17:42:34.735432+00:00'}, 'created_at': '2026-09-24T17:42:35.084786+00:00', 'updated_at': '2026-09-24T17:42:35.119731+00:00', 'created_by': 'user_admin_01', 'created_by_name': 'Budi Santoso', 'grade_source': 'qc_inspection', 'grade_updated_at': '2026-09-24T17:42:34.807541+00:00', 'qc_grade': 'A', 'qc_passed_at': '2026-09-24T17:42:34.807539+00:00', 'parent_roll_id': 'roll_cd85d689c3e9', 'root_roll_id': 'roll_cd85d689c3e9', 'acquired_history': [{'via': 'inbound', 'ref_id': 'po_772f5da39713', 'date': '2026-09-24T17:42:34.735424+00:00', 'owner_entity_name': 'Kanda', 'replaced_at': '2026-09-24T17:42:35.052761+00:00', 'replaced_by_transfer': 'KANDA/TRF-00002'}], 'cost_basis': {'source': 'interco_purchase', 'interco_pair_id': 'icp_e054f22d41e1', 'interco_number': 'KANDA/IC-00006', 'previous_unit_cost': 90000.0, 'at': '2026-09-24T17:42:35.070569+00:00'}}}, {'index': 65, 'code': 11000, 'errmsg': "E11000 duplicate key error collection: test_database.inventory_rolls index: _id_ dup key: { _id: ObjectId('6ab5610be3404eef4ed97416') }", 'keyPattern': {'_id': 1}, 'keyValue': {'_id': ObjectId('6ab5610be3404eef4ed97416')}, 'op': {'_id': ObjectId('6ab5610be3404eef4ed97416'), 'id': 'roll_c6069e66e1da', 'product_id': 'prod_e9_demo_rantai', 'warehouse_id': 'wh_jakarta', 'owner_entity_id': 'ent_kanda', 'roll_no': 'RTN-00001', 'unit': 'yard', 'length': 10.0, 'length_initial': 10.0, 'length_remaining': 10.0, 'status': 'available', 'qc_status': 'released', 'origin_type': 'return', 'origin_ref': 'sret_0057b90a3d9d', 'return_id': 'sret_0057b90a3d9d', 'condition': 'damaged', 'grade': 'B', 'defects': [], 'stage': 'finished', 'fabric_type': 'woven', 'line_code': 'woven', 'inspection': {'points': 0.0, 'grade': 'B', 'defects': [], 'condition': 'damaged', 'disposition': 'return_supplier', 'recommended_outcome': 'store_credit', 'accepted_qty': 10.0, 'gsm_actual': None, 'width_actual': None, 'thresholds': {'a_max': 20.0, 'a1_max': 26.67, 'a2_max': 33.33, 'b_max': 40.0}, 'notes': 'DEMOE9 kain belang', 'inspected_by': 'Dewi Rahayu', 'inspected_at': '2026-09-24T17:42:35.492167+00:00'}, 'unit_cost': 0.0, 'base_unit_cost': 0.0, 'landed_cost_total': 0.0, 'earmarked_for': None, 'committed_to': None, 'reserved_ref': None, 'lot': 'KANDA/LOT-2609-0003', 'lot_id': 'lot_0376a4f86905', 'acquired': {'via': 'transfer', 'ref_id': 'trn_4ab2ef7d835c', 'date': '2026-09-24T17:42:35.895822+00:00'}, 'journey': {'stage': 'received_transit', 'routing': 'store', 'updated_at': '2026-09-24T17:42:35.541260+00:00'}, 'supplier_id': 'sup_cb6ef32d94e4', 'supplier_name': 'Toba Craft', 'po_id': 'po_772f5da39713', 'po_number': 'KANDA/PO-00012', 'received_date': '2026-09-24T17:42:34.735429+00:00', 'dye_lot': 'LOT-KANDA/PO-00012', 'origin_interco_pair_id': 'icp_e054f22d41e1', 'origin_interco_number': 'KANDA/IC-00006', 'source_roll_ids': ['roll_456f8379a2bb'], 'acquired_history': [{'via': 'inbound', 'ref_id': 'po_772f5da39713', 'date': '2026-09-24T17:42:34.735424+00:00', 'owner_entity_name': 'Kanda', 'replaced_at': '2026-09-24T17:42:35.052761+00:00', 'replaced_by_transfer': 'KANDA/TRF-00002', 'inherited_from_roll_id': 'roll_456f8379a2bb', 'inherited_at': '2026-09-24T17:42:35.545524+00:00'}, {'via': 'transfer', 'ref_id': 'trn_68192c0cbd5a', 'date': '2026-09-24T17:42:35.052409+00:00', 'owner_entity_name': 'KSC', 'inherited_from_roll_id': 'roll_456f8379a2bb', 'inherited_at': '2026-09-24T17:42:35.545818+00:00'}, {'via': 'return', 'ref_id': 'sret_0057b90a3d9d', 'date': '2026-09-24T17:42:35.541260+00:00', 'owner_entity_name': 'KSC', 'replaced_at': '2026-09-24T17:42:35.896156+00:00', 'replaced_by_transfer': 'KSC/TRF-00005'}], 'created_at': '2026-09-24T17:42:35.541260+00:00', 'updated_at': '2026-09-24T17:42:35.909104+00:00', 'released_at': '2026-09-24T17:42:35.624299+00:00', 'released_by': 'Dewi Rahayu', 'cost_basis': {'source': 'interco_return', 'interco_pair_id': '', 'returned_from_pair_id': 'icp_e054f22d41e1', 'interco_return_pair_id': 'icrp_81a5be32aa27', 'interco_return_number': 'KSC/ICR-00002', 'previous_unit_cost': 0.0, 'at': '2026-09-24T17:42:35.909098+00:00'}, 'landed_cost_refs': []}}, {'index': 66, 'code': 11000, 'errmsg': "E11000 duplicate key error collection: test_database.inventory_rolls index: _id_ dup key: { _id: ObjectId('6ab561e0e3404eef4ed97751') }", 'keyPattern': {'_id': 1}, 'keyValue': {'_id': ObjectId('6ab561e0e3404eef4ed97751')}, 'op': {'_id': ObjectId('6ab561e0e3404eef4ed97751'), 'id': 'roll_c6e1beae09f5', 'product_id': 'prod_pfp_katun', 'owner_entity_id': 'ent_ksc', 'ownership_type': 'internal', 'consignor_ref': None, 'warehouse_id': 'wh_surabaya', 'bin_id': None, 'lot': 'KSC/LOT-2609-0029', 'lot_id': 'lot_cdf96dc0b8c3', 'supplier_lot': '', 'dye_lot': 'PFP-BLP-B1', 'batch': 'PFP-BLP-B1', 'roll_no': 'RL-00054-1', 'length_initial': 8.0, 'length_remaining': 0.0, 'unit': 'yard', 'grade': 'A', 'stage': 'pfp', 'fabric_type': 'woven', 'line_code': 'printing', 'status': 'consumed', 'tracking_mode': 'barcode', 'earmarked_for': None, 'secondary_measures': None, 'location_type': 'warehouse_bin', 'reserved_ref': None, 'base_unit_cost': 29797.7906, 'unit_cost': 29797.7906, 'landed_cost_total': 0.0, 'acquired': {'via': 'subcon_receipt', 'ref_id': 'mko_da838d24037f', 'date': '2026-09-24T17:42:28.423826+00:00'}, 'rfid_tag_id': None, 'is_remnant': False, 'created_at': '2026-09-24T17:46:08.855319+00:00', 'updated_at': '2026-09-24T17:46:09.203216+00:00', 'created_by': 'Seed', 'created_by_name': 'Seed', 'defects': [], 'landed_cost_refs': [], 'bucket_ref': {'type': 'subcon', 'id': 'mko_e238bc07b4ac:1', 'makloon_id': 'mak_seed_screen', 'makloon_name': 'UD Kasa Mandiri Screen', 'mko_id': 'mko_e238bc07b4ac', 'mko_number': 'MKO-00007', 'step': 1, 'created_by': 'Budi Santoso', 'created_at': '2026-09-24T17:46:08.853033+00:00'}, 'parent_roll_id': 'roll_1fb55be113bd', 'root_roll_id': 'roll_1fb55be113bd', 'consumed_ref': 'mko_e238bc07b4ac:1'}}, {'index': 67, 'code': 11000, 'errmsg': "E11000 duplicate key error collection: test_database.inventory_rolls index: _id_ dup key: { _id: ObjectId('6ab561e1e3404eef4ed9775f') }", 'keyPattern': {'_id': 1}, 'keyValue': {'_id': ObjectId('6ab561e1e3404eef4ed9775f')}, 'op': {'_id': ObjectId('6ab561e1e3404eef4ed9775f'), 'id': 'roll_db96d1cdf902', 'product_id': 'prod_pfp_katun', 'owner_entity_id': 'ent_ksc', 'ownership_type': 'internal', 'consignor_ref': None, 'warehouse_id': 'wh_surabaya', 'bin_id': None, 'lot': 'KSC/LOT-2609-0037', 'lot_id': 'lot_d0b1323fa359', 'supplier_lot': '', 'dye_lot': 'POC-SCR-c8535f', 'batch': 'POC-SCR-c8535f', 'roll_no': 'RL-00059', 'length_initial': 8.0, 'length_remaining': 8.0, 'unit': 'yard', 'grade': 'A', 'stage': 'pfp', 'fabric_type': 'woven', 'line_code': 'printing', 'status': 'available', 'tracking_mode': 'barcode', 'earmarked_for': None, 'secondary_measures': None, 'location_type': 'warehouse_bin', 'reserved_ref': None, 'base_unit_cost': 123547.79, 'unit_cost': 123547.79, 'landed_cost_total': 0.0, 'acquired': {'via': 'subcon_receipt', 'ref_id': 'mko_e238bc07b4ac', 'date': '2026-09-24T17:46:09.235619+00:00'}, 'rfid_tag_id': None, 'is_remnant': False, 'created_at': '2026-09-24T17:46:09.235622+00:00', 'updated_at': '2026-09-24T17:46:09.235624+00:00', 'created_by': 'Budi Santoso', 'created_by_name': 'Budi Santoso'}}, {'index': 68, 'code': 11000, 'errmsg': "E11000 duplicate key error collection: test_database.inventory_rolls index: _id_ dup key: { _id: ObjectId('6ab561ece3404eef4ed977a0') }", 'keyPattern': {'_id': 1}, 'keyValue': {'_id': ObjectId('6ab561ece3404eef4ed977a0')}, 'op': {'_id': ObjectId('6ab561ece3404eef4ed977a0'), 'id': 'roll_088d5ba863b1', 'product_id': 'prod_tenun_ikat', 'owner_entity_id': 'ent_ksc', 'ownership_type': 'internal', 'consignor_ref': None, 'warehouse_id': 'wh_jakarta', 'bin_id': None, 'lot': 'KSC/LOT-2609-0039', 'lot_id': 'lot_b34950adc744', 'supplier_lot': '', 'dye_lot': 'DL-POC-U-6641E3', 'batch': 'BATCH-POC-U-6641E3', 'roll_no': 'RL-00061', 'length_initial': 45.0, 'length_remaining': 45.0, 'unit': 'yard', 'weight_kg': 10.369, 'weight_unit': 'kg', 'secondary_measures': {'kg': 10.369}, 'grade': 'A', 'defects': [], 'stage': 'finished', 'fabric_type': 'woven', 'line_code': 'woven', 'status': 'returned_supplier', 'qc_task_id': 'wms_38b77229e7a9', 'tracking_mode': 'barcode', 'earmarked_for': None, 'location_type': 'warehouse_bin', 'reserved_ref': None, 'unit_cost': 200000.0, 'base_unit_cost': 200000.0, 'landed_cost_total': 0.0, 'landed_cost_refs': [], 'acquired': {'via': 'inbound', 'ref_id': 'po_1c7b6b31a239', 'date': '2026-09-24T17:46:20.786157+00:00'}, 'supplier_id': 'sup_319930243311', 'supplier_name': 'Cirebon Craft', 'po_id': 'po_1c7b6b31a239', 'po_number': 'KSC/PO-00016', 'grn_task_id': 'wms_38b77229e7a9', 'received_date': '2026-09-24T17:46:20.786161+00:00', 'vendor_bill_id': '', 'supplier_invoice_no': '', 'rfid_tag_id': None, 'is_remnant': False, 'journey': {'stage': 'received_transit', 'routing': 'store', 'updated_at': '2026-09-24T17:46:20.786163+00:00'}, 'created_at': '2026-09-24T17:46:20.786165+00:00', 'updated_at': '2026-09-24T17:46:21.084050+00:00', 'created_by': 'user_wh_01', 'created_by_name': 'Eko Prasetyo', 'returned_ref': {'type': 'purchase_return', 'id': 'pret_378bf18db270'}}}, {'index': 69, 'code': 11000, 'errmsg': "E11000 duplicate key error collection: test_database.inventory_rolls index: _id_ dup key: { _id: ObjectId('6ab561ece3404eef4ed977a2') }", 'keyPattern': {'_id': 1}, 'keyValue': {'_id': ObjectId('6ab561ece3404eef4ed977a2')}, 'op': {'_id': ObjectId('6ab561ece3404eef4ed977a2'), 'id': 'roll_4ad0f2c2dc9e', 'product_id': 'prod_tenun_ikat', 'owner_entity_id': 'ent_ksc', 'ownership_type': 'internal', 'consignor_ref': None, 'warehouse_id': 'wh_jakarta', 'bin_id': None, 'lot': 'KSC/LOT-2609-0039', 'lot_id': 'lot_b34950adc744', 'supplier_lot': '', 'dye_lot': 'DL-POC-U-6641E3', 'batch': 'BATCH-POC-U-6641E3', 'roll_no': 'RL-00062', 'length_initial': 45.0, 'length_remaining': 45.0, 'unit': 'yard', 'weight_kg': 10.369, 'weight_unit': 'kg', 'secondary_measures': {'kg': 10.369}, 'grade': 'A', 'defects': [], 'stage': 'finished', 'fabric_type': 'woven', 'line_code': 'woven', 'status': 'returned_supplier', 'qc_task_id': 'wms_38b77229e7a9', 'tracking_mode': 'barcode', 'earmarked_for': None, 'location_type': 'warehouse_bin', 'reserved_ref': None, 'unit_cost': 200000.0, 'base_unit_cost': 200000.0, 'landed_cost_total': 0.0, 'landed_cost_refs': [], 'acquired': {'via': 'inbound', 'ref_id': 'po_1c7b6b31a239', 'date': '2026-09-24T17:46:20.787747+00:00'}, 'supplier_id': 'sup_319930243311', 'supplier_name': 'Cirebon Craft', 'po_id': 'po_1c7b6b31a239', 'po_number': 'KSC/PO-00016', 'grn_task_id': 'wms_38b77229e7a9', 'received_date': '2026-09-24T17:46:20.787749+00:00', 'vendor_bill_id': '', 'supplier_invoice_no': '', 'rfid_tag_id': None, 'is_remnant': False, 'journey': {'stage': 'received_transit', 'routing': 'store', 'updated_at': '2026-09-24T17:46:20.787752+00:00'}, 'created_at': '2026-09-24T17:46:20.787753+00:00', 'updated_at': '2026-09-24T17:46:21.085126+00:00', 'created_by': 'user_wh_01', 'created_by_name': 'Eko Prasetyo', 'returned_ref': {'type': 'purchase_return', 'id': 'pret_378bf18db270'}}}, {'index': 70, 'code': 11000, 'errmsg': "E11000 duplicate key error collection: test_database.inventory_rolls index: _id_ dup key: { _id: ObjectId('6ab561ece3404eef4ed977a4') }", 'keyPattern': {'_id': 1}, 'keyValue': {'_id': ObjectId('6ab561ece3404eef4ed977a4')}, 'op': {'_id': ObjectId('6ab561ece3404eef4ed977a4'), 'id': 'roll_ff0ebe9d53e8', 'product_id': 'prod_tenun_ikat', 'owner_entity_id': 'ent_ksc', 'ownership_type': 'internal', 'consignor_ref': None, 'warehouse_id': 'wh_jakarta', 'bin_id': None, 'lot': 'KSC/LOT-2609-0039', 'lot_id': 'lot_b34950adc744', 'supplier_lot': '', 'dye_lot': 'DL-POC-U-6641E3', 'batch': 'BATCH-POC-U-6641E3', 'roll_no': 'RL-00063', 'length_initial': 45.0, 'length_remaining': 45.0, 'unit': 'yard', 'weight_kg': 10.369, 'weight_unit': 'kg', 'secondary_measures': {'kg': 10.369}, 'grade': 'A', 'defects': [], 'stage': 'finished', 'fabric_type': 'woven', 'line_code': 'woven', 'status': 'quarantine', 'qc_task_id': 'wms_38b77229e7a9', 'tracking_mode': 'barcode', 'earmarked_for': None, 'location_type': 'warehouse_bin', 'reserved_ref': None, 'unit_cost': 200000.0, 'base_unit_cost': 200000.0, 'landed_cost_total': 0.0, 'landed_cost_refs': [], 'acquired': {'via': 'inbound', 'ref_id': 'po_1c7b6b31a239', 'date': '2026-09-24T17:46:20.789603+00:00'}, 'supplier_id': 'sup_319930243311', 'supplier_name': 'Cirebon Craft', 'po_id': 'po_1c7b6b31a239', 'po_number': 'KSC/PO-00016', 'grn_task_id': 'wms_38b77229e7a9', 'received_date': '2026-09-24T17:46:20.789607+00:00', 'vendor_bill_id': '', 'supplier_invoice_no': '', 'rfid_tag_id': None, 'is_remnant': False, 'journey': {'stage': 'received_transit', 'routing': 'store', 'updated_at': '2026-09-24T17:46:20.789609+00:00'}, 'created_at': '2026-09-24T17:46:20.789611+00:00', 'updated_at': '2026-09-24T17:46:20.789612+00:00', 'created_by': 'user_wh_01', 'created_by_name': 'Eko Prasetyo'}}, {'index': 71, 'code': 11000, 'errmsg': "E11000 duplicate key error collection: test_database.inventory_rolls index: _id_ dup key: { _id: ObjectId('6ab561ece3404eef4ed977a6') }", 'keyPattern': {'_id': 1}, 'keyValue': {'_id': ObjectId('6ab561ece3404eef4ed977a6')}, 'op': {'_id': ObjectId('6ab561ece3404eef4ed977a6'), 'id': 'roll_80ba1e3a8946', 'product_id': 'prod_tenun_ikat', 'owner_entity_id': 'ent_ksc', 'ownership_type': 'internal', 'consignor_ref': None, 'warehouse_id': 'wh_jakarta', 'bin_id': None, 'lot': 'KSC/LOT-2609-0039', 'lot_id': 'lot_b34950adc744', 'supplier_lot': '', 'dye_lot': 'DL-POC-U-6641E3', 'batch': 'BATCH-POC-U-6641E3', 'roll_no': 'RL-00064', 'length_initial': 45.0, 'length_remaining': 45.0, 'unit': 'yard', 'weight_kg': 10.369, 'weight_unit': 'kg', 'secondary_measures': {'kg': 10.369}, 'grade': 'A', 'defects': [], 'stage': 'finished', 'fabric_type': 'woven', 'line_code': 'woven', 'status': 'quarantine', 'qc_task_id': 'wms_38b77229e7a9', 'tracking_mode': 'barcode', 'earmarked_for': None, 'location_type': 'warehouse_bin', 'reserved_ref': None, 'unit_cost': 200000.0, 'base_unit_cost': 200000.0, 'landed_cost_total': 0.0, 'landed_cost_refs': [], 'acquired': {'via': 'inbound', 'ref_id': 'po_1c7b6b31a239', 'date': '2026-09-24T17:46:20.791483+00:00'}, 'supplier_id': 'sup_319930243311', 'supplier_name': 'Cirebon Craft', 'po_id': 'po_1c7b6b31a239', 'po_number': 'KSC/PO-00016', 'grn_task_id': 'wms_38b77229e7a9', 'received_date': '2026-09-24T17:46:20.791487+00:00', 'vendor_bill_id': '', 'supplier_invoice_no': '', 'rfid_tag_id': None, 'is_remnant': False, 'journey': {'stage': 'received_transit', 'routing': 'store', 'updated_at': '2026-09-24T17:46:20.791490+00:00'}, 'created_at': '2026-09-24T17:46:20.791492+00:00', 'updated_at': '2026-09-24T17:46:20.791493+00:00', 'created_by': 'user_wh_01', 'created_by_name': 'Eko Prasetyo'}}, {'index': 72, 'code': 11000, 'errmsg': "E11000 duplicate key error collection: test_database.inventory_rolls index: _id_ dup key: { _id: ObjectId('6ab561ece3404eef4ed977a8') }", 'keyPattern': {'_id': 1}, 'keyValue': {'_id': ObjectId('6ab561ece3404eef4ed977a8')}, 'op': {'_id': ObjectId('6ab561ece3404eef4ed977a8'), 'id': 'roll_02198cbca869', 'product_id': 'prod_tenun_ikat', 'owner_entity_id': 'ent_ksc', 'ownership_type': 'internal', 'consignor_ref': None, 'warehouse_id': 'wh_jakarta', 'bin_id': None, 'lot': 'KSC/LOT-2609-0039', 'lot_id': 'lot_b34950adc744', 'supplier_lot': '', 'dye_lot': 'DL-POC-U-6641E3', 'batch': 'BATCH-POC-U-6641E3', 'roll_no': 'RL-00065', 'length_initial': 45.0, 'length_remaining': 45.0, 'unit': 'yard', 'weight_kg': 10.369, 'weight_unit': 'kg', 'secondary_measures': {'kg': 10.369}, 'grade': 'A', 'defects': [], 'stage': 'finished', 'fabric_type': 'woven', 'line_code': 'woven', 'status': 'quarantine', 'qc_task_id': 'wms_38b77229e7a9', 'tracking_mode': 'barcode', 'earmarked_for': None, 'location_type': 'warehouse_bin', 'reserved_ref': None, 'unit_cost': 200000.0, 'base_unit_cost': 200000.0, 'landed_cost_total': 0.0, 'landed_cost_refs': [], 'acquired': {'via': 'inbound', 'ref_id': 'po_1c7b6b31a239', 'date': '2026-09-24T17:46:20.793104+00:00'}, 'supplier_id': 'sup_319930243311', 'supplier_name': 'Cirebon Craft', 'po_id': 'po_1c7b6b31a239', 'po_number': 'KSC/PO-00016', 'grn_task_id': 'wms_38b77229e7a9', 'received_date': '2026-09-24T17:46:20.793106+00:00', 'vendor_bill_id': '', 'supplier_invoice_no': '', 'rfid_tag_id': None, 'is_remnant': False, 'journey': {'stage': 'received_transit', 'routing': 'store', 'updated_at': '2026-09-24T17:46:20.793108+00:00'}, 'created_at': '2026-09-24T17:46:20.793110+00:00', 'updated_at': '2026-09-24T17:46:20.793111+00:00', 'created_by': 'user_wh_01', 'created_by_name': 'Eko Prasetyo'}}, {'index': 73, 'code': 11000, 'errmsg': "E11000 duplicate key error collection: test_database.inventory_rolls index: _id_ dup key: { _id: ObjectId('6ab561ece3404eef4ed977aa') }", 'keyPattern': {'_id': 1}, 'keyValue': {'_id': ObjectId('6ab561ece3404eef4ed977aa')}, 'op': {'_id': ObjectId('6ab561ece3404eef4ed977aa'), 'id': 'roll_29f356f89e37', 'product_id': 'prod_tenun_ikat', 'owner_entity_id': 'ent_ksc', 'ownership_type': 'internal', 'consignor_ref': None, 'warehouse_id': 'wh_jakarta', 'bin_id': None, 'lot': 'KSC/LOT-2609-0039', 'lot_id': 'lot_b34950adc744', 'supplier_lot': '', 'dye_lot': 'DL-POC-U-6641E3', 'batch': 'BATCH-POC-U-6641E3', 'roll_no': 'RL-00066', 'length_initial': 45.0, 'length_remaining': 45.0, 'unit': 'yard', 'weight_kg': 10.369, 'weight_unit': 'kg', 'secondary_measures': {'kg': 10.369}, 'grade': 'A', 'defects': [], 'stage': 'finished', 'fabric_type': 'woven', 'line_code': 'woven', 'status': 'quarantine', 'qc_task_id': 'wms_38b77229e7a9', 'tracking_mode': 'barcode', 'earmarked_for': None, 'location_type': 'warehouse_bin', 'reserved_ref': None, 'unit_cost': 200000.0, 'base_unit_cost': 200000.0, 'landed_cost_total': 0.0, 'landed_cost_refs': [], 'acquired': {'via': 'inbound', 'ref_id': 'po_1c7b6b31a239', 'date': '2026-09-24T17:46:20.794597+00:00'}, 'supplier_id': 'sup_319930243311', 'supplier_name': 'Cirebon Craft', 'po_id': 'po_1c7b6b31a239', 'po_number': 'KSC/PO-00016', 'grn_task_id': 'wms_38b77229e7a9', 'received_date': '2026-09-24T17:46:20.794600+00:00', 'vendor_bill_id': '', 'supplier_invoice_no': '', 'rfid_tag_id': None, 'is_remnant': False, 'journey': {'stage': 'received_transit', 'routing': 'store', 'updated_at': '2026-09-24T17:46:20.794602+00:00'}, 'created_at': '2026-09-24T17:46:20.794604+00:00', 'updated_at': '2026-09-24T17:46:20.794605+00:00', 'created_by': 'user_wh_01', 'created_by_name': 'Eko Prasetyo'}}, {'index': 74, 'code': 11000, 'errmsg': "E11000 duplicate key error collection: test_database.inventory_rolls index: _id_ dup key: { _id: ObjectId('6ab561ece3404eef4ed977ac') }", 'keyPattern': {'_id': 1}, 'keyValue': {'_id': ObjectId('6ab561ece3404eef4ed977ac')}, 'op': {'_id': ObjectId('6ab561ece3404eef4ed977ac'), 'id': 'roll_d896a7065838', 'product_id': 'prod_tenun_ikat', 'owner_entity_id': 'ent_ksc', 'ownership_type': 'internal', 'consignor_ref': None, 'warehouse_id': 'wh_jakarta', 'bin_id': None, 'lot': 'KSC/LOT-2609-0039', 'lot_id': 'lot_b34950adc744', 'supplier_lot': '', 'dye_lot': 'DL-POC-U-6641E3', 'batch': 'BATCH-POC-U-6641E3', 'roll_no': 'RL-00067', 'length_initial': 45.0, 'length_remaining': 45.0, 'unit': 'yard', 'weight_kg': 10.369, 'weight_unit': 'kg', 'secondary_measures': {'kg': 10.369}, 'grade': 'A', 'defects': [], 'stage': 'finished', 'fabric_type': 'woven', 'line_code': 'woven', 'status': 'quarantine', 'qc_task_id': 'wms_38b77229e7a9', 'tracking_mode': 'barcode', 'earmarked_for': None, 'location_type': 'warehouse_bin', 'reserved_ref': None, 'unit_cost': 200000.0, 'base_unit_cost': 200000.0, 'landed_cost_total': 0.0, 'landed_cost_refs': [], 'acquired': {'via': 'inbound', 'ref_id': 'po_1c7b6b31a239', 'date': '2026-09-24T17:46:20.796259+00:00'}, 'supplier_id': 'sup_319930243311', 'supplier_name': 'Cirebon Craft', 'po_id': 'po_1c7b6b31a239', 'po_number': 'KSC/PO-00016', 'grn_task_id': 'wms_38b77229e7a9', 'received_date': '2026-09-24T17:46:20.796266+00:00', 'vendor_bill_id': '', 'supplier_invoice_no': '', 'rfid_tag_id': None, 'is_remnant': False, 'journey': {'stage': 'received_transit', 'routing': 'store', 'updated_at': '2026-09-24T17:46:20.796269+00:00'}, 'created_at': '2026-09-24T17:46:20.796271+00:00', 'updated_at': '2026-09-24T17:46:20.796272+00:00', 'created_by': 'user_wh_01', 'created_by_name': 'Eko Prasetyo'}}, {'index': 75, 'code': 11000, 'errmsg': "E11000 duplicate key error collection: test_database.inventory_rolls index: _id_ dup key: { _id: ObjectId('6ab561ece3404eef4ed977ae') }", 'keyPattern': {'_id': 1}, 'keyValue': {'_id': ObjectId('6ab561ece3404eef4ed977ae')}, 'op': {'_id': ObjectId('6ab561ece3404eef4ed977ae'), 'id': 'roll_1e4c5689a8d3', 'product_id': 'prod_tenun_ikat', 'owner_entity_id': 'ent_ksc', 'ownership_type': 'internal', 'consignor_ref': None, 'warehouse_id': 'wh_jakarta', 'bin_id': None, 'lot': 'KSC/LOT-2609-0039', 'lot_id': 'lot_b34950adc744', 'supplier_lot': '', 'dye_lot': 'DL-POC-U-6641E3', 'batch': 'BATCH-POC-U-6641E3', 'roll_no': 'RL-00068', 'length_initial': 45.0, 'length_remaining': 45.0, 'unit': 'yard', 'weight_kg': 10.369, 'weight_unit': 'kg', 'secondary_measures': {'kg': 10.369}, 'grade': 'A', 'defects': [], 'stage': 'finished', 'fabric_type': 'woven', 'line_code': 'woven', 'status': 'quarantine', 'qc_task_id': 'wms_38b77229e7a9', 'tracking_mode': 'barcode', 'earmarked_for': None, 'location_type': 'warehouse_bin', 'reserved_ref': None, 'unit_cost': 200000.0, 'base_unit_cost': 200000.0, 'landed_cost_total': 0.0, 'landed_cost_refs': [], 'acquired': {'via': 'inbound', 'ref_id': 'po_1c7b6b31a239', 'date': '2026-09-24T17:46:20.797985+00:00'}, 'supplier_id': 'sup_319930243311', 'supplier_name': 'Cirebon Craft', 'po_id': 'po_1c7b6b31a239', 'po_number': 'KSC/PO-00016', 'grn_task_id': 'wms_38b77229e7a9', 'received_date': '2026-09-24T17:46:20.797988+00:00', 'vendor_bill_id': '', 'supplier_invoice_no': '', 'rfid_tag_id': None, 'is_remnant': False, 'journey': {'stage': 'received_transit', 'routing': 'store', 'updated_at': '2026-09-24T17:46:20.797990+00:00'}, 'created_at': '2026-09-24T17:46:20.797992+00:00', 'updated_at': '2026-09-24T17:46:20.797993+00:00', 'created_by': 'user_wh_01', 'created_by_name': 'Eko Prasetyo'}}, {'index': 76, 'code': 11000, 'errmsg': "E11000 duplicate key error collection: test_database.inventory_rolls index: _id_ dup key: { _id: ObjectId('6ab561ece3404eef4ed977b0') }", 'keyPattern': {'_id': 1}, 'keyValue': {'_id': ObjectId('6ab561ece3404eef4ed977b0')}, 'op': {'_id': ObjectId('6ab561ece3404eef4ed977b0'), 'id': 'roll_f8b088a23ef5', 'product_id': 'prod_tenun_ikat', 'owner_entity_id': 'ent_ksc', 'ownership_type': 'internal', 'consignor_ref': None, 'warehouse_id': 'wh_jakarta', 'bin_id': None, 'lot': 'KSC/LOT-2609-0039', 'lot_id': 'lot_b34950adc744', 'supplier_lot': '', 'dye_lot': 'DL-POC-U-6641E3', 'batch': 'BATCH-POC-U-6641E3', 'roll_no': 'RL-00069', 'length_initial': 45.0, 'length_remaining': 45.0, 'unit': 'yard', 'weight_kg': 10.369, 'weight_unit': 'kg', 'secondary_measures': {'kg': 10.369}, 'grade': 'A', 'defects': [], 'stage': 'finished', 'fabric_type': 'woven', 'line_code': 'woven', 'status': 'quarantine', 'qc_task_id': 'wms_38b77229e7a9', 'tracking_mode': 'barcode', 'earmarked_for': None, 'location_type': 'warehouse_bin', 'reserved_ref': None, 'unit_cost': 200000.0, 'base_unit_cost': 200000.0, 'landed_cost_total': 0.0, 'landed_cost_refs': [], 'acquired': {'via': 'inbound', 'ref_id': 'po_1c7b6b31a239', 'date': '2026-09-24T17:46:20.799582+00:00'}, 'supplier_id': 'sup_319930243311', 'supplier_name': 'Cirebon Craft', 'po_id': 'po_1c7b6b31a239', 'po_number': 'KSC/PO-00016', 'grn_task_id': 'wms_38b77229e7a9', 'received_date': '2026-09-24T17:46:20.799585+00:00', 'vendor_bill_id': '', 'supplier_invoice_no': '', 'rfid_tag_id': None, 'is_remnant': False, 'journey': {'stage': 'received_transit', 'routing': 'store', 'updated_at': '2026-09-24T17:46:20.799587+00:00'}, 'created_at': '2026-09-24T17:46:20.799589+00:00', 'updated_at': '2026-09-24T17:46:20.799590+00:00', 'created_by': 'user_wh_01', 'created_by_name': 'Eko Prasetyo'}}, {'index': 77, 'code': 11000, 'errmsg': "E11000 duplicate key error collection: test_database.inventory_rolls index: _id_ dup key: { _id: ObjectId('6ab561ece3404eef4ed977b2') }", 'keyPattern': {'_id': 1}, 'keyValue': {'_id': ObjectId('6ab561ece3404eef4ed977b2')}, 'op': {'_id': ObjectId('6ab561ece3404eef4ed977b2'), 'id': 'roll_f20a5cf0a944', 'product_id': 'prod_tenun_ikat', 'owner_entity_id': 'ent_ksc', 'ownership_type': 'internal', 'consignor_ref': None, 'warehouse_id': 'wh_jakarta', 'bin_id': None, 'lot': 'KSC/LOT-2609-0039', 'lot_id': 'lot_b34950adc744', 'supplier_lot': '', 'dye_lot': 'DL-POC-U-6641E3', 'batch': 'BATCH-POC-U-6641E3', 'roll_no': 'RL-00070', 'length_initial': 45.0, 'length_remaining': 45.0, 'unit': 'yard', 'weight_kg': 10.369, 'weight_unit': 'kg', 'secondary_measures': {'kg': 10.369}, 'grade': 'A', 'defects': [], 'stage': 'finished', 'fabric_type': 'woven', 'line_code': 'woven', 'status': 'quarantine', 'qc_task_id': 'wms_38b77229e7a9', 'tracking_mode': 'barcode', 'earmarked_for': None, 'location_type': 'warehouse_bin', 'reserved_ref': None, 'unit_cost': 200000.0, 'base_unit_cost': 200000.0, 'landed_cost_total': 0.0, 'landed_cost_refs': [], 'acquired': {'via': 'inbound', 'ref_id': 'po_1c7b6b31a239', 'date': '2026-09-24T17:46:20.801133+00:00'}, 'supplier_id': 'sup_319930243311', 'supplier_name': 'Cirebon Craft', 'po_id': 'po_1c7b6b31a239', 'po_number': 'KSC/PO-00016', 'grn_task_id': 'wms_38b77229e7a9', 'received_date': '2026-09-24T17:46:20.801136+00:00', 'vendor_bill_id': '', 'supplier_invoice_no': '', 'rfid_tag_id': None, 'is_remnant': False, 'journey': {'stage': 'received_transit', 'routing': 'store', 'updated_at': '2026-09-24T17:46:20.801138+00:00'}, 'created_at': '2026-09-24T17:46:20.801140+00:00', 'updated_at': '2026-09-24T17:46:20.801141+00:00', 'created_by': 'user_wh_01', 'created_by_name': 'Eko Prasetyo'}}, {'index': 78, 'code': 11000, 'errmsg': "E11000 duplicate key error collection: test_database.inventory_rolls index: _id_ dup key: { _id: ObjectId('6ab561ece3404eef4ed977b4') }", 'keyPattern': {'_id': 1}, 'keyValue': {'_id': ObjectId('6ab561ece3404eef4ed977b4')}, 'op': {'_id': ObjectId('6ab561ece3404eef4ed977b4'), 'id': 'roll_02af278545b5', 'product_id': 'prod_tenun_ikat', 'owner_entity_id': 'ent_ksc', 'ownership_type': 'internal', 'consignor_ref': None, 'warehouse_id': 'wh_jakarta', 'bin_id': None, 'lot': 'KSC/LOT-2609-0039', 'lot_id': 'lot_b34950adc744', 'supplier_lot': '', 'dye_lot': 'DL-POC-U-6641E3', 'batch': 'BATCH-POC-U-6641E3', 'roll_no': 'RL-00071', 'length_initial': 45.0, 'length_remaining': 45.0, 'unit': 'yard', 'weight_kg': 10.369, 'weight_unit': 'kg', 'secondary_measures': {'kg': 10.369}, 'grade': 'A', 'defects': [], 'stage': 'finished', 'fabric_type': 'woven', 'line_code': 'woven', 'status': 'quarantine', 'qc_task_id': 'wms_38b77229e7a9', 'tracking_mode': 'barcode', 'earmarked_for': None, 'location_type': 'warehouse_bin', 'reserved_ref': None, 'unit_cost': 200000.0, 'base_unit_cost': 200000.0, 'landed_cost_total': 0.0, 'landed_cost_refs': [], 'acquired': {'via': 'inbound', 'ref_id': 'po_1c7b6b31a239', 'date': '2026-09-24T17:46:20.802507+00:00'}, 'supplier_id': 'sup_319930243311', 'supplier_name': 'Cirebon Craft', 'po_id': 'po_1c7b6b31a239', 'po_number': 'KSC/PO-00016', 'grn_task_id': 'wms_38b77229e7a9', 'received_date': '2026-09-24T17:46:20.802509+00:00', 'vendor_bill_id': '', 'supplier_invoice_no': '', 'rfid_tag_id': None, 'is_remnant': False, 'journey': {'stage': 'received_transit', 'routing': 'store', 'updated_at': '2026-09-24T17:46:20.802511+00:00'}, 'created_at': '2026-09-24T17:46:20.802512+00:00', 'updated_at': '2026-09-24T17:46:20.802514+00:00', 'created_by': 'user_wh_01', 'created_by_name': 'Eko Prasetyo'}}, {'index': 79, 'code': 11000, 'errmsg': "E11000 duplicate key error collection: test_database.inventory_rolls index: _id_ dup key: { _id: ObjectId('6ab561ece3404eef4ed977b6') }", 'keyPattern': {'_id': 1}, 'keyValue': {'_id': ObjectId('6ab561ece3404eef4ed977b6')}, 'op': {'_id': ObjectId('6ab561ece3404eef4ed977b6'), 'id': 'roll_538aaf47414b', 'product_id': 'prod_tenun_ikat', 'owner_entity_id': 'ent_ksc', 'ownership_type': 'internal', 'consignor_ref': None, 'warehouse_id': 'wh_jakarta', 'bin_id': None, 'lot': 'KSC/LOT-2609-0039', 'lot_id': 'lot_b34950adc744', 'supplier_lot': '', 'dye_lot': 'DL-POC-U-6641E3', 'batch': 'BATCH-POC-U-6641E3', 'roll_no': 'RL-00072', 'length_initial': 45.0, 'length_remaining': 45.0, 'unit': 'yard', 'weight_kg': 10.369, 'weight_unit': 'kg', 'secondary_measures': {'kg': 10.369}, 'grade': 'A', 'defects': [], 'stage': 'finished', 'fabric_type': 'woven', 'line_code': 'woven', 'status': 'quarantine', 'qc_task_id': 'wms_38b77229e7a9', 'tracking_mode': 'barcode', 'earmarked_for': None, 'location_type': 'warehouse_bin', 'reserved_ref': None, 'unit_cost': 200000.0, 'base_unit_cost': 200000.0, 'landed_cost_total': 0.0, 'landed_cost_refs': [], 'acquired': {'via': 'inbound', 'ref_id': 'po_1c7b6b31a239', 'date': '2026-09-24T17:46:20.803982+00:00'}, 'supplier_id': 'sup_319930243311', 'supplier_name': 'Cirebon Craft', 'po_id': 'po_1c7b6b31a239', 'po_number': 'KSC/PO-00016', 'grn_task_id': 'wms_38b77229e7a9', 'received_date': '2026-09-24T17:46:20.803985+00:00', 'vendor_bill_id': '', 'supplier_invoice_no': '', 'rfid_tag_id': None, 'is_remnant': False, 'journey': {'stage': 'received_transit', 'routing': 'store', 'updated_at': '2026-09-24T17:46:20.803987+00:00'}, 'created_at': '2026-09-24T17:46:20.803989+00:00', 'updated_at': '2026-09-24T17:46:20.803990+00:00', 'created_by': 'user_wh_01', 'created_by_name': 'Eko Prasetyo'}}, {'index': 80, 'code': 11000, 'errmsg': "E11000 duplicate key error collection: test_database.inventory_rolls index: _id_ dup key: { _id: ObjectId('6ab561fee3404eef4ed97864') }", 'keyPattern': {'_id': 1}, 'keyValue': {'_id': ObjectId('6ab561fee3404eef4ed97864')}, 'op': {'_id': ObjectId('6ab561fee3404eef4ed97864'), 'id': 'roll_fc1ed0ce70b1', 'product_id': 'prod_tenun_ikat', 'owner_entity_id': 'ent_ksc', 'ownership_type': 'internal', 'consignor_ref': None, 'warehouse_id': 'wh_surabaya', 'bin_id': 'A1-01', 'lot': 'KSC/LOT-2609-0041', 'lot_id': 'lot_dceaf722e063', 'supplier_lot': '', 'dye_lot': 'POC-P', 'batch': 'POC-P', 'roll_no': 'RL-00085', 'length_initial': 30.0, 'length_remaining': 30.0, 'unit': 'yard', 'weight_kg': 6.913, 'weight_unit': 'kg', 'secondary_measures': {'kg': 6.913}, 'grade': 'A', 'defects': [], 'stage': 'finished', 'fabric_type': 'woven', 'line_code': 'woven', 'status': 'quarantine', 'qc_task_id': 'wms_e18b5453816c', 'tracking_mode': 'barcode', 'earmarked_for': None, 'location_type': 'warehouse_bin', 'reserved_ref': None, 'unit_cost': 157500.0, 'base_unit_cost': 157500.0, 'landed_cost_total': 0.0, 'landed_cost_refs': [], 'acquired': {'via': 'inbound', 'ref_id': 'po_9331bcb10973', 'date': '2026-09-24T17:46:38.327356+00:00'}, 'supplier_id': 'sup_86929119c64a', 'supplier_name': 'NTT Weaving Co', 'po_id': 'po_9331bcb10973', 'po_number': 'KSC/PO-00030', 'grn_task_id': 'wms_e18b5453816c', 'received_date': '2026-09-24T17:46:38.327360+00:00', 'vendor_bill_id': '', 'supplier_invoice_no': '', 'rfid_tag_id': None, 'is_remnant': False, 'journey': {'stage': 'received_transit', 'routing': 'store', 'updated_at': '2026-09-24T17:46:38.327363+00:00'}, 'created_at': '2026-09-24T17:46:38.327365+00:00', 'updated_at': '2026-09-24T17:46:38.327367+00:00', 'created_by': 'user_wh_01', 'created_by_name': 'Eko Prasetyo'}}], 'writeConcernErrors': [], 'nInserted': 0, 'nUpserted': 0, 'nMatched': 0, 'nModified': 0, 'nRemoved': 0, 'upserted': []}[0m
  [91m[FAIL][0m stok · buku besar · kas dipulihkan EKSAK (poc_stock_guard)
  [PASS] nol residu: jumlah dokumen tiap koleksi SAMA sebelum & sesudah POC  [2m6 koleksi identik[0m
  [PASS] invarian INV-QC tetap HIJAU sesudah pembersihan  [2mexit 0 · urn_quarantine, roll_created)

[1m================================================================[0m
  [92mPASS 4[0m  |  [91mFAIL 0[0m  |  [93mWARN 0[0m
  [92m[1mSEMUA INVARIAN VALID.[0m

[0m

[1m==============================================================================
  HASIL: [92m90 PASS[0m · [91m3 FAIL[0m dari 93 pemeriksaan
[91m  GAGAL:[0m
   - retur menyimpan NOMOR SPK yang memeriksanya (jejak dari sisi retur)
   - SPK KEDUA atas dokumen yang sama DITOLAK & menyebut nomor SPK yang sudah ada (satu barang, satu pemeriksa)
   - stok · buku besar · kas dipulihkan EKSAK (poc_stock_guard)
==============================================================================[0m
  [91m✗ POC FASE I (inspeksi & QC: SPK otomatis · grade dari mesin lama · tahanan warna dilepas manajer · nol residu) FAIL (rc=1)[0m (12s)

[96m[1m▶ POC FASE N (notifikasi beralamat: izin & divisi · dedupe per orang · nol siaran 'all')[0m
==============================================================================
  POC FASE N — NOTIFIKASI SAMPAI KE ORANG YANG BENAR
==============================================================================
  [snapshot] 118 notifikasi disimpan — akan dipulihkan PERSIS.

[93mN1 · low_stock hanya ke pemegang wewenang beli[0m
  [PASS] job menghasilkan notifikasi stok menipis  (68 notifikasi dari job, 64 di antaranya low_stock)
  [PASS] NOL notifikasi stok ber-recipient_role="all" (dulu 9)  (0 yang masih 'all')
  [PASS] setiap pesan stok ber-ALAMAT ORANG (recipient_user terisi)
  [PASS] penerimanya HANYA pemegang `purchase_order.create`  (nyasar ke: [])
  [PASS] kotak FINANCE menerima 0 pesan stok kain (inti keluhan D5)
  [PASS] kotak SALES juga bersih dari pesan stok

[93mN4 · dedupe PER ORANG (job dua kali → tetap satu per orang)[0m
  [PASS] job kedua TIDAK menambah satu pun pesan stok (dedupe harian per orang)  (64 → 64)
  [PASS] kunci dedupe UNIK per orang (INV-PS21-01 tetap berlaku)  (64 pesan, 64 kunci)
  [PASS] semua penerima berwenang mendapat JUMLAH yang sama (tak ada yang tertelan)  (4 orang × [16] pesan)

[93mN2 · ar_due_soon MASUK kotak Finance[0m
  [PASS] data demo tidak punya piutang di offset H-3/H-1/H/H+1 — alamat diuji lewat penyelesainya  (job melaporkan {'created': 0, 'scanned': 0, 'detail': '0 order pada offset H-3, H-1, H, H+1'})
  [PASS] penyelesai alamat piutang MEMUAT Finance (dulu tidak pernah)  (8 penerima berwenang)
  [PASS] ref piutang tetap memuat offset sah (INV-PS21-02 tidak dilanggar)

[93mN3 · PO custom diajukan → pemegang keputusan diberi tahu[0m
  [PASS] PO custom dibuat lewat API  (HTTP 200 {"id":"sord_5665bd01dda3","number":"SORD-260924-0001","status":"pending_approval","type":"special_order","title":"POCN-bbcd86 kain custom motif khusus","request)
  [PASS] notifikasi PO custom LAHIR (dulu: 3 dokumen, 0 notifikasi)  (4 penerima)
  [PASS] alamatnya bukan siaran "all"
  [PASS] penerimanya pemegang wewenang menyetujui pesanan
  [PASS] sales biasa TIDAK ikut menerima keputusan yang bukan wewenangnya

[93mN3b · PO custom LAMA (tak lewat endpoint) juga dapat penerima[0m
  [PASS] dokumen warisan yang menunggu keputusan MENDAPAT penerima lewat job (bukan hanya dokumen yang lahir lewat endpoint)  (4 penerima · 4 notifikasi sebelumnya)
  [PASS] penerimanya HANYA pemegang wewenang menyetujui pesanan (bukan siaran)
  [PASS] nol notifikasi PO custom ber-recipient_role="all"
  [PASS] job dijalankan DUA KALI → tiap orang tetap satu pesan (dedupe per orang)  (4 → 4)

[93mN5 · notifikasi ber-ENTITAS (PT-A tidak melihat milik PT-B)[0m
  [PASS] membaca dalam konteks PT-A TIDAK memunculkan notifikasi PT-B
  [PASS] …tetapi dalam konteks PT-B notifikasi itu memang terlihat (bukti pagarnya menyaring, bukan menyembunyikan semuanya)

[93mN6 · alamat mengikuti IZIN, bukan nama peran[0m
  [PASS] sebelum diubah: manajer termasuk penerima  (4 orang)
  [PASS] sesudah izin DICABUT dari layar Matriks Izin: manajer berhenti menerima — tanpa satu baris kode pun diubah  (4 → 1 orang)
  [PASS] matriks izin dipulihkan (nol residu izin)  (4 orang)

[93mN7 · penyelesai TIDAK pernah jatuh ke "kirim ke semua"[0m
  [PASS] izin yang tak dipegang siapa pun → NOL penerima, bukan siaran  (0 penerima)
  [PASS] divisi yang tidak ada → NOL penerima
  [PASS] badan usaha yang bukan penugasan siapa pun → NOL penerima (pagar entitas ikut berlaku pada ALAMAT, bukan hanya pada pembacaan)

[93mN8 · nol residu[0m
  [PASS] koleksi notifikasi dipulihkan PERSIS ke jumlah semula  (118 → 118)
  [PASS] dokumen PO custom uji dibersihkan  (sisa 0)
  · jejak dibuang=tidak ada
  [PASS] koleksi jejak `audit_logs` kembali PERSIS seperti sebelum POC (INV-GATE-01 tidak boleh memerah karena POC ini)  (116 → 116)
  [PASS] koleksi jejak `sessions` kembali PERSIS seperti sebelum POC (INV-GATE-01 tidak boleh memerah karena POC ini)  (89 → 89)
  [PASS] matriks izin tidak ditinggalkan dalam keadaan tercabut
  [PASS] baris matriks izin `permission_settings/default` kembali seperti sebelum POC  (semula=ada)

==============================================================================
  HASIL: [92m35 PASS[0m · [92m0 FAIL[0m dari 35 pemeriksaan
==============================================================================
  [92m✓ POC FASE N (notifikasi beralamat: izin & divisi · dedupe per orang · nol siaran 'all') PASS[0m (2s)

[96m[1m▶ audit_endpoint_sweep (semua GET → 5xx · paralel)[0m
[96m  [snapshot] 116 dokumen dari 2 koleksi disimpan — data demo akan dipulihkan setelah uji.[0m

[1mKN3 ENDPOINT SWEEP — 578 GET routes (paralel x12)[0m
  OK(data): 356  EMPTY: 49  5xx/EXC: 0  4xx: 153  SKIPPED: 20

[91m[1m=== 5xx / EXCEPTIONS (BUG NYATA) ===[0m
  [92mnone[0m

[93m=== 4xx (auth/validasi — review) ===[0m
  [404] /api/access/roles/{rid}
  [404] /api/amendments/{amd_id}
  [404] /api/approval-rules/{rule_id}
  [422] /api/ar-receipts/deposit
  [422] /api/ar-receipts/open-orders
  [404] /api/ar-receipts/{receipt_id}
  [404] /api/bank-accounts/{account_id}/ledger
  [422] /api/bank-reconciliation/lines
  [400] /api/bank-reconciliation/lines/{line_id}/candidates
  [422] /api/bank-reconciliation/summary
  [404] /api/cash-advance-settlements/{stl_id}
  [404] /api/cash-advances/{ca_id}
  [422] /api/color-library/nearest
  [404] /api/color-library/{color_id}/links
  [422] /api/config/explain
  [400] /api/contra-bons/bank-line-candidates/{line_id}
  [422] /api/contra-bons/prepare
  [404] /api/contra-bons/{cb_id}
  [404] /api/contra-bons/{cb_id}/receipt
  [404] /api/credit-notes/{cn_id}
  [422] /api/customer-prices
  [422] /api/customer-prices/export
  [422] /api/customer-prices/floor
  [422] /api/customer-prices/quote
  [404] /api/design-gallery/{gallery_id}
  [404] /api/design-gallery/{gallery_id}/files/{file_id}
  [404] /api/design-gallery/{gallery_id}/history
  [404] /api/design-requests/{req_id}
  [404] /api/design-requests/{req_id}/references/{file_id}
  [422] /api/documents/resolve
  [404] /api/documents/{doc_id}/print
  [404] /api/entities/{entity_id}
  [404] /api/entities/{entity_id}/audit
  [404] /api/entities/{entity_id}/deactivation-impact
  [404] /api/entities/{entity_id}/readiness
  [404] /api/finance-cases/{case_id}
  [422] /api/finance/budget-vs-actual
  [422] /api/finance/closing/preview
  [422] /api/finance/closing/status
  [404] /api/fixed-assets/{asset_id}
  [404] /api/fulfillment/wizard/{so_id}
  [422] /api/gl/inventory-drift-explain
  [404] /api/gl/journal/{entry_id}
  [404] /api/hr/employees/{employee_id}
  [404] /api/hr/employees/{employee_id}/360
  [422] /api/hr/field-tracks
  [404] /api/hr/payroll/runs/{run_id}
  [404] /api/hr/payslips/{slip_id}
  [404] /api/hr/payslips/{slip_id}/pdf
  [400] /api/inbound/po/{po_id}/receiving-goods-document
  [400] /api/inbound/tasks/{task_id}/scanned-rolls
  [400] /api/inbound/tasks/{task_id}/uom-options
  [404] /api/input-tax-invoices/{fpm_id}
  [404] /api/inspections/{ins_id}
  [404] /api/inspections/{ins_id}/pdf
  [404] /api/interco/loans/{loan_id}
  [404] /api/interco/returns/{ret_id}
  [404] /api/interco/settlements/{sid}
  [404] /api/interco/transactions/{interco_id}
  [404] /api/interco/transactions/{interco_id}/journal
  [400] /api/interco/transactions/{interco_id}/returnable
  [404] /api/interco/transactions/{interco_id}/tax-invoice
  [404] /api/internal-requests/{req_id}
  [404] /api/internal-requests/{req_id}/sources
  [422] /api/inventory/rolls/available
  [404] /api/inventory/rolls/{roll_id}/cost-history
  [404] /api/inventory/rolls/{roll_id}/grade-history
  [404] /api/inventory/rolls/{roll_id}/journey-timeline
  [404] /api/landed-costs/{voucher_id}
  [404] /api/logistics/deliveries/{delivery_id}
  [404] /api/logistics/deliveries/{delivery_id}/photos/{photo_id}
  [404] /api/lots/{lot_id}
  [404] /api/lots/{lot_id}/genealogy
  [404] /api/lots/{lot_id}/recall
  [404] /api/makloon-orders/{mko_id}
  [404] /api/makloons/{makloon_id}
  [404] /api/makloons/{makloon_id}/scorecard
  [404] /api/marketing/posts/{pid}
  [404] /api/marketing/posts/{pid}/attachments/{fid}
  [400] /api/outbound/so/{order_id}/surat-jalan
  [404] /api/payment-variances/receipt/{receipt_id}
  [404] /api/payment-variances/{decision_id}
  [404] /api/penalties/{penalty_id}
  [422] /api/pos/frequently-bought-together
  [422] /api/pos/substitutes
  [422] /api/price-approvals/effective
  [422] /api/price-approvals/hint
  [404] /api/price-approvals/{approval_id}
  [404] /api/price-approvals/{approval_id}/attachments/{att_id}/download
  [404] /api/product-templates/{template_id}
  [404] /api/product-templates/{template_id}/summary
  [404] /api/production/boms/{bom_id}
  [404] /api/production/work-orders/{wo_id}
  [404] /api/products/{product_id}/media/{media_id}/content
  [400] /api/purchase-orders/resolve-sourcing
  [404] /api/purchase-requisitions/{pr_id}
  [422] /api/purchase-requisitions/{pr_id}/makloon-prefill
  [404] /api/purchase-requisitions/{pr_id}/sourcing
  [422] /api/purchase-returns/source-rolls
  [404] /api/purchase-returns/{return_id}
  [422] /api/putaway-orders/suggest
  [404] /api/rfid/cycle-counts/{cc_id}
  [401] /api/rfid/device-jobs/pending
  [400] /api/rfid/labels
  [422] /api/rfid/lookup
  [404] /api/rfid/print-jobs/{job_id}
  [404] /api/rfid/print-jobs/{job_id}/zpl
  [404] /api/rfid/roll-scans/{roll_id}
  [404] /api/rfqs/{rfq_id}
  [404] /api/rfqs/{rfq_id}/compare
  [400] /api/rnd/labdip-history
  [422] /api/rnd/reports/designer-kpi/report
  [404] /api/rnd/samples/{sample_id}
  [404] /api/rnd/samples/{sample_id}/rounds/{round_id}/attachments/{file_id}
  [404] /api/rnd/specs/{spec_id}
  [404] /api/rolls/{roll_id}/lot
  [404] /api/sales-orders/{order_id}/approvals/{approval_id}/evidence/{att_id}/download
  [422] /api/sales-return-policies/eligibility
  [404] /api/sales-return-policies/{policy_id}
  [404] /api/sales-returns/{return_id}
  [404] /api/sales-returns/{return_id}/attachments/{att_id}/download
  [404] /api/sales-returns/{return_id}/quarantine
  [422] /api/sales/commission
  [422] /api/sales/incentive/gl-status
  [422] /api/sample-quote
  [422] /api/settings/compute-tax
  [422] /api/settings/evaluate-approval
  [404] /api/shipments/{shipment_id}/surat-jalan
  [404] /api/special-orders/{order_id}
  [404] /api/special-orders/{order_id}/customer-decision/evidence/{file_id}
  [404] /api/special-orders/{order_id}/pricing
  [404] /api/special-orders/{order_id}/references/{file_id}
  [422] /api/stock/atp
  [422] /api/store-credit/balance
  [422] /api/store-credit/open-orders
  [404] /api/supplier-contracts/{contract_id}
  [422] /api/supplier-items/lookup
  [404] /api/supplier-items/{sid}
  [400] /api/supplier-price-list/resolve
  [404] /api/suppliers/{supplier_id}
  [404] /api/suppliers/{supplier_id}/360
  [404] /api/suppliers/{supplier_id}/label-pattern
  [404] /api/suppliers/{supplier_id}/price-list
  [404] /api/suppliers/{supplier_id}/return-policy
  [404] /api/suppliers/{supplier_id}/scorecard
  [404] /api/tax-invoices/{fkt_id}
  [404] /api/tax-invoices/{fkt_id}/document
  [404] /api/transfers/{transfer_id}
  [404] /api/users/{user_id}
  [404] /api/vendor-bills/{bill_id}
  [422] /api/wilayah/districts
  [422] /api/wilayah/regencies
  [422] /api/wilayah/villages

[93m=== EMPTY (200 tapi 0 items — verifikasi disengaja) ===[0m
  /api/approvals/matrix-log
  /api/ar/aging/{customer_id}
  /api/bank-reconciliation/rules
  /api/cash-advance-settlements
  /api/cash-advances
  /api/color-library/customer-colors
  /api/color-library/supplier-variants
  /api/color-library/use-requests
  /api/config/history
  /api/credit-overrides
  /api/crm/interactions
  /api/crm/leads
  /api/customer-feedback
  /api/data-hygiene/preview
  /api/design-requests-for-so/{so_id}
  /api/documents/trace-search
  /api/finance/closing
  /api/finance/period-unlocks
  /api/finance/period-unlocks/active
  /api/hr/visits/mine
  /api/inbound/qc/tasks/{task_id}/rolls
  /api/inbound/scan-label/stats
  /api/input-tax-invoices
  /api/inspections/meta/ref-docs
  /api/inspections/queue/qc-tasks
  /api/interco/loans
  /api/invoices
  /api/logistics/deliveries
  /api/logistics/fleet/vehicles
  /api/logistics/history
  /api/marketing/accounts
  /api/marketing/campaigns
  /api/marketing/posts
  /api/marketing/templates
  /api/payment-variances/pending
  /api/products/{product_id}/media
  /api/purchase-orders/blanket
  /api/saga-locks
  /api/sales-orders/frequent-products
  /api/sales-orders/{order_id}/invoices
  /api/sales-return-policies
  /api/sample-orders
  /api/scheduler/wa-outbox
  /api/stock/holds
  /api/stock/wip
  /api/tax/pph-records
  /api/vehicle-usage-logs
  /api/vehicles
  /api/wilayah/search

=== SKIPPED (param tak bisa di-resolve) ===
  /api/amendments/doc/{doc_type}/{doc_id}
  /api/approvals/queue-board/{key}
  /api/deliveries/whatsapp/recipient/{doc_type}/{source_id}
  /api/deliveries/{doc_type}/{source_id}
  /api/documents/refs/{doc_type}/{doc_id}
  /api/documents/relations/{doc_type}/{doc_id}
  /api/documents/trace/{doc_type}/{doc_id}
  /api/entity-masters/{kind}
  /api/entity-masters/{kind}/effective
  /api/enums/{name}
  /api/esign/signatures/{doc_type}/{source_id}
  /api/esign/verify/{code}
  /api/gl/accounts/{code}/ledger
  /api/payment-plans/by-doc/{doc_type}/{doc_id}
  /api/pdf/documents/{doc_type}
  /api/pdf/render/{doc_type}/{source_id}
  /api/pdf/sample/{doc_type}
  /api/pdf/templates/{doc_type}
  /api/process-stages/for-line/{line_code}
  /api/wilayah/postal-code/{code}
[92m  [snapshot] 2 koleksi dipulihkan ke keadaan sebelum uji — nol residu.[0m
  [92m✓ audit_endpoint_sweep (semua GET → 5xx · paralel) PASS[0m (9s)

[96m[1m▶ health_check (isi endpoint kritis)[0m
[96m  [snapshot] 116 dokumen dari 2 koleksi disimpan — data demo akan dipulihkan setelah uji.[0m

[1m============================================================[0m
[1m[96m  KN3 — HEALTH CHECK[0m
  API: http://localhost:8001
  Waktu: 2026-09-24 17:47:23
[1m============================================================[0m
[92m  ✓ Login berhasil
[0m
  [92m[PASS][0m /api/                                    [92mOK[0m
  [92m[PASS][0m /api/auth/me                             [92mOK[0m
  [92m[PASS][0m /api/dashboard                           [92mOK[0m
  [92m[PASS][0m /api/products                            [92m20 items[0m
  [92m[PASS][0m /api/customers                           [92m4 items[0m
  [92m[PASS][0m /api/warehouses                          [92m3 items[0m
  [92m[PASS][0m /api/uoms                                [92m8 items[0m
  [92m[PASS][0m /api/users                               [92m17 items[0m
  [92m[PASS][0m /api/inventory/balances                  [92m24 items[0m
  [92m[PASS][0m /api/inventory/status-board              [92m20 items[0m
  [92m[PASS][0m /api/inventory/movements                 [92m79 items[0m
  [92m[PASS][0m /api/sales-orders                        [92m9 items[0m
  [92m[PASS][0m /api/sales-orders/stats/summary          [92mOK[0m
  [92m[PASS][0m /api/purchase-orders                     [92m12 items[0m
  [92m[PASS][0m /api/wms/tasks                           [92m22 items[0m
  [92m[PASS][0m /api/inbound/tasks                       [92m15 items[0m
  [92m[PASS][0m /api/outbound/tasks                      [92m7 items[0m
  [92m[PASS][0m /api/transfers                           [92m7 items[0m
  [92m[PASS][0m /api/cycle-count/sessions                [92m2 items[0m
  [93m[WARN][0m /api/invoices                            [93m0 items (kosong — perlu seed?)[0m  (Finance: invoices)
  [92m[PASS][0m /api/bank-accounts                       [92m3 items[0m
  [92m[PASS][0m /api/document-templates                  [92m2 items[0m
  [92m[PASS][0m /api/audit-logs                          [92m101 items[0m
  [92m[PASS][0m /api/reports/summary                     [92mOK[0m

[1m============================================================[0m
  [92mPASS[0m 23  |  [93mWARN[0m 1  |  [91mFAIL[0m 0
[1m============================================================[0m
[93m
  INFO — beberapa endpoint 0 items (normal bila belum di-seed).
[0m
[91m  [snapshot] gagal memulihkan 'audit_logs': batch op errors occurred, full error: {'writeErrors': [{'index': 0, 'code': 11000, 'errmsg': "E11000 duplicate key error collection: test_database.audit_logs index: _id_ dup key: { _id: ObjectId('6ab561019fabd886bdb0d82a') }", 'keyPattern': {'_id': 1}, 'keyValue': {'_id': ObjectId('6ab561019fabd886bdb0d82a')}, 'op': {'_id': ObjectId('6ab561019fabd886bdb0d82a'), 'id': 'audit_be07e5dfc04d', 'user_id': 'user_admin_01', 'user_name': 'Budi Santoso', 'action': 'CREATE', 'resource': 'purchase_order', 'resource_id': 'po_001', 'details': {'po_number': 'PO-00001', 'supplier': 'Cirebon Craft'}, 'timestamp': '2026-08-05T17:42:25.695468+00:00', 'scope_entity_id': 'ent_ksc'}}, {'index': 1, 'code': 11000, 'errmsg': "E11000 duplicate key error collection: test_database.audit_logs index: _id_ dup key: { _id: ObjectId('6ab561019fabd886bdb0d82b') }", 'keyPattern': {'_id': 1}, 'keyValue': {'_id': ObjectId('6ab561019fabd886bdb0d82b')}, 'op': {'_id': ObjectId('6ab561019fabd886bdb0d82b'), 'id': 'audit_a78577733d66', 'user_id': 'user_wh_01', 'user_name': 'Eko Prasetyo', 'action': 'COMPLETE', 'resource': 'inbound_task', 'resource_id': 'completed', 'details': {'po_number': 'PO-00001', 'product': 'Batik Mega Mendung Premium', 'quantity': 150}, 'timestamp': '2026-08-11T17:42:25.695476+00:00', 'scope_entity_id': 'ent_ksc'}}, {'index': 2, 'code': 11000, 'errmsg': "E11000 duplicate key error collection: test_database.audit_logs index: _id_ dup key: { _id: ObjectId('6ab561019fabd886bdb0d82c') }", 'keyPattern': {'_id': 1}, 'keyValue': {'_id': ObjectId('6ab561019fabd886bdb0d82c')}, 'op': {'_id': ObjectId('6ab561019fabd886bdb0d82c'), 'id': 'audit_c81b2b6307ab', 'user_id': 'user_sales_01', 'user_name': 'Ayu Permatasari', 'action': 'CREATE', 'resource': 'sales_order', 'resource_id': 'so_001', 'details': {'order_number': 'SO-0001', 'customer': 'Toko Kain Sejahtera', 'total': 10050000}, 'timestamp': '2026-08-10T17:42:25.695483+00:00', 'scope_entity_id': 'ent_ksc'}}, {'index': 3, 'code': 11000, 'errmsg': "E11000 duplicate key error collection: test_database.audit_logs index: _id_ dup key: { _id: ObjectId('6ab561019fabd886bdb0d82d') }", 'keyPattern': {'_id': 1}, 'keyValue': {'_id': ObjectId('6ab561019fabd886bdb0d82d')}, 'op': {'_id': ObjectId('6ab561019fabd886bdb0d82d'), 'id': 'audit_86a5e4c9f643', 'user_id': 'user_manager_01', 'user_name': 'Dewi Rahayu', 'action': 'APPROVE', 'resource': 'sales_order', 'resource_id': 'so_001', 'details': {'order_number': 'SO-0001'}, 'timestamp': '2026-08-11T17:42:25.695489+00:00', 'scope_entity_id': 'ent_ksc'}}, {'index': 4, 'code': 11000, 'errmsg': "E11000 duplicate key error collection: test_database.audit_logs index: _id_ dup key: { _id: ObjectId('6ab561019fabd886bdb0d82e') }", 'keyPattern': {'_id': 1}, 'keyValue': {'_id': ObjectId('6ab561019fabd886bdb0d82e')}, 'op': {'_id': ObjectId('6ab561019fabd886bdb0d82e'), 'id': 'audit_a8d634ed6170', 'user_id': 'user_wh_02', 'user_name': 'Fitri Handayani', 'action': 'ESCALATE', 'resource': 'inbound_task', 'resource_id': 'escalated', 'details': {'po_number': 'PO-00003', 'reason': 'Qty kurang dari supplier'}, 'timestamp': '2026-09-09T12:42:25.695494+00:00', 'scope_entity_id': 'ent_ksc'}}, {'index': 5, 'code': 11000, 'errmsg': "E11000 duplicate key error collection: test_database.audit_logs index: _id_ dup key: { _id: ObjectId('6ab561019fabd886bdb0d82f') }", 'keyPattern': {'_id': 1}, 'keyValue': {'_id': ObjectId('6ab561019fabd886bdb0d82f')}, 'op': {'_id': ObjectId('6ab561019fabd886bdb0d82f'), 'id': 'audit_2f918255411e', 'user_id': 'user_manager_01', 'user_name': 'Dewi Rahayu', 'action': 'RESOLVE_ESCALATION', 'resource': 'inbound_task', 'resource_id': 'resolved', 'details': {'po_number': 'PO-00003', 'adjusted_qty': 180}, 'timestamp': '2026-09-09T15:42:25.695499+00:00', 'scope_entity_id': 'ent_ksc'}}, {'index': 6, 'code': 11000, 'errmsg': "E11000 duplicate key error collection: test_database.audit_logs index: _id_ dup key: { _id: ObjectId('6ab561029fabd886bdb0d9cb') }", 'keyPattern': {'_id': 1}, 'keyValue': {'_id': ObjectId('6ab561029fabd886bdb0d9cb')}, 'op': {'_id': ObjectId('6ab561029fabd886bdb0d9cb'), 'id': 'audit_1a6c5a674049', 'actor': 'Ayu Permatasari', 'role': 'system/demo', 'action': 'restock_requested', 'entity_type': 'sales_order', 'entity_id': 'so_007', 'scope_entity_id': 'ent_ksc', 'before': None, 'after': {'pr_id': 'pr_17e8aec9105f', 'pr_number': 'PR-00006', 'items': 1, 'total_est': 26100000.0, 'notified_md': 1}, 'reason': 'PS-21 — repeat/restock 1-klik dari Sales Order', 'timestamp': '2026-09-24T17:42:26.769862+00:00'}}, {'index': 7, 'code': 11000, 'errmsg': "E11000 duplicate key error collection: test_database.audit_logs index: _id_ dup key: { _id: ObjectId('6ab561029fabd886bdb0d9d0') }", 'keyPattern': {'_id': 1}, 'keyValue': {'_id': ObjectId('6ab561029fabd886bdb0d9d0')}, 'op': {'_id': ObjectId('6ab561029fabd886bdb0d9d0'), 'id': 'audit_2f4d04703fb1', 'actor': 'Bima Saputra', 'role': 'system/demo', 'action': 'restock_requested', 'entity_type': 'sales_order', 'entity_id': 'so_008', 'scope_entity_id': 'ent_ksc', 'before': None, 'after': {'pr_id': 'pr_beade8c29ad3', 'pr_number': 'PR-00007', 'items': 1, 'total_est': 30525000.0, 'notified_md': 1}, 'reason': 'PS-21 — repeat/restock 1-klik dari Sales Order', 'timestamp': '2026-09-24T17:42:26.825413+00:00'}}, {'index': 8, 'code': 11000, 'errmsg': "E11000 duplicate key error collection: test_database.audit_logs index: _id_ dup key: { _id: ObjectId('6ab561029fabd886bdb0d9d5') }", 'keyPattern': {'_id': 1}, 'keyValue': {'_id': ObjectId('6ab561029fabd886bdb0d9d5')}, 'op': {'_id': ObjectId('6ab561029fabd886bdb0d9d5'), 'id': 'audit_e586af0c4747', 'actor': 'Ayu Permatasari', 'role': 'system/demo', 'action': 'restock_requested', 'entity_type': 'sales_order', 'entity_id': 'so_005', 'scope_entity_id': 'ent_ksc', 'before': None, 'after': {'pr_id': 'pr_d4234cc4c136', 'pr_number': 'PR-00008', 'items': 1, 'total_est': 28350000.0, 'notified_md': 1}, 'reason': 'PS-21 — repeat/restock 1-klik dari Sales Order', 'timestamp': '2026-09-24T17:42:26.861635+00:00'}}, {'index': 9, 'code': 11000, 'errmsg': "E11000 duplicate key error collection: test_database.audit_logs index: _id_ dup key: { _id: ObjectId('6ab561069fabd886bdb0dade') }", 'keyPattern': {'_id': 1}, 'keyValue': {'_id': ObjectId('6ab561069fabd886bdb0dade')}, 'op': {'_id': ObjectId('6ab561069fabd886bdb0dade'), 'id': 'audit_7afabe9e2e8c', 'actor': 'Budi Santoso', 'role': 'system/demo', 'action': 'login', 'entity_type': 'user', 'entity_id': 'user_admin_01', 'scope_entity_id': 'ent_ksc', 'before': None, 'after': {'email': 'admin@kainnusantara.id', 'role': 'admin'}, 'reason': '', 'timestamp': '2026-09-24T17:42:30.184765+00:00'}}, {'index': 10, 'code': 11000, 'errmsg': "E11000 duplicate key error collection: test_database.audit_logs index: _id_ dup key: { _id: ObjectId('6ab561069fabd886bdb0dae0') }", 'keyPattern': {'_id': 1}, 'keyValue': {'_id': ObjectId('6ab561069fabd886bdb0dae0')}, 'op': {'_id': ObjectId('6ab561069fabd886bdb0dae0'), 'id': 'audit_7a47ccfc89f4', 'actor': 'Dewi Rahayu', 'role': 'system/demo', 'action': 'login', 'entity_type': 'user', 'entity_id': 'user_manager_01', 'scope_entity_id': 'ent_ksc', 'before': None, 'after': {'email': 'manager@kainnusantara.id', 'role': 'manager'}, 'reason': '', 'timestamp': '2026-09-24T17:42:30.415177+00:00'}}, {'index': 11, 'code': 11000, 'errmsg': "E11000 duplicate key error collection: test_database.audit_logs index: _id_ dup key: { _id: ObjectId('6ab561069fabd886bdb0dae1') }", 'keyPattern': {'_id': 1}, 'keyValue': {'_id': ObjectId('6ab561069fabd886bdb0dae1')}, 'op': {'_id': ObjectId('6ab561069fabd886bdb0dae1'), 'id': 'audit_73219f20a2a9', 'actor': 'Budi Santoso', 'role': 'admin', 'action': 'supplier_invoice_exchange_set', 'entity_type': 'supplier', 'entity_id': 'sup_8a30cd78c86d', 'scope_entity_id': 'ent_ksc', 'before': None, 'after': {'mode': 'weekly', 'weekday': 1, 'day_of_month': 25, 'pic_name': 'Pak Joko', 'notes': 'Datang pagi, bawa nota debit sekalian.', 'anchor_date': '2026-09-24', 'updated_by': 'Budi Santoso', 'updated_at': '2026-09-24T17:42:30.425232+00:00'}, 'reason': '', 'timestamp': '2026-09-24T17:42:30.425735+00:00'}}, {'index': 12, 'code': 11000, 'errmsg': "E11000 duplicate key error collection: test_database.audit_logs index: _id_ dup key: { _id: ObjectId('6ab561069fabd886bdb0dae2') }", 'keyPattern': {'_id': 1}, 'keyValue': {'_id': ObjectId('6ab561069fabd886bdb0dae2')}, 'op': {'_id': ObjectId('6ab561069fabd886bdb0dae2'), 'id': 'audit_67536ec12f35', 'actor': 'Budi Santoso', 'role': 'admin', 'action': 'supplier_invoice_exchange_set', 'entity_type': 'supplier', 'entity_id': 'sup_319930243311', 'scope_entity_id': 'ent_ksc', 'before': None, 'after': {'mode': 'monthly', 'weekday': 1, 'day_of_month': 25, 'pic_name': 'Bu Sri', 'notes': 'Tukar faktur akhir bulan.', 'anchor_date': '2026-09-24', 'updated_by': 'Budi Santoso', 'updated_at': '2026-09-24T17:42:30.434340+00:00'}, 'reason': '', 'timestamp': '2026-09-24T17:42:30.434862+00:00'}}, {'index': 13, 'code': 11000, 'errmsg': "E11000 duplicate key error collection: test_database.audit_logs index: _id_ dup key: { _id: ObjectId('6ab561069fabd886bdb0dae3') }", 'keyPattern': {'_id': 1}, 'keyValue': {'_id': ObjectId('6ab561069fabd886bdb0dae3')}, 'op': {'_id': ObjectId('6ab561069fabd886bdb0dae3'), 'id': 'audit_bed774cb34a5', 'actor': 'Budi Santoso', 'role': 'admin', 'action': 'supplier_invoice_exchange_set', 'entity_type': 'supplier', 'entity_id': 'sup_86929119c64a', 'scope_entity_id': 'ent_ksc', 'before': None, 'after': {'mode': 'biweekly', 'weekday': 3, 'day_of_month': 25, 'pic_name': 'Pak Yosef', 'notes': 'Dua pekan sekali, Kamis.', 'anchor_date': '2026-09-24', 'updated_by': 'Budi Santoso', 'updated_at': '2026-09-24T17:42:30.441699+00:00'}, 'reason': '', 'timestamp': '2026-09-24T17:42:30.442177+00:00'}}, {'index': 14, 'code': 11000, 'errmsg': "E11000 duplicate key error collection: test_database.audit_logs index: _id_ dup key: { _id: ObjectId('6ab561069fabd886bdb0dae5') }", 'keyPattern': {'_id': 1}, 'keyValue': {'_id': ObjectId('6ab561069fabd886bdb0dae5')}, 'op': {'_id': ObjectId('6ab561069fabd886bdb0dae5'), 'id': 'audit_51121971df7e', 'actor': 'Budi Santoso', 'role': 'admin', 'action': 'vendor_bill_created', 'entity_type': 'vendor_bill', 'entity_id': 'vbill_a9e761230a53', 'scope_entity_id': 'ent_ksc', 'before': None, 'after': {'bill_number': 'VB-00001', 'po_number': 'PO-00001', 'grand_total': 13986000.0, 'match_status': 'matched'}, 'reason': '', 'timestamp': '2026-09-24T17:42:30.458582+00:00'}}, {'index': 15, 'code': 11000, 'errmsg': "E11000 duplicate key error collection: test_database.audit_logs index: _id_ dup key: { _id: ObjectId('6ab561069fabd886bdb0dae7') }", 'keyPattern': {'_id': 1}, 'keyValue': {'_id': ObjectId('6ab561069fabd886bdb0dae7')}, 'op': {'_id': ObjectId('6ab561069fabd886bdb0dae7'), 'id': 'audit_ece6486293cd', 'actor': 'Budi Santoso', 'role': 'admin', 'action': 'vendor_bill_posted', 'entity_type': 'vendor_bill', 'entity_id': 'vbill_a9e761230a53', 'scope_entity_id': 'ent_ksc', 'before': None, 'after': {'bill_number': 'VB-00001', 'grand_total': 13986000.0}, 'reason': '', 'timestamp': '2026-09-24T17:42:30.467486+00:00'}}, {'index': 16, 'code': 11000, 'errmsg': "E11000 duplicate key error collection: test_database.audit_logs index: _id_ dup key: { _id: ObjectId('6ab561069fabd886bdb0dae9') }", 'keyPattern': {'_id': 1}, 'keyValue': {'_id': ObjectId('6ab561069fabd886bdb0dae9')}, 'op': {'_id': ObjectId('6ab561069fabd886bdb0dae9'), 'id': 'audit_43d7dd5cabe9', 'actor': 'Budi Santoso', 'role': 'admin', 'action': 'vendor_bill_created', 'entity_type': 'vendor_bill', 'entity_id': 'vbill_3baf38941c19', 'scope_entity_id': 'ent_ksc', 'before': None, 'after': {'bill_number': 'VB-00002', 'po_number': 'PO-00001', 'grand_total': 13986000.0, 'match_status': 'matched'}, 'reason': '', 'timestamp': '2026-09-24T17:42:30.481582+00:00'}}, {'index': 17, 'code': 11000, 'errmsg': "E11000 duplicate key error collection: test_database.audit_logs index: _id_ dup key: { _id: ObjectId('6ab561069fabd886bdb0daeb') }", 'keyPattern': {'_id': 1}, 'keyValue': {'_id': ObjectId('6ab561069fabd886bdb0daeb')}, 'op': {'_id': ObjectId('6ab561069fabd886bdb0daeb'), 'id': 'audit_f48914e2a6f8', 'actor': 'Budi Santoso', 'role': 'admin', 'action': 'vendor_bill_posted', 'entity_type': 'vendor_bill', 'entity_id': 'vbill_3baf38941c19', 'scope_entity_id': 'ent_ksc', 'before': None, 'after': {'bill_number': 'VB-00002', 'grand_total': 13986000.0}, 'reason': '', 'timestamp': '2026-09-24T17:42:30.489939+00:00'}}, {'index': 18, 'code': 11000, 'errmsg': "E11000 duplicate key error collection: test_database.audit_logs index: _id_ dup key: { _id: ObjectId('6ab561069fabd886bdb0daed') }", 'keyPattern': {'_id': 1}, 'keyValue': {'_id': ObjectId('6ab561069fabd886bdb0daed')}, 'op': {'_id': ObjectId('6ab561069fabd886bdb0daed'), 'id': 'audit_29eaa37eabf0', 'actor': 'Dewi Rahayu', 'role': 'manager', 'action': 'contra_bon_created', 'entity_type': 'contra_bon', 'entity_id': 'cbn_350f174e7b9d', 'scope_entity_id': 'ent_ksc', 'before': None, 'after': {'number': 'KSC/CB-00001', 'supplier': 'Cirebon Craft', 'bills': 2, 'net_payable': 27972000.0}, 'reason': '', 'timestamp': '2026-09-24T17:42:30.518352+00:00'}}, {'index': 19, 'code': 11000, 'errmsg': "E11000 duplicate key error collection: test_database.audit_logs index: _id_ dup key: { _id: ObjectId('6ab561069fabd886bdb0daee') }", 'keyPattern': {'_id': 1}, 'keyValue': {'_id': ObjectId('6ab561069fabd886bdb0daee')}, 'op': {'_id': ObjectId('6ab561069fabd886bdb0daee'), 'id': 'audit_3928de963b71', 'actor': 'Dewi Rahayu', 'role': 'manager', 'action': 'contra_bon_deduction_added', 'entity_type': 'contra_bon', 'entity_id': 'cbn_350f174e7b9d', 'scope_entity_id': 'ent_ksc', 'before': None, 'after': {'kind': 'supplier_penalty', 'amount': 500000.0, 'ref_id': ''}, 'reason': '', 'timestamp': '2026-09-24T17:42:30.542566+00:00'}}, {'index': 20, 'code': 11000, 'errmsg': "E11000 duplicate key error collection: test_database.audit_logs index: _id_ dup key: { _id: ObjectId('6ab561069fabd886bdb0daef') }", 'keyPattern': {'_id': 1}, 'keyValue': {'_id': ObjectId('6ab561069fabd886bdb0daef')}, 'op': {'_id': ObjectId('6ab561069fabd886bdb0daef'), 'id': 'audit_3cc091289888', 'actor': 'Dewi Rahayu', 'role': 'manager', 'action': 'contra_bon_submitted', 'entity_type': 'contra_bon', 'entity_id': 'cbn_350f174e7b9d', 'scope_entity_id': 'ent_ksc', 'before': None, 'after': {'number': 'KSC/CB-00001'}, 'reason': '', 'timestamp': '2026-09-24T17:42:30.560707+00:00'}}, {'index': 21, 'code': 11000, 'errmsg': "E11000 duplicate key error collection: test_database.audit_logs index: _id_ dup key: { _id: ObjectId('6ab561069fabd886bdb0daf0') }", 'keyPattern': {'_id': 1}, 'keyValue': {'_id': ObjectId('6ab561069fabd886bdb0daf0')}, 'op': {'_id': ObjectId('6ab561069fabd886bdb0daf0'), 'id': 'audit_669d9d0701fd', 'actor': 'Dewi Rahayu', 'role': 'manager', 'action': 'contra_bon_verified', 'entity_type': 'contra_bon', 'entity_id': 'cbn_350f174e7b9d', 'scope_entity_id': 'ent_ksc', 'before': None, 'after': {'number': 'KSC/CB-00001', 'match': 'matched'}, 'reason': '', 'timestamp': '2026-09-24T17:42:30.579716+00:00'}}, {'index': 22, 'code': 11000, 'errmsg': "E11000 duplicate key error collection: test_database.audit_logs index: _id_ dup key: { _id: ObjectId('6ab561069fabd886bdb0daf1') }", 'keyPattern': {'_id': 1}, 'keyValue': {'_id': ObjectId('6ab561069fabd886bdb0daf1')}, 'op': {'_id': ObjectId('6ab561069fabd886bdb0daf1'), 'id': 'audit_29b00471b30f', 'actor': 'Budi Santoso', 'role': 'admin', 'action': 'contra_bon_approved', 'entity_type': 'contra_bon', 'entity_id': 'cbn_350f174e7b9d', 'scope_entity_id': 'ent_ksc', 'before': None, 'after': {'number': 'KSC/CB-00001', 'net_payable': 27472000.0}, 'reason': '', 'timestamp': '2026-09-24T17:42:30.598070+00:00'}}, {'index': 23, 'code': 11000, 'errmsg': "E11000 duplicate key error collection: test_database.audit_logs index: _id_ dup key: { _id: ObjectId('6ab561069fabd886bdb0daf2') }", 'keyPattern': {'_id': 1}, 'keyValue': {'_id': ObjectId('6ab561069fabd886bdb0daf2')}, 'op': {'_id': ObjectId('6ab561069fabd886bdb0daf2'), 'id': 'audit_0f94286db38c', 'actor': 'Dewi Rahayu', 'role': 'manager', 'action': 'contra_bon_scheduled', 'entity_type': 'contra_bon', 'entity_id': 'cbn_350f174e7b9d', 'scope_entity_id': 'ent_ksc', 'before': None, 'after': {'planned': '2026-09-23'}, 'reason': '', 'timestamp': '2026-09-24T17:42:30.615620+00:00'}}, {'index': 24, 'code': 11000, 'errmsg': "E11000 duplicate key error collection: test_database.audit_logs index: _id_ dup key: { _id: ObjectId('6ab561069fabd886bdb0daf6') }", 'keyPattern': {'_id': 1}, 'keyValue': {'_id': ObjectId('6ab561069fabd886bdb0daf6')}, 'op': {'_id': ObjectId('6ab561069fabd886bdb0daf6'), 'id': 'audit_0c4b246d7c45', 'actor': 'Budi Santoso', 'role': 'admin', 'action': 'contra_bon_paid', 'entity_type': 'contra_bon', 'entity_id': 'cbn_350f174e7b9d', 'scope_entity_id': 'ent_ksc', 'before': None, 'after': {'number': 'KSC/CB-00001', 'amount': 0.0, 'status': 'paid'}, 'reason': '', 'timestamp': '2026-09-24T17:42:30.656351+00:00'}}, {'index': 25, 'code': 11000, 'errmsg': "E11000 duplicate key error collection: test_database.audit_logs index: _id_ dup key: { _id: ObjectId('6ab561069fabd886bdb0daf8') }", 'keyPattern': {'_id': 1}, 'keyValue': {'_id': ObjectId('6ab561069fabd886bdb0daf8')}, 'op': {'_id': ObjectId('6ab561069fabd886bdb0daf8'), 'id': 'audit_d69ad85fe867', 'actor': 'Budi Santoso', 'role': 'admin', 'action': 'vendor_bill_created', 'entity_type': 'vendor_bill', 'entity_id': 'vbill_e5632aa68baa', 'scope_entity_id': 'ent_ksc', 'before': None, 'after': {'bill_number': 'VB-00003', 'po_number': 'PO-00004', 'grand_total': 19092000.0, 'match_status': 'matched'}, 'reason': '', 'timestamp': '2026-09-24T17:42:30.674158+00:00'}}, {'index': 26, 'code': 11000, 'errmsg': "E11000 duplicate key error collection: test_database.audit_logs index: _id_ dup key: { _id: ObjectId('6ab561069fabd886bdb0dafa') }", 'keyPattern': {'_id': 1}, 'keyValue': {'_id': ObjectId('6ab561069fabd886bdb0dafa')}, 'op': {'_id': ObjectId('6ab561069fabd886bdb0dafa'), 'id': 'audit_4169f50b226a', 'actor': 'Budi Santoso', 'role': 'admin', 'action': 'vendor_bill_posted', 'entity_type': 'vendor_bill', 'entity_id': 'vbill_e5632aa68baa', 'scope_entity_id': 'ent_ksc', 'before': None, 'after': {'bill_number': 'VB-00003', 'grand_total': 19092000.0}, 'reason': '', 'timestamp': '2026-09-24T17:42:30.683784+00:00'}}, {'index': 27, 'code': 11000, 'errmsg': "E11000 duplicate key error collection: test_database.audit_logs index: _id_ dup key: { _id: ObjectId('6ab561069fabd886bdb0dafc') }", 'keyPattern': {'_id': 1}, 'keyValue': {'_id': ObjectId('6ab561069fabd886bdb0dafc')}, 'op': {'_id': ObjectId('6ab561069fabd886bdb0dafc'), 'id': 'audit_103b3d523da5', 'actor': 'Dewi Rahayu', 'role': 'manager', 'action': 'contra_bon_created', 'entity_type': 'contra_bon', 'entity_id': 'cbn_e51bbf92b18f', 'scope_entity_id': 'ent_ksc', 'before': None, 'after': {'number': 'KSC/CB-00002', 'supplier': 'Palembang Silk House', 'bills': 1, 'net_payable': 19092000.0}, 'reason': '', 'timestamp': '2026-09-24T17:42:30.714616+00:00'}}, {'index': 28, 'code': 11000, 'errmsg': "E11000 duplicate key error collection: test_database.audit_logs index: _id_ dup key: { _id: ObjectId('6ab561069fabd886bdb0dafd') }", 'keyPattern': {'_id': 1}, 'keyValue': {'_id': ObjectId('6ab561069fabd886bdb0dafd')}, 'op': {'_id': ObjectId('6ab561069fabd886bdb0dafd'), 'id': 'audit_e19b4f953b06', 'actor': 'Dewi Rahayu', 'role': 'manager', 'action': 'contra_bon_submitted', 'entity_type': 'contra_bon', 'entity_id': 'cbn_e51bbf92b18f', 'scope_entity_id': 'ent_ksc', 'before': None, 'after': {'number': 'KSC/CB-00002'}, 'reason': '', 'timestamp': '2026-09-24T17:42:30.735791+00:00'}}, {'index': 29, 'code': 11000, 'errmsg': "E11000 duplicate key error collection: test_database.audit_logs index: _id_ dup key: { _id: ObjectId('6ab561069fabd886bdb0dafe') }", 'keyPattern': {'_id': 1}, 'keyValue': {'_id': ObjectId('6ab561069fabd886bdb0dafe')}, 'op': {'_id': ObjectId('6ab561069fabd886bdb0dafe'), 'id': 'audit_e34b6e33d85b', 'actor': 'Dewi Rahayu', 'role': 'manager', 'action': 'contra_bon_verified', 'entity_type': 'contra_bon', 'entity_id': 'cbn_e51bbf92b18f', 'scope_entity_id': 'ent_ksc', 'before': None, 'after': {'number': 'KSC/CB-00002', 'match': 'matched'}, 'reason': '', 'timestamp': '2026-09-24T17:42:30.756182+00:00'}}, {'index': 30, 'code': 11000, 'errmsg': "E11000 duplicate key error collection: test_database.audit_logs index: _id_ dup key: { _id: ObjectId('6ab561069fabd886bdb0daff') }", 'keyPattern': {'_id': 1}, 'keyValue': {'_id': ObjectId('6ab561069fabd886bdb0daff')}, 'op': {'_id': ObjectId('6ab561069fabd886bdb0daff'), 'id': 'audit_5595ed465568', 'actor': 'Budi Santoso', 'role': 'admin', 'action': 'contra_bon_approved', 'entity_type': 'contra_bon', 'entity_id': 'cbn_e51bbf92b18f', 'scope_entity_id': 'ent_ksc', 'before': None, 'after': {'number': 'KSC/CB-00002', 'net_payable': 19092000.0}, 'reason': '', 'timestamp': '2026-09-24T17:42:30.774626+00:00'}}, {'index': 31, 'code': 11000, 'errmsg': "E11000 duplicate key error collection: test_database.audit_logs index: _id_ dup key: { _id: ObjectId('6ab561069fabd886bdb0db00') }", 'keyPattern': {'_id': 1}, 'keyValue': {'_id': ObjectId('6ab561069fabd886bdb0db00')}, 'op': {'_id': ObjectId('6ab561069fabd886bdb0db00'), 'id': 'audit_4f94fb06578d', 'actor': 'Dewi Rahayu', 'role': 'manager', 'action': 'contra_bon_scheduled', 'entity_type': 'contra_bon', 'entity_id': 'cbn_e51bbf92b18f', 'scope_entity_id': 'ent_ksc', 'before': None, 'after': {'planned': '2026-09-27'}, 'reason': '', 'timestamp': '2026-09-24T17:42:30.794108+00:00'}}, {'index': 32, 'code': 11000, 'errmsg': "E11000 duplicate key error collection: test_database.audit_logs index: _id_ dup key: { _id: ObjectId('6ab561069fabd886bdb0db02') }", 'keyPattern': {'_id': 1}, 'keyValue': {'_id': ObjectId('6ab561069fabd886bdb0db02')}, 'op': {'_id': ObjectId('6ab561069fabd886bdb0db02'), 'id': 'audit_6255724fb9ed', 'actor': 'Budi Santoso', 'role': 'admin', 'action': 'vendor_bill_created', 'entity_type': 'vendor_bill', 'entity_id': 'vbill_89d6b395e62e', 'scope_entity_id': 'ent_ksc', 'before': None, 'after': {'bill_number': 'VB-00004', 'po_number': 'PO-00003', 'grand_total': 17662320.0, 'match_status': 'matched'}, 'reason': '', 'timestamp': '2026-09-24T17:42:30.808365+00:00'}}, {'index': 33, 'code': 11000, 'errmsg': "E11000 duplicate key error collection: test_database.audit_logs index: _id_ dup key: { _id: ObjectId('6ab561069fabd886bdb0db04') }", 'keyPattern': {'_id': 1}, 'keyValue': {'_id': ObjectId('6ab561069fabd886bdb0db04')}, 'op': {'_id': ObjectId('6ab561069fabd886bdb0db04'), 'id': 'audit_d5622231dd66', 'actor': 'Budi Santoso', 'role': 'admin', 'action': 'vendor_bill_posted', 'entity_type': 'vendor_bill', 'entity_id': 'vbill_89d6b395e62e', 'scope_entity_id': 'ent_ksc', 'before': None, 'after': {'bill_number': 'VB-00004', 'grand_total': 17662320.0}, 'reason': '', 'timestamp': '2026-09-24T17:42:30.817375+00:00'}}, {'index': 34, 'code': 11000, 'errmsg': "E11000 duplicate key error collection: test_database.audit_logs index: _id_ dup key: { _id: ObjectId('6ab561069fabd886bdb0db06') }", 'keyPattern': {'_id': 1}, 'keyValue': {'_id': ObjectId('6ab561069fabd886bdb0db06')}, 'op': {'_id': ObjectId('6ab561069fabd886bdb0db06'), 'id': 'audit_4b306fa67ee6', 'actor': 'Dewi Rahayu', 'role': 'manager', 'action': 'contra_bon_created', 'entity_type': 'contra_bon', 'entity_id': 'cbn_93b5b2a2abcd', 'scope_entity_id': 'ent_ksc', 'before': None, 'after': {'number': 'KSC/CB-00003', 'supplier': 'Solo Weave', 'bills': 1, 'net_payable': 17662320.0}, 'reason': '', 'timestamp': '2026-09-24T17:42:30.853614+00:00'}}, {'index': 35, 'code': 11000, 'errmsg': "E11000 duplicate key error collection: test_database.audit_logs index: _id_ dup key: { _id: ObjectId('6ab561069fabd886bdb0db07') }", 'keyPattern': {'_id': 1}, 'keyValue': {'_id': ObjectId('6ab561069fabd886bdb0db07')}, 'op': {'_id': ObjectId('6ab561069fabd886bdb0db07'), 'id': 'audit_a08ee368d072', 'actor': 'Dewi Rahayu', 'role': 'manager', 'action': 'contra_bon_submitted', 'entity_type': 'contra_bon', 'entity_id': 'cbn_93b5b2a2abcd', 'scope_entity_id': 'ent_ksc', 'before': None, 'after': {'number': 'KSC/CB-00003'}, 'reason': '', 'timestamp': '2026-09-24T17:42:30.873004+00:00'}}, {'index': 36, 'code': 11000, 'errmsg': "E11000 duplicate key error collection: test_database.audit_logs index: _id_ dup key: { _id: ObjectId('6ab561069fabd886bdb0db09') }", 'keyPattern': {'_id': 1}, 'keyValue': {'_id': ObjectId('6ab561069fabd886bdb0db09')}, 'op': {'_id': ObjectId('6ab561069fabd886bdb0db09'), 'id': 'audit_5e1d6311f0d3', 'actor': 'Budi Santoso', 'role': 'admin', 'action': 'vendor_bill_created', 'entity_type': 'vendor_bill', 'entity_id': 'vbill_13c197d94374', 'scope_entity_id': 'ent_ksc', 'before': None, 'after': {'bill_number': 'VB-00005', 'po_number': 'PO-00003', 'grand_total': 5661000.0, 'match_status': 'matched'}, 'reason': '', 'timestamp': '2026-09-24T17:42:30.888117+00:00'}}, {'index': 37, 'code': 11000, 'errmsg': "E11000 duplicate key error collection: test_database.audit_logs index: _id_ dup key: { _id: ObjectId('6ab561069fabd886bdb0db0b') }", 'keyPattern': {'_id': 1}, 'keyValue': {'_id': ObjectId('6ab561069fabd886bdb0db0b')}, 'op': {'_id': ObjectId('6ab561069fabd886bdb0db0b'), 'id': 'audit_4c8dc4bfd57a', 'actor': 'Budi Santoso', 'role': 'admin', 'action': 'vendor_bill_posted', 'entity_type': 'vendor_bill', 'entity_id': 'vbill_13c197d94374', 'scope_entity_id': 'ent_ksc', 'before': None, 'after': {'bill_number': 'VB-00005', 'grand_total': 5661000.0}, 'reason': '', 'timestamp': '2026-09-24T17:42:30.896943+00:00'}}, {'index': 38, 'code': 11000, 'errmsg': "E11000 duplicate key error collection: test_database.audit_logs index: _id_ dup key: { _id: ObjectId('6ab561069fabd886bdb0db0d') }", 'keyPattern': {'_id': 1}, 'keyValue': {'_id': ObjectId('6ab561069fabd886bdb0db0d')}, 'op': {'_id': ObjectId('6ab561069fabd886bdb0db0d'), 'id': 'audit_c53adb815cae', 'actor': 'Budi Santoso', 'role': 'admin', 'action': 'vendor_bill_created', 'entity_type': 'vendor_bill', 'entity_id': 'vbill_ea4ac2848acd', 'scope_entity_id': 'ent_ksc', 'before': None, 'after': {'bill_number': 'VB-00006', 'po_number': 'PO-00003', 'grand_total': 2830500.0, 'match_status': 'matched'}, 'reason': '', 'timestamp': '2026-09-24T17:42:30.910971+00:00'}}, {'index': 39, 'code': 11000, 'errmsg': "E11000 duplicate key error collection: test_database.audit_logs index: _id_ dup key: { _id: ObjectId('6ab561069fabd886bdb0db0f') }", 'keyPattern': {'_id': 1}, 'keyValue': {'_id': ObjectId('6ab561069fabd886bdb0db0f')}, 'op': {'_id': ObjectId('6ab561069fabd886bdb0db0f'), 'id': 'audit_1940bb1d55e3', 'actor': 'Budi Santoso', 'role': 'admin', 'action': 'vendor_bill_posted', 'entity_type': 'vendor_bill', 'entity_id': 'vbill_ea4ac2848acd', 'scope_entity_id': 'ent_ksc', 'before': None, 'after': {'bill_number': 'VB-00006', 'grand_total': 2830500.0}, 'reason': '', 'timestamp': '2026-09-24T17:42:30.920506+00:00'}}, {'index': 40, 'code': 11000, 'errmsg': "E11000 duplicate key error collection: test_database.audit_logs index: _id_ dup key: { _id: ObjectId('6ab561069fabd886bdb0db15') }", 'keyPattern': {'_id': 1}, 'keyValue': {'_id': ObjectId('6ab561069fabd886bdb0db15')}, 'op': {'_id': ObjectId('6ab561069fabd886bdb0db15'), 'id': 'audit_d11c8b125b78', 'actor': 'Budi Santoso', 'role': 'admin', 'action': 'vendor_bill_payment', 'entity_type': 'vendor_bill', 'entity_id': 'vbill_ea4ac2848acd', 'scope_entity_id': 'ent_ksc', 'before': None, 'after': {'bill_number': 'VB-00006', 'amount': 2830500.0, 'advance': 500000.0, 'cash': 'KSC/CASH-00015', 'variance': 'ap_advance'}, 'reason': '', 'timestamp': '2026-09-24T17:42:30.964760+00:00'}}, {'index': 41, 'code': 11000, 'errmsg': "E11000 duplicate key error collection: test_database.audit_logs index: _id_ dup key: { _id: ObjectId('6ab561079fabd886bdb0db17') }", 'keyPattern': {'_id': 1}, 'keyValue': {'_id': ObjectId('6ab561079fabd886bdb0db17')}, 'op': {'_id': ObjectId('6ab561079fabd886bdb0db17'), 'id': 'audit_564b37ea29ec', 'actor': 'Budi Santoso', 'role': 'system/demo', 'action': 'login', 'entity_type': 'user', 'entity_id': 'user_admin_01', 'scope_entity_id': 'ent_ksc', 'before': None, 'after': {'email': 'admin@kainnusantara.id', 'role': 'admin'}, 'reason': '', 'timestamp': '2026-09-24T17:42:31.195992+00:00'}}, {'index': 42, 'code': 11000, 'errmsg': "E11000 duplicate key error collection: test_database.audit_logs index: _id_ dup key: { _id: ObjectId('6ab561079fabd886bdb0db19') }", 'keyPattern': {'_id': 1}, 'keyValue': {'_id': ObjectId('6ab561079fabd886bdb0db19')}, 'op': {'_id': ObjectId('6ab561079fabd886bdb0db19'), 'id': 'audit_0b0f20bc5306', 'actor': 'Dewi Rahayu', 'role': 'system/demo', 'action': 'login', 'entity_type': 'user', 'entity_id': 'user_manager_01', 'scope_entity_id': 'ent_ksc', 'before': None, 'after': {'email': 'manager@kainnusantara.id', 'role': 'manager'}, 'reason': '', 'timestamp': '2026-09-24T17:42:31.427617+00:00'}}, {'index': 43, 'code': 11000, 'errmsg': "E11000 duplicate key error collection: test_database.audit_logs index: _id_ dup key: { _id: ObjectId('6ab561079fabd886bdb0db1b') }", 'keyPattern': {'_id': 1}, 'keyValue': {'_id': ObjectId('6ab561079fabd886bdb0db1b')}, 'op': {'_id': ObjectId('6ab561079fabd886bdb0db1b'), 'id': 'audit_402b7ede6c5c', 'actor': 'Budi Santoso', 'role': 'admin', 'action': 'supplier_contract_created', 'entity_type': 'supplier_contract', 'entity_id': 'sct_a1dbecabe77b', 'scope_entity_id': 'ent_ksc', 'before': None, 'after': {'contract_number': 'KSC/SCT-00011', 'partner_name': 'CV Kanda Suka', 'tariff_basis': 'lumpsum'}, 'reason': '', 'timestamp': '2026-09-24T17:42:31.446883+00:00'}}, {'index': 44, 'code': 11000, 'errmsg': "E11000 duplicate key error collection: test_database.audit_logs index: _id_ dup key: { _id: ObjectId('6ab561079fabd886bdb0db1d') }", 'keyPattern': {'_id': 1}, 'keyValue': {'_id': ObjectId('6ab561079fabd886bdb0db1d')}, 'op': {'_id': ObjectId('6ab561079fabd886bdb0db1d'), 'id': 'audit_bbaa0e0a890b', 'actor': 'Budi Santoso', 'role': 'admin', 'action': 'supplier_contract_created', 'entity_type': 'supplier_contract', 'entity_id': 'sct_a3b32d8508b8', 'scope_entity_id': 'ent_ksc', 'before': None, 'after': {'contract_number': 'KSC/SCT-00012', 'partner_name': 'CV Kanda Suka', 'tariff_basis': 'lumpsum'}, 'reason': '', 'timestamp': '2026-09-24T17:42:31.457110+00:00'}}, {'index': 45, 'code': 11000, 'errmsg': "E11000 duplicate key error collection: test_database.audit_logs index: _id_ dup key: { _id: ObjectId('6ab561079fabd886bdb0db1f') }", 'keyPattern': {'_id': 1}, 'keyValue': {'_id': ObjectId('6ab561079fabd886bdb0db1f')}, 'op': {'_id': ObjectId('6ab561079fabd886bdb0db1f'), 'id': 'audit_47c3e127128d', 'actor': 'Budi Santoso', 'role': 'admin', 'action': 'supplier_contract_created', 'entity_type': 'supplier_contract', 'entity_id': 'sct_4423105c1a92', 'scope_entity_id': 'ent_ksc', 'before': None, 'after': {'contract_number': 'KSC/SCT-00013', 'partner_name': 'CV Kanda Suka', 'tariff_basis': 'lumpsum'}, 'reason': '', 'timestamp': '2026-09-24T17:42:31.467556+00:00'}}, {'index': 46, 'code': 11000, 'errmsg': "E11000 duplicate key error collection: test_database.audit_logs index: _id_ dup key: { _id: ObjectId('6ab561079fabd886bdb0db25') }", 'keyPattern': {'_id': 1}, 'keyValue': {'_id': ObjectId('6ab561079fabd886bdb0db25')}, 'op': {'_id': ObjectId('6ab561079fabd886bdb0db25'), 'id': 'audit_7463ea29943f', 'actor': 'Budi Santoso', 'role': 'admin', 'action': 'interco_transaction_created', 'entity_type': 'interco_transaction', 'entity_id': 'icp_26255e4b2aa5', 'scope_entity_id': 'ent_ksc', 'before': None, 'after': {'seller': 'ent_ksc', 'buyer': 'ent_kanda', 'grand_total': 1742700.0}, 'reason': '', 'timestamp': '2026-09-24T17:42:31.503561+00:00'}}, {'index': 47, 'code': 11000, 'errmsg': "E11000 duplicate key error collection: test_database.audit_logs index: _id_ dup key: { _id: ObjectId('6ab561079fabd886bdb0db28') }", 'keyPattern': {'_id': 1}, 'keyValue': {'_id': ObjectId('6ab561079fabd886bdb0db28')}, 'op': {'_id': ObjectId('6ab561079fabd886bdb0db28'), 'id': 'audit_c9e3b3628d25', 'actor': 'Budi Santoso', 'role': 'admin', 'action': 'interco_warehouse_task_created', 'entity_type': 'warehouse_transfer', 'entity_id': 'trn_6d6818f6ab32', 'scope_entity_id': 'ent_ksc', 'before': None, 'after': {'code': 'KSC/TRF-00004', 'interco_pair_id': 'icp_26255e4b2aa5', 'note': 'Kirim lewat gudang Jakarta'}, 'reason': '', 'timestamp': '2026-09-24T17:42:31.527437+00:00'}}, {'index': 48, 'code': 11000, 'errmsg': "E11000 duplicate key error collection: test_database.audit_logs index: _id_ dup key: { _id: ObjectId('6ab561079fabd886bdb0db30') }", 'keyPattern': {'_id': 1}, 'keyValue': {'_id': ObjectId('6ab561079fabd886bdb0db30')}, 'op': {'_id': ObjectId('6ab561079fabd886bdb0db30'), 'id': 'audit_bf58e3c16bde', 'actor': 'Dewi Rahayu', 'role': 'manager', 'action': 'inter_company_transfer_executed', 'entity_type': 'transfer', 'entity_id': 'trn_6d6818f6ab32', 'scope_entity_id': 'ent_ksc', 'before': None, 'after': {'approved_by': 'Siti Nurhaliza', 'moved_qty': 10.0, 'rolls': 1, 'je_posted': False, 'je_total': 0, 'je_pair_id': ''}, 'reason': '', 'timestamp': '2026-09-24T17:42:31.582168+00:00'}}, {'index': 49, 'code': 11000, 'errmsg': "E11000 duplicate key error collection: test_database.audit_logs index: _id_ dup key: { _id: ObjectId('6ab561079fabd886bdb0db36') }", 'keyPattern': {'_id': 1}, 'keyValue': {'_id': ObjectId('6ab561079fabd886bdb0db36')}, 'op': {'_id': ObjectId('6ab561079fabd886bdb0db36'), 'id': 'audit_55b7d03fbc39', 'actor': 'Budi Santoso', 'role': 'admin', 'action': 'interco_transaction_created', 'entity_type': 'interco_transaction', 'entity_id': 'icp_95bb9ad38593', 'scope_entity_id': 'ent_ksc', 'before': None, 'after': {'seller': 'ent_ksc', 'buyer': 'ent_kanda', 'grand_total': 1887888.0}, 'reason': '', 'timestamp': '2026-09-24T17:42:31.620454+00:00'}}, {'index': 50, 'code': 11000, 'errmsg': "E11000 duplicate key error collection: test_database.audit_logs index: _id_ dup key: { _id: ObjectId('6ab561079fabd886bdb0db39') }", 'keyPattern': {'_id': 1}, 'keyValue': {'_id': ObjectId('6ab561079fabd886bdb0db39')}, 'op': {'_id': ObjectId('6ab561079fabd886bdb0db39'), 'id': 'audit_5c1ce3fb6ec8', 'actor': 'Budi Santoso', 'role': 'admin', 'action': 'interco_transaction_created', 'entity_type': 'interco_transaction', 'entity_id': 'icp_2400a98a8072', 'scope_entity_id': 'ent_ksc', 'before': None, 'after': {'seller': 'ent_ksc', 'buyer': 'ent_kanda', 'grand_total': 264735.0}, 'reason': '', 'timestamp': '2026-09-24T17:42:31.643587+00:00'}}, {'index': 51, 'code': 11000, 'errmsg': "E11000 duplicate key error collection: test_database.audit_logs index: _id_ dup key: { _id: ObjectId('6ab561079fabd886bdb0db3f') }", 'keyPattern': {'_id': 1}, 'keyValue': {'_id': ObjectId('6ab561079fabd886bdb0db3f')}, 'op': {'_id': ObjectId('6ab561079fabd886bdb0db3f'), 'id': 'audit_fe079578b88a', 'actor': 'Budi Santoso', 'role': 'admin', 'action': 'interco_transaction_created', 'entity_type': 'interco_transaction', 'entity_id': 'icp_d10ea2f6757e', 'scope_entity_id': 'ent_ksc', 'before': None, 'after': {'seller': 'ent_ksc', 'buyer': 'ent_kanda', 'grand_total': 522810.0}, 'reason': '', 'timestamp': '2026-09-24T17:42:31.672059+00:00'}}, {'index': 52, 'code': 11000, 'errmsg': "E11000 duplicate key error collection: test_database.audit_logs index: _id_ dup key: { _id: ObjectId('6ab561079fabd886bdb0db43') }", 'keyPattern': {'_id': 1}, 'keyValue': {'_id': ObjectId('6ab561079fabd886bdb0db43')}, 'op': {'_id': ObjectId('6ab561079fabd886bdb0db43'), 'id': 'audit_43a1662ebc7d', 'actor': 'Dewi Rahayu', 'role': 'manager', 'action': 'interco_settlement_created', 'entity_type': 'interco_settlement', 'entity_id': 'ics_057cd2535ca9', 'scope_entity_id': 'ent_kanda', 'before': None, 'after': {'payer': 'ent_kanda', 'payee': 'ent_ksc', 'total': 1887888.0}, 'reason': '', 'timestamp': '2026-09-24T17:42:31.698633+00:00'}}, {'index': 53, 'code': 11000, 'errmsg': "E11000 duplicate key error collection: test_database.audit_logs index: _id_ dup key: { _id: ObjectId('6ab561079fabd886bdb0db44') }", 'keyPattern': {'_id': 1}, 'keyValue': {'_id': ObjectId('6ab561079fabd886bdb0db44')}, 'op': {'_id': ObjectId('6ab561079fabd886bdb0db44'), 'id': 'audit_3f0d8c02b750', 'actor': 'Budi Santoso', 'role': 'admin', 'action': 'g6_ic_elimination_synced', 'entity_type': 'ic_elimination', 'entity_id': '', 'scope_entity_id': 'ent_ksc', 'before': None, 'after': {'created': 0, 'skipped': 3, 'pairs_seen': 3}, 'reason': '', 'timestamp': '2026-09-24T17:42:31.707403+00:00'}}, {'index': 54, 'code': 11000, 'errmsg': "E11000 duplicate key error collection: test_database.audit_logs index: _id_ dup key: { _id: ObjectId('6ab561079fabd886bdb0db45') }", 'keyPattern': {'_id': 1}, 'keyValue': {'_id': ObjectId('6ab561079fabd886bdb0db45')}, 'op': {'_id': ObjectId('6ab561079fabd886bdb0db45'), 'id': 'audit_198c1063c193', 'actor': 'Budi Santoso', 'role': 'admin', 'action': 'interco_transaction_invoiced', 'entity_type': 'interco_transaction', 'entity_id': 'ict_2b960fc0493e', 'scope_entity_id': 'ent_ksc', 'before': None, 'after': {'note': ''}, 'reason': '', 'timestamp': '2026-09-24T17:42:31.716027+00:00'}}, {'index': 55, 'code': 11000, 'errmsg': "E11000 duplicate key error collection: test_database.audit_logs index: _id_ dup key: { _id: ObjectId('6ab561079fabd886bdb0db48') }", 'keyPattern': {'_id': 1}, 'keyValue': {'_id': ObjectId('6ab561079fabd886bdb0db48')}, 'op': {'_id': ObjectId('6ab561079fabd886bdb0db48'), 'id': 'audit_7f48c47c8049', 'actor': 'Budi Santoso', 'role': 'admin', 'action': 'interco_tax_invoice_issued', 'entity_type': 'tax_invoice', 'entity_id': 'fkt_fb01530ec0bd', 'scope_entity_id': 'ent_ksc', 'before': None, 'after': {'pair_id': 'icp_26255e4b2aa5', 'out': 'KSC/FKT-00003', 'in': 'FPM-00001'}, 'reason': '', 'timestamp': '2026-09-24T17:42:31.743120+00:00'}}, {'index': 56, 'code': 11000, 'errmsg': "E11000 duplicate key error collection: test_database.audit_logs index: _id_ dup key: { _id: ObjectId('6ab561079fabd886bdb0db4b') }", 'keyPattern': {'_id': 1}, 'keyValue': {'_id': ObjectId('6ab561079fabd886bdb0db4b')}, 'op': {'_id': ObjectId('6ab561079fabd886bdb0db4b'), 'id': 'audit_10b7d9d9346f', 'actor': 'Budi Santoso', 'role': 'admin', 'action': 'interco_return_created', 'entity_type': 'interco_return', 'entity_id': 'icr_b567fe4465e2', 'scope_entity_id': 'ent_kanda', 'before': None, 'after': {'origin': 'ict_2b960fc0493e', 'reason': 'Warna kain tidak sesuai contoh yang disetujui', 'total': 522810.0}, 'reason': '', 'timestamp': '2026-09-24T17:42:31.762570+00:00'}}, {'index': 57, 'code': 11000, 'errmsg': "E11000 duplicate key error collection: test_database.audit_logs index: _id_ dup key: { _id: ObjectId('6ab561079fabd886bdb0db4e') }", 'keyPattern': {'_id': 1}, 'keyValue': {'_id': ObjectId('6ab561079fabd886bdb0db4e')}, 'op': {'_id': ObjectId('6ab561079fabd886bdb0db4e'), 'id': 'audit_813af3c01388', 'actor': 'Dewi Rahayu', 'role': 'manager', 'action': 'interco_return_approved', 'entity_type': 'interco_return', 'entity_id': 'icr_b567fe4465e2', 'scope_entity_id': 'ent_kanda', 'before': None, 'after': {'note': '', 'total': 522810.0}, 'reason': '', 'timestamp': '2026-09-24T17:42:31.782954+00:00'}}, {'index': 58, 'code': 11000, 'errmsg': "E11000 duplicate key error collection: test_database.audit_logs index: _id_ dup key: { _id: ObjectId('6ab561079fabd886bdb0db51') }", 'keyPattern': {'_id': 1}, 'keyValue': {'_id': ObjectId('6ab561079fabd886bdb0db51')}, 'op': {'_id': ObjectId('6ab561079fabd886bdb0db51'), 'id': 'audit_ad3c31dbaaff', 'actor': 'Budi Santoso', 'role': 'admin', 'action': 'interco_return_task_created', 'entity_type': 'warehouse_transfer', 'entity_id': 'trn_13db8c2a3901', 'scope_entity_id': 'ent_kanda', 'before': None, 'after': {'code': 'KANDA/TRF-00001', 'return_id': 'icr_b567fe4465e2', 'note': 'Kirim balik ke KSC'}, 'reason': '', 'timestamp': '2026-09-24T17:42:31.802649+00:00'}}, {'index': 59, 'code': 11000, 'errmsg': "E11000 duplicate key error collection: test_database.audit_logs index: _id_ dup key: { _id: ObjectId('6ab561079fabd886bdb0db58') }", 'keyPattern': {'_id': 1}, 'keyValue': {'_id': ObjectId('6ab561079fabd886bdb0db58')}, 'op': {'_id': ObjectId('6ab561079fabd886bdb0db58'), 'id': 'audit_825b1e598b0a', 'actor': 'Dewi Rahayu', 'role': 'manager', 'action': 'inter_company_transfer_executed', 'entity_type': 'transfer', 'entity_id': 'trn_13db8c2a3901', 'scope_entity_id': 'ent_kanda', 'before': None, 'after': {'approved_by': 'Siti Nurhaliza', 'moved_qty': 3.0, 'rolls': 1, 'je_posted': False, 'je_total': 0, 'je_pair_id': ''}, 'reason': '', 'timestamp': '2026-09-24T17:42:31.851252+00:00'}}, {'index': 60, 'code': 11000, 'errmsg': "E11000 duplicate key error collection: test_database.audit_logs index: _id_ dup key: { _id: ObjectId('6ab561089fabd886bdb0db92') }", 'keyPattern': {'_id': 1}, 'keyValue': {'_id': ObjectId('6ab561089fabd886bdb0db92')}, 'op': {'_id': ObjectId('6ab561089fabd886bdb0db92'), 'id': 'audit_067f5163b383', 'actor': 'Ayu Permatasari', 'role': 'system/demo', 'action': 'login', 'entity_type': 'user', 'entity_id': 'user_sales_01', 'scope_entity_id': 'ent_ksc', 'before': None, 'after': {'email': 'sales@kainnusantara.id', 'role': 'sales'}, 'reason': '', 'timestamp': '2026-09-24T17:42:32.210796+00:00'}}, {'index': 61, 'code': 11000, 'errmsg': "E11000 duplicate key error collection: test_database.audit_logs index: _id_ dup key: { _id: ObjectId('6ab561089fabd886bdb0db94') }", 'keyPattern': {'_id': 1}, 'keyValue': {'_id': ObjectId('6ab561089fabd886bdb0db94')}, 'op': {'_id': ObjectId('6ab561089fabd886bdb0db94'), 'id': 'audit_bd436e9fb7ac', 'actor': 'Budi Santoso', 'role': 'system/demo', 'action': 'login', 'entity_type': 'user', 'entity_id': 'user_admin_01', 'scope_entity_id': 'ent_ksc', 'before': None, 'after': {'email': 'admin@kainnusantara.id', 'role': 'admin'}, 'reason': '', 'timestamp': '2026-09-24T17:42:32.440234+00:00'}}, {'index': 62, 'code': 11000, 'errmsg': "E11000 duplicate key error collection: test_database.audit_logs index: _id_ dup key: { _id: ObjectId('6ab561089fabd886bdb0db96') }", 'keyPattern': {'_id': 1}, 'keyValue': {'_id': ObjectId('6ab561089fabd886bdb0db96')}, 'op': {'_id': ObjectId('6ab561089fabd886bdb0db96'), 'id': 'audit_5c62a62b3388', 'actor': 'Budi Santoso', 'role': 'admin', 'action': 'supplier_contract_created', 'entity_type': 'supplier_contract', 'entity_id': 'sct_48d6247dfab2', 'scope_entity_id': 'ent_kanda', 'before': None, 'after': {'contract_number': 'KANDA/SCT-00001', 'partner_name': 'PT Kain Suka Cita', 'tariff_basis': 'lumpsum'}, 'reason': '', 'timestamp': '2026-09-24T17:42:32.456986+00:00'}}, {'index': 63, 'code': 11000, 'errmsg': "E11000 duplicate key error collection: test_database.audit_logs index: _id_ dup key: { _id: ObjectId('6ab561089fabd886bdb0db99') }", 'keyPattern': {'_id': 1}, 'keyValue': {'_id': ObjectId('6ab561089fabd886bdb0db99')}, 'op': {'_id': ObjectId('6ab561089fabd886bdb0db99'), 'id': 'audit_2937998143cb', 'actor': 'Ayu Permatasari', 'role': 'sales', 'action': 'internal_request_created', 'entity_type': 'internal_request', 'entity_id': 'pin_4b13897ca0e3', 'scope_entity_id': 'ent_ksc', 'before': None, 'after': {'number': 'KSC/PIN-00001', 'items': 1, 'est_value': 366300.0}, 'reason': '', 'timestamp': '2026-09-24T17:42:32.469649+00:00'}}, {'index': 64, 'code': 11000, 'errmsg': "E11000 duplicate key error collection: test_database.audit_logs index: _id_ dup key: { _id: ObjectId('6ab561089fabd886bdb0db9c') }", 'keyPattern': {'_id': 1}, 'keyValue': {'_id': ObjectId('6ab561089fabd886bdb0db9c')}, 'op': {'_id': ObjectId('6ab561089fabd886bdb0db9c'), 'id': 'audit_770c53ded85d', 'actor': 'Ayu Permatasari', 'role': 'sales', 'action': 'internal_request_created', 'entity_type': 'internal_request', 'entity_id': 'pin_321c6eb4b32d', 'scope_entity_id': 'ent_ksc', 'before': None, 'after': {'number': 'KSC/PIN-00002', 'items': 1, 'est_value': 244200.0}, 'reason': '', 'timestamp': '2026-09-24T17:42:32.480742+00:00'}}, {'index': 65, 'code': 11000, 'errmsg': "E11000 duplicate key error collection: test_database.audit_logs index: _id_ dup key: { _id: ObjectId('6ab561089fabd886bdb0dba0') }", 'keyPattern': {'_id': 1}, 'keyValue': {'_id': ObjectId('6ab561089fabd886bdb0dba0')}, 'op': {'_id': ObjectId('6ab561089fabd886bdb0dba0'), 'id': 'audit_7012d8d28497', 'actor': 'Budi Santoso', 'role': 'admin', 'action': 'internal_request_converted', 'entity_type': 'internal_request', 'entity_id': 'pin_321c6eb4b32d', 'scope_entity_id': 'ent_ksc', 'before': None, 'after': {'number': 'KSC/PIN-00002', 'interco_pair_id': 'icp_e7cf1200f7ee', 'source_entity_id': 'ent_kanda'}, 'reason': '', 'timestamp': '2026-09-24T17:42:32.505798+00:00'}}, {'index': 66, 'code': 11000, 'errmsg': "E11000 duplicate key error collection: test_database.audit_logs index: _id_ dup key: { _id: ObjectId('6ab561089fabd886bdb0dbb3') }", 'keyPattern': {'_id': 1}, 'keyValue': {'_id': ObjectId('6ab561089fabd886bdb0dbb3')}, 'op': {'_id': ObjectId('6ab561089fabd886bdb0dbb3'), 'id': 'audit_ce48088916e7', 'actor': 'Eko Prasetyo', 'role': 'system/demo', 'action': 'roll_grade_changed', 'entity_type': 'inventory_roll', 'entity_id': 'roll_8097b2f79898', 'scope_entity_id': None, 'before': None, 'after': {'grade_before': 'A', 'grade_after': 'A1', 'source': 'qc_inspection', 'reason': 'Inspeksi 4-point: 24.0 poin (ambang A≤20.0, B≤40.0)', 'roll_no': 'RL-00043', 'product_id': 'prod_batik_mega'}, 'reason': '', 'timestamp': '2026-09-24T17:42:32.615590+00:00'}}, {'index': 67, 'code': 11000, 'errmsg': "E11000 duplicate key error collection: test_database.audit_logs index: _id_ dup key: { _id: ObjectId('6ab561099fabd886bdb0dbcf') }", 'keyPattern': {'_id': 1}, 'keyValue': {'_id': ObjectId('6ab561099fabd886bdb0dbcf')}, 'op': {'_id': ObjectId('6ab561099fabd886bdb0dbcf'), 'id': 'audit_4643bbc72cf4', 'user_id': 'user_manager_02', 'user_name': 'Rudi Hartono', 'action': 'order_verified', 'resource': 'sales_order', 'resource_id': 'so_001', 'details': {'number': 'SO-0001', 'checked': 'alamat kirim · syarat bayar · NPWP'}, 'timestamp': '2026-08-15T17:42:33.023596+00:00', 'scope_entity_id': 'ent_ksc'}}, {'index': 68, 'code': 11000, 'errmsg': "E11000 duplicate key error collection: test_database.audit_logs index: _id_ dup key: { _id: ObjectId('6ab561099fabd886bdb0dbd0') }", 'keyPattern': {'_id': 1}, 'keyValue': {'_id': ObjectId('6ab561099fabd886bdb0dbd0')}, 'op': {'_id': ObjectId('6ab561099fabd886bdb0dbd0'), 'id': 'audit_00343b80aa27', 'user_id': 'user_manager_02', 'user_name': 'Rudi Hartono', 'action': 'order_verified', 'resource': 'sales_order', 'resource_id': 'so_003', 'details': {'number': 'SO-0003', 'checked': 'alamat kirim · syarat bayar · NPWP'}, 'timestamp': '2026-08-18T17:42:33.023612+00:00', 'scope_entity_id': 'ent_ksc'}}, {'index': 69, 'code': 11000, 'errmsg': "E11000 duplicate key error collection: test_database.audit_logs index: _id_ dup key: { _id: ObjectId('6ab561099fabd886bdb0dbd1') }", 'keyPattern': {'_id': 1}, 'keyValue': {'_id': ObjectId('6ab561099fabd886bdb0dbd1')}, 'op': {'_id': ObjectId('6ab561099fabd886bdb0dbd1'), 'id': 'audit_93c5090b8f10', 'user_id': 'user_manager_02', 'user_name': 'Rudi Hartono', 'action': 'order_verified', 'resource': 'sales_order', 'resource_id': 'so_004', 'details': {'number': 'SO-0004', 'checked': 'alamat kirim · syarat bayar · NPWP'}, 'timestamp': '2026-08-21T17:42:33.023619+00:00', 'scope_entity_id': 'ent_ksc'}}, {'index': 70, 'code': 11000, 'errmsg': "E11000 duplicate key error collection: test_database.audit_logs index: _id_ dup key: { _id: ObjectId('6ab561099fabd886bdb0dbd2') }", 'keyPattern': {'_id': 1}, 'keyValue': {'_id': ObjectId('6ab561099fabd886bdb0dbd2')}, 'op': {'_id': ObjectId('6ab561099fabd886bdb0dbd2'), 'id': 'audit_bda599f08c07', 'user_id': 'user_manager_02', 'user_name': 'Rudi Hartono', 'action': 'sales_return_inspect_started', 'resource': 'sales_return', 'resource_id': 'sret_f1f12cf2d1b4', 'details': {'number': 'SRET-00001'}, 'timestamp': '2026-09-04T17:42:33.023625+00:00', 'scope_entity_id': 'ent_ksc'}}, {'index': 71, 'code': 11000, 'errmsg': "E11000 duplicate key error collection: test_database.audit_logs index: _id_ dup key: { _id: ObjectId('6ab561099fabd886bdb0dbd3') }", 'keyPattern': {'_id': 1}, 'keyValue': {'_id': ObjectId('6ab561099fabd886bdb0dbd3')}, 'op': {'_id': ObjectId('6ab561099fabd886bdb0dbd3'), 'id': 'audit_b19d8dccb08a', 'user_id': 'user_manager_02', 'user_name': 'Rudi Hartono', 'action': 'sales_return_inspected', 'resource': 'sales_return', 'resource_id': 'sret_f1f12cf2d1b4', 'details': {'number': 'SRET-00001'}, 'timestamp': '2026-09-04T17:42:33.023633+00:00', 'scope_entity_id': 'ent_ksc'}}, {'index': 72, 'code': 11000, 'errmsg': "E11000 duplicate key error collection: test_database.audit_logs index: _id_ dup key: { _id: ObjectId('6ab561099fabd886bdb0dbd4') }", 'keyPattern': {'_id': 1}, 'keyValue': {'_id': ObjectId('6ab561099fabd886bdb0dbd4')}, 'op': {'_id': ObjectId('6ab561099fabd886bdb0dbd4'), 'id': 'audit_7aee4ef7453d', 'user_id': 'user_manager_02', 'user_name': 'Rudi Hartono', 'action': 'interco_transaction_invoiced', 'resource': 'interco_transaction', 'resource_id': 'ict_2b960fc0493e', 'details': {'number': 'KSC/IC-00001'}, 'timestamp': '2026-09-12T17:42:33.023639+00:00', 'scope_entity_id': 'ent_ksc'}}, {'index': 73, 'code': 11000, 'errmsg': "E11000 duplicate key error collection: test_database.audit_logs index: _id_ dup key: { _id: ObjectId('6ab56109e3404eef4ed973d6') }", 'keyPattern': {'_id': 1}, 'keyValue': {'_id': ObjectId('6ab56109e3404eef4ed973d6')}, 'op': {'_id': ObjectId('6ab56109e3404eef4ed973d6'), 'id': 'audit_57ad64ac4571', 'actor': 'Budi Santoso', 'role': 'system/demo', 'action': 'login', 'entity_type': 'user', 'entity_id': 'user_admin_01', 'scope_entity_id': 'ent_ksc', 'before': None, 'after': {'email': 'admin@kainnusantara.id', 'role': 'admin'}, 'reason': '', 'timestamp': '2026-09-24T17:42:33.822193+00:00'}}, {'index': 74, 'code': 11000, 'errmsg': "E11000 duplicate key error collection: test_database.audit_logs index: _id_ dup key: { _id: ObjectId('6ab5610ae3404eef4ed973d8') }", 'keyPattern': {'_id': 1}, 'keyValue': {'_id': ObjectId('6ab5610ae3404eef4ed973d8')}, 'op': {'_id': ObjectId('6ab5610ae3404eef4ed973d8'), 'id': 'audit_999e346ae047', 'actor': 'Dewi Rahayu', 'role': 'system/demo', 'action': 'login', 'entity_type': 'user', 'entity_id': 'user_manager_01', 'scope_entity_id': 'ent_ksc', 'before': None, 'after': {'email': 'manager@kainnusantara.id', 'role': 'manager'}, 'reason': '', 'timestamp': '2026-09-24T17:42:34.059615+00:00'}}, {'index': 75, 'code': 11000, 'errmsg': "E11000 duplicate key error collection: test_database.audit_logs index: _id_ dup key: { _id: ObjectId('6ab5610ae3404eef4ed973da') }", 'keyPattern': {'_id': 1}, 'keyValue': {'_id': ObjectId('6ab5610ae3404eef4ed973da')}, 'op': {'_id': ObjectId('6ab5610ae3404eef4ed973da'), 'id': 'audit_eee7927fc26a', 'actor': 'Ayu Permatasari', 'role': 'system/demo', 'action': 'login', 'entity_type': 'user', 'entity_id': 'user_sales_01', 'scope_entity_id': 'ent_ksc', 'before': None, 'after': {'email': 'sales@kainnusantara.id', 'role': 'sales'}, 'reason': '', 'timestamp': '2026-09-24T17:42:34.294681+00:00'}}, {'index': 76, 'code': 11000, 'errmsg': "E11000 duplicate key error collection: test_database.audit_logs index: _id_ dup key: { _id: ObjectId('6ab5610ae3404eef4ed973dc') }", 'keyPattern': {'_id': 1}, 'keyValue': {'_id': ObjectId('6ab5610ae3404eef4ed973dc')}, 'op': {'_id': ObjectId('6ab5610ae3404eef4ed973dc'), 'id': 'audit_6d8cfb2139d1', 'actor': 'Eko Prasetyo', 'role': 'system/demo', 'action': 'login', 'entity_type': 'user', 'entity_id': 'user_wh_01', 'scope_entity_id': 'ent_ksc', 'before': None, 'after': {'email': 'warehouse@kainnusantara.id', 'role': 'warehouse'}, 'reason': '', 'timestamp': '2026-09-24T17:42:34.526874+00:00'}}, {'index': 77, 'code': 11000, 'errmsg': "E11000 duplicate key error collection: test_database.audit_logs index: _id_ dup key: { _id: ObjectId('6ab5610ae3404eef4ed973df') }", 'keyPattern': {'_id': 1}, 'keyValue': {'_id': ObjectId('6ab5610ae3404eef4ed973df')}, 'op': {'_id': ObjectId('6ab5610ae3404eef4ed973df'), 'id': 'audit_b7ba5aac6bb1', 'actor': 'Budi Santoso', 'role': 'admin', 'action': 'po_created', 'entity_type': 'purchase_order', 'entity_id': 'po_772f5da39713', 'scope_entity_id': 'ent_kanda', 'before': None, 'after': {'po_number': 'KANDA/PO-00012', 'supplier': 'Toba Craft', 'supplier_id': 'sup_cb6ef32d94e4', 'total_amount': 3600000.0, 'approval_required': False, 'required_role': None, 'approval_reason': ''}, 'reason': '', 'timestamp': '2026-09-24T17:42:34.579094+00:00'}}, {'index': 78, 'code': 11000, 'errmsg': "E11000 duplicate key error collection: test_database.audit_logs index: _id_ dup key: { _id: ObjectId('6ab5610ae3404eef4ed973e0') }", 'keyPattern': {'_id': 1}, 'keyValue': {'_id': ObjectId('6ab5610ae3404eef4ed973e0')}, 'op': {'_id': ObjectId('6ab5610ae3404eef4ed973e0'), 'id': 'audit_638fa1f8512a', 'actor': 'Budi Santoso', 'role': 'admin', 'action': 'inbound_scan_receive', 'entity_type': 'wms_task', 'entity_id': 'wms_d8f1ed390741', 'scope_entity_id': 'ent_kanda', 'before': None, 'after': {'actual_qty': 40.0, 'received_qty': 40.0, 'expected_qty': 40.0}, 'reason': '', 'timestamp': '2026-09-24T17:42:34.677959+00:00'}}, {'index': 79, 'code': 11000, 'errmsg': "E11000 duplicate key error collection: test_database.audit_logs index: _id_ dup key: { _id: ObjectId('6ab5610ae3404eef4ed973e6') }", 'keyPattern': {'_id': 1}, 'keyValue': {'_id': ObjectId('6ab5610ae3404eef4ed973e6')}, 'op': {'_id': ObjectId('6ab5610ae3404eef4ed973e6'), 'id': 'audit_590d2cf96981', 'actor': 'Budi Santoso', 'role': 'admin', 'action': 'inbound_completed', 'entity_type': 'wms_task', 'entity_id': 'wms_d8f1ed390741', 'scope_entity_id': 'ent_kanda', 'before': None, 'after': {'final_qty': 40.0, 'status': 'qc_pending', 'uom_trail': {'doc_uom': 'yard', 'doc_qty': 40.0, 'base_uom': 'yard', 'base_qty': 40.0, 'factor': 1.0, 'source': 'same_unit', 'rule_id': '', 'formula': '', 'path': ['yard = yard'], 'context': 'goods_receipt', 'converted_at': '2026-09-24T17:42:34.729030+00:00'}, 'conversion_variance': {'level': 'ok', 'variance_pct': -0.017, 'message': '', 'warn_pct': 2.0, 'block_pct': 5.0, 'allow_override': True, 'expected_kg': 5.89, 'actual_kg': 5.889, 'factor': 0.1472184}}, 'reason': '', 'timestamp': '2026-09-24T17:42:34.748723+00:00'}}, {'index': 80, 'code': 11000, 'errmsg': "E11000 duplicate key error collection: test_database.audit_logs index: _id_ dup key: { _id: ObjectId('6ab5610ae3404eef4ed973eb') }", 'keyPattern': {'_id': 1}, 'keyValue': {'_id': ObjectId('6ab5610ae3404eef4ed973eb')}, 'op': {'_id': ObjectId('6ab5610ae3404eef4ed973eb'), 'id': 'audit_b6726f075c5c', 'actor': 'Budi Santoso', 'role': 'admin', 'action': 'qc_decision', 'entity_type': 'wms_task', 'entity_id': 'wms_d8f1ed390741', 'scope_entity_id': 'ent_kanda', 'before': None, 'after': {'task_id': 'wms_d8f1ed390741', 'product_id': 'prod_e9_demo_rantai', 'warehouse_id': 'wh_tangerang', 'accepted_qty': 40.0, 'rejected_qty': 0.0, 'reject_disposition': None, 'purchase_return': None, 'accept_grade': 'A', 'task_status': 'completed', 'qc_status': 'passed'}, 'reason': '', 'timestamp': '2026-09-24T17:42:34.814611+00:00'}}, {'index': 81, 'code': 11000, 'errmsg': "E11000 duplicate key error collection: test_database.audit_logs index: _id_ dup key: { _id: ObjectId('6ab5610ae3404eef4ed973ed') }", 'keyPattern': {'_id': 1}, 'keyValue': {'_id': ObjectId('6ab5610ae3404eef4ed973ed')}, 'op': {'_id': ObjectId('6ab5610ae3404eef4ed973ed'), 'id': 'audit_6dd808dc3ce8', 'actor': 'Budi Santoso', 'role': 'admin', 'action': 'order_created', 'entity_type': 'sales_order', 'entity_id': 'so_6186903868ad', 'scope_entity_id': 'ent_ksc', 'before': None, 'after': {'number': 'KSC/SO-00010', 'customer': 'Butik Bali Indah', 'total_amount': 4375000.0, 'grand_total': 4856250.0, 'ppn_amount': 481250.0, 'discount_total': 0.0, 'payment_term': 'NET30', 'approval_required': False, 'required_role': None, 'has_backorder': True, 'backorder_lines': 1, 'special_price_lines': 0}, 'reason': '', 'timestamp': '2026-09-24T17:42:34.874135+00:00'}}, {'index': 82, 'code': 11000, 'errmsg': "E11000 duplicate key error collection: test_database.audit_logs index: _id_ dup key: { _id: ObjectId('6ab5610ae3404eef4ed973ef') }", 'keyPattern': {'_id': 1}, 'keyValue': {'_id': ObjectId('6ab5610ae3404eef4ed973ef')}, 'op': {'_id': ObjectId('6ab5610ae3404eef4ed973ef'), 'id': 'audit_d7d83fc34e82', 'actor': 'Budi Santoso', 'role': 'admin', 'action': 'supplier_contract_created', 'entity_type': 'supplier_contract', 'entity_id': 'sct_a8b1522605a1', 'scope_entity_id': 'ent_kanda', 'before': None, 'after': {'contract_number': 'KANDA/SCT-00002', 'partner_name': '', 'tariff_basis': 'lumpsum'}, 'reason': '', 'timestamp': '2026-09-24T17:42:34.886615+00:00'}}, {'index': 83, 'code': 11000, 'errmsg': "E11000 duplicate key error collection: test_database.audit_logs index: _id_ dup key: { _id: ObjectId('6ab5610ae3404eef4ed973f5') }", 'keyPattern': {'_id': 1}, 'keyValue': {'_id': ObjectId('6ab5610ae3404eef4ed973f5')}, 'op': {'_id': ObjectId('6ab5610ae3404eef4ed973f5'), 'id': 'audit_e0daf9201319', 'actor': 'Budi Santoso', 'role': 'admin', 'action': 'interco_transaction_created', 'entity_type': 'interco_transaction', 'entity_id': 'icp_e054f22d41e1', 'scope_entity_id': 'ent_ksc', 'before': None, 'after': {'seller': 'ent_kanda', 'buyer': 'ent_ksc', 'grand_total': 4440000.0}, 'reason': '', 'timestamp': '2026-09-24T17:42:34.916860+00:00'}}, {'index': 84, 'code': 11000, 'errmsg': "E11000 duplicate key error collection: test_database.audit_logs index: _id_ dup key: { _id: ObjectId('6ab5610be3404eef4ed973f8') }", 'keyPattern': {'_id': 1}, 'keyValue': {'_id': ObjectId('6ab5610be3404eef4ed973f8')}, 'op': {'_id': ObjectId('6ab5610be3404eef4ed973f8'), 'id': 'audit_2e28e909fae8', 'actor': 'Budi Santoso', 'role': 'admin', 'action': 'interco_warehouse_task_created', 'entity_type': 'warehouse_transfer', 'entity_id': 'trn_68192c0cbd5a', 'scope_entity_id': 'ent_ksc', 'before': None, 'after': {'code': 'KANDA/TRF-00002', 'interco_pair_id': 'icp_e054f22d41e1', 'note': 'DEMOE9 kirim ke Entitas A'}, 'reason': '', 'timestamp': '2026-09-24T17:42:35.039823+00:00'}}, {'index': 85, 'code': 11000, 'errmsg': "E11000 duplicate key error collection: test_database.audit_logs index: _id_ dup key: { _id: ObjectId('6ab5610be3404eef4ed97402') }", 'keyPattern': {'_id': 1}, 'keyValue': {'_id': ObjectId('6ab5610be3404eef4ed97402')}, 'op': {'_id': ObjectId('6ab5610be3404eef4ed97402'), 'id': 'audit_57188987fa1e', 'actor': 'system', 'role': 'admin', 'action': 'backorder_auto_fulfilled', 'entity_type': 'sales_order', 'entity_id': 'so_6186903868ad', 'scope_entity_id': 'ent_kanda', 'before': None, 'after': {'product_id': 'prod_e9_demo_rantai', 'qty_fulfilled': 25.0, 'status': 'reserved', 'fully_fulfilled': True, 'auto_committed': False}, 'reason': 'Auto-fulfill backorder saat barang masuk (GR)', 'timestamp': '2026-09-24T17:42:35.092498+00:00'}}, {'index': 86, 'code': 11000, 'errmsg': "E11000 duplicate key error collection: test_database.audit_logs index: _id_ dup key: { _id: ObjectId('6ab5610be3404eef4ed97406') }", 'keyPattern': {'_id': 1}, 'keyValue': {'_id': ObjectId('6ab5610be3404eef4ed97406')}, 'op': {'_id': ObjectId('6ab5610be3404eef4ed97406'), 'id': 'audit_6ad6fe292fe2', 'actor': 'Budi Santoso', 'role': 'admin', 'action': 'inter_company_transfer_executed', 'entity_type': 'transfer', 'entity_id': 'trn_68192c0cbd5a', 'scope_entity_id': 'ent_kanda', 'before': None, 'after': {'approved_by': 'Manager', 'moved_qty': 37.0, 'rolls': 1, 'je_posted': False, 'je_total': 0, 'je_pair_id': ''}, 'reason': '', 'timestamp': '2026-09-24T17:42:35.097095+00:00'}}, {'index': 87, 'code': 11000, 'errmsg': "E11000 duplicate key error collection: test_database.audit_logs index: _id_ dup key: { _id: ObjectId('6ab5610be3404eef4ed97407') }", 'keyPattern': {'_id': 1}, 'keyValue': {'_id': ObjectId('6ab5610be3404eef4ed97407')}, 'op': {'_id': ObjectId('6ab5610be3404eef4ed97407'), 'id': 'audit_97dfa248efcd', 'actor': 'Budi Santoso', 'role': 'admin', 'action': 'order_auto_approved', 'entity_type': 'sales_order', 'entity_id': 'so_6186903868ad', 'scope_entity_id': 'ent_ksc', 'before': None, 'after': {'status': 'approved'}, 'reason': '', 'timestamp': '2026-09-24T17:42:35.118941+00:00'}}, {'index': 88, 'code': 11000, 'errmsg': "E11000 duplicate key error collection: test_database.audit_logs index: _id_ dup key: { _id: ObjectId('6ab5610be3404eef4ed9740a') }", 'keyPattern': {'_id': 1}, 'keyValue': {'_id': ObjectId('6ab5610be3404eef4ed9740a')}, 'op': {'_id': ObjectId('6ab5610be3404eef4ed9740a'), 'id': 'audit_e60968e4b898', 'actor': 'Budi Santoso', 'role': 'admin', 'action': 'sales_order_verified', 'entity_type': 'sales_orders', 'entity_id': 'so_6186903868ad', 'scope_entity_id': 'ent_ksc', 'before': None, 'after': {'number': 'KSC/SO-00010', 'warnings': []}, 'reason': 'DEMOE9 verify', 'timestamp': '2026-09-24T17:42:35.225189+00:00'}}, {'index': 89, 'code': 11000, 'errmsg': "E11000 duplicate key error collection: test_database.audit_logs index: _id_ dup key: { _id: ObjectId('6ab5610be3404eef4ed9740b') }", 'keyPattern': {'_id': 1}, 'keyValue': {'_id': ObjectId('6ab5610be3404eef4ed9740b')}, 'op': {'_id': ObjectId('6ab5610be3404eef4ed9740b'), 'id': 'audit_e34cb102ec9d', 'actor': 'Budi Santoso', 'role': 'admin', 'action': 'order_confirmed', 'entity_type': 'sales_order', 'entity_id': 'so_6186903868ad', 'scope_entity_id': 'ent_ksc', 'before': None, 'after': {'status': 'confirmed'}, 'reason': '', 'timestamp': '2026-09-24T17:42:35.273989+00:00'}}, {'index': 90, 'code': 11000, 'errmsg': "E11000 duplicate key error collection: test_database.audit_logs index: _id_ dup key: { _id: ObjectId('6ab5610be3404eef4ed9740d') }", 'keyPattern': {'_id': 1}, 'keyValue': {'_id': ObjectId('6ab5610be3404eef4ed9740d')}, 'op': {'_id': ObjectId('6ab5610be3404eef4ed9740d'), 'id': 'audit_be9b5803a491', 'actor': 'Budi Santoso', 'role': 'admin', 'action': 'outbound_tasks_auto_created', 'entity_type': 'sales_order', 'entity_id': 'so_6186903868ad', 'scope_entity_id': 'ent_ksc', 'before': None, 'after': {'tasks_count': 1}, 'reason': '', 'timestamp': '2026-09-24T17:42:35.279938+00:00'}}, {'index': 91, 'code': 11000, 'errmsg': "E11000 duplicate key error collection: test_database.audit_logs index: _id_ dup key: { _id: ObjectId('6ab5610be3404eef4ed9740f') }", 'keyPattern': {'_id': 1}, 'keyValue': {'_id': ObjectId('6ab5610be3404eef4ed9740f')}, 'op': {'_id': ObjectId('6ab5610be3404eef4ed9740f'), 'id': 'audit_ba38f60c1b85', 'actor': 'Budi Santoso', 'role': 'admin', 'action': 'sales_return_created', 'entity_type': 'sales_return', 'entity_id': 'sret_0057b90a3d9d', 'scope_entity_id': 'ent_ksc', 'before': None, 'after': {'number': 'SRET-00003', 'order_id': 'so_6186903868ad', 'type': 'retur'}, 'reason': '', 'timestamp': '2026-09-24T17:42:35.386017+00:00'}}, {'index': 92, 'code': 11000, 'errmsg': "E11000 duplicate key error collection: test_database.audit_logs index: _id_ dup key: { _id: ObjectId('6ab5610be3404eef4ed97412') }", 'keyPattern': {'_id': 1}, 'keyValue': {'_id': ObjectId('6ab5610be3404eef4ed97412')}, 'op': {'_id': ObjectId('6ab5610be3404eef4ed97412'), 'id': 'audit_f91719821869', 'actor': 'Dewi Rahayu', 'role': 'manager', 'action': 'sales_return_approved', 'entity_type': 'sales_return', 'entity_id': 'sret_0057b90a3d9d', 'scope_entity_id': 'ent_ksc', 'before': None, 'after': {'notes': 'DEMOE9 setuju'}, 'reason': '', 'timestamp': '2026-09-24T17:42:35.436401+00:00'}}, {'index': 93, 'code': 11000, 'errmsg': "E11000 duplicate key error collection: test_database.audit_logs index: _id_ dup key: { _id: ObjectId('6ab5610be3404eef4ed97413') }", 'keyPattern': {'_id': 1}, 'keyValue': {'_id': ObjectId('6ab5610be3404eef4ed97413')}, 'op': {'_id': ObjectId('6ab5610be3404eef4ed97413'), 'id': 'audit_568d5b4053a7', 'actor': 'Dewi Rahayu', 'role': 'manager', 'action': 'sales_return_inspect_started', 'entity_type': 'sales_return', 'entity_id': 'sret_0057b90a3d9d', 'scope_entity_id': 'ent_ksc', 'before': None, 'after': {}, 'reason': '', 'timestamp': '2026-09-24T17:42:35.443565+00:00'}}, {'index': 94, 'code': 11000, 'errmsg': "E11000 duplicate key error collection: test_database.audit_logs index: _id_ dup key: { _id: ObjectId('6ab5610be3404eef4ed97414') }", 'keyPattern': {'_id': 1}, 'keyValue': {'_id': ObjectId('6ab5610be3404eef4ed97414')}, 'op': {'_id': ObjectId('6ab5610be3404eef4ed97414'), 'id': 'audit_7e58d6544fa8', 'actor': 'Dewi Rahayu', 'role': 'manager', 'action': 'sales_return_inspected', 'entity_type': 'sales_return', 'entity_id': 'sret_0057b90a3d9d', 'scope_entity_id': 'ent_ksc', 'before': None, 'after': {'items': 1}, 'reason': '', 'timestamp': '2026-09-24T17:42:35.492980+00:00'}}, {'index': 95, 'code': 11000, 'errmsg': "E11000 duplicate key error collection: test_database.audit_logs index: _id_ dup key: { _id: ObjectId('6ab5610be3404eef4ed9741c') }", 'keyPattern': {'_id': 1}, 'keyValue': {'_id': ObjectId('6ab5610be3404eef4ed9741c')}, 'op': {'_id': ObjectId('6ab5610be3404eef4ed9741c'), 'id': 'audit_6d8236a7fcb0', 'actor': 'Dewi Rahayu', 'role': 'manager', 'action': 'sales_return_settled', 'entity_type': 'sales_return', 'entity_id': 'sret_0057b90a3d9d', 'scope_entity_id': 'ent_ksc', 'before': None, 'after': {'outcome': 'store_credit', 'return_warehouse_id': ''}, 'reason': '', 'timestamp': '2026-09-24T17:42:35.565640+00:00'}}, {'index': 96, 'code': 11000, 'errmsg': "E11000 duplicate key error collection: test_database.audit_logs index: _id_ dup key: { _id: ObjectId('6ab5610be3404eef4ed9741e') }", 'keyPattern': {'_id': 1}, 'keyValue': {'_id': ObjectId('6ab5610be3404eef4ed9741e')}, 'op': {'_id': ObjectId('6ab5610be3404eef4ed9741e'), 'id': 'audit_a6021845039d', 'actor': 'Dewi Rahayu', 'role': 'manager', 'action': 'sales_return_quarantine_released', 'entity_type': 'sales_return', 'entity_id': 'sret_0057b90a3d9d', 'scope_entity_id': 'ent_ksc', 'before': None, 'after': {'decisions': 1}, 'reason': '', 'timestamp': '2026-09-24T17:42:35.630034+00:00'}}, {'index': 97, 'code': 11000, 'errmsg': "E11000 duplicate key error collection: test_database.audit_logs index: _id_ dup key: { _id: ObjectId('6ab5610be3404eef4ed97422') }", 'keyPattern': {'_id': 1}, 'keyValue': {'_id': ObjectId('6ab5610be3404eef4ed97422')}, 'op': {'_id': ObjectId('6ab5610be3404eef4ed97422'), 'id': 'audit_6c400c076fd3', 'actor': 'Budi Santoso', 'role': 'admin', 'action': 'interco_return_created', 'entity_type': 'interco_return', 'entity_id': 'icr_2800531aa8f1', 'scope_entity_id': 'ent_ksc', 'before': None, 'after': {'origin': 'ict_dfafbff9a430', 'reason': 'Barang diretur pelanggan — dikembalikan ke PT pemasok internal', 'total': 1200000.0}, 'reason': '', 'timestamp': '2026-09-24T17:42:35.757429+00:00'}}, {'index': 98, 'code': 11000, 'errmsg': "E11000 duplicate key error collection: test_database.audit_logs index: _id_ dup key: { _id: ObjectId('6ab5610be3404eef4ed97425') }", 'keyPattern': {'_id': 1}, 'keyValue': {'_id': ObjectId('6ab5610be3404eef4ed97425')}, 'op': {'_id': ObjectId('6ab5610be3404eef4ed97425'), 'id': 'audit_154755f7988e', 'actor': 'Dewi Rahayu', 'role': 'manager', 'action': 'interco_return_approved', 'entity_type': 'interco_return', 'entity_id': 'icr_2800531aa8f1', 'scope_entity_id': 'ent_ksc', 'before': None, 'after': {'note': 'DEMOE9 setuju retur', 'total': 1200000.0}, 'reason': '', 'timestamp': '2026-09-24T17:42:35.820084+00:00'}}, {'index': 99, 'code': 11000, 'errmsg': "E11000 duplicate key error collection: test_database.audit_logs index: _id_ dup key: { _id: ObjectId('6ab5610be3404eef4ed97427') }", 'keyPattern': {'_id': 1}, 'keyValue': {'_id': ObjectId('6ab5610be3404eef4ed97427')}, 'op': {'_id': ObjectId('6ab5610be3404eef4ed97427'), 'id': 'audit_0506f216c0d0', 'actor': 'Budi Santoso', 'role': 'admin', 'action': 'interco_return_task_created', 'entity_type': 'warehouse_transfer', 'entity_id': 'trn_4ab2ef7d835c', 'scope_entity_id': 'ent_ksc', 'before': None, 'after': {'code': 'KSC/TRF-00005', 'return_id': 'icr_2800531aa8f1', 'note': 'DEMOE9 kirim balik'}, 'reason': '', 'timestamp': '2026-09-24T17:42:35.842166+00:00'}}, {'index': 100, 'code': 11000, 'errmsg': "E11000 duplicate key error collection: test_database.audit_logs index: _id_ dup key: { _id: ObjectId('6ab5610be3404eef4ed9742c') }", 'keyPattern': {'_id': 1}, 'keyValue': {'_id': ObjectId('6ab5610be3404eef4ed9742c')}, 'op': {'_id': ObjectId('6ab5610be3404eef4ed9742c'), 'id': 'audit_0ca59029b7eb', 'actor': 'Budi Santoso', 'role': 'admin', 'action': 'inter_company_transfer_executed', 'entity_type': 'transfer', 'entity_id': 'trn_4ab2ef7d835c', 'scope_entity_id': 'ent_ksc', 'before': None, 'after': {'approved_by': 'Manager', 'moved_qty': 10.0, 'rolls': 1, 'je_posted': False, 'je_total': 0, 'je_pair_id': ''}, 'reason': '', 'timestamp': '2026-09-24T17:42:35.919059+00:00'}}, {'index': 101, 'code': 11000, 'errmsg': "E11000 duplicate key error collection: test_database.audit_logs index: _id_ dup key: { _id: ObjectId('6ab5610be3404eef4ed9742e') }", 'keyPattern': {'_id': 1}, 'keyValue': {'_id': ObjectId('6ab5610be3404eef4ed9742e')}, 'op': {'_id': ObjectId('6ab5610be3404eef4ed9742e'), 'id': 'audit_dafd71b25802', 'actor': 'Budi Santoso', 'role': 'admin', 'action': 'purchase_return_created', 'entity_type': 'purchase_return', 'entity_id': 'pret_eb97210e50d6', 'scope_entity_id': 'ent_kanda', 'before': None, 'after': {'number': 'PRET-00003', 'supplier': 'Toba Craft', 'total': 900000.0}, 'reason': '', 'timestamp': '2026-09-24T17:42:35.945443+00:00'}}, {'index': 102, 'code': 11000, 'errmsg': "E11000 duplicate key error collection: test_database.audit_logs index: _id_ dup key: { _id: ObjectId('6ab5612de3404eef4ed97432') }", 'keyPattern': {'_id': 1}, 'keyValue': {'_id': ObjectId('6ab5612de3404eef4ed97432')}, 'op': {'_id': ObjectId('6ab5612de3404eef4ed97432'), 'id': 'audit_222118a0d92a', 'actor': 'Budi Santoso', 'role': 'system/demo', 'action': 'login', 'entity_type': 'user', 'entity_id': 'user_admin_01', 'scope_entity_id': 'ent_ksc', 'before': None, 'after': {'email': 'admin@kainnusantara.id', 'role': 'admin'}, 'reason': '', 'timestamp': '2026-09-24T17:43:09.121214+00:00'}}, {'index': 103, 'code': 11000, 'errmsg': "E11000 duplicate key error collection: test_database.audit_logs index: _id_ dup key: { _id: ObjectId('6ab56182e3404eef4ed975ee') }", 'keyPattern': {'_id': 1}, 'keyValue': {'_id': ObjectId('6ab56182e3404eef4ed975ee')}, 'op': {'_id': ObjectId('6ab56182e3404eef4ed975ee'), 'id': 'audit_dbb1455afa4d', 'actor': 'Budi Santoso', 'role': 'admin', 'action': 'config_value_changed', 'entity_type': 'config_values', 'entity_id': 'cfgv_6fe116877cf6', 'scope_entity_id': 'ent_ksc', 'before': None, 'after': {'key': 'sales_admin.require_verification_before_confirm', 'scope': 'global:-', 'from': True, 'to': False, 'effective_from': '2026-09-24T17:44:34.378989+00:00'}, 'reason': 'POC E-8 gelombang 2', 'timestamp': '2026-09-24T17:44:34.381112+00:00'}}, {'index': 104, 'code': 11000, 'errmsg': "E11000 duplicate key error collection: test_database.audit_logs index: _id_ dup key: { _id: ObjectId('6ab56182e3404eef4ed975ef') }", 'keyPattern': {'_id': 1}, 'keyValue': {'_id': ObjectId('6ab56182e3404eef4ed975ef')}, 'op': {'_id': ObjectId('6ab56182e3404eef4ed975ef'), 'id': 'audit_29ffd00eb5e1', 'actor': 'Rina Kusumawati', 'role': 'sales_admin', 'action': 'order_confirmed', 'entity_type': 'sales_order', 'entity_id': 'so_005', 'scope_entity_id': 'ent_ksc', 'before': None, 'after': {'status': 'confirmed'}, 'reason': '', 'timestamp': '2026-09-24T17:44:34.430820+00:00'}}, {'index': 105, 'code': 11000, 'errmsg': "E11000 duplicate key error collection: test_database.audit_logs index: _id_ dup key: { _id: ObjectId('6ab56182e3404eef4ed975f1') }", 'keyPattern': {'_id': 1}, 'keyValue': {'_id': ObjectId('6ab56182e3404eef4ed975f1')}, 'op': {'_id': ObjectId('6ab56182e3404eef4ed975f1'), 'id': 'audit_2861dec0fee8', 'actor': 'Budi Santoso', 'role': 'admin', 'action': 'config_value_changed', 'entity_type': 'config_values', 'entity_id': 'cfgv_7777fa6d6f00', 'scope_entity_id': 'ent_ksc', 'before': None, 'after': {'key': 'sales_admin.require_verification_before_confirm', 'scope': 'global:-', 'from': False, 'to': True, 'effective_from': '2026-09-24T17:44:34.441383+00:00'}, 'reason': 'POC E-8 gelombang 2', 'timestamp': '2026-09-24T17:44:34.443481+00:00'}}, {'index': 106, 'code': 11000, 'errmsg': "E11000 duplicate key error collection: test_database.audit_logs index: _id_ dup key: { _id: ObjectId('6ab56182e3404eef4ed975f3') }", 'keyPattern': {'_id': 1}, 'keyValue': {'_id': ObjectId('6ab56182e3404eef4ed975f3')}, 'op': {'_id': ObjectId('6ab56182e3404eef4ed975f3'), 'id': 'audit_b2a1eed79171', 'actor': 'Budi Santoso', 'role': 'admin', 'action': 'config_value_changed', 'entity_type': 'config_values', 'entity_id': 'cfgv_8c6bf79219be', 'scope_entity_id': 'ent_ksc', 'before': None, 'after': {'key': 'antar_entitas.approval_threshold_rupiah', 'scope': 'entity:ent_ksc', 'from': 100000000, 'to': 1.0, 'effective_from': '2026-09-24T17:44:34.560990+00:00'}, 'reason': 'POC E-8 gelombang 2', 'timestamp': '2026-09-24T17:44:34.563449+00:00'}}, {'index': 107, 'code': 11000, 'errmsg': "E11000 duplicate key error collection: test_database.audit_logs index: _id_ dup key: { _id: ObjectId('6ab56182e3404eef4ed975f7') }", 'keyPattern': {'_id': 1}, 'keyValue': {'_id': ObjectId('6ab56182e3404eef4ed975f7')}, 'op': {'_id': ObjectId('6ab56182e3404eef4ed975f7'), 'id': 'audit_3a7022251a8c', 'actor': 'Budi Santoso', 'role': 'admin', 'action': 'config_value_changed', 'entity_type': 'config_values', 'entity_id': 'cfgv_a1f236580d82', 'scope_entity_id': 'ent_ksc', 'before': None, 'after': {'key': 'antar_entitas.approval_threshold_rupiah', 'scope': 'entity:ent_ksc', 'from': 1.0, 'to': 100000000.0, 'effective_from': '2026-09-24T17:44:34.640692+00:00'}, 'reason': 'POC E-8 gelombang 2', 'timestamp': '2026-09-24T17:44:34.643621+00:00'}}, {'index': 108, 'code': 11000, 'errmsg': "E11000 duplicate key error collection: test_database.audit_logs index: _id_ dup key: { _id: ObjectId('6ab56182e3404eef4ed97600') }", 'keyPattern': {'_id': 1}, 'keyValue': {'_id': ObjectId('6ab56182e3404eef4ed97600')}, 'op': {'_id': ObjectId('6ab56182e3404eef4ed97600'), 'id': 'audit_91a8bf6efe34', 'actor': 'Rina Kusumawati', 'role': 'sales_admin', 'action': 'fulfillment_decided', 'entity_type': 'sales_orders', 'entity_id': 'so_10c546d16543', 'scope_entity_id': 'ent_kanda', 'before': None, 'after': {'mode': 'interco', 'ref': 'KANDA/IC-00010', 'summary': 'Kekurangan diambil dari PT lain lewat KANDA/IC-00010 (permintaan KANDA/PIN-00002)'}, 'reason': 'POC E-8 ambil dari PT lain', 'timestamp': '2026-09-24T17:44:34.710308+00:00'}}, {'index': 109, 'code': 11000, 'errmsg': "E11000 duplicate key error collection: test_database.audit_logs index: _id_ dup key: { _id: ObjectId('6ab56183e3404eef4ed97602') }", 'keyPattern': {'_id': 1}, 'keyValue': {'_id': ObjectId('6ab56183e3404eef4ed97602')}, 'op': {'_id': ObjectId('6ab56183e3404eef4ed97602'), 'id': 'audit_567fb0ea065c', 'actor': 'Citra Lestari', 'role': 'system/demo', 'action': 'login', 'entity_type': 'user', 'entity_id': 'user_sales_03', 'scope_entity_id': 'ent_kanda', 'before': None, 'after': {'email': 'sales3@kainnusantara.id', 'role': 'sales'}, 'reason': '', 'timestamp': '2026-09-24T17:44:35.099263+00:00'}}, {'index': 110, 'code': 11000, 'errmsg': "E11000 duplicate key error collection: test_database.audit_logs index: _id_ dup key: { _id: ObjectId('6ab561c2e3404eef4ed976a0') }", 'keyPattern': {'_id': 1}, 'keyValue': {'_id': ObjectId('6ab561c2e3404eef4ed976a0')}, 'op': {'_id': ObjectId('6ab561c2e3404eef4ed976a0'), 'id': 'audit_6ea6c05171b9', 'actor': 'Rina Kusumawati', 'role': 'system/demo', 'action': 'login', 'entity_type': 'user', 'entity_id': 'user_sales_admin_01', 'scope_entity_id': 'ent_ksc', 'before': None, 'after': {'email': 'salesadmin@kainnusantara.id', 'role': 'sales_admin'}, 'reason': '', 'timestamp': '2026-09-24T17:45:38.553551+00:00'}}, {'index': 111, 'code': 11000, 'errmsg': "E11000 duplicate key error collection: test_database.audit_logs index: _id_ dup key: { _id: ObjectId('6ab561c2e3404eef4ed976a2') }", 'keyPattern': {'_id': 1}, 'keyValue': {'_id': ObjectId('6ab561c2e3404eef4ed976a2')}, 'op': {'_id': ObjectId('6ab561c2e3404eef4ed976a2'), 'id': 'audit_88a1a5117d61', 'actor': 'Hendra Wijaya', 'role': 'system/demo', 'action': 'login', 'entity_type': 'user', 'entity_id': 'user_finance_01', 'scope_entity_id': 'ent_ksc', 'before': None, 'after': {'email': 'finance@kainnusantara.id', 'role': 'finance'}, 'reason': '', 'timestamp': '2026-09-24T17:45:38.806561+00:00'}}, {'index': 112, 'code': 11000, 'errmsg': "E11000 duplicate key error collection: test_database.audit_logs index: _id_ dup key: { _id: ObjectId('6ab561d0e3404eef4ed976e3') }", 'keyPattern': {'_id': 1}, 'keyValue': {'_id': ObjectId('6ab561d0e3404eef4ed976e3')}, 'op': {'_id': ObjectId('6ab561d0e3404eef4ed976e3'), 'id': 'audit_b403e5265058', 'actor': 'Budi Santoso', 'role': 'system/demo', 'action': 'login', 'entity_type': 'user', 'entity_id': 'user_admin_01', 'scope_entity_id': 'ent_ksc', 'before': None, 'after': {'email': 'admin@kainnusantara.id', 'role': 'admin'}, 'reason': '', 'timestamp': '2026-09-24T17:45:52.855889+00:00'}}, {'index': 113, 'code': 11000, 'errmsg': "E11000 duplicate key error collection: test_database.audit_logs index: _id_ dup key: { _id: ObjectId('6ab561d5e3404eef4ed976f9') }", 'keyPattern': {'_id': 1}, 'keyValue': {'_id': ObjectId('6ab561d5e3404eef4ed976f9')}, 'op': {'_id': ObjectId('6ab561d5e3404eef4ed976f9'), 'id': 'audit_dc7953367cf4', 'actor': 'Ayu Permatasari', 'role': 'system/demo', 'action': 'login', 'entity_type': 'user', 'entity_id': 'user_sales_01', 'scope_entity_id': 'ent_ksc', 'before': None, 'after': {'email': 'sales@kainnusantara.id', 'role': 'sales'}, 'reason': '', 'timestamp': '2026-09-24T17:45:57.749062+00:00'}}, {'index': 114, 'code': 11000, 'errmsg': "E11000 duplicate key error collection: test_database.audit_logs index: _id_ dup key: { _id: ObjectId('6ab561d5e3404eef4ed976fb') }", 'keyPattern': {'_id': 1}, 'keyValue': {'_id': ObjectId('6ab561d5e3404eef4ed976fb')}, 'op': {'_id': ObjectId('6ab561d5e3404eef4ed976fb'), 'id': 'audit_2ab208bf58f8', 'actor': 'Eko Prasetyo', 'role': 'system/demo', 'action': 'login', 'entity_type': 'user', 'entity_id': 'user_wh_01', 'scope_entity_id': 'ent_ksc', 'before': None, 'after': {'email': 'warehouse@kainnusantara.id', 'role': 'warehouse'}, 'reason': '', 'timestamp': '2026-09-24T17:45:57.998985+00:00'}}, {'index': 115, 'code': 11000, 'errmsg': "E11000 duplicate key error collection: test_database.audit_logs index: _id_ dup key: { _id: ObjectId('6ab561d6e3404eef4ed976fd') }", 'keyPattern': {'_id': 1}, 'keyValue': {'_id': ObjectId('6ab561d6e3404eef4ed976fd')}, 'op': {'_id': ObjectId('6ab561d6e3404eef4ed976fd'), 'id': 'audit_54e430d1655b', 'actor': 'Citra Lestari', 'role': 'system/demo', 'action': 'login', 'entity_type': 'user', 'entity_id': 'user_sales_03', 'scope_entity_id': 'ent_kanda', 'before': None, 'after': {'email': 'sales3@kainnusantara.id', 'role': 'sales'}, 'reason': '', 'timestamp': '2026-09-24T17:45:58.360018+00:00'}}], 'writeConcernErrors': [], 'nInserted': 0, 'nUpserted': 0, 'nMatched': 0, 'nModified': 0, 'nRemoved': 0, 'upserted': []}[0m
[92m  [snapshot] 1 koleksi dipulihkan ke keadaan sebelum uji — nol residu.[0m
  [92m✓ health_check (isi endpoint kritis) PASS[0m (3s)

[96m[1m▶ INV-GATE-01 anti-residu (gate tak boleh merusak data)[0m

[1mINV-GATE-01 — apakah menjalankan gate merusak data?[0m
  [91m[FAIL][0m gate MENINGGALKAN RESIDU (15 perubahan):
    [91m✗[0m koleksi 'inventory_movements': 67 -> 85 dok  (selisih +18)
    [91m✗[0m koleksi 'inventory_rolls': 66 -> 81 dok  (selisih +15)
    [91m✗[0m koleksi 'audit_logs': 105 -> 116 dok  (selisih +11)
    [91m✗[0m koleksi 'notifications': 116 -> 118 dok  (selisih +2)
    [91m✗[0m koleksi 'inventory_lots': 35 -> 38 dok  (selisih +3)
    [91m✗[0m koleksi 'design_requests': 4 -> 5 dok  (selisih +1)
    [91m✗[0m koleksi 'inspections': 3 -> 5 dok  (selisih +2)
    [91m✗[0m koleksi 'journal_entries': 109 -> 117 dok  (selisih +8)
    [91m✗[0m koleksi 'md_samples': 28 -> 29 dok  (selisih +1)
    [91m✗[0m balance 'prod_tenun_ikat|wh_surabaya'.quarantine_qty: 0.0 -> 30.0
    [91m✗[0m balance 'prod_tenun_ikat|wh_surabaya'.owned_qty: 245.0 -> 275.0
    [91m✗[0m balance 'prod_tenun_ikat|wh_surabaya'.on_hand_qty: 245.0 -> 275.0
    [91m✗[0m balance 'prod_tenun_ikat|wh_jakarta'.quarantine_qty: 0.0 -> 450.0
    [91m✗[0m balance 'prod_tenun_ikat|wh_jakarta'.owned_qty: 320.0 -> 770.0
    [91m✗[0m balance 'prod_tenun_ikat|wh_jakarta'.on_hand_qty: 320.0 -> 770.0
  [93m→ Guardrail runtime wajib memulihkan data: pakai `run_with_restore(main)` / `DbSnapshot` dari scripts/guardrails/_common.py.[0m
  [91m✗ INV-GATE-01 anti-residu (gate tak boleh merusak data) FAIL (rc=1)[0m (1s)

[96m[1m==============================================================[0m
  [91m[1m✗ ADA GATE MERAH.[0m  305s · Lihat detail di atas & memory/GATE_RECEIPT.md
[96m[1m==============================================================[0m

