path,sha256,inventory_method,lines,chart_components,numeric_lines,specific_finding_source_review,backend_lines_executed,backend_statements,semantic_all_branches_proven
.audit_ids_before.json,e865a2a269541ae7828e27edae08a636bf121a7826816932b6fefecd633802dd,inventory_only,1,,,False,,,NO
.audit_in/P1.md,06a138bd16c5826c2216edf667c4dbbd44de8ac81ab297bf1fb42a7c20090f0f,inventory_only,,,,False,,,NO
.audit_in/P2.md,06a138bd16c5826c2216edf667c4dbbd44de8ac81ab297bf1fb42a7c20090f0f,inventory_only,,,,False,,,NO
.audit_in/audit1.patch,8389f49b243d47f0d2efa004c4516fdcddd90dd62f2eb2827be53561ec02b1f3,inventory_only,,,,False,,,NO
.build_now.out,a899139d1afb06d3bbc5d2474539b4d945141ad614fb1974a7e05b25632ca2b3,inventory_only,,,,False,,,NO
.cache_deps_be.md5,e63ced6e8098b9c43916280e4bc696f0c3c8f026aef3d1c17c734d37c2c4928a,inventory_only,,,,False,,,NO
.cache_deps_fe.md5,a32927935c6f97f76b87e4e1b2cca28546c0a832eaddd2b709f6131b088b8a62,inventory_only,,,,False,,,NO
.coveragerc,efb67a0b75352e951c9b413e71dcb89a224ab01548441b7437747a9fe10428f1,inventory_only,,,,False,,,NO
.dockerignore,d4803fb9b1f6ef8ffcbe9f0b9956f8c862728b3e6e458e444bd6c53c55cb7c43,inventory_only,,,,False,,,NO
.emergent/emergent.yml,b32520bdcc1e2ba56cb52ee8e0ca27c5a7536beff3495c1f89e47fbcfb054fff,inventory_only,,,,False,,,NO
.emergent/markers/.bootstrap-complete,e3b0c44298fc1c149afbf4c8996fb92427ae41e4649b934ca495991b7852b855,inventory_only,,,,False,,,NO
.emergent/markers/.restore-complete,e3b0c44298fc1c149afbf4c8996fb92427ae41e4649b934ca495991b7852b855,inventory_only,,,,False,,,NO
.eval_model.out,15280b1e40f1697728c092961c0fc1b3eb96cd1292f37d5f1e8e14688d813147,inventory_only,,,,False,,,NO
.eval_model2.out,70538ca5d616b37fb1ddd4aed89f97d718dc8c9bb48c8354db281cc30ffe4289,inventory_only,,,,False,,,NO
.eval_model3.out,60f91175041bdfe20f7f00c111eddbc5639cd1eb2f2f545cfce61feddffcd9bf,inventory_only,,,,False,,,NO
.eval_model4.out,40e997744ed3524cb50aca1913c3a5098fcf508b136851c412451fa1f74bd490,inventory_only,,,,False,,,NO
.fe_build_now.out,a7aaa242fcd583733f843402e545871aec56e31fbf26f9a44f0e90d061db70eb,inventory_only,,,,False,,,NO
.fe_build_run.out,ce0eff231a41036261c27bc0a06fc7c556c84a55469c3851600cbda422f09b77,inventory_only,,,,False,,,NO
.fe_now.out,7cf7ec894e6e9b9b7800a37fea414de5970e8ddb66d494b0d8027d5ca6f3ab1d,inventory_only,,,,False,,,NO
.fe_now2.out,825308c8a1aeee676b4ecddf7051c24c031b528993de2569b5a37ca738621ce3,inventory_only,,,,False,,,NO
.fe_now3.out,bc7d872135fe22bf30498bab7bda3d9536da9daacb3626cecdc1fa527a4d8f55,inventory_only,,,,False,,,NO
.fe_p18.out,11181486ead02ed933e0baa3119913f0e480965183f6e3dd68a484efa7fb37c4,inventory_only,,,,False,,,NO
.fe_p18b.out,b54351b49d2a404160b6004781c62043c4b3e8621d4358e0fb866bd50c659a94,inventory_only,,,,False,,,NO
.fe_p18c.out,078be6fee50cc395e84a5f738b42c05f55d64c34843025191fd77cfea913600e,inventory_only,,,,False,,,NO
.fe_rebuild_p14b.out,fd2d83fc98eef84d82d84cbeb8e07914760eca84ede53b3085683bc3068b8d3c,inventory_only,,,,False,,,NO
.fe_rebuild_p15.out,cf9d107e657485d1b2872a53bc74b71014dbe4b94ec6d2e5cbb3f15aec0d3159,inventory_only,,,,False,,,NO
.fe_w2.out,e3d91e8c6d739e96823d099398b1e24e93452c079416ec9d03bb4dca5449c380,inventory_only,,,,False,,,NO
.fe_w2b.out,4d439f96bf7dc1efea574eea6722c69e20db34e31f480b79e0e95927721480a4,inventory_only,,,,False,,,NO
.frontend_build.out,25afd4565f0cc2f5320b011b965dbc3f93e31a653f4a0acc7f78f74b51b7c3ed,inventory_only,,,,False,,,NO
.frontend_build_e.out,7595acd796109b530e025e60e88e9dc3d0e10d754f4cb62e62a86df91a14c04b,inventory_only,,,,False,,,NO
.frontend_build_f.out,b9b81c05dac8b60d2a4431eed4d168eb57d8de89702defa4779904cfd52d74cd,inventory_only,,,,False,,,NO
.gate_ci.out,0c357f347d3a1b60e1b5dedea42f3f252602e7f534b77845232b1aa197f81a39,inventory_only,,,,False,,,NO
.gate_ci2.out,6246c763c4a6f168828965d9f9956c399b9523551eb66e5dd506493a6f3bcc33,inventory_only,,,,False,,,NO
.gate_ci3.out,39724a31e48fbcca2e630e3861b3fcb96e1f7226834ce8e637a1d15ef50577d3,inventory_only,,,,False,,,NO
.gate_ci4.out,fcd12830bad4880c72ff344cd7d925321741fc5cd788f504edebb32d8a4aebac,inventory_only,,,,False,,,NO
.gate_def.out,06b3aac0d68759f3b45d10b9bcf8de36c1772bd0561a4b5d1af612b81a1a9b36,inventory_only,,,,False,,,NO
.gate_def2.out,a7d080ac27bd5a70e82ada194ccbcba25497a201b42d7ab10bd7c4da431c12eb,inventory_only,,,,False,,,NO
.gate_full.out,7adacaeae4b2462d51570ca9c3e8d5be8da8339b079b6d2fcedf0c9642a5380e,inventory_only,,,,False,,,NO
.gate_full2.out,c082648c251b83d65fd8529a08a960ee37640f618609318d12ba8aa4c45d3b29,inventory_only,,,,False,,,NO
.gate_quick_tanya.out,d68a956ae5471d9e28d5462bb97bd0e2867d121ea0a5430431c4a81356c9dfb3,inventory_only,,,,False,,,NO
.gitconfig,d012df5d4534c1f3329d44dc31a63d1207b4bdaccb64cfcf9e52cbbb9e734e30,inventory_only,,,,False,,,NO
.github/workflows/secret-scan.yml,81f54a885c08dc40cc03afad236a8093764d60ce09c812e0cae51167bffa62b8,inventory_only,,,,False,,,NO
.gitignore,62c50528f9c12c5b9585cf6c11528a4dfc909f1359572187c7543256dab4195f,inventory_only,,,,False,,,NO
.imp.out,b338bfb35d850c50e0cc15ed8357c8e960846e2e335eee4a46b1ba759d6c3c9c,inventory_only,,,,False,,,NO
.measure_guards.out,5661923de1d4457a75aea7e78a503e3ab97321ae78f2363a177a869884a0a4c8,inventory_only,,,,False,,,NO
.poc_e9.out,24e7f5178bda678002d85cb04b578706aeb3868f6f25e98427f589e68ff0f5f9,inventory_only,,,,False,,,NO
.rebuild_session.out,46f7b6c28b1f4877cf14abf7c2563df693ee9805304781a92be95212b1db7e31,inventory_only,,,,False,,,NO
.residu_all.out,f6bad0f3533f4373b470400c6d69d22f240e1febd388d78c833066357e4889ce,inventory_only,,,,False,,,NO
.restore.out,16118293b5da1b95c75537f0a3da1e267b5b22fe8870279523eeb941e8b59aa3,inventory_only,,,,False,,,NO
.restore2.out,014e87ca455550aa92cc40ea2364440d1d0dc2cc17746f4791a5b74bea7b1c72,inventory_only,,,,False,,,NO
.restore_env.sh,281d48e6c622609455be15affe74e94710a0d83a0886f52fffdcd98f705c6e9a,inventory_only,,,,False,,,NO
.restore_now.out,87b2e816b200b963e19432def2598598fc7af6cb162a33fe5221661b1ff8a66a,inventory_only,,,,False,,,NO
.restore_now2.out,9b6907f50498ef4e8c026acae010a984d81927964f5e612cd17d294273e4a638,inventory_only,,,,False,,,NO
.restore_now3.out,3a9cefc093f9394f689f775bdda265b9866c9ae5efcc3cfa59b2396fe8af78ae,inventory_only,,,,False,,,NO
.restore_now_e1.out,2212c098e2345e0b12be78ac210ec2ce08b58ce1ca223376c794f77af1b583ef,inventory_only,,,,False,,,NO
.restore_p18.out,8e3bfa3e963e52a9b72f21039912a7ff3492ee02dfd55fb91257a0381cbb8e73,inventory_only,,,,False,,,NO
.restore_run.out,cd12483c6ed0575f3f582b1a471197dc4a4765e435f7b4d6b9a63a218b7e57a0,inventory_only,,,,False,,,NO
.restore_run2.out,26b4f63f57610d076ba9ba78f36b58159b986601b1f75d8e5efb2a598e84abb7,inventory_only,,,,False,,,NO
.restore_run_now.out,8efff323175f6a950c41ca2d66740b894df59fb435f7f5195ff084089e4831d9,inventory_only,,,,False,,,NO
.restore_session.out,3354cab38537430f9dab9d17b3c9d84a9e63607e15c75b98351da23cb42f29a8,inventory_only,,,,False,,,NO
.restore_session2.out,ca154ac9ac662e1c92790a2c0f876417cdf6379c8d3acd27ceda06c9198b8951,inventory_only,,,,False,,,NO
.restore_tail.out,2e7d5047b3884d12f86735b9b9007eb23300b647c9c9536146b6325ebafaf2d3,inventory_only,,,,False,,,NO
.restore_tail.sh,ae378659e97e3b513ab8fa0909c2bc1b7ddcfdaf7cec48273538245157529e09,inventory_only,,,,False,,,NO
.restore_w2.out,7aa5d84df00c25faa56cfed02266cea99ec305238e973931d0364bae378f4e74,inventory_only,,,,False,,,NO
.seed.out,4e066e8152c7eca08f1d99c03963510f24cfefbfbf2aba76331e7961ddfafa1a,inventory_only,,,,False,,,NO
.seed2.out,8ae16be8a73f309869ee64531b30375b9b89d47692b3f0debdf96d5f6f4da5c1,inventory_only,,,,False,,,NO
.seed3.out,37a474ebac548e026d103e946af8b929d215d9cee3ee6f7cc871d338a1b19142,inventory_only,,,,False,,,NO
.seed_now.out,665c8c38e528732d6681abcd227518a34c4e68920c10bc42ebd88cf338af5452,inventory_only,,,,False,,,NO
.seed_now2.out,16a7822bbe7d99e4bc45bd3b1e1b0f620105776c7c91c5cc349f4a1b02b7022d,inventory_only,,,,False,,,NO
.seed_now3.out,4c6c5389adaee040e0f471b8cf965d45683c5c66637578c0390acc2178b84eaa,inventory_only,,,,False,,,NO
.seed_p18.out,70bb5e121d67f4d5492447bd86df1910c3e46f1d6cbe461ec2a0a0bc827e0549,inventory_only,,,,False,,,NO
.seed_p18b.out,6426482834edbed89e1b02f83903a349a3b656e26c2804907a6fa25ce4b847fc,inventory_only,,,,False,,,NO
.seed_session.out,daeae34d1827dba5d809632d4a59865494fb868a598fc7ce66c20bbf522cdb0e,inventory_only,,,,False,,,NO
.seed_session2.out,2c1cea12370818cddd7f3f0c9ba7f5b9f2221496825622dbed8a3d6f32f78b23,inventory_only,,,,False,,,NO
.seed_w2.out,14a92ca9d191bb68bc9e16d86bb73bec6c44117c3d794caff1a6bd264693a0ed,inventory_only,,,,False,,,NO
.stok.out,47cdd89a7a223bebe307d7c5de07adabd5ad386cad9c25e010ecd6e60222d476,inventory_only,,,,False,,,NO
.stok_awal.out,47cdd89a7a223bebe307d7c5de07adabd5ad386cad9c25e010ecd6e60222d476,inventory_only,,,,False,,,NO
.t.csv,06dc2e9e419e7bde399128a56e3160aa92bc5269752396842524fb86a2f9772c,inventory_only,,,,False,,,NO
.tmp/bbt7obfz_Prompt_Implementasi_GRN_OCR_SJ.md,67af515f0c0818dc214da693f7938ab0806981a876c7aa4e7360d022c5364054,inventory_only,,,,False,,,NO
.tmp/cps_new.py,7b16b64a142f7d7da794cc278c3afb93841ece90b0eaeeeaccf5f2a10d6e50f6,python_ast_syntax_structure,568,,,False,,,NO
.tmp/e1e2.out,f415263ba74b099a1fac1627cd433f1118c7ae169f47561d87338a45b58995d5,inventory_only,,,,False,,,NO
.tmp/lsw677ow_schema_sj_v2.json,271b7dac0164014be5e736a1f0dadf26516bf3e6c88227898d4c97244246d22e,inventory_only,151,,,False,,,NO
.tmp/of.json,d12f5c6ded8b52db40bb45d0333e9534afa90700b764f916d6d83783d7e154b2,inventory_only,1,,,False,,,NO
.tmp/pk.json,cb4a7e4e251cb0af100b8748e2f0db5c4cc887728509fbf9d9a72a29b47c8f16,inventory_only,1,,,False,,,NO
.tmp/restore2.out,0254d601cec9af0e494cb7ba3b46bc978f76d7d80f5f8163a0cd596b1e96a4e5,inventory_only,,,,False,,,NO
.tmp/tiv9jluy_prompt_sj_v2.txt,4feac3645e62b264f0b2c80cc01351ea7c2ac29cbdb8ba59d20d31fd91b3571e,inventory_only,,,,False,,,NO
.tmp/veh.json,807ebc84a6d691d33bdb91b8d360fa6bda2627e1ee93f2a0c5910446983f5b40,inventory_only,1,,,False,,,NO
.watch_audit.out,6192bd6dd59df141ea3bd093298e3911f2ac51d93215c12d63509615907d9284,inventory_only,,,,False,,,NO
.watch_audit.py,5544a568932ea1842ad7c907b90d4574873303079ae84d06ab8518c392947c02,python_ast_syntax_structure,11,,,False,,,NO
.watch_audit2.out,c08fc2ce56b3d18b8bf39a73f6d8899f31f22219e60618a5674a4ff8e133a215,inventory_only,,,,False,,,NO
ANALISIS_DOMAIN_SALES.md,6b92e11b25f51d3ff286fbdd43fcea17da3af2946d546de6a79530947e3f3045,inventory_only,,,,False,,,NO
ANALISIS_FLOW_DIVISI.md,81547ea31a818149b23c86c4016b9392f3c9753c718fa1805615365aacebab10,inventory_only,,,,False,,,NO
ANALISIS_FLOW_RETUR_BERANTAI.md,fa75ecff597659f0f12dc643a7169f552a00d6b0a21425a5beb8d40945295e8c,inventory_only,,,,False,,,NO
AUDIT_ANTAR_ENTITAS.md,ad64d338e4578e8e2040db3aec1f3537f07a0e6d016d5b36cd864e28d22560a9,inventory_only,,,,False,,,NO
AUDIT_ENTITAS_2026-08-10.md,fcdfc77861b0e9da67c884bd5badff08fb0111a8f3d478aee7881f9f2cc20fc8,inventory_only,,,,False,,,NO
AUDIT_ISOLASI_ENTITAS.md,51b52841bc4a14b9519a5e2bfa36c62c0ae80d6128350120c945bab202a13300,inventory_only,,,,False,,,NO
AUDIT_REPORT_2026-06-19.md,e49c65905ab0d7e9d3a630c2dd1f816cbec631b204547f36963332291ab6f8e4,inventory_only,,,,False,,,NO
BUG_BACKLOG.md,4ae69bf75d21cf9bcefbcf01ef3a8194a5a16736c3e568ebde91a66926b4766b,inventory_only,,,,False,,,NO
CODEBASE_MAP.md,f80159e8b19445e437688fc9a30bc988c47b0331695dc62e57b58c87166edc9a,inventory_only,,,,False,,,NO
COMPARISON_TRAVEL_VS_KAINNUSANTARA.md,0b810fcc4e0b760ffe5916506ad30ba8c655b89bc711d0cca2335561e1b4e34d,inventory_only,,,,False,,,NO
ENTITY_REGISTRY.md,839d8b4abc1508112d297bd1d8e80d514031085416a7bcea30ba9e0559fc2ff6,inventory_only,,,,False,,,NO
HANDOFF_AUDIT_SESI_2026-08-24.md,774337b3fb581d0de65010f13c87c5f68ed63e3529d3f3c0e460174f60935cda,inventory_only,,,,False,,,NO
HANDOFF_PERBAIKAN_SESI_2026-08-25.md,ab66beab4e3e1d11236c50776df9b448619403ced5da88974b796dfa07c0d414,inventory_only,,,,False,,,NO
HANDOFF_WAREHOUSE_FASE_B.md,6f8e1dff0658a064acb41aa99d7158bae8b0db9730ab7356032fde407159cc96,inventory_only,,,,False,,,NO
INCENTIVE_REDESIGN_ANALYSIS.md,8ad41b034535ae9e1cf3f5954333e33d2ef5c23f59f543193a159e26b4332fc2,inventory_only,,,,False,,,NO
INSTRUKSI_PERBAIKAN_2026-09.md,4a553d50111d9ff4f4efeee641240b39098c48013b0dcc4a9213d49e3d8612ad,inventory_only,,,,False,,,NO
MASTER_ROADMAP.md,714bdb0d656c2fb3f4e2b05ed9de154f0706dd96da14ecf865f862c18a7b5c18,inventory_only,,,,False,,,NO
PERF_UX_AUDIT.md,0f0ebaa47452d081fab4882fa4bb8935689ef4a6919f77d7956f6c1f67d30264,inventory_only,,,,False,,,NO
POS_ECOMMERCE_AND_IA_AUDIT.md,3e0ee8608df0538e766eff12de12b5de22ae03b4b013c2dfc2302e4e01b74856,inventory_only,,,,False,,,NO
PROPOSAL_MIDDLEWARE_RFID.md,ed1b5cd58d26d0ab0592a05f735a64cd20f7297d0fecea200be96a49d0f15d4e,inventory_only,,,,False,,,NO
PROPOSAL_SURAT_JALAN_DAN_RFID.md,0ba27c3ead45a1b2e71cf2e37febf1e0a4e07eaebe9594a18d2c2293a431cbed,inventory_only,,,,False,,,NO
README.md,f904fddbb12fed084e5ebffd3c7f43496cc7828303f530d3002212f91eaffd20,inventory_only,,,,False,,,NO
RENCANA_EKSEKUSI_MD_ERP.md,3949bb851b9b0f58ff14e7ba9dae3ed231cf0776f64ed6d3dd49009192413570,inventory_only,,,,False,,,NO
ROLE_UX_GAP_AUDIT.md,d090257592ed37125a8de33227be29f8dd65df703c122ef947bd5b58876f4c14,inventory_only,,,,False,,,NO
SESSION_HANDOFF.md,a24251ba6ce57635633fd37c391c0f938e8c66b0d788db38a74238aa485cf4a5,inventory_only,,,,False,,,NO
TEMUAN_AUDIT_TRAINING.md,770fdbc785c98af24576aaea8bf8d8ebaee0620a64d0b8a587b80a4a1afbdd51,inventory_only,,,,False,,,NO
audit/.gitattributes,a79691a93b46e49ce460c26ef22afcc03d6eca1e63bf2edbc20e96159510f6c9,inventory_only,,,,False,,,NO
audit/.gitignore,cd923c7e7641a2359c1c0dc554617cd467575a96e182a5e5c8d27f8781d05f9b,inventory_only,,,,False,,,NO
audit/README.md,0005bebd155d2b7797271fc7e908c7e26b0dd7d037eaecc85b007788cc718235,inventory_only,,,,False,,,NO
audit/WORKFLOW.md,8752ea6eac1628d3c0a54d7b48177343a99ae35d5cd8332fe015f5d8c7ab183f,inventory_only,,,,False,,,NO
audit/archive/2026-09/00_MULAI_DI_SINI.md,ad0cefb60d550d6d31671fa94248713b78bb41d1539e0f703573209ebb0c1157,inventory_only,,,,False,,,NO
audit/archive/2026-09/01_TEMUAN_AUDIT_KNHOST.md,5c75f132d0bcc3402479cfad03f4938281bf4f604257b1210dc72faee8d1abc3,inventory_only,,,,False,,,NO
audit/archive/2026-09/02_RFID_WMS_FINANCE_FIT_GAP.md,33b79a043e983777eefb66b58b6d4dae1b6d11701fe3745d7a53544b2eec4c3c,inventory_only,,,,False,,,NO
audit/archive/2026-09/03_PROMPT_PERBAIKAN_AGENT.md,e893e06403428fe88455b6edd7506e6e395959eafaab3848f1e8e6bf9607e49d,inventory_only,,,,False,,,NO
audit/archive/2026-09/04_CAKUPAN_DAN_VERIFIKASI.md,9209e7cc59d4ae7aba824811935ad1dec692b5c04f9ede34e9b7ff4c1672c251,inventory_only,,,,False,,,NO
audit/archive/2026-09/05_REGISTER_BERKAS_DAN_ENDPOINT.md,616aa27ea7758674dbaa0b572a2eb62a181b5729c9f6c3a4079da4bf16ff0a65,inventory_only,,,,False,,,NO
audit/archive/2026-09/06_BUKTI_REPRODUKSI_DAN_PEMERIKSAAN.md,8dc715c709d80c99521b1d2e82ab4ebca0962790e9706b51d3185c64109ef8be,inventory_only,,,,False,,,NO
audit/archive/2026-09/07_REVIEW_ASTRA_MULAI_DI_SINI.md,ec20d53ef790af243034c1959d6d7192132735d45b9755598c06e25729b43d45,inventory_only,,,,False,,,NO
audit/archive/2026-09/08_VALIDASI_65_TEMUAN.md,4cc2cc1f6da0b83fc271de37818220c9b4294d8c280ec7f005d4fa1539c41169,inventory_only,,,,False,,,NO
audit/archive/2026-09/09_AKAR_MASALAH_DAN_FLOW.md,4c21e1c93e47d02272324c19283e44ea823330242a83cbd105ca6d7115db1c5a,inventory_only,,,,False,,,NO
audit/archive/2026-09/10_BLUEPRINT_RFID_WMS_ENTERPRISE.md,afb222f592b464b6989d4cd0ddd8dafc0912c4ab4435a75aa525d06154fed1ff,inventory_only,,,,False,,,NO
audit/archive/2026-09/11_PROMPT_PERBAIKAN_TERVALIDASI.md,2d70d9ed8158e68a9251460db4b21fca015ec9be5da3e1b5fb1395013771136c,inventory_only,,,,False,,,NO
audit/archive/2026-09/12_BUKTI_VALIDASI_FLOW.md,44d5e6fed43cfd4076b14b66fec417f07f982361b1da7ca549920f3240b63789,inventory_only,,,,False,,,NO
audit/archive/2026-09/13_AUDIT_LANJUTAN_FLOW.md,ad13b02a75f05afddb7fa7b08b03bcd04ab7b7c0e59215946f2cca2ed004ed3c,inventory_only,,,,False,,,NO
audit/archive/2026-09/14_STATUS_CAKUPAN_DAN_SISA.md,8eec8bdd6ce2d447b1095a548e45afe44321ceb6f2a42f5f6a6bafe7a24f64da,inventory_only,,,,False,,,NO
audit/archive/2026-09/15_PROMPT_PERBAIKAN_LANJUTAN.md,b0a4e7e98f5b2b0369a3c634a0686088039b125e31befb87ccd54fa7a61b5c42,inventory_only,,,,False,,,NO
audit/archive/2026-09/16_BUKTI_UJI_LANJUTAN.md,b35a4d7cc8a3ef0e7100e03ca1337aa7dd91adde87f73928df28c46f5336d5bc,inventory_only,,,,False,,,NO
audit/archive/2026-09/17_REGISTER_FUNGSI_BACKEND.md,d5a899b3bc0407ddf6ca3dc301b418fea147855f7bfa100080e8461e4c9db6c0,inventory_only,,,,False,,,NO
audit/archive/2026-09/18_HASIL_PENGUJIAN_INTEGRASI.md,144a03b76cbd83379b24b42c75602cc2144e3a7a9f2510ebabdbec68d6e65b0d,inventory_only,,,,False,,,NO
audit/archive/2026-09/19_TEMUAN_INTEGRASI_LANJUTAN.md,014f8fa2cf6ebcced9865b06a08a20997e1d2d7d30f6c74931c8c5f66589707a,inventory_only,,,,False,,,NO
audit/archive/2026-09/20_PROMPT_PERBAIKAN_INTEGRASI.md,f558f6dc9f0444b42c87b90bf1c5c3b527250f504fdf64d5bce34be7db5945ba,inventory_only,,,,False,,,NO
audit/archive/2026-09/21_CAKUPAN_RUNTIME_DAN_ENDPOINT.md,5488cb7403123fbf86297f4daeb57fe089fb4745ab13edf78cdd116fadeabb69,inventory_only,,,,False,,,NO
audit/archive/2026-09/22_AUDIT_PERIODE_SCOPE_DAN_INSPEKSI.md,37147b9df71121f4651331a13b04122be20a91a01166039b3ac7e0682c1ae88c,inventory_only,,,,False,,,NO
audit/archive/2026-09/23_PROMPT_PERBAIKAN_PERIODE_SCOPE_INSPEKSI.md,7750a0e544925ebe58a65055efc59c1075e4fe62a09d4a5ff2df7a7265508bf3,inventory_only,,,,False,,,NO
audit/archive/2026-09/24_AUDIT_PRODUKSI_PENERIMAAN_RFID.md,4aa6702188f45a5d26af2c3ded21deb9ef2c94559dae9a52348254059aa5ac91,inventory_only,,,,False,,,NO
audit/archive/2026-09/25_PROMPT_PRODUKSI_PENERIMAAN_RFID.md,5e6904c16f5e8bb106967926fe92214a195628a0ee88282be5906101f28bd17f,inventory_only,,,,False,,,NO
audit/archive/2026-09/26_AUDIT_GRN_FINANCE_QC_DAN_PROMPT.md,b3bdc502a9fdd3b208b561901b1b95e4ec321bea0b787e6010608a20d236f037,inventory_only,,,,False,,,NO
audit/archive/2026-09/27_MATRIKS_CAKUPAN_FLOW.md,a778e242c9d554c5c2a810e8a3d0711d9e4040a03389cbb34083f5faccea5faf,inventory_only,,,,False,,,NO
audit/archive/2026-09/28_AUDIT_RETUR_BELI_DAN_PROMPT.md,76db603977443669133028c1fcb4eeabcf10c7d568c748c0aa87d063252c4c1e,inventory_only,,,,False,,,NO
audit/archive/2026-09/29_CHECKLIST_SKENARIO_COVERAGE.md,ff7686d6c19f7dc29b60ab93ee1a589943d08389a234aed55daa2c8ed1948780,inventory_only,,,,False,,,NO
audit/archive/2026-09/integration_repro/README.md,640f92b2d40c0521522c44d5f777f3c9eecb17f465cd93b7c9d3e8af860da0b8,inventory_only,,,,False,,,NO
audit/archive/2026-09/integration_repro/execution_coverage_round4.json,7b666059302defe6d799761cdaff9cc76304c5cf8dcb9658259012d64cea7e7a,inventory_only,15874,,,False,,,NO
audit/archive/2026-09/integration_repro/existing_unit_tests.xml,2a7be8851c884014021447599facc1dceb186132f4baeeb032ed21ab213e3f03,inventory_only,,,,False,,,NO
audit/archive/2026-09/integration_repro/integration_dependencies.json,5b1c79b56d4843cb3a25cfe658f2769560fb436573be8e964e70a4e25f020d61,inventory_only,260,,,False,,,NO
audit/archive/2026-09/integration_repro/integration_rfid_wms_finance.json,773608f62d0c8c38386d19b0a947210c94c0a323da5fa0850fed90c1ce759ed8,inventory_only,74,,,False,,,NO
audit/archive/2026-09/integration_repro/integration_rfid_wms_finance.py,3295b9d40f7635106df41e7b2e1a356b8f679558bd5d1e441f5d94eb7bcf49e7,python_ast_syntax_structure,75,,,False,,,NO
audit/archive/2026-09/integration_repro/integration_round4.json,358102a7cfe1376b29e272c40cf7130c342eef8728f41f8a11135753b10da29b,inventory_only,114,,,False,,,NO
audit/archive/2026-09/integration_repro/integration_round4.py,4555fff3d5ee38644576df9ccad75122aa424b6d13333cacd41dc45c8ee4e1be,python_ast_syntax_structure,105,,,False,,,NO
audit/archive/2026-09/integration_repro/integration_round5.json,a438fec8f722406788c488f8e47114238094a9c76a3b74d9e8bd78c1e18cde41,inventory_only,87,,,False,,,NO
audit/archive/2026-09/integration_repro/integration_round5.py,8eafeae8cc47f3ed86bd900e1c88f2713aa3a9097d437eeece6e28b31a84ceec,python_ast_syntax_structure,65,,,False,,,NO
audit/archive/2026-09/integration_repro/integration_round6.json,9d0ffb9394825f4d8f4d76dd17e805c3f9d0d119cf198b3bbbe07ba611ae7e8d,inventory_only,124,,,False,,,NO
audit/archive/2026-09/integration_repro/integration_round6.py,a7d09338259c40318ffbebd1a8f8e25e3eb3e3ec9437ae505ed0fdc77f93bd7a,python_ast_syntax_structure,96,,,False,,,NO
audit/archive/2026-09/integration_repro/integration_round7.json,44a5bb5551cea089cd2286d4aa56f304dc341a35fcbabdea05f7f8e5f3998bd2,inventory_only,150,,,False,,,NO
audit/archive/2026-09/integration_repro/integration_round7.py,f3a540bf4c4ee3dc3918217e9bad328f944fee2813d8af9b052ff99ba6c0b060,python_ast_syntax_structure,97,,,False,,,NO
audit/archive/2026-09/integration_repro/integration_round8.json,c21a50d1e36094765c3dbd039b55bdbe3eed3c975920a47321c1f1bc608f7669,inventory_only,134,,,False,,,NO
audit/archive/2026-09/integration_repro/integration_round8.py,ef8d47d73be04866ab2a6702991b7558ee61edf72a37375807ebe0bfcd857c5a,python_ast_syntax_structure,71,,,False,,,NO
audit/archive/2026-09/integration_repro/pytest-audit.ini,aaabed120d2fb059160bb38bf8843dc0bbb6abca5f013dffb5228bfffb9a3404,inventory_only,,,,False,,,NO
audit/archive/2026-09/integration_repro/route_no_permissions_round4.json,bb77595f577bcaab22ad7d2103527ecdddd2f3d1a9504971cc69edd3d8b54ef6,inventory_only,8205,,,False,,,NO
audit/archive/2026-09/integration_repro/route_sweep_round4.json,ceb9ffb8e2738f980715958073fc3ba845bc95cf40d1744688c03ba62fcb2629,inventory_only,8122,,,False,,,NO
audit/archive/2026-09/integration_repro/route_sweep_round4.py,f25e0aed6bb007a787968d732767c767aa16fe41190e28b903dea46ea5c6d366,python_ast_syntax_structure,66,,,False,,,NO
audit/archive/2026-09/integration_repro/run_existing_unit_tests.py,2aa95c035698bd1062676612757385509848ca96e61b2ea7591628330f424958,python_ast_syntax_structure,7,,,False,,,NO
audit/archive/2026-09/integration_repro/service_imports_round4.json,90e1cd7396ba0e318aa26544e322e98e879413d2d8128b5af6ab4da79ee7663e,inventory_only,1232,,,False,,,NO
audit/archive/2026-09/integration_repro/test_inventory_round4.json,611b107f4056ccf22130b67f3d9e8ade5e49b328e5023a95b5acb435b6c4bc09,inventory_only,3955,,,False,,,NO
audit/archive/2026-09/manifest.json,6ff14bcaaff931f57822b36f0a8eaf99f363a9b8a4f50733f67bdd5a726a8146,inventory_only,443,,,False,,,NO
audit/archive/2026-09/review_repro/README.md,9c872c0f720be9661d900f42b26841b6ce08007f9c534cf770003eccd75013ee,inventory_only,,,,False,,,NO
audit/archive/2026-09/review_repro/review2_flow_proofs.json,0c7414e0eb4500b9feb30e05d6efd860c6c52a76021eaebf3daf98484cd7a474,inventory_only,240,,,False,,,NO
audit/archive/2026-09/review_repro/review2_flow_proofs.py,78db097d73621db4e4719cac38e2cbec7d491f9e728839c263745f93f284ecaa,python_ast_syntax_structure,394,,,False,,,NO
audit/archive/2026-09/review_repro/review3_proofs.json,59c22b393aa947cf003b620f29b4337147f2083d777056d5be9cca277fd26a1b,inventory_only,151,,,False,,,NO
audit/archive/2026-09/review_repro/review3_proofs.py,76d25b64d531e3883722c64a144f0ccc355d53283af136e04d1a4065936846d3,python_ast_syntax_structure,187,,,False,,,NO
audit/coverage.json,c005ac5ebce6fa3ffbc698ed95c8219aa0cd5cd6b5f85db44c5f71007453438a,inventory_only,1539,,,False,,,NO
audit/domains/finance-posting.md,08fef6d4a02890fab5b0061dc1d5117b95b52a66fa85184913bf9797d7776175,inventory_only,,,,False,,,NO
audit/domains/finance-reporting.md,ae2c3e6378b986cc19b47fd57978e0fa1f660a9d48aedd6ebd731af01cdeeb25,inventory_only,,,,False,,,NO
audit/domains/finance-valuation.md,44d2b9c1720aa017f2a3cb4fdedf4c18c1a25fdc13a10a30721e271d77ba8656,inventory_only,,,,False,,,NO
audit/domains/hr-commercial.md,352473b85528b148c1d9d8b5b9d37227d9b9c6032d7aae9f079eab1bceda8837,inventory_only,,,,False,,,NO
audit/domains/inventory-core.md,286b96ada1de3ae7b7a0bdb56c487eebabc62dcdd5186ef022a82137ee27e653,inventory_only,,,,False,,,NO
audit/domains/inventory-count.md,33b665c8572bd4fa34e20222a5f8dbaa286c435f1d5aa80243d4a4d5be21d0c0,inventory_only,,,,False,,,NO
audit/domains/platform-audit.md,020b9f165e495c2910d8399b9661133c8fb07538256a7c2df0949e547bc40c61,inventory_only,,,,False,,,NO
audit/domains/production-returns.md,a86bce8b987e7a099cec328481ea8a74a4ea1330e7ae4d79159c58504e9863dc,inventory_only,,,,False,,,NO
audit/domains/rfid-gate.md,e25c690ad1fc4350ad675482a139249c35411d9059047cb0d5e95b41fe104329,inventory_only,,,,False,,,NO
audit/domains/rfid-label.md,8bef8ff895b1c3cd40a892acf63d56ed27532edae8f911f5a4f6afa25f8a4cad,inventory_only,,,,False,,,NO
audit/domains/sales-outbound.md,111109c3103d50b3f523c9e2da984d12062aa1668ac133b0430b207e827a77e2,inventory_only,,,,False,,,NO
audit/domains/security-scope.md,e97aa44135355dd7bf9a2671756689d955a61fb30e2c64d770284ceefc798484,inventory_only,,,,False,,,NO
audit/domains/wms-inbound-qc.md,b780cbe1a4cbe824b3da4f1bf89bb2903e91ce1afe46c87423878c0bc7c2928b,inventory_only,,,,False,,,NO
audit/findings/AX-01.md,5677854feba4c688b4cd90f3056ec440cf8c3e5fde2a8025fc0dd65c4c6dcb21,inventory_only,,,,False,,,NO
audit/findings/AX-02.md,d9a080b96b1a76c96993295bc1ae01afa123154ff7437406577c857aae2fcb11,inventory_only,,,,False,,,NO
audit/findings/AX-03.md,33cbd9564dfaceeace94f7536c671ece90d21289dca2431f6aa43c032ca67e0d,inventory_only,,,,False,,,NO
audit/findings/AX-04.md,df24e5362e87f5e149e958624daa4f887a33d91cdc1ea666914c32f7c8d8bb88,inventory_only,,,,False,,,NO
audit/findings/AX-05.md,9c29a9fd7d44ef573fdb944e55a084edec258ec760acd7efe30c5ee62202f33f,inventory_only,,,,False,,,NO
audit/findings/AX-06.md,6fefc358388e74dcd6d5fa46a998b65df79052d9dc2811bd5ed0476425128d1b,inventory_only,,,,False,,,NO
audit/findings/AX-07.md,e64fa7cd41202d3df8299ed0677d4d9a2f9f4be4b9f4c19b7005982b5756d0d2,inventory_only,,,,False,,,NO
audit/findings/AX-08.md,f794a76754570295d91265fdc4feca79da51cdf01c535d16d0a4b11eaf29c342,inventory_only,,,,False,,,NO
audit/findings/CX-01.md,bd5e6108db7d12d52cc242780de0d496b1fd67ad8412dc49c62f7dbd8971960a,inventory_only,,,,False,,,NO
audit/findings/CX-02.md,1b6be4f5dc1ea0c1a9d44c8db2def929ba937d64983ef2fa5b11b15e3ab07038,inventory_only,,,,False,,,NO
audit/findings/CX-03.md,a981800979e2eeee193e7bc6a016a4a58a72278aa9136297c4d375b5334f5a09,inventory_only,,,,False,,,NO
audit/findings/CX-04.md,3fee4efab9ee06c6c616a007d57e4d1af3411bcba115f4134ef37a851a5081eb,inventory_only,,,,False,,,NO
audit/findings/CX-05.md,f847079c21599bd36961e3b0eed5cebb56785a1898e99ed881cc1a4ee4c7cd2a,inventory_only,,,,False,,,NO
audit/findings/CX-06.md,6971b0b3f9634895ec1c32a0fdb7e789129d9f983b830c8f10d7e7c8c850b887,inventory_only,,,,False,,,NO
audit/findings/CX-07.md,cc9d818ffbfcc8173ab495b1b638011245b8413d0df902ef4b61024514ecf04f,inventory_only,,,,False,,,NO
audit/findings/CX-08.md,ce9cca717c5a388fb976e2a7ea33dba4bfd2bab5ab1b7c2f6bccaa95bff6c38f,inventory_only,,,,False,,,NO
audit/findings/CX-09.md,c91801559a8d3afb9641aa1b1f1180f2e8cc9fb479ba2517f502b37ffe3a286e,inventory_only,,,,False,,,NO
audit/findings/CX-10.md,094663a72e6f46e538e5e579577bc5efafb0f3a41a2fb7312a53ce8c64af4549,inventory_only,,,,False,,,NO
audit/findings/CX-11.md,7ee18b777fdf9137089b4bbb4dabc25e98378f49e1a0b7fd10ecdb9b1083abd3,inventory_only,,,,False,,,NO
audit/findings/CX-12.md,b101332a2b62c5bc4e2596a2e13a280dc31292b0692bd19d68ee9bee5cdb06b6,inventory_only,,,,False,,,NO
audit/findings/CX-13.md,9aa4689959d2252b60745be941a25f6f6b8a12c06c5de103d4120fa554fecf64,inventory_only,,,,False,,,NO
audit/findings/FN-01.md,69a91b8017b9ee98c4d0fd8bbf23a6f9f721cafeb78c1e65f2bbe88560eb0d06,inventory_only,,,,False,,,NO
audit/findings/FN-02.md,da4cf77fac55142fd4acd155db0b58f68fc7fb0d6289923a7cb8aabc1cfd230c,inventory_only,,,,False,,,NO
audit/findings/FN-03.md,74a857e4b09266d50db501437a0281bf6763ca8bf85234fb08c856e2762e61a6,inventory_only,,,,False,,,NO
audit/findings/FN-04.md,2849dfd71a7a0186ce16407c692afdfbc324c2dff59dc6c35b2ab92efd8c7562,inventory_only,,,,False,,,NO
audit/findings/FN-05.md,37096c9f541053ce9de8ba819bd3cae75b87e10089cd7f4363884bbe59ca8428,inventory_only,,,,False,,,NO
audit/findings/FN-06.md,e5ceaa6b8c7ce7c8dbcc92655180c1163107a7b6a52fe43f9edb174627496244,inventory_only,,,,False,,,NO
audit/findings/FN-07.md,2e106f1276bf51a0f30a9a619856da09de0d5fea2f917df06d1ccdec809dfbee,inventory_only,,,,False,,,NO
audit/findings/FN-08.md,93e04fd29e42137d9ccbcbdf64e26199dd7c7e03d437806b5e0e79ab8661927a,inventory_only,,,,False,,,NO
audit/findings/FN-09.md,64ecdec0a60e59254f4e84b8ed18cd319bdebbdb8ca96ea7edc3483ab51926fc,inventory_only,,,,False,,,NO
audit/findings/FN-10.md,ba9d094b945cec15c273470e6d15ab26529b3f2b0280e1f624bacc85431d4fc5,inventory_only,,,,False,,,NO
audit/findings/FN-11.md,b929e0333faebb358593f38951b64c3c52d0b2c483f5be0b1abb68755e27af93,inventory_only,,,,False,,,NO
audit/findings/FN-12.md,bf80395841c03f58ff973cd13c1fcb032a7a2004a8b9ca71fff77e06e9343ab5,inventory_only,,,,False,,,NO
audit/findings/FN-13.md,b4573f4a3dd186fe6a40f2c37542c4be6955079d4bf98e2847b237c804f284cd,inventory_only,,,,False,,,NO
audit/findings/FN-14.md,d05c8f30442f1e62eb9b8f0c4b06ef65aa71bfbf2d83e5853e65fe98468d8770,inventory_only,,,,False,,,NO
audit/findings/FN-15.md,8f6c6565643ae0ff50ce3c8b2d34b72b3ac5729cc8632a90a0ad58055efde8b2,inventory_only,,,,False,,,NO
audit/findings/FN-16.md,d9434c886b7ca76f3b3b3d8d162a081d324e8c478b259d4579a8667de9f0fcdd,inventory_only,,,,False,,,NO
audit/findings/GN-01.md,d8acd46c82936d6e2c16451644c3e1ca75c377e561ffd30451a5eefb2a452af7,inventory_only,,,,False,,,NO
audit/findings/GN-02.md,94b0de16a592f4cf2c5b3d0cbf22f32fb13af030c67126dbf695e429dee28907,inventory_only,,,,False,,,NO
audit/findings/GN-03.md,315a16959f33eb986baff78b1adbb0fd10db0baf21f5079bff07819e134415f0,inventory_only,,,,False,,,NO
audit/findings/GN-04.md,9c5c988d555df3eb503dff8de0c81af6ccfef61ab76bfe49a1ee7a659f247459,inventory_only,,,,False,,,NO
audit/findings/GN-05.md,db21210bd4a9274d54ca08ebb031d8d729eee26604be2aa02e94eca957b41416,inventory_only,,,,False,,,NO
audit/findings/GN-06.md,aacbb2e7cd9a32306d608a4153d13f7ec2269ca38ba8db0bd82fe12cb7ba1f63,inventory_only,,,,False,,,NO
audit/findings/GN-07.md,26eba1be8ebbf892fd403784276cff086971f32f7b6c466084485e484e2decf0,inventory_only,,,,False,,,NO
audit/findings/GN-08.md,b5f40efbeb3a496796f27701e165f67c960dca267a9920abadfc1d1c2b6de115,inventory_only,,,,False,,,NO
audit/findings/GN-09.md,64bf216cadde3329e63ff426aebe492f5b96ac92055ab9ad8b50f98227b122e8,inventory_only,,,,False,,,NO
audit/findings/GN-10.md,2f8a791f3af8cc810da22c3a731f2c02ed0730a6f7a7b04c0dcc609b584dafb8,inventory_only,,,,False,,,NO
audit/findings/GN-11.md,338210cd85e26a76a1d8eb5eb1e004d7bc78117fc0e5c178eb0594dd691c2d7c,inventory_only,,,,False,,,NO
audit/findings/GN-12.md,eab6b1b80a6f9564f896d41ea222b9c12bdd55c5e9451b41bedadbc2787aaf91,inventory_only,,,,False,,,NO
audit/findings/GN-13.md,b19d5ed0a7d99f38daa083a32c8da679a7b6063e02d0b5a9245728bb6de31571,inventory_only,,,,False,,,NO
audit/findings/GN-14.md,9de072c21ae2479cb78ebf8f5d75cbd549302fe1312297dfc74b05ee76e214e6,inventory_only,,,,False,,,NO
audit/findings/GN-15.md,90d5a22ce4092c637a07c7e715fe0004c24c444f311611c68038c1c93cb9141e,inventory_only,,,,False,,,NO
audit/findings/GN-16.md,8fb010e79c1153e3ce9b0037d45014a978136edf89e056d1c430ebe94d3ed220,inventory_only,,,,False,,,NO
audit/findings/HR-01.md,6ee5268479eb84b908b45dfbc4a8f29efcba7a5383e24bc265c050375c6dab25,inventory_only,,,,False,,,NO
audit/findings/HR-02.md,97388aaf3cf308bda58abb51498c1e3dfa3f7033c131244b0ebc213846409540,inventory_only,,,,False,,,NO
audit/findings/HR-03.md,b70d2d552086ecc1466f3b23f7169bbb8d5745b1f1ddece64121d4911447e260,inventory_only,,,,False,,,NO
audit/findings/IX-01.md,40ad9d9a98c51770ac489f12aaeebfab5821388db09e0776350f29aade63bfa4,inventory_only,,,,False,,,NO
audit/findings/IX-02.md,c7aea039f5443172bc515af4f183ffab65d8c490b74979837429af989f1cbd9a,inventory_only,,,,False,,,NO
audit/findings/IX-03.md,7f67b19601af6e1f08c90fbc0f9dae1b2a5fc20e70be10bd18da22ae19879d27,inventory_only,,,,False,,,NO
audit/findings/IX-04.md,8aa4e55d91285c6d9851e9815a265ee0ba1b8d87917fc5344d2e9e91078f6977,inventory_only,,,,False,,,NO
audit/findings/IX-05.md,1551b33e40a8c7855298c104ae8acf435b544714d10155f1fc1bd43c6c024932,inventory_only,,,,False,,,NO
audit/findings/IX-06.md,2bd313a179d82337ce2191869ce81b74cf2aeb924b0abd4eca8590c8a6730345,inventory_only,,,,False,,,NO
audit/findings/IX-07.md,5747750799a2b8fceb848ae2e6d677b95ea1c659ec4eca4a2c4a87d4eb715bd3,inventory_only,,,,False,,,NO
audit/findings/IX-08.md,e86735773978523b98f93df590203d88d135fb3bb22313f06000f17fa1007c3c,inventory_only,,,,False,,,NO
audit/findings/IX-09.md,7f49fb2757fcc862ebc81ef506e26bec29b5081e7c6c77d48f6bed38429288f8,inventory_only,,,,False,,,NO
audit/findings/IX-10.md,68b021e261f607074f470a5c4127be03f72784645a9e62d820b999354253fa8d,inventory_only,,,,False,,,NO
audit/findings/IX-11.md,cdf97e9562246b9e6252cbf33fa6093da82682612a4eb1ddf488b7ffa51c45af,inventory_only,,,,False,,,NO
audit/findings/IX-12.md,31278f8559b570860c09cdf3d974e3c67c0af2bc1cf54e8e1bb622266e623abb,inventory_only,,,,False,,,NO
audit/findings/IX-13.md,253d2f83026a43fca7e5ad9113154a2c82a857dbe90367160081bbf6dd8916c4,inventory_only,,,,False,,,NO
audit/findings/IX-14.md,3f7cc051d69200f2b2fdd28809e2f125439a09f5892ef9d76fc00bcaff81d8ec,inventory_only,,,,False,,,NO
audit/findings/IX-15.md,cecfe305a6a2d60144c9c01e52f34f0404a7ef70f2f49de2badc1d25f818e48c,inventory_only,,,,False,,,NO
audit/findings/IX-16.md,2b1234cca15c2e26fec68c74b0a4ee2db2c9b24142123919729ec7f2b2a27b7f,inventory_only,,,,False,,,NO
audit/findings/IX-17.md,2e6a62287e4d86b71e41161dd71a3af0e548bb6c6b540b4d5a9e78341f10820a,inventory_only,,,,False,,,NO
audit/findings/MK-01.md,c33623e83e82e8526284c23df14eceef0e0df5de3050ba47bb768b496915a3f7,inventory_only,,,,False,,,NO
audit/findings/RF-01.md,dcfad293e007c9a9c9db3e1646e4018f5538ff701c2b34bd5ec1ec5f99ac9bab,inventory_only,,,,False,,,NO
audit/findings/RF-02.md,b685b55194316e73f530092ac1d4d73d15bf57577b9e4227a7de7a1b753ec103,inventory_only,,,,False,,,NO
audit/findings/RF-03.md,440e0bbc5938d95443a24c5dd0f96b6f576be4b0c8021e7bf01a174bac7bbbce,inventory_only,,,,False,,,NO
audit/findings/RF-04.md,eaebbef23e55fac4c015c6e8f9b01005831f2c7e94bc6a6109b3ef61e7f66cc2,inventory_only,,,,False,,,NO
audit/findings/RF-05.md,b0820658e1e95f15c5eb585047d08364653495f0541976b0d5b2758cf51a9ef5,inventory_only,,,,False,,,NO
audit/findings/RF-06.md,62f029240085c3d0db9e7b3f1ef077a9748636ae0ce5cb88943188db7754e7be,inventory_only,,,,False,,,NO
audit/findings/RF-07.md,676736b1c36994606f88a3523b6f476afb73492d939773bd60389e7bf2f3b238,inventory_only,,,,False,,,NO
audit/findings/RF-08.md,610135f2496678f2ec366e8115c55af62a5bc3fa71aef15d1ef423fd198051df,inventory_only,,,,False,,,NO
audit/findings/RF-09.md,ec86d017c961f51edaba3f423f5c85f43fd8df4e834b81a0d6df087029dcb94f,inventory_only,,,,False,,,NO
audit/findings/RF-10.md,d87d5966631cc4968d4ba2a95c8e95713115b75265b1e24804f3d8da4afdd7f2,inventory_only,,,,False,,,NO
audit/findings/RF-11.md,5c84b3cd239e0f6b6594f7bab48f494de1848ce839ae317c8d1cf9bb3c8156bc,inventory_only,,,,False,,,NO
audit/findings/RF-12.md,27c7b4015cbce6479ed87ca64a39cedbee3c2ae1562f6059e5f6c6ebd5e4d454,inventory_only,,,,False,,,NO
audit/findings/RF-13.md,750b666587725b3fe9b3d763ed4a19f7172343e44b08ac222bb30b65e3ba7d76,inventory_only,,,,False,,,NO
audit/findings/RF-14.md,e7c1251a3e4cc1a7dd91fe94b2fbd07986161047e08aea49f05ec058656e433b,inventory_only,,,,False,,,NO
audit/findings/RF-15.md,bd7d0731421645c18d56fa8a1057345ccc066f0b9b24e8e7e1c6bcd3b3faec4c,inventory_only,,,,False,,,NO
audit/findings/RF-16.md,4a70f439ae4b1dcc2200926803f66ff8ee031fce2a9c3f19c89b3e768731e2e4,inventory_only,,,,False,,,NO
audit/findings/RF-17.md,f3e2d0f614803aff611bb94d5f120af0cf2bce801bcca6b3fef724cbdab454f4,inventory_only,,,,False,,,NO
audit/findings/UX-01.md,626d5b57cdaedbff04ae10c35a824d2f8f731aae5c182283982d4931109dba14,inventory_only,,,,False,,,NO
audit/findings/UX-02.md,c1455b0432e4162f078012f5e7e84286d3963bc9139bbb67bb814ce9ff203656,inventory_only,,,,False,,,NO
audit/findings/UX-03.md,2152d3a06f05a96e776f7d5b0a17708e6ada29e5f34621085ae37f759eb21642,inventory_only,,,,False,,,NO
audit/findings/WM-01.md,a295fb02e8d4796ba398f57b3858e3e912937ad5d573ca593607e9ee672b754b,inventory_only,,,,False,,,NO
audit/findings/WM-02.md,a6f9766aa431cdca7547158303cebcd99dbd2b14c64d870ca207a98075013b15,inventory_only,,,,False,,,NO
audit/findings/WM-03.md,580db0f1b2b15807d4db27f39dbea9e40bfcd07691e64ac230d4a333817139f2,inventory_only,,,,False,,,NO
audit/findings/WM-04.md,3e6be57bdc991bf824288fd65f0c11009f6fb5a16838356ed3b9f3695ab8c5ee,inventory_only,,,,False,,,NO
audit/findings/WM-05.md,7f46b66fbc562eb363b711591ae00af9833fbf3366f6f1ad8611454a5cfce980,inventory_only,,,,False,,,NO
audit/findings/WM-06.md,291a546e2325739b239f2b86ae96f72f5b25a61fa7d361a063fec1f64f8d00e4,inventory_only,,,,False,,,NO
audit/findings/WM-07.md,458a4d84e9631124ee9041190f73b3437c16c61693552423d769db0c187c1530,inventory_only,,,,False,,,NO
audit/findings/WM-08.md,a69c4a6b8aac1fc41f4ac03f7c6a26e46140d0d89e5b9d8eaeb8148cfe9b424d,inventory_only,,,,False,,,NO
audit/findings/WM-09.md,bb68d1e831e3467b5525f5bf82b834059455f1d8366fe15e1afc1c9a5f27583c,inventory_only,,,,False,,,NO
audit/iterations/2026-09-30-P01-device-credentials/IMPLEMENTATION.md,bd59f0f23354f0ee0edf2d6ef9c96a15bf205cd8f2aa8ac41a351fb913a18407,inventory_only,,,,False,,,NO
audit/iterations/2026-09-30-P01-device-credentials/after_patch.txt,31d851ae969f23eb38c4efa190c3b47b9ac29dce2af29429400836a698974f8f,inventory_only,,,,False,,,NO
audit/iterations/2026-09-30-P01-device-credentials/head_before_patch.txt,34d863e8651c947227f610544ebb729544557ad6205fe92140b007dc12c38127,inventory_only,,,,False,,,NO
audit/iterations/2026-09-30-P01-device-credentials/legacy_test_iter266_at_head.txt,6db3744503bf03af811ec110c8c552f78346085465e69d3173bb51b9d9b06dc1,inventory_only,,,,False,,,NO
audit/iterations/2026-09-30-P01-device-credentials/repro_rf12_rf13.py,f630f75339037edf9dc617d8717557e464237ab0fd98cd576737c0a370a29890,python_ast_syntax_structure,69,,,False,,,NO
audit/iterations/2026-09-30-P01-scope-batch1/IMPLEMENTATION.md,74f8a568636e13b403ccd56dfbe723aa91da53fde80798f51748a0a5f52db3a4,inventory_only,,,,False,,,NO
audit/iterations/2026-09-30-P01-scope-batch1/after_patch.txt,92db3332db7279282b7b93bf907916f38d2b03493556147823ca4cb331b94ef1,inventory_only,,,,False,,,NO
audit/iterations/2026-09-30-P01-scope-batch1/head_before_patch.txt,3e8f2e8e23d0eaa5a8df4ad0b243166c04c0f51e6ce3d24d1a5c1d19ec8505e3,inventory_only,,,,False,,,NO
audit/iterations/2026-09-30-P01-scope-batch1/repro_p01_scope.py,f68a40698bddc1ffdfa5bcfc578b62abab06a7c15f017aaba09cce801676c79b,python_ast_syntax_structure,153,,,False,,,NO
audit/iterations/2026-09-30-P01-scope-batch2/IMPLEMENTATION.md,9559b8b84a755dfdf04cf62390beddfcedf02768099aa1132937a08554eed6f4,inventory_only,,,,False,,,NO
audit/iterations/2026-09-30-P01-scope-batch2/after_patch.txt,d59eea1eba531115112af6742f7bf9bb5b859ccd955de719e36a174bf8c0bd17,inventory_only,,,,False,,,NO
audit/iterations/2026-09-30-P01-scope-batch2/head_before_patch.txt,b6df228327205498308882832ede7c5a8a61eede3c1a57a0624cb0e1ebaf8777,inventory_only,,,,False,,,NO
audit/iterations/2026-09-30-P01-scope-batch2/p01_combined.diff,d56d4733467a24dff741fea7ec3a7150abf837c99614c3fe6fa440e2e40c2d55,inventory_only,,,,False,,,NO
audit/iterations/2026-09-30-P01-scope-batch2/repro_p01_batch2.py,4e9f1a65a78aa7421b0dc074f37745dcd121ff22087c740ada99b73118d0b19b,python_ast_syntax_structure,150,,,False,,,NO
audit/iterations/2026-10-01-P01-ix06-cx10/IMPLEMENTATION.md,17e27d29c1580f5800493ab44809653e4c169238c76835df0b94008a8e4cfda3,inventory_only,,,,False,,,NO
audit/iterations/2026-10-01-P01-ix06-cx10/after_patch_cx10.txt,b8c26a939011badbffe87b86c62c0e1aeb52d189512f9a624fc30dbb642f35e1,inventory_only,,,,False,,,NO
audit/iterations/2026-10-01-P01-ix06-cx10/after_patch_ix06.txt,c882cda99df938d5e15e607a6f6006e5a33fc8d86b80150e5ce7ccc2677b90cf,inventory_only,,,,False,,,NO
audit/iterations/2026-10-01-P01-ix06-cx10/head_before_patch_cx10.txt,74d846381f6d6ed9e406e6c1bd9770dbdbafc73bf0f9cf0400b6f30f1efccc2a,inventory_only,,,,False,,,NO
audit/iterations/2026-10-01-P01-ix06-cx10/head_before_patch_ix06.txt,cf6d359ff4b470102d7752ebfa501cb734857f66fa4c4315e72af2c5245bcbae,inventory_only,,,,False,,,NO
audit/iterations/2026-10-01-P01-ix06-cx10/repro_cx10.py,0bff5f89892eb1bed8bd05e824b2d53063f4c34e4ed674b24e28af5b20efca76,python_ast_syntax_structure,77,,,False,,,NO
audit/iterations/2026-10-01-P01-ix06-cx10/repro_ix06.py,8ca6434ccb4ce88ea8d0de19354cde31c0625462ab65e508d467ea5c3d4318c2,python_ast_syntax_structure,94,,,False,,,NO
audit/iterations/2026-10-01-P02-core-roll/IMPLEMENTATION.md,0bb0866be3da1dedcc109283107d746376f74ee96d0a4857bc5c7f11b018f3ab,inventory_only,,,,False,,,NO
audit/iterations/2026-10-01-P02-core-roll/after_patch.txt,17561ce5f93994c746959ae4ba1a59c4de29568bc6da53770e987bb1f67e595c,inventory_only,,,,False,,,NO
audit/iterations/2026-10-01-P02-core-roll/head_before_patch.txt,899d847e0451512a2d757aa192d47e39ece7bf2c4b4a581fb3f8551cecbbd7ed,inventory_only,,,,False,,,NO
audit/iterations/2026-10-01-P02-core-roll/head_ix13_static.txt,80f671ad13b2c391c6499c5ace59898ec4897c03dfe7e421b8f48787d047e1c4,inventory_only,,,,False,,,NO
audit/iterations/2026-10-01-P02-core-roll/legacy_suite_after.txt,1dc43e4c87101fd0233b23e4b3df03e0665257e922933cecf5954982feb19175,inventory_only,,,,False,,,NO
audit/iterations/2026-10-01-P02-core-roll/legacy_suite_head.txt,050da49e5de14c6c5f87463791c5ed77989654a50ab62903c3baded01478bb3e,inventory_only,,,,False,,,NO
audit/iterations/2026-10-01-P02-core-roll/legacy_suite_isolated_after.txt,dca4f4a07892589602e87ce5dd1caf941e99edeacb7696b43d19b4451119e54b,inventory_only,,,,False,,,NO
audit/iterations/2026-10-01-P02-core-roll/repro_p02.py,488452fceac6d8f32bcb4b2c696db9fb22f2166b943b77e5690167ad3b3341a6,python_ast_syntax_structure,126,,,False,,,NO
audit/iterations/2026-10-01-P02-core-roll/session2_combined.diff,3729e1e92f63cebebc851129ffd5eb14b569d6346f660db5089091e53b1b4915,inventory_only,,,,False,,,NO
audit/iterations/2026-10-01-P06-qc-sampling/IMPLEMENTATION.md,a7a95eb1446a3c8275dfb83269ce06c3d229339b6360844db41613612b6372cf,inventory_only,,,,False,,,NO
audit/iterations/2026-10-01-P06-qc-sampling/after_patch.txt,a1027f585f58d7ab69f643c8868b8c3fdabdd10d5d00130c7423e7e6a1da97f4,inventory_only,,,,False,,,NO
audit/iterations/2026-10-01-P06-qc-sampling/head_before_patch_ix15.txt,99b9ec462f6b29ae354f53948aaccc23dd21893f99451901b23bec5f3222ad11,inventory_only,,,,False,,,NO
audit/iterations/2026-10-01-P06-qc-sampling/repro_pg01_ix15.py,870458e4e9cb332e8bb2ef47eef688e643efb852c1ca1a09aaf16aa182528d17,python_ast_syntax_structure,99,,,False,,,NO
audit/iterations/2026-10-02-P02-wm02-reservation/IMPLEMENTATION.md,0a7165cbc417745c7538648875539d2e490bb65573fb14835fdc91c5a7493ad9,inventory_only,,,,False,,,NO
audit/iterations/2026-10-02-P02-wm02-reservation/after_patch.txt,71b0afe64d56ec0abf3be6535a2cc432929a0d08a5ea279d02f32f21a3c4d8ea,inventory_only,,,,False,,,NO
audit/iterations/2026-10-02-P02-wm02-reservation/head_before_patch.txt,bc0ea21867da3cbb723c79907832fb2b02418b36a82321c8f5ba12712fc0024d,inventory_only,,,,False,,,NO
audit/iterations/2026-10-02-P02-wm02-reservation/repro_wm02.py,a14c067f060d6c8e7eeb504d8d269d10f6633473bce6d905082897e6e42187e7,python_ast_syntax_structure,113,,,False,,,NO
audit/iterations/2026-10-02-P03-durable-posting/IMPLEMENTATION.md,269589b351ed44d40f0f98b9689bb03e6419ae19e58c5dd341ed325c4e222710,inventory_only,,,,False,,,NO
audit/iterations/2026-10-02-P03-durable-posting/after_patch.txt,8e6065b1482ae873a385a3e406341d9b6f022a705d1cd4294b0224f02fbd452b,inventory_only,,,,False,,,NO
audit/iterations/2026-10-02-P03-durable-posting/head_before_patch.txt,953324ef486c99664662b6046b8e338e6475f1660233d11e1fa9277d60589da4,inventory_only,,,,False,,,NO
audit/iterations/2026-10-02-P03-durable-posting/repro_p03.py,7167d2fcdc7b35e8f4cf7327717409dae9b8fdde415627edce6e7afe94f8ede1,python_ast_syntax_structure,320,,,False,,,NO
audit/iterations/2026-10-02-P06-receiving/IMPLEMENTATION.md,96e28006faaf5a0b62d7a63fdf68f5300765ce822921ff83ec1f7e338918d4d9,inventory_only,,,,False,,,NO
audit/iterations/2026-10-02-P06-receiving/after_patch.txt,18dfabcdace429c0bd789729a7bc89a477b3c4a80dad919db4bdecb54edc177b,inventory_only,,,,False,,,NO
audit/iterations/2026-10-02-P06-receiving/head_before_patch.txt,330f5e40423da6c239816dc859830cdd7ee2966c51881721ef1ff3dcfeb60b7c,inventory_only,,,,False,,,NO
audit/iterations/2026-10-02-P06-receiving/repro_p06.py,8d6ec40395e30dfecfa14066b69989edaa08e415b601898ba8c945b160c54d53,python_ast_syntax_structure,149,,,False,,,NO
audit/iterations/2026-10-02-P11-mutasi-konversi/IMPLEMENTATION.md,5765b0a4e8b3a2e2a9553fee36ddcee2f55bf48461a7a9fe7f438e8a34085141,inventory_only,,,,False,,,NO
audit/iterations/2026-10-02-P11-mutasi-konversi/after_patch.txt,9daba05d85df6e7a9dd49ccccb98cb3b29388141d7af2a3ad191397731208d9f,inventory_only,,,,False,,,NO
audit/iterations/2026-10-02-P11-mutasi-konversi/head_before_patch.txt,2a3e4e1d25b02d60a3c0d55d76587d8036777fa873fb6764032cc79f3cffaca8,inventory_only,,,,False,,,NO
audit/iterations/2026-10-02-P11-mutasi-konversi/repro_p11.py,c364349b9167dc827254c620797bcf1ea053091558c1a6ae8eeb4bf0974a06b9,python_ast_syntax_structure,327,,,False,,,NO
audit/iterations/2026-10-02-P12-payroll-hr-marketing/IMPLEMENTATION.md,50bf006531fe3e6106e15d64ea54e54f0693a481d97508fc57009c9cad1d0334,inventory_only,,,,False,,,NO
audit/iterations/2026-10-02-P12-payroll-hr-marketing/after_patch.txt,2567cf71b719c1f24feba6da8e94ba23e68bcced5203724a56d2e8a899575ddf,inventory_only,,,,False,,,NO
audit/iterations/2026-10-02-P12-payroll-hr-marketing/head_before_patch.txt,1e977f2253803794ea99d678c720a94d0aa81bb15658fbad1e5b9b270e9cb627,inventory_only,,,,False,,,NO
audit/iterations/2026-10-02-P12-payroll-hr-marketing/repro_p12.py,2832da3f56bd4bab04fdffa7713b919b42f6093727b34d2c77dcb269b32e434e,python_ast_syntax_structure,221,,,False,,,NO
audit/iterations/2026-10-02-P13-audit-secret-label/IMPLEMENTATION.md,e4c76b56b8f165eb741c88973100a9017cf9896179d7e3d40fac3fd6ce477a8d,inventory_only,,,,False,,,NO
audit/iterations/2026-10-02-P13-audit-secret-label/after_patch.txt,358601ebd2e841bc3c70a5716ceb17d8cc77fee7f79b82c716b737386ff4f9a3,inventory_only,,,,False,,,NO
audit/iterations/2026-10-02-P13-audit-secret-label/head_before_patch.txt,098a56bfd70fdb80346060b7dc54fa0776331b883612841715812a29f76b7438,inventory_only,,,,False,,,NO
audit/iterations/2026-10-02-P13-audit-secret-label/repro_p13.py,7dd67d0c07dee87493bab8065519a47e30a88d4769ca75fed3f74b71c65de9a9,python_ast_syntax_structure,96,,,False,,,NO
audit/iterations/2026-10-02-P13-audit-secret-label/secret_scan_after.txt,2397a6e12267c61431fcfd8bd08f482da7eb0d696542b34e0ceb3e6f5a36d807,inventory_only,,,,False,,,NO
audit/iterations/2026-10-02-P14-coverage-uat/IMPLEMENTATION.md,64f7a7b1b45c81a0e7f448f50e75a9d529b0e3491aca982781027d6d2bcb7d64,inventory_only,,,,False,,,NO
audit/iterations/2026-10-02-P14-coverage-uat/SIGNOFF.md,f26bc13c4eb8d54fa930576930da88add2e05580e6133f49a97a041d7cb081ff,inventory_only,,,,False,,,NO
audit/iterations/2026-10-02-P14-coverage-uat/UAT.md,2b925b5429e68652d54e21bdc9e4d49ea2b3c28b2ed29ba4cd1432d5edef7e25,inventory_only,,,,False,,,NO
audit/iterations/2026-10-02-P14-coverage-uat/regression_matrix.json,41fdfa520a78a344030a4827bc7165e8280dea7fe5834e36e92b30d1981e7ab9,inventory_only,161,,,False,,,NO
audit/iterations/2026-10-02-P14-coverage-uat/repro_p14_history.py,0770c1168b1a05f6516c1f839fc23560acedc676de90d943e5e8683ade5d38a5,python_ast_syntax_structure,208,,,False,,,NO
audit/iterations/2026-10-02-P14-coverage-uat/repro_p14b_cases.py,730bc67eb06f4fbac92df94df53b964e6aa6b209e155656f57fa333e77d4fb11,python_ast_syntax_structure,259,,,False,,,NO
audit/iterations/2026-10-02-P14-coverage-uat/run_console.txt,c3c428a08eae5f55b80d0dabbb6b226a22d5f86f42e67758ad253ce834a0a70e,inventory_only,,,,False,,,NO
audit/iterations/2026-10-02-P14-coverage-uat/run_p14.py,8befc01fec1471d84d5c728f44d1e427bf2237d6e3512dc3969cf3b22b15265f,python_ast_syntax_structure,245,,,False,,,NO
audit/iterations/2026-10-02-P14-coverage-uat/runs/fu1.txt,a59f123020c37b75ba06ab92b6bc858970d4a7eff1c7e2bdd8c1defae66a3bce,inventory_only,,,,False,,,NO
audit/iterations/2026-10-02-P14-coverage-uat/runs/fu2.txt,7c56b0fa739777faf1befab92d6e7657bccaf480633c7523907aea25cb6638b3,inventory_only,,,,False,,,NO
audit/iterations/2026-10-02-P14-coverage-uat/runs/fu3.txt,d7ecd5eef10f0874477ea06a2ff1609bb1c74ab9219c4d249de8bbd0a375d71f,inventory_only,,,,False,,,NO
audit/iterations/2026-10-02-P14-coverage-uat/runs/gn15.txt,c709320eabc88a9826b88a44bcbeefe2b72f537a475a79d71116beab4bcbaede,inventory_only,,,,False,,,NO
audit/iterations/2026-10-02-P14-coverage-uat/runs/p01_cx10.txt,bed162a24f85c818438ad37fc07b8dd189de0379d7ca365ec5bc8c56116e1050,inventory_only,,,,False,,,NO
audit/iterations/2026-10-02-P14-coverage-uat/runs/p01_dev.txt,0421d0894ea953fbb3f58f935919d1b3ab52e1e9713981e67fd36ee48d87dafe,inventory_only,,,,False,,,NO
audit/iterations/2026-10-02-P14-coverage-uat/runs/p01_ix06.txt,ff394fc9fa586ffafcfb138ca30be1d5800eecec3d9f1e163a00f8513aa567b3,inventory_only,,,,False,,,NO
audit/iterations/2026-10-02-P14-coverage-uat/runs/p01_s1.txt,c6b77dc101bc99822f1c6a95d03d7c6cf5003e889e7fb504bb99669bedff1efe,inventory_only,,,,False,,,NO
audit/iterations/2026-10-02-P14-coverage-uat/runs/p01_s2.txt,5306ad698ceb95bc02d6290ece5af23a4921bd9e909f9b02f49557f1f6012f61,inventory_only,,,,False,,,NO
audit/iterations/2026-10-02-P14-coverage-uat/runs/p02.txt,bc7ca10530829204514e1c7716da775a35b6e449fa26f5151e513238e574a7c0,inventory_only,,,,False,,,NO
audit/iterations/2026-10-02-P14-coverage-uat/runs/p02_wm02.txt,1d5f2da59a055c93ea1acf56c141ac0d399f99142b4987d12f8e1467b0cc07e5,inventory_only,,,,False,,,NO
audit/iterations/2026-10-02-P14-coverage-uat/runs/p03.txt,f9fbde4afb33b4123abab57576985b55de92df908d0dc3488a202abfce5e9f42,inventory_only,,,,False,,,NO
audit/iterations/2026-10-02-P14-coverage-uat/runs/p04.txt,72cc6031f60abeeee2f988fd43a70f323cd0da82740d9eff221f819a9fd5b9cd,inventory_only,,,,False,,,NO
audit/iterations/2026-10-02-P14-coverage-uat/runs/p05.txt,8e66775d8a83dfbe961e7a45b35b022a4574e7ca4f6ab3e5e8bcd858210b2be8,inventory_only,,,,False,,,NO
audit/iterations/2026-10-02-P14-coverage-uat/runs/p06.txt,996824fe102a735c457bd1753f4ceec28de6b5b5b8bb549fd9cdba797403fd7e,inventory_only,,,,False,,,NO
audit/iterations/2026-10-02-P14-coverage-uat/runs/p06_qc.txt,c0d9985639ed6c4fcf216d03608c46c6abd3a3a1c6a46abc028d790a6e00c3f0,inventory_only,,,,False,,,NO
audit/iterations/2026-10-02-P14-coverage-uat/runs/p07.txt,a647e20d6c3f7af42bffb190186f6d64ec1b1cc219c6781cde5817f7c1ae5987,inventory_only,,,,False,,,NO
audit/iterations/2026-10-02-P14-coverage-uat/runs/p07b.txt,5487f94d3882e220a25ebe454def16365157887694fe9ff85fc4b495b83f90ba,inventory_only,,,,False,,,NO
audit/iterations/2026-10-02-P14-coverage-uat/runs/p08.txt,ec9f8248a93cf901a076d516b5baa40544df19a538c2fb5df1e4c06af3f98b6f,inventory_only,,,,False,,,NO
audit/iterations/2026-10-02-P14-coverage-uat/runs/p09.txt,8b49da508b4eec9a32ad9fa449413812ec148d034dc8f01d7a8664be46f9d3d8,inventory_only,,,,False,,,NO
audit/iterations/2026-10-02-P14-coverage-uat/runs/p10.txt,5672f4dbee8e68fbf79af3f60aaca5ff2a359146c11100aef6d881b629c2b719,inventory_only,,,,False,,,NO
audit/iterations/2026-10-02-P14-coverage-uat/runs/p11.txt,92cfeb3cdf4cffd61e2c2e63ee847d55b660387bcfeed41df65700617df9737c,inventory_only,,,,False,,,NO
audit/iterations/2026-10-02-P14-coverage-uat/runs/p12.txt,8b76eb3a3e53e1881cf35a6e9c2b429dba86c022212f2cef9e0af68287ecc3ae,inventory_only,,,,False,,,NO
audit/iterations/2026-10-02-P14-coverage-uat/runs/p13.txt,6af052bd593bf982e79118992cb4c1b54bc140ac6964ee2b7d52de2ef6b8c732,inventory_only,,,,False,,,NO
audit/iterations/2026-10-02-P14-coverage-uat/runs/p14.txt,a3403405db7b2ec30310862286e552adae9502aa5932bd2a3d2a4c5bb3b33ed2,inventory_only,,,,False,,,NO
audit/iterations/2026-10-02-P14-coverage-uat/runs/p14b.txt,d68319a7f397cea287685152425518263fb91bc89ebd5e6345dff35740d170f0,inventory_only,,,,False,,,NO
audit/iterations/2026-10-02-P14-coverage-uat/uat_results.json,e99e9f41e1ed0f2b2411654fc221047b6b71bc78d9cc766bc9ece30a10a92d3a,inventory_only,15,,,False,,,NO
audit/iterations/2026-10-02-P15-gn15-ssot/IMPLEMENTATION.md,c7f4b836ef56b6fa5446c4e88c47f1b9247f2df587ff1bb32ed70663791f87af,inventory_only,,,,False,,,NO
audit/iterations/2026-10-02-P15-gn15-ssot/after_patch.txt,4ee6f8e435d5d33c8e7039c8256dd29e34ac8e419262ee9e51860a222dce12a3,inventory_only,,,,False,,,NO
audit/iterations/2026-10-02-P15-gn15-ssot/full_regression_console.txt,45d4243082f3ef58f8c13705ec480b108c74438e5c62d8961f4621225106acb2,inventory_only,,,,False,,,NO
audit/iterations/2026-10-02-P15-gn15-ssot/repro_gn15.py,df6b97874f205b0ad5e47fa01144daee3e6cd840d57c2f76e958dc56abcbd3fa,python_ast_syntax_structure,74,,,False,,,NO
audit/iterations/2026-10-03-P04-costing/IMPLEMENTATION.md,cb29688a7f176b645669e82f95ad1579adfc5806cdc24b25890b5c1319e32026,inventory_only,,,,False,,,NO
audit/iterations/2026-10-03-P04-costing/after_patch.txt,7fec4abe073a325de50e7d3f083c75f56593157a4112fe6d27ab9940f2a9d562,inventory_only,,,,False,,,NO
audit/iterations/2026-10-03-P04-costing/head_before_patch.txt,63b6eebec276745ebcb2daa76bc5371f3030f326f0022855a21c5ecf39dd230e,inventory_only,,,,False,,,NO
audit/iterations/2026-10-03-P04-costing/repro_p04.py,efbfe756ddc243c40cf1c3c4194bb4220ce2cb238fd4a79a7dfcec2949c5df27,python_ast_syntax_structure,126,,,False,,,NO
audit/iterations/2026-10-03-P17-planned-coverage/IMPLEMENTATION.md,9952653f57ea3317ea7443e80a1a60d7105a901afaf85e3c44f366f48af50a73,inventory_only,,,,False,,,NO
audit/iterations/2026-10-03-P17-planned-coverage/after_patch_p17a.txt,912ff89d8da408197db9b82e08203b9ed681c1a718244e0485951a3cae0be663,inventory_only,,,,False,,,NO
audit/iterations/2026-10-03-P17-planned-coverage/after_patch_p17b.txt,176ad3f628130b60c3512322a1294ff22dee5d3f3e148a2fa809cde81f32e8d6,inventory_only,,,,False,,,NO
audit/iterations/2026-10-03-P17-planned-coverage/after_patch_p17c.txt,dd4ccf1dbe67303fc14f793664ba9f5ce22ab66263158aed736dd5916ba5db3a,inventory_only,,,,False,,,NO
audit/iterations/2026-10-03-P17-planned-coverage/after_patch_p17d.txt,cc30b7e6d583ea9fc4bd80f7f1147d2f3415572c7147db73faa8b2e7fabcb2a8,inventory_only,,,,False,,,NO
audit/iterations/2026-10-03-P17-planned-coverage/after_patch_p17e.txt,dcb71646258d1ef17fcf7663544e77f0c5cc26ed702bde8449e84c2e96192406,inventory_only,,,,False,,,NO
audit/iterations/2026-10-03-P17-planned-coverage/after_patch_p17f.txt,0bb2b3ce52d98bf36a0064e4762e93db4e3751636ada6f498ce071c5d7290696,inventory_only,,,,False,,,NO
audit/iterations/2026-10-03-P17-planned-coverage/after_patch_p17g.txt,40107ad9dab715b7886bdd316a828a07e28e32006260a6498c335f1a2b507a0a,inventory_only,,,,False,,,NO
audit/iterations/2026-10-03-P17-planned-coverage/after_patch_p17h.txt,f57acffc52d40da567751d00a568cae756a4e507f7dff245fc448569a8d2bd0f,inventory_only,,,,False,,,NO
audit/iterations/2026-10-03-P17-planned-coverage/after_patch_p17i.txt,017d7e950bc28d00f7575f507dba731964ff0cc933a2c601c259f0902e71c1c4,inventory_only,,,,False,,,NO
audit/iterations/2026-10-03-P17-planned-coverage/after_patch_p17j.txt,fd6dd57b99bb4102e9a96cb5051b9f55f5471d572e84033879f75824d0c7466e,inventory_only,,,,False,,,NO
audit/iterations/2026-10-03-P17-planned-coverage/head_before_patch_p17d.txt,6b73d5dae9b172b2fa4a2f4a6ef7d2b4ea96727a3b1be1b54ece9e2744416eff,inventory_only,,,,False,,,NO
audit/iterations/2026-10-03-P17-planned-coverage/head_before_patch_p17e.txt,4deeff738a34b0b010b840dcfa9126af430509ed95790e7575e47482d0fd20ca,inventory_only,,,,False,,,NO
audit/iterations/2026-10-03-P17-planned-coverage/repro_p17a.py,c78731d06993612ef9f9aa81dc404991b253860c366da0a77715019cd950c73e,python_ast_syntax_structure,160,,,False,,,NO
audit/iterations/2026-10-03-P17-planned-coverage/repro_p17b.py,0cf43deaec689172eec4242fbe527e7101b3fe336e2ed9ba20f658c320cd02d2,python_ast_syntax_structure,79,,,False,,,NO
audit/iterations/2026-10-03-P17-planned-coverage/repro_p17c.py,4b9413f5002db42a613a55b2bb39e3d8f6af9bb5808bff8423e1950dbeb4a958,python_ast_syntax_structure,185,,,False,,,NO
audit/iterations/2026-10-03-P17-planned-coverage/repro_p17d.py,3b8f33e2b3401c299c3e086efd34f7b3e179917c2b998344a10dd69089383d41,python_ast_syntax_structure,101,,,False,,,NO
audit/iterations/2026-10-03-P17-planned-coverage/repro_p17e.py,d643364f26049546dc54ab505be2bb296bcd2f221663259c4485a88e3d0a7a4a,python_ast_syntax_structure,102,,,False,,,NO
audit/iterations/2026-10-03-P17-planned-coverage/repro_p17f.py,898e25c7af200e5e74ea6b889d3d7127fb9eafd61b87fbab6d5bbf56e55564ed,python_ast_syntax_structure,72,,,False,,,NO
audit/iterations/2026-10-03-P17-planned-coverage/repro_p17g.py,20ccd0f18f77cf0efb56a255a3da03c8ed4d7fe71c4c2a14c9cdcee12e9fd493,python_ast_syntax_structure,93,,,False,,,NO
audit/iterations/2026-10-03-P17-planned-coverage/repro_p17h.py,195c0bc61c404ff8c48e6a57d051c189c08bb782a0ce64e477913357871c0d20,python_ast_syntax_structure,84,,,False,,,NO
audit/iterations/2026-10-03-P17-planned-coverage/repro_p17i.py,d6d4af07715eea39655f56a83ca5920a0b12aeb2dcdb006097aa94f10337ff1e,python_ast_syntax_structure,87,,,False,,,NO
audit/iterations/2026-10-03-P17-planned-coverage/repro_p17j.py,636527a899668a0828056d93b23ba5bb656cea1e79527bf2b6309d465c530539,python_ast_syntax_structure,92,,,False,,,NO
audit/iterations/2026-10-03-P17-planned-coverage/sj_po00014_uji_ui.jpg,91a53cd9182872b69d3ec6521ddc65dfad989c0b1fdd31eb55642c961f8c6134,inventory_only,,,,False,,,NO
audit/iterations/2026-10-03-P17-planned-coverage/uat_iteration_127.json,06c1e037b7949fd1c210c12359ea70c2ff56be1230ed6ec040803f3adcb40b15,inventory_only,22,,,False,,,NO
audit/iterations/2026-10-03-P17-planned-coverage/uat_iteration_128.json,449b387441cdbc7fed744029df16e4f656840bbff817653709eca6db69ae9e5b,inventory_only,28,,,False,,,NO
audit/iterations/2026-10-03-P18-partial-coverage/after_patch_p18a.txt,b8cf9b58dbb3c8722cdd6889f390b006504266e1955a927b35c709b0b0dc75ab,inventory_only,,,,False,,,NO
audit/iterations/2026-10-03-P18-partial-coverage/after_patch_p18b.txt,3a3bd0624a18c7d8277ede3167ecae1b46d8c7ac017bbf7b764498319d3eefe5,inventory_only,,,,False,,,NO
audit/iterations/2026-10-03-P18-partial-coverage/after_patch_p18c.txt,55e3082c633d279bc9a8c9fa5fcf0ff6e4d5673a6a2005b72f5638da493d3c32,inventory_only,,,,False,,,NO
audit/iterations/2026-10-03-P18-partial-coverage/after_patch_p18d.txt,b6f1b9ec9172a06b3816d7ad9a2e409847a0a2ecfd7db13657a4baabe6b9d9d9,inventory_only,,,,False,,,NO
audit/iterations/2026-10-03-P18-partial-coverage/after_patch_p18e.txt,441ff05160bbca21c42f04a5be9affc67130921df73d1b07fb52449184990f0f,inventory_only,,,,False,,,NO
audit/iterations/2026-10-03-P18-partial-coverage/after_patch_p18f.txt,ce5835c81ce73c076079c19c951b40053a3664bf5ff7a25566dddb056a8ad48e,inventory_only,,,,False,,,NO
audit/iterations/2026-10-03-P18-partial-coverage/repro_p18a.py,a8477436ea564d3e633327ebf480bcb63d86331e5864f68ec1589eec73bfb0d4,python_ast_syntax_structure,182,,,False,,,NO
audit/iterations/2026-10-03-P18-partial-coverage/repro_p18b.py,b7178fab0b2d2fc3b11194d4f7d8ee9819cb226cd43b85d6e6f5af88d81915b6,python_ast_syntax_structure,228,,,False,,,NO
audit/iterations/2026-10-03-P18-partial-coverage/repro_p18c.py,53fba1d24644e103393a6d7050563cac7730303d94782dd38ac77560e3162ae7,python_ast_syntax_structure,204,,,False,,,NO
audit/iterations/2026-10-03-P18-partial-coverage/repro_p18d.py,a6e52209042851ec1075aa66b2ba7fba9b35de165789d4c6f41f162683596c20,python_ast_syntax_structure,114,,,False,,,NO
audit/iterations/2026-10-03-P18-partial-coverage/repro_p18e.py,91d0d4a5173c854778c10f9c8f4913df319bec81588906d87cf74d4d1a786069,python_ast_syntax_structure,102,,,False,,,NO
audit/iterations/2026-10-03-P18-partial-coverage/repro_p18f.py,af8a9564493604516a819052d68d957c575a56ec61c9895abb2ab92cc961d6b6,python_ast_syntax_structure,115,,,False,,,NO
audit/iterations/2026-10-03-P18-partial-coverage/status_p18.json,140adeea7ca9db03c88b9418e294a4e8e1d4a8f007a25c06695d05514bcf1fad,inventory_only,40,,,False,,,NO
audit/iterations/2026-10-03-P18-partial-coverage/uat_iteration_129.json,6398bbec89cf5f877c81ff75db1f5d8a613c0cb11de906745f9bff9c90267a37,inventory_only,33,,,False,,,NO
audit/iterations/2026-10-03-P19-uat-receiving/after_patch_p19.txt,73cdd454939237dd79a9aa61436cf77e7c925ee87de6f1f2913b0ba18350e1e1,inventory_only,,,,False,,,NO
audit/iterations/2026-10-03-P19-uat-receiving/repro_p19_receiving.py,fdad874db55b2deea4d88b461e78c52fec275ea900efcb8a66b8f21a0203522d,python_ast_syntax_structure,242,,,False,,,NO
audit/iterations/2026-10-03-P19-uat-receiving/status_p19.json,fcd07e6a7b97b2be9a56d24c2e42733ae22479e65714558fdbcbebaaadc6a689,inventory_only,8,,,False,,,NO
audit/iterations/2026-10-03-P19-uat-receiving/uat_iteration_131.json,3a883889cb380cc3e71a640d54db9e0c86588fae1d67c83d054e374d308e898d,inventory_only,38,,,False,,,NO
audit/iterations/2026-10-03-P19-uat-receiving/uat_iteration_132.json,7991ad7af541585655356ed792ca1f4b37767f1538006dcac64dbe42a93eadb1,inventory_only,42,,,False,,,NO
audit/iterations/2026-10-03-P19-uat-receiving/uat_iteration_133.json,1b324e3e693796e7848c841e4f66f02e102c9f2adb2b43a8bbf7c671e292f8a8,inventory_only,32,,,False,,,NO
audit/iterations/2026-10-03-WM02-identity-CX05-panel/IMPLEMENTATION.md,bd1e58deb9d11ffeccf5607f47740308bdfb6f67bd98a2150bf43fec787f2838,inventory_only,,,,False,,,NO
audit/iterations/2026-10-03-WM02-identity-CX05-panel/after_patch.txt,3d069eb224a2b086bae14485ceacc9586cb496a5d167d0dd3f8918a915b317d9,inventory_only,,,,False,,,NO
audit/iterations/2026-10-03-WM02-identity-CX05-panel/head_before_patch.txt,ee4da8459e5fb9d087b779f8d1711314449b090886a33f8543a607dd6f329f7f,inventory_only,,,,False,,,NO
audit/iterations/2026-10-03-WM02-identity-CX05-panel/repro_followup.py,cf5dac9457fbe68ba675f748f879b02f89af6306e1a41ad76a9a681cfe061cd1,python_ast_syntax_structure,143,,,False,,,NO
audit/iterations/2026-10-04-P20-partial-api/repro_p20a.py,892f4200e4e3c833c8fcea353664a2be2ae7b4b12777e8cb4784e9a2816f6cab,python_ast_syntax_structure,220,,,False,,,NO
audit/iterations/2026-10-04-P20-partial-api/repro_p20b.py,93e7b27582d1542fc3cdbeabbe83f8f315d101a7fdd56609ba1e2f2646060761,python_ast_syntax_structure,236,,,False,,,NO
audit/iterations/2026-10-04-P20-partial-api/repro_p20c.py,f1ca2125ab4d9a531feb5f6105bd267c47eff3eb214386636368b926f00c5c0b,python_ast_syntax_structure,178,,,False,,,NO
audit/iterations/2026-10-04-P20-partial-api/repro_p20d.py,fd451030234a062608aca71651e16a92b25b8cc77b69ea0143faaf56760efd7b,python_ast_syntax_structure,144,,,False,,,NO
audit/iterations/2026-10-04-P20-partial-api/repro_p20e.py,c1c5a6d81e4af3d8f01fc3e348ad03b40f7ad0f428be307873d98da8f60e4b3b,python_ast_syntax_structure,158,,,False,,,NO
audit/iterations/2026-10-04-P20-partial-api/repro_p20f.py,54580c36c9758058bd287c063b17d3a338a4dc73389a08f93d7225eab2562ecf,python_ast_syntax_structure,189,,,False,,,NO
audit/iterations/2026-10-04-P20-partial-api/run_p20a.txt,76198cf5479c4bfe1f8153146fbf69526fe690a3c7e58794cc40d9aabf39b8b7,inventory_only,,,,False,,,NO
audit/iterations/2026-10-04-P20-partial-api/run_p20b.txt,071408efc704bbbb01a7de50c5c692a756104e110a74da3ac36e44650603c2a7,inventory_only,,,,False,,,NO
audit/iterations/2026-10-04-P20-partial-api/run_p20c.txt,2ae77195128e3ab20458ed3b651abfa7687722f20994674d4752e42d3fcd930e,inventory_only,,,,False,,,NO
audit/iterations/2026-10-04-P20-partial-api/run_p20d.txt,0289426d2cfdb6a045a8070cc4a23e7236eee5ca888c88cdef381fa268aa795f,inventory_only,,,,False,,,NO
audit/iterations/2026-10-04-P20-partial-api/run_p20e.txt,76c6a3e0ca934fe22aa90ecfef7996b1cac73b62e3ad73da5a35b694c8f2ab55,inventory_only,,,,False,,,NO
audit/iterations/2026-10-04-P20-partial-api/run_p20f.txt,ffa345f8c66822f66b45bb6a95f2c4b774ce5a3e167c5034b5c7ec0b564f2646,inventory_only,,,,False,,,NO
audit/iterations/2026-10-04-P20-partial-api/status_p20.json,06cedabcceda56eabc2f0ad6ce66223bf1ead60a87d7e8500e83bf921b82b56e,inventory_only,14,,,False,,,NO
audit/iterations/2026-10-04-P20-partial-api/status_p20_uat.json,6a4322ad6d4bad619a521bfa57445adf9cffc9d6b4cdad6c1e9b9c9674d64dd3,inventory_only,12,,,False,,,NO
audit/iterations/2026-10-04-P20-partial-api/summ.py,46cad34ba748f56464a6747db8200dae2680906f76782d877f6e89e0adae7a35,python_ast_syntax_structure,12,,,False,,,NO
audit/iterations/2026-10-04-P20-partial-api/uat_iteration_134.json,4050a9a197733ecf196d4c2d9dc236add5cd41d2d430d554eaab581277117cbf,inventory_only,50,,,False,,,NO
audit/iterations/2026-10-04-P20-partial-api/uat_iteration_135.json,06f67794f7c78d5df2df29eb1458eeeb68efe3bbf902a2465ad2271e54893536,inventory_only,39,,,False,,,NO
audit/iterations/2026-10-04-P20-partial-api/uat_iteration_136.json,6055dc9e7d84f3b009b6da8d1cbd16519ccfc36a0103dda18578f52cb78bf2e8,inventory_only,38,,,False,,,NO
audit/iterations/2026-10-04-P21-partial-api/audit03_precommit_local.txt,26d75c99124d9c6d0b3477d13ab1ae4f3ace08aab4c6c6961243ae69f88419ca,inventory_only,,,,False,,,NO
audit/iterations/2026-10-04-P21-partial-api/repro_p21.py,5e4ebf44e93ef75cecb23a68c2dd72f40e66c1f3430b7a266312a7786a287f62,python_ast_syntax_structure,362,,,False,,,NO
audit/iterations/2026-10-04-P21-partial-api/run_p21.txt,71c5dd49687d62ea1d7b9063fcc39b798fc02e27eecbc94f0f68ec7393c391b9,inventory_only,,,,False,,,NO
audit/iterations/2026-10-04-P21-partial-api/status_p21.json,d4e0957241b0221ff94c340116ebfceeb6e8309626b950d915b89c2b3cccaf45,inventory_only,9,,,False,,,NO
audit/iterations/2026-10-04-P21-partial-api/status_p21_owner.json,814fbf5e0d404ab511e6c9339c629f8144ec0668490c1526a1ae7fe9f65f735a,inventory_only,7,,,False,,,NO
audit/iterations/2026-10-04-P21-partial-api/status_p21_uat.json,be672fbb847705c6b8e5e5ec1af43921332c7dc8222ca8ab0878678786f490d9,inventory_only,5,,,False,,,NO
audit/iterations/2026-10-04-P21-partial-api/test_upload_content_check.py,353e630659daf6b17c85b4d587b391d9fb31b42d641a315148a3a36b98d7d46c,python_ast_syntax_structure,22,,,False,,,NO
audit/iterations/2026-10-04-P21-partial-api/uat_iteration_138.json,69d140e4096a25240a84c67fb1ec4d1dc99f124737113038e6be0551de576371,inventory_only,28,,,False,,,NO
audit/iterations/2026-10-04-P21-partial-api/uat_iteration_139.json,e2873c915a44a3759141f75addb5dc74504fda1611d847aba7a05b429fb53809,inventory_only,34,,,False,,,NO
audit/iterations/2026-10-04-label-reimburse-poline-badge/IMPLEMENTATION.md,76be1c25eab01591a65b0de37dbbd6972d1d0d7f1085b25d6e218bc4e3cbd919,inventory_only,,,,False,,,NO
audit/iterations/2026-10-04-label-reimburse-poline-badge/after_patch.txt,825e0c6f4357918584bedaa7b8c22aafcd135fe9c9d257ede7b274532b510b57,inventory_only,,,,False,,,NO
audit/iterations/2026-10-04-label-reimburse-poline-badge/head_before_patch.txt,28b63dcce146531b7b7ee09e332c611cd1bab264c914ed4257ede4a5fca3255b,inventory_only,,,,False,,,NO
audit/iterations/2026-10-04-label-reimburse-poline-badge/repro_followup2.py,fbb6e5d5431705fe71cbc4aa74f46828397f921041f622f1f65a5850e6958863,python_ast_syntax_structure,179,,,False,,,NO
audit/iterations/2026-10-05-P05-coa-reports-close/IMPLEMENTATION.md,034a1b37df28e16f421b9e9d5f284491db19e5d46eb4febc788ff18838966379,inventory_only,,,,False,,,NO
audit/iterations/2026-10-05-P05-coa-reports-close/after_patch.txt,b01803df9802e0090960a1bb14eb9dbc30a2e1da13c0f44476c97d2bd0d3e9a9,inventory_only,,,,False,,,NO
audit/iterations/2026-10-05-P05-coa-reports-close/fn02_line_code_head.txt,b481befa39f0dd9cb0b0326b352ae70c402e764de2934e2664dbd663e0b8c150,inventory_only,,,,False,,,NO
audit/iterations/2026-10-05-P05-coa-reports-close/followup3_after.txt,586e6b05dd504492c5a7a5fcfa217173365c8de6735c0989749d77225b6cacb8,inventory_only,,,,False,,,NO
audit/iterations/2026-10-05-P05-coa-reports-close/head_before_patch.txt,7e9cfa35faea8fda82504fa3a6a1872aead0df8e5657643387dba1b833d210e0,inventory_only,,,,False,,,NO
audit/iterations/2026-10-05-P05-coa-reports-close/repro_followup3.py,cf8f77a393b8d51050a90ac45b0ec6cd6c267bd2884fc52f7bdab5c5ec3e7a41,python_ast_syntax_structure,118,,,False,,,NO
audit/iterations/2026-10-05-P05-coa-reports-close/repro_p05.py,93b67e10f21eb0b3d266e94a2d82c61add73d4158d692ab95817b09533197995,python_ast_syntax_structure,240,,,False,,,NO
audit/iterations/2026-10-06-P07-dispatch-identity-reversal/IMPLEMENTATION.md,1835389b6a406ea7457e8cddc05f95f6beb5a350682b70d2a9a536616207fb44,inventory_only,,,,False,,,NO
audit/iterations/2026-10-06-P07-dispatch-identity-reversal/after_patch.txt,dbf1fb2dc28620feff7ca269116e9920de5c592f69376a59afc1ad9d611fa66b,inventory_only,,,,False,,,NO
audit/iterations/2026-10-06-P07-dispatch-identity-reversal/head_before_patch.txt,5309829b299327828ec5bbd4ad6f1c584cac303f5ec8cd57da85dc1b58b9ec69,inventory_only,,,,False,,,NO
audit/iterations/2026-10-06-P07-dispatch-identity-reversal/repro_p07.py,55d766f8343b82e052c9934bb8e674db7b6097d5a5965239c52e171fc2a0ac0f,python_ast_syntax_structure,189,,,False,,,NO
audit/iterations/2026-10-07-P07-fulfillment-saga-loading/IMPLEMENTATION.md,d286253aebe7a48ceb38b2fd9aba693f3197e677b44b49f06602053ab764f7a5,inventory_only,,,,False,,,NO
audit/iterations/2026-10-07-P07-fulfillment-saga-loading/after_patch.txt,57de3f959c132ab1f0c3363dba0970981749ee50a849ac1715b27d17a6a4b92b,inventory_only,,,,False,,,NO
audit/iterations/2026-10-07-P07-fulfillment-saga-loading/head_before_patch.txt,20be42481707ea73bdb0f76ce62ae9ed2a25e73ba8ac3d2f5f94c6bea36f1fda,inventory_only,,,,False,,,NO
audit/iterations/2026-10-07-P07-fulfillment-saga-loading/repro_p07b.py,335027596f9c7582497da24ba2fe9d0b5e87aa00c05a156cb402124898e296ef,python_ast_syntax_structure,162,,,False,,,NO
audit/iterations/2026-10-08-P08-tag-printer-verify/IMPLEMENTATION.md,3b9b34a950644cf548fdac2ecbf6b5e9253498e7507ed3f43ae21b1851610c16,inventory_only,,,,False,,,NO
audit/iterations/2026-10-08-P08-tag-printer-verify/after_patch.txt,7ec747e19dd212c99065606df767a311c11376c1e7185d1939d525d18c9635eb,inventory_only,,,,False,,,NO
audit/iterations/2026-10-08-P08-tag-printer-verify/head_before_patch.txt,cddaf6d1c9282831b6c2afaf8b766f4f8eb849149d6fceb8f9c7096eefea1e0a,inventory_only,,,,False,,,NO
audit/iterations/2026-10-08-P08-tag-printer-verify/repro_p08.py,a05715d0a801b563119a94d9ed86691b1acc4118b38b931aea97a318aec7a220,python_ast_syntax_structure,256,,,False,,,NO
audit/iterations/2026-10-08-P09-gate-contract/IMPLEMENTATION.md,baa39ff21bd6bbe184d5e20322dc785176e9bea258e4ef55961aaad3980b1315,inventory_only,,,,False,,,NO
audit/iterations/2026-10-08-P09-gate-contract/after_patch.txt,29b1ee09b20a6c900e7b4e1855cb014494918756d372cdec9fb29e2981e55327,inventory_only,,,,False,,,NO
audit/iterations/2026-10-08-P09-gate-contract/head_before_patch.txt,478dc7ff44fc249eb24ab5a12d41ffe762b8dd45dda26156048a03e38e0b7f66,inventory_only,,,,False,,,NO
audit/iterations/2026-10-08-P09-gate-contract/repro_p09.py,a73e204ae5397f16a9c6c996d224340bf47d6d4778fd739ac946294672f7a597,python_ast_syntax_structure,180,,,False,,,NO
audit/iterations/2026-10-08-P10-opname-financial/IMPLEMENTATION.md,e1c941f9b92dc4da7e46f0ac61170bbe22c11b980c3ce0f3c630cf96bda71359,inventory_only,,,,False,,,NO
audit/iterations/2026-10-08-P10-opname-financial/after_patch.txt,4ed9a7a1042aae19f696aef257dcc1f930f52f9b6253ba24f0c3ade6e6ace5a0,inventory_only,,,,False,,,NO
audit/iterations/2026-10-08-P10-opname-financial/head_before_patch.txt,98f0e0b5c8340f64a73ee27cd9c343adabfb9d7455f91dd33990b560dbe9bf1a,inventory_only,,,,False,,,NO
audit/iterations/2026-10-08-P10-opname-financial/repro_p10.py,966e6cbb7d13fc6357f843ad551a09e1d40bafc035956ffa4bb56258b6b722e2,python_ast_syntax_structure,201,,,False,,,NO
audit/iterations/2026-10-09-P16-close-coverage/IMPLEMENTATION.md,5d754deae29c22cabbe49172e44b3a466b1f6c0b2f1da0ae78413d57a697a75e,inventory_only,,,,False,,,NO
audit/iterations/2026-10-09-P16-close-coverage/after_patch.txt,4bc2c3871d5ebb0b9aa859cc5676e8ecfa5d1660823542b98de8ef77ca825d12,inventory_only,,,,False,,,NO
audit/iterations/2026-10-09-P16-close-coverage/after_patch_p16b.txt,4b0ef29532bb23722c8b48633565882c875f4b546b4148441f8a280dbaf2ec71,inventory_only,,,,False,,,NO
audit/iterations/2026-10-09-P16-close-coverage/after_patch_p16c.txt,bddaa5ed22f32912f9db4b70ea7b3cdcd46ea20dc4e8633c0807d18b5417b21c,inventory_only,,,,False,,,NO
audit/iterations/2026-10-09-P16-close-coverage/after_patch_p16d.txt,c56cc722fad98287eaf394e4ed38bf18d0a5a8d596dd815f51ec1f8cd6d93396,inventory_only,,,,False,,,NO
audit/iterations/2026-10-09-P16-close-coverage/after_patch_p16e.txt,7de637b2030384f349c0ca7a2671fcf20bc704931adf9581ca0fc82fc551665f,inventory_only,,,,False,,,NO
audit/iterations/2026-10-09-P16-close-coverage/after_patch_p16f.txt,3b6128defa1500b9dd4f3e1154306add437d25b7d3867fb057a014c64deba981,inventory_only,,,,False,,,NO
audit/iterations/2026-10-09-P16-close-coverage/head_before_patch.txt,8bcea8f833a59d601ad45ff7898aaebefbe1319af496ae50b086461a72cf40f8,inventory_only,,,,False,,,NO
audit/iterations/2026-10-09-P16-close-coverage/head_before_patch_p16b.txt,643e79cc2f39aff92cc155d160663b6859d68e840b8a6c67733590ecfd3f666f,inventory_only,,,,False,,,NO
audit/iterations/2026-10-09-P16-close-coverage/head_before_patch_p16d.txt,35d7741572d22bd3326e6c6c37c4ac361166d52551a945dfb1726fab42c7b8af,inventory_only,,,,False,,,NO
audit/iterations/2026-10-09-P16-close-coverage/head_before_patch_p16f.txt,2298ed370f0d48ea00e91c86e1b6d2ed979842beade27824b8fd7b164ad74682,inventory_only,,,,False,,,NO
audit/iterations/2026-10-09-P16-close-coverage/repro_p16.py,01bb0de1f6eec04dcd788faaa72423155e12d0dfdb5de39094cea520281466cf,python_ast_syntax_structure,552,,,False,,,NO
audit/iterations/2026-10-09-P16-close-coverage/repro_p16b.py,0fae2a874c6964f5ddf917e23d7ce27dbdc4cd0f0bdb06b50938430d1e157cba,python_ast_syntax_structure,149,,,False,,,NO
audit/iterations/2026-10-09-P16-close-coverage/repro_p16c.py,9f69a44c7268567b43cca92525044a998d51293caf4c28183ad09b35d70aae0c,python_ast_syntax_structure,140,,,False,,,NO
audit/iterations/2026-10-09-P16-close-coverage/repro_p16d.py,d5b590af7313b31aaace4cc5dc666a87ebebf22940a28a44ca047ebdfdbb839c,python_ast_syntax_structure,105,,,False,,,NO
audit/iterations/2026-10-09-P16-close-coverage/repro_p16e.py,90f6a318b2841270a127c767ca7b724fcfb06d67dd7aad4b57f174def8633c26,python_ast_syntax_structure,78,,,False,,,NO
audit/iterations/2026-10-09-P16-close-coverage/repro_p16f.py,4a573d0725a6bd7686ad6b2df54dadf19110897672c8b1b0ba24b5d94ff80ae0,python_ast_syntax_structure,80,,,False,,,NO
audit/iterations/2026-10-09-P16-close-coverage/run_all_p16.txt,0c471f8110011b5ed0976831bea1ab9891b8edd0e5a7038d14ff710998b515e9,inventory_only,,,,False,,,NO
audit/iterations/2026-10-09-P16-close-coverage/uat_iteration_125.json,afae4385b373878f25896bb11603d9fce4ac236d2a7d65b77609c6e112de3ec8,inventory_only,29,,,False,,,NO
audit/iterations/2026-10-09-P16-close-coverage/uat_iteration_126.json,b15a827dfb4c2aa75ac61813c6c990fded49c4b3c0dbde12ac2efb2a5295fb8f,inventory_only,35,,,False,,,NO
audit/iterations/README.md,361127157fbb8141769a55e9dc567b668d92f9a0e14756ea9ae941bf817d4e32,inventory_only,,,,False,,,NO
audit/owner-questions-P21.md,48c22685e06a36079012338deb66c1aec84fbf56ad68072f7066a453eae5ce5d,inventory_only,,,,False,,,NO
audit/phases/P00.md,8d9803f481a3d0509cac75c7ef81d4abe103842573d8b97ce2a10da75b2f0b63,inventory_only,,,,False,,,NO
audit/phases/P01.md,c1a35a7d07fd4f35373bf732f48ba6c048203d4342244dc1063c199284314c8e,inventory_only,,,,False,,,NO
audit/phases/P02.md,7d8535101759551c627be5d496f1176095c6d6ec283eb0af1863bf0ace96de88,inventory_only,,,,False,,,NO
audit/phases/P03.md,81537b0a4ba82ef18ca5ff970ea841c62e16c9f62ab6dc78367705dd4a786d43,inventory_only,,,,False,,,NO
audit/phases/P04.md,3c71e1eff09ec5a1e89dc8cbb2c73f3e52c3b011ba62ecf0f365e03cf56b90bb,inventory_only,,,,False,,,NO
audit/phases/P05.md,9f932b1b4600e7b0f4f5e4218a69a3a720362b84f2cf91e9f41f99d3ec8e8d84,inventory_only,,,,False,,,NO
audit/phases/P06.md,bb2db26a402190012bd2ed9f4d06a275ac4855f107e8fbda32e836fbb011e6c8,inventory_only,,,,False,,,NO
audit/phases/P07.md,33393c31b2ab293bc61e49f338975218e23b30446f60aa0560bb1ebb14da0c6c,inventory_only,,,,False,,,NO
audit/phases/P08.md,a92609863c8d8db523a7c2900ffbdeabf7521bf85d79096302f5b72da483d16f,inventory_only,,,,False,,,NO
audit/phases/P09.md,436d05f07d8d80ebaad9e42c6d644ad1ed490489beda14285e4078f1bc587c5d,inventory_only,,,,False,,,NO
audit/phases/P10.md,0f34ea16f97e717b087fc594b1f6c20b89b41e240cae3307e429023e6d7b3708,inventory_only,,,,False,,,NO
audit/phases/P11.md,0403f3f8b7375d589fba09c060e8ee36e0c3cae3b4a554979d6c0f22ca450760,inventory_only,,,,False,,,NO
audit/phases/P12.md,b90b8e3f3bf97543ddd08c5e1dc26a2aa58f35dfee045502e6b4da90eb8ee852,inventory_only,,,,False,,,NO
audit/phases/P13.md,3cc9723a36142f3f6b4af83b5ab2c48c4975148477f3b40bcd504eb6cdfa5d6e,inventory_only,,,,False,,,NO
audit/phases/P14.md,6074ca7904faa73e115bc95e098745fd0eaa7dcecd73f6cf6ee58f312b34b6da,inventory_only,,,,False,,,NO
audit/phases/plan.json,a4056b9690dac24d2499c5a485adbecad2038ef1acb34d4e93bf6ff9105d9081,inventory_only,265,,,False,,,NO
audit/policy-decisions.json,6ba28f423446d896e34fc1213c093b9775f510d740f3604d4e1df1343b2cdd2f,inventory_only,107,,,False,,,NO
audit/templates/IMPLEMENTATION.md,6fb2626a93363eee5ea361a7d2aab3cd7b773d0cb3b96373ccc21e7ebbf9fc45,inventory_only,,,,False,,,NO
audit/templates/VALIDATION.md,512994b5959bf3989b1623d1d0c3bc838a167163b82f2cfc5cd6b20d5a1b86c0,inventory_only,,,,False,,,NO
audit/tools/set_status.py,1e60b82aeb5946d80b405f91c2ac0808baa70a3109f01a25af158488331cbe51,python_ast_syntax_structure,32,,,False,,,NO
audit/tools/validate.py,8ac39e4249448033d36a4300867f347b4d27abef70fce0b445b3354e54f89fda,python_ast_syntax_structure,71,,,False,,,NO
audit/tracker.json,ba957b04c204a52877e0d23e7b6277c6eda0a18897befc030b3515c3917465ca,inventory_only,4322,,,False,,,NO
backend/_fase_t_snapshot.py,1a4ef8ad78a736c057b044d1db9077cd5b1566d79ebeff7c84c2dbb1c7b79657,python_ast_syntax_structure,221,,,False,0,120,NO
backend/_smoke_e8.py,03fba6c0dfe08aa0d20c9ba8df239c28a71261dd4a7287065493595aab36b464,python_ast_syntax_structure,85,,,False,0,65,NO
backend/_smoke_e8.sh,c7f3d6ae91256d49860d73daf80ef40d4671207e7d3eb0a12df62db77b2d551b,inventory_only,,,,False,,,NO
backend/access_modules.py,0832fa7bda8affbe646debbd9f8b42910c871ac6ab52cda65b84cf074c6507b2,python_ast_syntax_structure,284,,,False,72,80,NO
backend/backend_test.py,e0923c0b0d0f046b17c19ca838aadbf30f56f7b74f5c3eb9e142ab59ac59c51b,python_ast_syntax_structure,859,,,False,0,565,NO
backend/backend_test_360_panels.py,2addb24c1a50338a6827936f21ceca61b99fafea59f9bde67ce42bc3a7b09334,python_ast_syntax_structure,359,,,False,0,237,NO
backend/backend_test_bi_finance.py,a413b50cf76bb1cf1ddfef12d0234681ef364faf1b418bde01219da4277f3d9b,python_ast_syntax_structure,305,,,False,0,184,NO
backend/backend_test_crm_enforcements.py,7ff9690f027b75f743499b2da13e2c3b8ca32d97856f91f826c3094f2cbd3f5f,python_ast_syntax_structure,517,,,False,0,276,NO
backend/backend_test_depth1.py,acea9da51564136f07cfc1cac8eaf6a9666a3ef7f14406736cbd5ddca8f3f8ac,python_ast_syntax_structure,866,,,False,0,475,NO
backend/backend_test_depth3_enhancements.py,0a2de6fb67ff19cbd728cd76fd8f599bd17dfcf8fcffb96606205f031edd4021,python_ast_syntax_structure,448,,,False,0,245,NO
backend/backend_test_dyelot.py,6621e7cfa3d08adaaf89ac1ffeca5040cad07ac9dcd2763f710b651cb045780b,python_ast_syntax_structure,469,,,False,0,284,NO
backend/backend_test_e4.py,246152a14259055564cbe6d9f8bc6bd1bbbb7894f93bbd47e3fe2b294b7d0d3d,python_ast_syntax_structure,693,,,False,0,405,NO
backend/backend_test_epic7b_bank.py,a130d29713db85f2ed8bc87b9b0b3b9f2b5d1f74ad86539bd78afa12ed98e41e,python_ast_syntax_structure,530,,,False,0,353,NO
backend/backend_test_equity_changes.py,7c1d6dd404c174f2a5eefe21421c8dc7879cb7d97cf0d19ab1239b6ace71537a,python_ast_syntax_structure,348,,,False,0,201,NO
backend/backend_test_f0a_entity_context.py,ee07808b2327359ab81887f113fe19b2af2a45b14a93b06423a950fa957a32ab,python_ast_syntax_structure,540,,,False,0,194,NO
backend/backend_test_f6_approval_retirement.py,60a5e4550f95a118a81fc161efed89aec82eaf8183399683de0efbc9a2f8cf4b,python_ast_syntax_structure,516,,,False,0,245,NO
backend/backend_test_fase4.py,e10f302e14116fdeca091d5777544e520fb5174e6963da58b5df314e8de5b9fe,python_ast_syntax_structure,460,,,False,0,242,NO
backend/backend_test_fase_b.py,30f685ef4ba71c5138edda565b44c425fb968ae50eaa5ffde899e4aeec5457eb,python_ast_syntax_structure,336,,,False,0,191,NO
backend/backend_test_fase_b_uom.py,fb4da7b42f4ff4b214ec37b8fcead59441b5d9eace47ecbfd7fe8b6d8e400293,python_ast_syntax_structure,688,,,False,0,377,NO
backend/backend_test_fase_c_lot.py,5809b040635ffd911fc79d2f07c749dd39e3536e21670ad226ecd92640cc15df,python_ast_syntax_structure,938,,,False,0,580,NO
backend/backend_test_fase_f_closure.py,209104a483d2e79cf80b8ead9238df606d56f8cfd3627c5e08aebeb9a71a5bf4,python_ast_syntax_structure,415,,,False,0,216,NO
backend/backend_test_fase_f_endpoints.py,27ef884fc4c528bc8b9b47d7ee43ebea002b6211f28b38a3df5e8f407b26e52c,python_ast_syntax_structure,465,,,False,0,229,NO
backend/backend_test_fase_f_final.py,cca0f5c2160ca30c9084e3ddbfab57c2d1a49351a0af180972d59efd864425b6,python_ast_syntax_structure,348,,,False,0,180,NO
backend/backend_test_fase_f_write_flows.py,59266c3a6b7d3ce4b4989f14496255314d447b42504d09d3ea354cbc483a5bbc,python_ast_syntax_structure,444,,,False,0,283,NO
backend/backend_test_g4_comprehensive.py,4ea31711f2061ba11fa9abc1acfabdefc9dc5c06191b665d13c4dc79d65668e6,python_ast_syntax_structure,450,,,False,0,274,NO
backend/backend_test_g6.py,e6756c36a987761e716a6dfa8ddd1bdc02a73ce09fd13bc1374af744fac8460c,python_ast_syntax_structure,556,,,False,0,368,NO
backend/backend_test_h1.py,5379a067d4e9217f941fdf8a8842d3e40907ec83313d0144abcca304ccd06b2e,python_ast_syntax_structure,591,,,False,0,242,NO
backend/backend_test_ica_directional.py,bf3d17f7af3eeda28734499cc9b7cf54af035d7a867747e1a163261c3898cbd1,python_ast_syntax_structure,594,,,False,0,296,NO
backend/backend_test_iteration_183.py,5ffacbc5532f053f586973cba6dafb341498f0a89cb4faa33707584abe123a8a,python_ast_syntax_structure,225,,,False,0,124,NO
backend/backend_test_landed_cost.py,aea7e828c7caa8d210ed6812d3f9465c760b2ea83236b1ec596f42868f1c080e,python_ast_syntax_structure,402,,,False,0,213,NO
backend/backend_test_m0_color.py,f555328ccb11b3b94339c3e052bd18e109cea084279a9ad37889f20fa4de705f,python_ast_syntax_structure,425,,,False,0,238,NO
backend/backend_test_p4.py,413245b155a53dfe352a7dde83b949faaf205e61314a770f62bfd1a7891959c8,python_ast_syntax_structure,212,,,False,0,149,NO
backend/backend_test_p5_p2.py,53b30069b5d313807931fa9a04a9f791bab5c6c2b61cfb92807f0ad17e16fc46,python_ast_syntax_structure,455,,,False,0,299,NO
backend/backend_test_pdf_fase3.py,04f13f340faee9302908999a19fab1d40be16f9ebe81300ea6c5758330377b64,python_ast_syntax_structure,445,,,False,0,200,NO
backend/backend_test_phase2_forms.py,950e098755a5adbf98613a04b49d2e13834f0bf0bb7762b51e40a07795c162fe,python_ast_syntax_structure,738,,,False,0,343,NO
backend/backend_test_po_timeline_approval.py,7d3756ece12b115ade2dbced3026a16151d914b4a37f9c1ac1c154def6161e2f,python_ast_syntax_structure,360,,,False,0,180,NO
backend/backend_test_qc.py,8483b9fa94d6c0318b835522d76faf0fc2e67bd49a346725df9fa217498a6f6d,python_ast_syntax_structure,546,,,False,0,309,NO
backend/backend_test_qc_4point.py,1f8713b8d15d4315df3b098e42a64099fde4714ed2cb59152e6740fed3b18ee9,python_ast_syntax_structure,438,,,False,0,241,NO
backend/backend_test_r1_05_06.py,be9085a30df5594356a5c017985ceb7fc9e7e344f003c12b5f883ebe7c0dd87e,python_ast_syntax_structure,437,,,False,0,217,NO
backend/backend_test_r5_4b.py,977b5e040cc34ec7ff1d7a45068c5c658ef5b610d58f77662e40cbddfeb98e60,python_ast_syntax_structure,231,,,False,0,121,NO
backend/backend_test_r6_3_budget.py,d48dd182c100ccaac5741492a1f548c95dc82033638a2e30bd998ab25b21108f,python_ast_syntax_structure,696,,,False,0,211,NO
backend/backend_test_tax_invoices.py,aec7376eeab325ad0512b0994c8e168847410566d167d4047e143ae2494e3bed,python_ast_syntax_structure,294,,,False,0,191,NO
backend/bootstrap.py,d0cca8e5ea6ce5e56fda7e90d705bc5bb76097f46e2f0418176b6c5315cd2445,python_ast_syntax_structure,1766,,,False,59,768,NO
backend/config_catalog_ai.py,28d865bd240b819f78a3a6da3459898dd84f56bf50a8f2b687725241c7b37cbf,python_ast_syntax_structure,115,,,False,27,27,NO
backend/config_catalog_approval_matrix.py,32ad5a56eff069d3d5791a9a9206aff00b59ec64feaabf5c3afd0e06911c3a6a,python_ast_syntax_structure,84,,,False,9,9,NO
backend/config_catalog_bank.py,802ea3611686468575b2bb9c8d439fbef55ac89d752420c0f0aceca9f4585cb6,python_ast_syntax_structure,142,,,False,16,16,NO
backend/config_catalog_case.py,db53bedec4f80b08a0ab9f2e80f49e35bd62cef0806637483491c6aed5046883,python_ast_syntax_structure,125,,,False,14,14,NO
backend/config_catalog_contrabon.py,fa3be5fec69270e96fa1971d405455e345f1afcc4fc55e4af1eb610f6a0bc3e3,python_ast_syntax_structure,120,,,False,12,12,NO
backend/config_catalog_core.py,9fcd59c21d601b1548ed3f36e959fa4d524ee45dc396b903573f9d3f9d6480a6,python_ast_syntax_structure,780,,,False,71,71,NO
backend/config_catalog_documents.py,02255cb59ce0e9aec037288a198238cde1bfe0f34913743553c1e01373f9eb0f,python_ast_syntax_structure,71,,,False,8,8,NO
backend/config_catalog_finance.py,40c36927875831a94fcffd3edc8701b1290ae230322b2bbbc00aa73a8c6a1cec,python_ast_syntax_structure,84,,,False,9,9,NO
backend/config_catalog_interco.py,28188284a703df2eb5b37546ec12ac4b75e654484f9f6d952d2a018efdc4cc44,python_ast_syntax_structure,104,,,False,9,9,NO
backend/config_catalog_ops.py,b8008591a4d67c99609c64b99e7bd6bc1461f18c62bd202cedba777c8fb16397,python_ast_syntax_structure,523,,,False,66,66,NO
backend/config_catalog_payment.py,d3851ec32a574ae89bb858a0e2b645d2555a86c307a33bf22b8f49b8a53e5a84,python_ast_syntax_structure,241,,,False,23,23,NO
backend/config_catalog_period.py,b3950ab7c08df4cd0b5589da95080ff6f3b405e15268167e135af673ed29c23f,python_ast_syntax_structure,33,,,False,4,4,NO
backend/config_catalog_rnd.py,87db3d6e350a7f12ce1128148135cbf78f505181ad8118c8add6471ff01a6f02,python_ast_syntax_structure,311,,,False,29,29,NO
backend/config_divisions.py,ac62bb8c9cd869863d5c028ac7b80550f7380742a4bd990dc3e6a04a69d5980f,python_ast_syntax_structure,116,,,False,17,17,NO
backend/config_registry.py,3b5a4a3ea273ee4a058a13251b7b41d3201c6e693935bc487c29836eda7dd5fd,python_ast_syntax_structure,393,,,False,105,149,NO
backend/core_utils.py,79f891b238def26fb4c4343b63cb8d3ed15b32250cfbb8e3823b1eea89d585d2,python_ast_syntax_structure,384,,,False,142,196,NO
backend/data/ai/katalog_semantik_v1.md,90f759298003d9362f589f7e43313fd649c712bbcb24c98d6ec49b63812b5568,inventory_only,,,,False,,,NO
backend/data/ai/system_prompt_kn_analitik_v1.md,bdc208cfc2ab551a3d62c9e0d6008174eed27fe5628b9d17f3d79f66c83942db,inventory_only,,,,False,,,NO
backend/data/ai/templates_laporan_v1.json,5d9ddaf748433710aca1a0190ddc7fd1a18bf03b92a8f91d602c56338681d658,inventory_only,1728,,,False,,,NO
backend/data/ai/tools_kn_analitik_v1.json,296bca9e120040a8fd4a4d15d823449ba7ba78c5b258e989f6d0dd508e8657e1,inventory_only,1073,,,False,,,NO
backend/data/import/TEST_MIGRASI_MASTER_PRODUK.xlsx,0e60cbfdcfe3cd937845d1552e769b68abd9347ae06f70bc7f3e661e543347a4,inventory_only,,,,False,,,NO
backend/data/wilayah_id.json,c9019b86c5280c4e1eb6261864647344e44536508d3590eabbf929ccf8fb82d3,inventory_only,1,,,False,,,NO
backend/db.py,fd1e84293b3c48331b2463e022a0999d8ccc5405b829ca06faa92633ad046f3c,python_ast_syntax_structure,12,,,False,9,9,NO
backend/dependencies.py,c8ba917294549faa387aad5466f68ba627dbba29e019f6b08b812e5b512463de,python_ast_syntax_structure,222,,,False,119,125,NO
backend/domain_registry.py,0e956a8e55a8ab935411b46ed380425a584b84e4ea1e6d452224bf668945b020,python_ast_syntax_structure,1303,,,False,221,308,NO
backend/entity_scope.py,87394d9e26212a950db8b9045aaf59e4cfb34b0af3961b91a7dc6d86284c16cc,python_ast_syntax_structure,593,,,False,136,161,NO
backend/entity_write_guard.py,36fef3027972391ec6df3f9a5fa048fec231a6a2f1cf40a5343403847d222ae8,python_ast_syntax_structure,237,,,False,37,55,NO
backend/fase3_purchasing_test.py,eada5ce67981ee2e7c20e5d01e9a19fcf52877ff75bc464e4331330ac304085d,python_ast_syntax_structure,1119,,,False,0,532,NO
backend/hr_analytics_test.py,281778e91c5c4f03e6d565868fd3973a0c6057227a95aeebc8948e6070d0a38e,python_ast_syntax_structure,283,,,False,0,165,NO
backend/idempotency.py,10a26d9b332a6377f282d4edb19725304a0be58348d31a6a5c29dadc1aa5a7bd,python_ast_syntax_structure,100,,,False,58,68,NO
backend/indexes.py,6aba3eb8f7985f3aa81256ac3877ed0bbfdea0e88a63a64deb35dee4b6556d2c,python_ast_syntax_structure,478,,,True,49,71,NO
backend/pagination.py,7c03330fa5e13a7c37eec3acc50609857291971392839d80c6bea01102045130,python_ast_syntax_structure,123,,,False,46,54,NO
backend/permissions_config.py,f8820a9b0839be8f5f6a4921b80fecfcd08ea66fa831d5d26bb2bd59cdd7b0c8,python_ast_syntax_structure,550,,,False,1,1,NO
backend/poc_stock_guard.py,d9401b0b55558799fa138aa385055a695827a3f58f2c7d25c13fe498a16b0193,python_ast_syntax_structure,337,,,False,87,130,NO
backend/pytest.ini,67b28701c6eb79c5229833f4fb8ceb9708e081dd27a0cb21e079a81b69c6c970,inventory_only,,,,False,,,NO
backend/r0_return_policy_test.py,b99c5840b8f2a4fa22ba75eb14f62b7ebd12a93f99ddc9e19849521af7148d34,python_ast_syntax_structure,803,,,False,0,436,NO
backend/request_context.py,051eb7dea6328b51650d372e79d8bc061e8e44430bf6f68a95bdd64452c5726d,python_ast_syntax_structure,73,,,False,24,26,NO
backend/requirements.txt,1ada5d4a836c4d689c4bc57b0d6378a70480046b6b34b1d52506033d2ddd3211,inventory_only,,,,False,,,NO
backend/role_registry.py,0f38b821f25a8cf2aab2cbe2af372ce1528edb726b84efd42154ef1a52734968,python_ast_syntax_structure,408,,,False,52,86,NO
backend/routers/__init__.py,5872f8456a151341bfa49fb5c533e5e3eb210ec7cfd419f14f09a6c4d3338f12,python_ast_syntax_structure,1,,,False,0,0,NO
backend/routers/access_review.py,5efd62380c93abee534b24645d3b214a98935d4e3528c57b96bbf2927142acc6,python_ast_syntax_structure,87,,,False,14,29,NO
backend/routers/access_roles.py,07584f8fa08ce9223abfbc5bcb85046a4115bd4013059cfe2178775c3b61e7f3,python_ast_syntax_structure,105,,,False,71,71,NO
backend/routers/admin.py,886d4cffa7883fdfa8b0d577e4f4b97c5ca44124c0e1ea02f56bc567045c73c6,python_ast_syntax_structure,543,,,False,259,348,NO
backend/routers/ai_analytics.py,0fc0fd2b7d03d7372269530dc3c51b7594ba6169a71c3934c77af5957e3a58c5,python_ast_syntax_structure,429,,,False,302,314,NO
backend/routers/ai_assist.py,c003dd83e7b5d1b4f2c57ac5228c612d505943ce46883cd91f3234dac0a105db,python_ast_syntax_structure,42,,,False,28,28,NO
backend/routers/amendments.py,9193eb6c4393bba1ae872f82eccdfe2335b84056d6782a74fbf4520b1af79b94,python_ast_syntax_structure,166,,,False,59,94,NO
backend/routers/approval_rules.py,d2aa22f4cce2f2c3b022042ded1a70f1f5d3c4f64f6668083ea354e52d8b1a01,python_ast_syntax_structure,138,,,False,80,89,NO
backend/routers/approvals_matrix.py,6cf2e7d0044db226ca42d0bd8b2132dc0cebfc82180608ea7c6a7797e9596121,python_ast_syntax_structure,77,,,False,27,30,NO
backend/routers/ar_aging.py,4e9252287e33cc187cbba7772bfe37ad78dd3bc451e443ded5ebc6633bf8b76b,python_ast_syntax_structure,103,,,False,28,38,NO
backend/routers/ar_receipts.py,053810b2fd25b421ca3c44eaf5549dcc46c72332ef037e716bf526b71b1653fb,python_ast_syntax_structure,141,,,False,72,81,NO
backend/routers/audit.py,ca6b4eab442177885525403285ffa18b48705d5acf5b6158fd7a3f1bc04bcd96,python_ast_syntax_structure,96,,,False,47,55,NO
backend/routers/auth.py,0074e85835266dc1835f3e545cb069ecf162bb719aaa3a1cc7f028a2c70f6cc5,python_ast_syntax_structure,176,,,False,94,97,NO
backend/routers/bank.py,105ea81905281f097bf2d70908e9d07df795f8f654a7e3bd7634f5f4b9df7760,python_ast_syntax_structure,121,,,False,64,78,NO
backend/routers/bank_reconciliation.py,41095548e9ef4526666c63dc3d761d0af5d18919e4141b5fb30e27d9f769cb45,python_ast_syntax_structure,431,,,False,136,262,NO
backend/routers/budgets.py,1b3edb613806652116da275f43e3e03e329c67f9aacb244a4eb89f40270e3df9,python_ast_syntax_structure,174,,,False,69,110,NO
backend/routers/cash.py,df98a0116dd65ba7ad02880cf6eb72296d1ac810dd64f007f1a38336452c8dac,python_ast_syntax_structure,224,,,True,65,122,NO
backend/routers/cash_advances.py,4d9470285e48e55c99cb1aacbdefcd914624540382306747fcb303bd67b2918f,python_ast_syntax_structure,168,,,False,63,105,NO
backend/routers/categories.py,c142c44565e3115e9fce5d5ddff2ea01bf1dca95c2e05cb6748613a1eece3fdd,python_ast_syntax_structure,169,,,False,53,114,NO
backend/routers/closing.py,1aed9f99374cff54d65e611cc68015c45f52151862918b283bf7ff992e89bed9,python_ast_syntax_structure,114,,,False,59,69,NO
backend/routers/color_library.py,b651b8e2367e8a17590fb402d5e17c443646c13f5d4e54815e0e7eab608a7f1f,python_ast_syntax_structure,191,,,False,109,127,NO
backend/routers/config.py,c658ee4c73f7dddd9887ba46cbdb95a5ce710d0ca411980674b6cc651882381b,python_ast_syntax_structure,328,,,False,131,182,NO
backend/routers/consolidation.py,b7e96eeb9f0bfa9afd2427bffe51c71575f9085df46984c739869aceb738e3fe,python_ast_syntax_structure,133,,,False,68,71,NO
backend/routers/contra_bons.py,b7f1895ad6828982bf4794091675fb17f004b32e81846fb25960b2b4cdd70d4b,python_ast_syntax_structure,329,,,False,131,203,NO
backend/routers/costing.py,af1fdfeff92466d927b4335fec4672168b2f280970d8466e7283d5b3408a46b6,python_ast_syntax_structure,27,,,False,13,13,NO
backend/routers/crm.py,459f35582d7d830df7513586c97261ddb657c3d8405e8ee1957b8c574c03e34e,python_ast_syntax_structure,437,,,False,145,234,NO
backend/routers/crm_omnichannel.py,ccca9cc3bb666b29570714d2a75ead8f41c65a8ecf00c199fd70587829edab75,python_ast_syntax_structure,205,,,False,83,143,NO
backend/routers/customer_feedback.py,a41fb83004c4afed5d01fd2a20a7ec438df5bcc8f8248062fc30ab1b035413e5,python_ast_syntax_structure,95,,,False,63,67,NO
backend/routers/customer_prices.py,cd3364d3252a23f4f561cf98efb5e98634623de5365badff787a7f0f3a09ba2b,python_ast_syntax_structure,221,,,False,110,127,NO
backend/routers/customers.py,2c381aa4e5e0643072ab034a1dd6cc6bcfd48ac463348d2dacfa014b982cfb97,python_ast_syntax_structure,275,,,False,122,180,NO
backend/routers/cycle_count.py,1ccdd79e67a3d3daba5047d49a6205ad4f4a49fd4ae1d34136f3cd65fcb18d0d,python_ast_syntax_structure,341,,,False,150,185,NO
backend/routers/dashboard.py,ccc8b1481c45dce5d30f1684bc51ca35e0f9d4dc0ac2e39b43e2095a38e2005b,python_ast_syntax_structure,125,,,True,66,68,NO
backend/routers/data_hygiene.py,b8f48d8fe3afbbd6c1d09f6e234babd0996f258991197ca3b8b1762e75c17bb0,python_ast_syntax_structure,85,,,False,49,63,NO
backend/routers/deliveries.py,65d3442e6a6abb13821a16dd1a4165ed376d0b0763ced1a3f2fe0eb12666d567,python_ast_syntax_structure,119,,,False,51,87,NO
backend/routers/design_gallery.py,b7164b0f9bab79d42ca706cb5ea2aa87b8de4d76eceeb779a6f533263cecf7b1,python_ast_syntax_structure,358,,,False,133,224,NO
backend/routers/design_requests.py,d92ef1c54410d4c3e823e2a3743f5ddc5e66c5cac3efb43ef5061f31068ea66c,python_ast_syntax_structure,398,,,False,185,243,NO
backend/routers/design_studio.py,68d99c3b8db6e03e4d216c99a76879933b2de025f09d0771fbc4579ad28162a8,python_ast_syntax_structure,309,,,False,154,201,NO
backend/routers/documents.py,4ba6485777a971763a7e6fe200f53e3f595d50fc3d36c02964106db7503ad8aa,python_ast_syntax_structure,384,,,True,146,206,NO
backend/routers/entities.py,5ec91419d86207c738ccd2607947161bbac24506c74cd6efca4ddcc03bea2861,python_ast_syntax_structure,232,,,False,91,114,NO
backend/routers/entity_masters.py,4fb1742dfb693e33182ae67965df986514cada17615608babcdb494fc17a6569,python_ast_syntax_structure,99,,,False,28,56,NO
backend/routers/enums.py,3c6d96a802fc1aae93840e32be3e916a8f5fa497410f5c8764c1f2bc1969da50,python_ast_syntax_structure,124,,,False,51,71,NO
backend/routers/esign.py,fec8e58ab63b389c8b081ad11aac1c322026f724ac94df190e2c04ac4c11dcb5,python_ast_syntax_structure,91,,,False,42,67,NO
backend/routers/finance_analytics.py,4cbaa128c8210654610f79d476d52be5b13d2481a084e3001770c0fd5fba5622,python_ast_syntax_structure,69,,,True,32,32,NO
backend/routers/finance_bi.py,fb3e0ddba4a0b09eac43bab4fece529577cb67c27c5a36b37f28612eebf9fe72,python_ast_syntax_structure,36,,,False,16,17,NO
backend/routers/finance_cases.py,03ce2fc2166d629bb4889178430d56f1235c5d5235d8cd77c4281dcf1d245bb1,python_ast_syntax_structure,191,,,False,68,110,NO
backend/routers/financial_statements.py,98c0e17c934f5c2a1e2094c749df575eaba31608be5d09db06e5b19f09c83e0c,python_ast_syntax_structure,261,,,True,138,146,NO
backend/routers/fixed_assets.py,f1ec80e9d300afe10e1629b8a85f70e603fcb40f270b7912aad25dfeda9c2dae,python_ast_syntax_structure,199,,,False,78,127,NO
backend/routers/fulfillment.py,111c01b5c096876d07f0e80aeb982d8d5f3924b1929e96f7831a0c8d47262593,python_ast_syntax_structure,49,,,False,30,30,NO
backend/routers/gl.py,498970673fee51ae8b25d7c9e632139875b91b3e5ac654b845eb519ee6f6e814,python_ast_syntax_structure,338,,,True,153,179,NO
backend/routers/goods_receipts.py,ec48825d8249a2e9ea96d33df186b585097ce2f208b356038758942c6c529d77,python_ast_syntax_structure,297,,,False,168,196,NO
backend/routers/home.py,5c1b5b8b7fbefb04cfbf23008e0951a38454bb4a3c6ee77a677f56c73a5c3750,python_ast_syntax_structure,106,,,False,46,47,NO
backend/routers/hr.py,a335e6083e33ccc7e6667e4b059a3cdf143da6bac064f276cc2214388a77f981,python_ast_syntax_structure,484,,,False,158,290,NO
backend/routers/hr_analytics.py,49af559c8c68aa101d4fe509e457039774ce5eeb0059c35fdd156d797fa976d9,python_ast_syntax_structure,23,,,False,11,11,NO
backend/routers/hr_attendance.py,f2600187ab8e23f824cdc18daef949b909e6478aaa778e8605c945ed231ea342,python_ast_syntax_structure,514,,,False,120,343,NO
backend/routers/hr_kpi.py,d06d495f2890ddb733f90661650be56107fbad49fb2f45590bb0282b3f382981,python_ast_syntax_structure,107,,,False,33,75,NO
backend/routers/hr_leave.py,5c9c6aac2b74c3c6e81f20891eeb9910d6dc913e34e9b0260819636a5dfcad17,python_ast_syntax_structure,260,,,False,118,186,NO
backend/routers/hr_payroll.py,b7120ebd0e036256c85723db98b1ae84a97006f75ae2fa883562b8b0c441692f,python_ast_syntax_structure,263,,,False,127,188,NO
backend/routers/hr_tracking.py,661d48dfc31a315953c3d9d7ddf936a7fce0e29f0fdd232124d135c9f7433f87,python_ast_syntax_structure,254,,,False,72,154,NO
backend/routers/inbound_receiving.py,f376dd78e418959e33e4efbd12b7efb04ba3ecfe1660c3b9200b80fa882a7fbc,python_ast_syntax_structure,308,,,False,82,115,NO
backend/routers/inbound_receiving_extra.py,b35a46ea9da63269fa68cc75283461481ca5cb3fdf6533858bcc4395c7049632,python_ast_syntax_structure,269,,,False,77,110,NO
backend/routers/inbound_scan_label.py,785968e9bca4eeef89e2e307797c73a25ebee7e4cae7ec78371bf1aa7c4b301c,python_ast_syntax_structure,326,,,False,87,207,NO
backend/routers/incentive_rates.py,c2bb02e01f69ccbee17a6891753cadc6d94d61dfdf28159289ca821f3ea90eb5,python_ast_syntax_structure,105,,,False,38,69,NO
backend/routers/input_tax.py,83371f3c727610b6df80edbf63dfd8d234666038b7e7305a5c4280feeb2abbb7,python_ast_syntax_structure,194,,,False,48,100,NO
backend/routers/inspections.py,a28d10585c76c6a127a47fc1f0e024f11e0cf3d40b258b2e3758623cf3c82605,python_ast_syntax_structure,391,,,False,152,191,NO
backend/routers/integrations.py,38e5521263b442ab2c4cd6b0199e90f0566f9382b27c667d1fea56a168f7fcdb,python_ast_syntax_structure,84,,,False,28,55,NO
backend/routers/interco.py,4afe28e68f53c5f76c76c434e089d566c8bf0b9b101297b041eeb4cd866cde45,python_ast_syntax_structure,502,,,False,205,301,NO
backend/routers/interco_loans.py,be53edbb8da26e1ef2ef0cdd0e09a55936a01e25e869d40fc599a7cc42713f6c,python_ast_syntax_structure,130,,,False,37,78,NO
backend/routers/internal_requests.py,f9d9fb45475799bac66cd8009a26ce5bdf44619298b39d82fcb0c16e7f001665,python_ast_syntax_structure,226,,,False,64,128,NO
backend/routers/inventory.py,357f3d85aad729e5042ce2effc51cc7659e1319e156795b1d1c3bac2dc7ca0f7,python_ast_syntax_structure,534,,,False,262,286,NO
backend/routers/invoices.py,b9a4509997488feb2815a8e8397d1cc263fe767e339e5b65dfe7d3693175a251,python_ast_syntax_structure,155,,,False,66,82,NO
backend/routers/label_printer.py,a86d38bd0c13ac6f27b09467d2d3715f7ece4290a8549b92099251fcabe9f105,python_ast_syntax_structure,144,,,False,18,57,NO
backend/routers/landed_cost.py,28c995a6054234a8c44b0001a2a9d826472fd872021810212222926a47061a5a,python_ast_syntax_structure,392,,,False,71,201,NO
backend/routers/logistics.py,096331dba8e21c82572bae582f538953ea630fa8ae6ef9b0e26718ac594499e9,python_ast_syntax_structure,302,,,False,203,220,NO
backend/routers/lots.py,ad7cb437f0e5f9941aa138b3b94c74bdfa6fea337e0f381fb987c3d93ebc4a7b,python_ast_syntax_structure,353,,,False,110,209,NO
backend/routers/makloon_orders.py,a9a1fca85188f528fc2b33c6b141ac2e71f0bf2a1321398aa21fc5f68dbdbd42,python_ast_syntax_structure,283,,,False,144,175,NO
backend/routers/makloons.py,d3a2c9411ce56c52bcc95afa21e83284d817b3e38733f6dde43e2c7b7df510fb,python_ast_syntax_structure,142,,,False,43,84,NO
backend/routers/marketing.py,5f40250316bfa693a7e5b827637212a09649de383243637af1b1e5fac2b574a0,python_ast_syntax_structure,439,,,False,332,348,NO
backend/routers/master_governance.py,63dd039078bd140e2282812ea0086ebebde4bb0fc24458c1f92dbee3e63f3973,python_ast_syntax_structure,49,,,False,31,31,NO
backend/routers/notifications.py,717adb5e70daaa56e89191b986bbeee8d77ea9324a1b1a886ccdb045d1495b2b,python_ast_syntax_structure,114,,,False,41,49,NO
backend/routers/ocr_samples.py,9a755b6c64b237307b95aec6678439609f8bab03d0a734d215922836c06fff94,python_ast_syntax_structure,89,,,False,37,61,NO
backend/routers/onboarding.py,b32de2f526ff6ceb1a16777f1c54fc8addbe1ca279c2965e64355ea5a34bd665,python_ast_syntax_structure,84,,,False,19,29,NO
backend/routers/outbound_picking.py,38e3b2f2ce53756a02cefdcbcb1f450e7c4fc595f8657babff4af7f7d4695693,python_ast_syntax_structure,549,,,False,184,259,NO
backend/routers/outbound_picking_extra.py,85cf4bff18839135068d2b94b7d6630a769c295bb2d2f22b72a2385ef0375df1,python_ast_syntax_structure,315,,,False,60,72,NO
backend/routers/payment_plans.py,b79be87b4314e5d22361f5dcbbe956b04269db2d40d3458b1b26a7280454b7a8,python_ast_syntax_structure,261,,,False,93,158,NO
backend/routers/payment_variance.py,95af00e9e5b628dfec7c346967cc66560610a83123509df9dba6e71fd4f4feb8,python_ast_syntax_structure,179,,,False,70,100,NO
backend/routers/pdf.py,b982c45a05014b3c61c20cd5561e2e80c4fb6f4f880ff05ce971fa790d0ef776,python_ast_syntax_structure,270,,,False,123,175,NO
backend/routers/pegging.py,b3380317a0120fe96768b0d4805bb8dabe983c9439173898ed1f987951c66781,python_ast_syntax_structure,120,,,False,30,71,NO
backend/routers/period_unlocks.py,f7bbf291023370642c54ab884fce6fba098c6fcfdfee6856fd0e50aede8b28b6,python_ast_syntax_structure,122,,,False,58,77,NO
backend/routers/po_board.py,264412479bbfc27f65aaa69a526907fd4d70625da73cc91174c91cd551a84701,python_ast_syntax_structure,90,,,False,33,36,NO
backend/routers/pos.py,62fcf4d57f236ef873a0ded6dd6c810733ceb8c7f201a94116366a9d41005a32,python_ast_syntax_structure,50,,,False,20,20,NO
backend/routers/posting_failures.py,00874c5ed174b69338ad9ad85539180fe6eca69bed6d7769abfd89f99ed48a93,python_ast_syntax_structure,114,,,False,42,76,NO
backend/routers/price_approvals.py,9aa0160df0ed0c920500567e07e7058d3883becbc90ccb8e17c0ceb6a7594d11,python_ast_syntax_structure,588,,,False,132,311,NO
backend/routers/pricelist.py,e9b120d1c52366f30e2d76e66b6a0642a831ce9b29e5b10203730e0d4ca5b459,python_ast_syntax_structure,163,,,False,67,100,NO
backend/routers/process_recipes.py,d3c93b40523709a425ed207851826b9345b86edfc4bbea08c86c5e4544e2cd67,python_ast_syntax_structure,142,,,False,31,84,NO
backend/routers/product_media.py,51ecd0eecc5f1840a74c3561bc152c86ea82ef856f8bb0a24435a31b4a0af971,python_ast_syntax_structure,186,,,False,70,150,NO
backend/routers/product_templates.py,297d5651b640b0e6228a5821d58ab94a9533a260345b7b29a8f8a8ccf7701e13,python_ast_syntax_structure,138,,,False,51,105,NO
backend/routers/product_traceability.py,e2876dd2173fc56cd3f22692e85bcdf995814a2ef6837a0480ec0a86ba6d7e71,python_ast_syntax_structure,238,,,False,87,106,NO
backend/routers/production.py,0b820eeb9b204dca27bf59c1791bbaed0ee57b19f866ff9a780ecf009fc27ff7,python_ast_syntax_structure,228,,,False,115,154,NO
backend/routers/products.py,96c48f17b6d15371d2c03cf96c40fc164887075e1b2bf1d3f524e8dbe8305b61,python_ast_syntax_structure,337,,,False,188,227,NO
backend/routers/purchase_orders.py,f83c0ffbdbd0b75952c36a0f1e7dd0af3fd7a315d4b711b177ea0f54583c0ca2,python_ast_syntax_structure,971,,,True,396,479,NO
backend/routers/purchase_orders_extra.py,1a49c7ecd4a46703db618fc50551b93cfd568120f0daa1c203f95890daa79dd6,python_ast_syntax_structure,259,,,False,96,136,NO
backend/routers/purchase_requisitions.py,8940ddda2b98157836d639b768cdb83163e3bab4aab663f32d03394433cc217b,python_ast_syntax_structure,293,,,False,129,196,NO
backend/routers/purchase_returns.py,b0615cbae7bafd7632382aac7237c949e8a9f83db401d430163d80d68023dd11,python_ast_syntax_structure,255,,,False,127,159,NO
backend/routers/push.py,597f976acb2d71d4d2fec8be2e3ff5f024b086c079fe08ae35ffca0604a237ee,python_ast_syntax_structure,87,,,False,33,52,NO
backend/routers/putaway_orders.py,81fe23f1888434cb13d3b1d26a00097745241b74292129e37e122378a498c1ad,python_ast_syntax_structure,100,,,True,62,62,NO
backend/routers/qc_inspection.py,98d219359d92824387ffb7ff4ca98904dac89370635b0a0dbcf226a88b75cf9e,python_ast_syntax_structure,190,,,False,95,118,NO
backend/routers/reporting.py,e69e587cb594b676f255858833a1f9ce704ee57e4c128ad5bb79222e2d30b6f9,python_ast_syntax_structure,290,,,True,130,139,NO
backend/routers/return_policies.py,d2aa08804c789f48baf8c674ea3bbf0b1b69489c28a27bd64fc2b65181c56a90,python_ast_syntax_structure,220,,,False,41,110,NO
backend/routers/rfid.py,8b1fd28934aefceab41d264ff188e6d9d528c710364de9e34f5e48bdbd1ece27,python_ast_syntax_structure,671,,,True,383,466,NO
backend/routers/rfq.py,6bb86ae4a1988b5914a4d3dbfb72f4fa0374b189eec6a96c1c600ae99773a35c,python_ast_syntax_structure,216,,,False,44,133,NO
backend/routers/rnd.py,9a8064928f1b33218389ed183a99866ea9d6532fa38ded6a3b39e780278b5919,python_ast_syntax_structure,856,,,False,400,496,NO
backend/routers/rnd_org.py,c157be00bea796c42b4235ca3af626b3c36f2e6939a998278cde3c4c8bb99114,python_ast_syntax_structure,73,,,False,31,42,NO
backend/routers/saga_locks.py,94bda0a0057d397747101c3df33b2e894e0e9b4c2ad1843fba20aacd4f1e0b4e,python_ast_syntax_structure,120,,,True,68,72,NO
backend/routers/sales_orders.py,d6b581bca87ffa8f67e4c803093e9589aea9bd2dab79e5f3e27a18bceb570b95,python_ast_syntax_structure,697,,,True,272,345,NO
backend/routers/sales_orders_extra.py,f218e9355d1d6547d0e50e39e72702f90106718fd230f1aea460924f8a3faa9d,python_ast_syntax_structure,875,,,False,305,476,NO
backend/routers/sales_returns.py,8bea68b0360c04c068c6ff35d2fd9f0dad371d3f097cabe6a6a05e0cb9136ad2,python_ast_syntax_structure,729,,,False,260,413,NO
backend/routers/sample_orders.py,94c170a4e71f7d196e3f1dd62a1f302b449e55fce4b98f2a855d61939300e420,python_ast_syntax_structure,196,,,False,72,121,NO
backend/routers/sample_sales.py,21d25416e9654ef27f1ed45c36f919787e715ed456552c07fd5c62cc14a87715,python_ast_syntax_structure,82,,,False,35,51,NO
backend/routers/scheduler.py,fdd4de89012a6fa709a9ba336dce1dcdc7cb1e4117776d7e55fc29059a07dfaa,python_ast_syntax_structure,215,,,False,53,129,NO
backend/routers/settings.py,4be6005f8ccbcd8fda8e8291d37ae9dc2418712cd1b37d31c5a43a6ee2b452fc,python_ast_syntax_structure,177,,,False,72,105,NO
backend/routers/so_approvals.py,84d33e4108743ca8c3484b83ab9a54c105c4f937d242adf2e24dcebc1ffd3ca9,python_ast_syntax_structure,407,,,False,146,221,NO
backend/routers/special_orders.py,3bb580a195bd9b7e34569d101685af7f2b127bb8a72a23bea08338daeb21ad5d,python_ast_syntax_structure,992,,,False,313,478,NO
backend/routers/stock_buckets.py,d3de1c74128aba1cb3fb41b2cc10f2fd7afcf90f11baef20aa8dce780b98bc20,python_ast_syntax_structure,105,,,False,68,69,NO
backend/routers/store_credit.py,90a4ea402e7d5fdb8a7b4b38abb202343f71ef692042188a68ced973f8d2a943,python_ast_syntax_structure,139,,,False,54,76,NO
backend/routers/supplier_contracts.py,0fb217d6e37f550ec4337547bf035d1102f67c3a2a956c24d966374f637c9fc0,python_ast_syntax_structure,200,,,False,69,121,NO
backend/routers/supplier_items.py,3dc340f268d62a78bdd30bb161ae57717e9d565fa04c4f363472ccfc48255111,python_ast_syntax_structure,196,,,False,77,130,NO
backend/routers/suppliers.py,e2be1b607bcdc8c794970b9d3c3e61b6482340f29315462ed78c378c1201aa00,python_ast_syntax_structure,388,,,False,148,224,NO
backend/routers/tax_center.py,3854bd3fcb8c91d044824e0f411d0f75a90b2559166553435c9482b6aab9fe51,python_ast_syntax_structure,83,,,False,32,49,NO
backend/routers/tax_invoices.py,dd30925905cb2c832136fdf4ddc5420338e6497ac499865d3407e91a00b25238,python_ast_syntax_structure,97,,,False,48,59,NO
backend/routers/transfers.py,aab30d2d20aba33fe47665d8bbbcf11c6276b2e7d529866243ec61d3240d9ea0,python_ast_syntax_structure,675,,,True,225,261,NO
backend/routers/uom_conversions.py,d0d278790fb0f1ed8a0178862b5b1e5c51847c478801da665841004078f5f6d3,python_ast_syntax_structure,226,,,False,58,128,NO
backend/routers/uoms.py,ee5559ad44754ffc8671ff5b44f56cefafc4ef1f261af98f464931aecdc801b0,python_ast_syntax_structure,186,,,False,38,114,NO
backend/routers/users.py,3b99b80c7e53272bec68cc850886df6ed28b6408923fdb72108dea3ec317e71a,python_ast_syntax_structure,206,,,False,81,104,NO
backend/routers/vehicle_logs.py,efd0bc780352b286b038d4b95d145fa5894a539021394b0b26485bf3b332ce00,python_ast_syntax_structure,214,,,False,49,153,NO
backend/routers/vendor_bills.py,3658db3711d8b94931af2110b764eaa2d5f838cbd01c94aec29c80fd0c45110f,python_ast_syntax_structure,710,,,False,263,366,NO
backend/routers/warehouse_sites.py,ab35b641cbab8e1a92a393f1b81ec8d48daff61d2b84e65b6c5ab438a474c0c9,python_ast_syntax_structure,77,,,False,51,58,NO
backend/routers/warehouses.py,a4ff3d24e237f82b642c2cf620df23ab7c3935487b49fe616b01ca9c4dbe79d7,python_ast_syntax_structure,225,,,False,85,128,NO
backend/routers/wilayah.py,08c92043bab63129a56bc63073fabbc4da30bdce165a6380755d9a58b8fcd847,python_ast_syntax_structure,55,,,False,33,37,NO
backend/routers/wms.py,541eb0bc5363d7f67eea9956abd30df9002470803226f12585203123c16222f0,python_ast_syntax_structure,238,,,False,65,135,NO
backend/routers/work_desks.py,00910d3f86f6bfd7aa8068266691e5e27b723ba24806844acd46f77cc0eb8cf3,python_ast_syntax_structure,245,,,False,129,132,NO
backend/schemas.py,655bf230f28fe3e34a83d7fb029a0c61c8c026c425848c37081bb856a7b4132a,python_ast_syntax_structure,1007,,,False,647,647,NO
backend/schemas_amendment.py,169cd0c9f1289788afb5bcf403d672baf6f3aa254b9210dd58490c823ae6bee1,python_ast_syntax_structure,45,,,False,25,25,NO
backend/schemas_cash_advance.py,798b6e84864f7660efbddbf2c90621e170354b1eb666095990f5e4e0a2beb4f3,python_ast_syntax_structure,145,,,False,108,108,NO
backend/schemas_config.py,cf41c49ff0ba33f65f41fc9c212634bb446d075a32182e738fbdd044443c9d65,python_ast_syntax_structure,51,,,False,36,36,NO
backend/schemas_contrabon.py,5fa69e31b7d8f5105e46db4ab70ffb98b34a3b21db968e95af945fec902f4274,python_ast_syntax_structure,77,,,False,51,51,NO
backend/schemas_contracts.py,6baa43d30496c83c6f19f3560bd4db99064fb3972adcfaa54f89bd6cf5aa1780,python_ast_syntax_structure,121,,,False,88,88,NO
backend/schemas_crm.py,c9c2af9d3b80970d38e764427cde957c9c298cbc076bcc30b6b208c6ad4c4370,python_ast_syntax_structure,86,,,False,56,56,NO
backend/schemas_customer_price.py,3ba2f493c75d4dbedfadf9dd1773d541713c136a65493289f2a533f76f5b3f36,python_ast_syntax_structure,40,,,False,27,27,NO
backend/schemas_design_gallery.py,024e4e073acfff61858f81f983c4fa3e32fd6f91e830db39e456723d899f5fa6,python_ast_syntax_structure,126,,,False,76,76,NO
backend/schemas_design_request.py,c5d01a9b28e26d42b6e4e1b99434eb7b4d7f1c1f2833f4b4b0ffbdc8e8e5f2ef,python_ast_syntax_structure,72,,,False,41,41,NO
backend/schemas_finance.py,d92a9aee6a067c18fc13ffa9e7704cafa25c83b21ef68e04416aa917292c4be9,python_ast_syntax_structure,114,,,True,76,76,NO
backend/schemas_finance_case.py,bf26e6fc92d4442466822e6d2e22f9b0e9d396f47c4a46f5b46d00724f815785,python_ast_syntax_structure,70,,,False,49,49,NO
backend/schemas_goods_receipt.py,2a2e6950a8f9275a7da1cee3be6e26068ba91fdcb011e4fa2a9f930853b77648,python_ast_syntax_structure,124,,,False,91,91,NO
backend/schemas_hr.py,7a8d5cfe3fe47f3b8328c3beb21cb14350519fb2c988c714330a007ed480b84d,python_ast_syntax_structure,79,,,False,61,61,NO
backend/schemas_hr_attendance.py,b8c037c372ba51f2b75b5455745cbb47d5d06cfc98a21d2a5f23df38f9499836,python_ast_syntax_structure,78,,,False,49,49,NO
backend/schemas_hr_kpi.py,d88c7d16dd5dafece626ca58337be5bd10e73a31a9357000d5e98c39a544e385,python_ast_syntax_structure,31,,,False,19,19,NO
backend/schemas_hr_leave.py,77d8d6276f72fc16e4082b97fb608ffe8b93dd5278afd5f2bbd525780ca9b03e,python_ast_syntax_structure,40,,,False,21,21,NO
backend/schemas_hr_payroll.py,1352083901f64df4fd8f64b968c0e1b4981397bf7a1cd868ceae77ddda333484,python_ast_syntax_structure,23,,,False,13,13,NO
backend/schemas_hr_tracking.py,b3d1ab9e00af010ba7438307dab91b48df20089ed61c62f20f66cca0a2d7ed3b,python_ast_syntax_structure,34,,,False,20,20,NO
backend/schemas_inspection.py,db3746cf12e3f11dae93d23ca84d6ce1646a20661eee25f2b42e59673f5a29c3,python_ast_syntax_structure,78,,,False,43,43,NO
backend/schemas_integrations.py,c899ffce350338d084c111c4fdf7bd6df198e4f27dcd3738a5f66c122c1bd06e,python_ast_syntax_structure,29,,,False,14,14,NO
backend/schemas_interco.py,b0f7f9ef3972b96f88153624eca9955e168a08aabae27612de877e394ead9668,python_ast_syntax_structure,102,,,False,55,55,NO
backend/schemas_interco_loan.py,1a2fd3634f6ece816cf5d3c5f6ec52979bcf597678908c653358c3496ee15efc,python_ast_syntax_structure,39,,,False,25,25,NO
backend/schemas_internal_request.py,a3eb1ca8ba12410fd2e2017c7ce4b8bd39b646034c61fbb2e6f07f674d2b671c,python_ast_syntax_structure,44,,,False,23,23,NO
backend/schemas_logistics.py,858c1f1d1fc35fe4c65686ea68129ef3c02d2d64941c5d1187cfc1dc042bfa69,python_ast_syntax_structure,88,,,False,66,66,NO
backend/schemas_lots.py,d4056471ab32ee455056394212f5d8e01009dfcf920abb9b2e93046558696280,python_ast_syntax_structure,83,,,False,58,58,NO
backend/schemas_makloon.py,f1254dca079faa25f51300745ddfaa4079cabbd03a5b29b05d4cf105c6d94d05,python_ast_syntax_structure,245,,,False,178,178,NO
backend/schemas_purchasing.py,4aced1ae050a8bd47f22a4723480219c988f179f91a8314d46e2bb19da9541fd,python_ast_syntax_structure,592,,,False,375,375,NO
backend/schemas_rnd.py,50a1cb4a4228ff60bd34d99fdfcec0ac58921610dc8e01ea8adfd01c6a42a26d,python_ast_syntax_structure,248,,,False,163,163,NO
backend/schemas_scan_label.py,f96ef211bedec847c07cd756d3d4ddb3d7254bb688d8cda0da252e8f8af291e9,python_ast_syntax_structure,54,,,False,36,36,NO
backend/schemas_scheduler.py,b2fa3864e67b7dd13d59618f5f11dbc67e3feb62fd65c7e5b5428ae0782f388b,python_ast_syntax_structure,62,,,False,37,37,NO
backend/schemas_supplier_items.py,f568d5fcaebcfd09e9127ba63e178b0e6278f1dce274eaf04fbbbae29db5fcca,python_ast_syntax_structure,84,,,False,60,60,NO
backend/schemas_uom.py,e3d5993ae1027b76e9470152d4427e7c5fe35bd3bf80e79c794e5427e82cd580,python_ast_syntax_structure,65,,,False,45,45,NO
backend/scripts/__init__.py,42d4c1d26c1e1eed799297c1593d80783c7ae226cbda6dcc4de9297721bc9037,python_ast_syntax_structure,1,,,False,0,0,NO
backend/scripts/demo_api.py,3a264715113dbed7568ab64b63b688c3c0d024dd09eff514ec0094347a4fe581,python_ast_syntax_structure,98,,,False,0,73,NO
backend/scripts/import_master_produk_kn.py,df67b9c74b73194a5b8f0093609f6509b57951352358bc99b242cccc10e002b6,python_ast_syntax_structure,232,,,False,0,144,NO
backend/scripts/import_stok_awal_kn.py,b3b1c87b2fe9ef68a48989eec37a9499bcfccbbe26f0864254ab64d926fddd77,python_ast_syntax_structure,157,,,False,0,99,NO
backend/scripts/migrate_entity_scoping.py,7fcac52440a52e8ace60d1a9d1eb917c24cc6b1791e8ac997000b5dfa64c7230,python_ast_syntax_structure,140,,,False,80,92,NO
backend/scripts/migrate_fase_a_domain.py,dfbac1fb14b2459f9ba692a64b58753383bbdd14b25d644207e3748bf243ff19,python_ast_syntax_structure,198,,,False,0,122,NO
backend/scripts/migrate_fase_b_uom.py,0d9630ec772b64853af34b87af6249d3cd066ec727b9329617fd58a786dfac4a,python_ast_syntax_structure,123,,,False,0,77,NO
backend/scripts/migrate_fase_c_lots.py,9805ff32a8d2cf2f1ef9810202f2cf379b9aab72d0d3bc14dc84d108a3786a5b,python_ast_syntax_structure,56,,,False,0,28,NO
backend/scripts/migrate_fase_d_contracts.py,6fb757746d03843060b012fae71dfc78fd52a651998c2cbf5e415625c23cf3ce,python_ast_syntax_structure,137,,,False,0,90,NO
backend/scripts/migrate_pending_approvals.py,583381d1ed7cf05b7bb8952694c3d00f1e11fb7ca37159e5a9d15458581a236c,python_ast_syntax_structure,51,,,False,0,25,NO
backend/scripts/migrate_roll_count.py,7d5129cef8e40616d7c3430fde6678e64e99117a790e81942000b4b50bbefd2b,python_ast_syntax_structure,38,,,False,0,17,NO
backend/scripts/migrate_so_status.py,ed9844ebf1da34534b526f2d33d5b2084fa3abc1a98b5d962cfc6fb434a89b59,python_ast_syntax_structure,52,,,False,0,24,NO
backend/scripts/poc_f4c_group_sales.py,8c17e7bc32f75c33b3579f984cff3c161114a187ec64028bfcb93dda977161a1,python_ast_syntax_structure,108,,,False,0,65,NO
backend/scripts/poc_so_status.py,99a075aeb1ceb8cacf424de700489487e246191c18f023b10de3963eea9830db,python_ast_syntax_structure,109,,,False,0,63,NO
backend/scripts/seed_demo_lengkap_kn.py,73ba541ec1325c8db7a030ebdb655a06894306a24651ccc14db5a0aaddbab261,python_ast_syntax_structure,435,,,False,0,257,NO
backend/scripts/seed_demo_transaksi_kn.py,4de671ca9b3823b9e8055e68863be4d56d8a1dbf6fad9acade29cb67e9e73313,python_ast_syntax_structure,425,,,False,0,285,NO
backend/scripts/verify_entity_scoping.py,9395b64a968323bd1b372cff5e51181387cd848eded0494110d95143c0acb454,python_ast_syntax_structure,120,,,False,0,68,NO
backend/scripts/vps_enable_ai.py,98c5412e9d98064894f5cd30640b5ebe41fc00995c8b3a702afa494db4b13daf,python_ast_syntax_structure,106,,,False,24,79,NO
backend/server.py,7622ba9d99a1da499044fe8296d701b82b81ed2e2d91df9942fca1d1b53401c4,python_ast_syntax_structure,354,,,False,124,196,NO
backend/services/__init__.py,bd2ddc60e07a94868d3ebbe3689df4b93c08343cacb9fbe6f193afe86a1f1649,python_ast_syntax_structure,1,,,False,0,0,NO
backend/services/advance_report_service.py,f2f41bc40caeaca5e51388eb2299b6f3e78dbe7371372c54e0317f640bc456af,python_ast_syntax_structure,111,,,False,54,67,NO
backend/services/ai_actions.py,f5916909c4e470a743cf492484a78250a50be19115c4aa023a846a29f99c7c76,python_ast_syntax_structure,222,,,False,136,168,NO
backend/services/ai_chat_service.py,76aea7b4e063af2fe5e0a17aad0088632de78077ef39faae132820f8dee14a0c,python_ast_syntax_structure,344,,,False,136,235,NO
backend/services/ai_cost.py,9798557566d1a42b84977326714023ecc7a62522f700bffdeabe493a8b6db0c8,python_ast_syntax_structure,42,,,False,19,23,NO
backend/services/ai_forecast.py,37e54fe4eccc51dd66244ccd414ae4d071c81bddf55d562e21aa1b859de5863e,python_ast_syntax_structure,112,,,False,59,73,NO
backend/services/ai_insights.py,d83d7e5277fd6fc09a61e294de0bbdb0f51945bfdbbd35713ebaabb46785988a,python_ast_syntax_structure,147,,,False,90,91,NO
backend/services/ai_narrative.py,536ad8764515f831c4d7077c699647566842c59204e39a2ad65c433a314dab49,python_ast_syntax_structure,115,,,False,61,84,NO
backend/services/ai_number_check.py,870a66902e877da56b499fdc0aa3c091c882f8047fe1b3787cc971106011f570,python_ast_syntax_structure,88,,,False,60,62,NO
backend/services/ai_ops_metrics.py,3cdf2e6d9330ec28ab3320b86a289245c99576038acba6c0f9701579faeae09b,python_ast_syntax_structure,163,,,False,83,87,NO
backend/services/ai_schedules.py,d15ce826e18012c4198aa88373e3ddc2b9a07af6929c522e3f977bae02088ba5,python_ast_syntax_structure,127,,,False,85,92,NO
backend/services/ai_templates.py,7e9598a3e9a9738f4eadebba20911a5efd1d02200fababf60ed0d5b73be18681,python_ast_syntax_structure,147,,,False,106,112,NO
backend/services/ai_tools.py,897406b65e326313ef5ce8226d229e718fd4e0b64e77f741081c9eee89b570be,python_ast_syntax_structure,499,,,False,268,328,NO
backend/services/ai_usage_report.py,189c0625a2d5391c8e2d5dd7cfe4ecfcb838a650e582ca8f5cc9f13f2fa4ea5f,python_ast_syntax_structure,112,,,False,72,76,NO
backend/services/alert_ops_service.py,dcf6b65c00b107547c09cd127617df49da0211fa8b7f854f7ff7feae9f244761,python_ast_syntax_structure,335,,,False,104,146,NO
backend/services/alert_service.py,bd40d606acaafe57cf550979ac0045bc986546aeae19725740472f1f84f5f061,python_ast_syntax_structure,319,,,False,25,177,NO
backend/services/amendment_service.py,c36e6ad75b386412c71e888269aa27beb5fab7b149fe02b8f9936b256af7b9c0,python_ast_syntax_structure,850,,,False,239,321,NO
backend/services/analytics_catalog.py,91002a0bc5809695a014b2cf536a8152b94e2323c1ee34fac900ba54018798e1,python_ast_syntax_structure,144,,,False,32,32,NO
backend/services/analytics_config.py,7222a19a5ebd9ce67292acda06244f9b7ac036608b3ed8bfe41d1f8a62bd85f0,python_ast_syntax_structure,22,,,False,9,9,NO
backend/services/analytics_engine.py,c8e503494ae961853e06594b12b8a305d4ea476b24067f3fced5ff654292146e,python_ast_syntax_structure,707,,,True,457,503,NO
backend/services/analytics_facts.py,afd78da3a03fa96f7fef9e6cd36f2c4e210900d38a51e30fc4f1d7fea8d12613,python_ast_syntax_structure,243,,,True,122,149,NO
backend/services/analytics_snapshots.py,6a76828bb263ef53bd9725ebc71b7b36b382dfcc99e5867101b0f3ddf8940d15,python_ast_syntax_structure,69,,,True,46,46,NO
backend/services/analytics_time.py,1774d161149a4f4e21507a324e15851747f75b81a0619f30d84b43b4ede6d6a3,python_ast_syntax_structure,218,,,False,119,139,NO
backend/services/app_url.py,3f3e42864697e3bc64ecd2c66c5881f449e18cae139fa747257d24ec8b8dd76f,python_ast_syntax_structure,82,,,False,34,47,NO
backend/services/approval_backlog_service.py,659fad182e111b824f3b230c5ec2c7056c6e4b3dcca8176d991c5b536258a684,python_ast_syntax_structure,695,,,False,115,132,NO
backend/services/approval_matrix_service.py,e179f91c1a0b2add0701153cffbaba5461a959d18b289b21842ab176d71e5b52,python_ast_syntax_structure,544,,,False,192,254,NO
backend/services/approval_reminder.py,a82b94b4b843b18f37a7da098f35c40ac099da25f3cb70c34d355c88d0492dbb,python_ast_syntax_structure,133,,,False,39,44,NO
backend/services/approval_service.py,bc331708427c039c51943d362d701c5ea2a8322b55b9aa736b01b1e832994553,python_ast_syntax_structure,138,,,False,25,27,NO
backend/services/ar_aging_service.py,b7a2b4becbc8eb5d47947c3ce1c5b52439da253da7bb412a797f009b5ddc4a07,python_ast_syntax_structure,460,,,False,203,221,NO
backend/services/ar_receipt_service.py,5be168602b43f79e434d7b566c7671c21c218b57ba0e893b5ec4d8be1dd7b0d5,python_ast_syntax_structure,760,,,True,287,386,NO
backend/services/atomic_claim.py,5896107e3e36c70367de61bfe6d8558d10b49c6970d09b07b024cb88f2f5f37a,python_ast_syntax_structure,63,,,False,22,23,NO
backend/services/atp_policy.py,380cc66cdcbbdc458b70b3253d405bb1b83b6b05b6e08255dfcc0145e1ed6420,python_ast_syntax_structure,66,,,False,30,34,NO
backend/services/backorder_service.py,13ece122e7dd5663021806fd1217299472aa38413e5d2f1d5c514382dc9b138b,python_ast_syntax_structure,134,,,True,72,82,NO
backend/services/bank_recon_service.py,b16bbfbcd49399561ea1c2bd8405a674f1918ca885ff3ae356e1ba997ed18de6,python_ast_syntax_structure,1394,,,True,362,740,NO
backend/services/bank_service.py,b50d536b5227ab59c146a5b40a8de18be523d78dbaa6ebb93f78ce7d181875f4,python_ast_syntax_structure,177,,,False,91,103,NO
backend/services/bank_statement_parser.py,fcbe9a5edb4b90ea42e628ca161bde03c1ac86528d442d9959f14241ca129357,python_ast_syntax_structure,512,,,False,52,277,NO
backend/services/base_fabric.py,ce9cbdd7e76834a5e10207fb78d948fa789fc80ce0859a7b4784965dc1e0b02e,python_ast_syntax_structure,26,,,False,10,18,NO
backend/services/blanket_po_service.py,1ce22a415f7fe5b80bef5bb394d89e043856bd47f89eb78fba1d92acd401aec4,python_ast_syntax_structure,348,,,False,41,194,NO
backend/services/budget_service.py,b32dcdd19f4cc38991492f6573741cc6ef0e16b66f70fada695cc33467bfea47,python_ast_syntax_structure,519,,,False,209,322,NO
backend/services/cash_advance_service.py,582484620b5ee0c208527a1908a48909aef04872ed90fd84d80330d78c38f7b3,python_ast_syntax_structure,646,,,False,175,363,NO
backend/services/cash_entity_service.py,ee81ebb33d649c445141cb0eeb1613ff122e13f8d7f69b46248d0c26f3a6eba9,python_ast_syntax_structure,98,,,False,22,29,NO
backend/services/cash_flow_service.py,ff2921bd124b7940aff7611e3fb5deb25e0b91fc480382f1702c58072e8fe2d0,python_ast_syntax_structure,134,,,True,69,71,NO
backend/services/cash_ledger.py,9cde2a9d5993aedf9d2c037308f39a39b4cb96f895f789d9346e13a9733c9212,python_ast_syntax_structure,73,,,False,7,23,NO
backend/services/cashflow_forecast_service.py,4526bf1161284a20d7e261c175e6ad6f374caae4442502ad877002d37c9b7c62,python_ast_syntax_structure,138,,,True,77,80,NO
backend/services/catalog_access.py,f30049d3b36dafce28d5bf82fa06399df18e04697c00c79ff34c583e4a087bee,python_ast_syntax_structure,53,,,False,34,41,NO
backend/services/catalog_rules.py,3fbda99b5dfc0178f81348d5b8e6cf0c1b4a1dff5e498efc7de6d8c7dbf54277,python_ast_syntax_structure,102,,,False,52,84,NO
backend/services/closing_service.py,5e2b363369f9e793714d9aa07e2275e1c91ad18887ee7a98c156ef6e01cace4e,python_ast_syntax_structure,451,,,True,189,207,NO
backend/services/color_card_pdf.py,29823053d0e08cc14482a5f864d50de4d07f63076c877d4c6fb0aa94ce3ebc84,python_ast_syntax_structure,76,,,False,20,22,NO
backend/services/color_lock_service.py,0a976f990f65b8523e6166f10c8ec44e3aa794769adbc0f897cd09a2a2411d00,python_ast_syntax_structure,165,,,False,46,99,NO
backend/services/color_service.py,774f902b0491d35ed158e9ec627d61cb47167d168b768fade269244ee723a791,python_ast_syntax_structure,398,,,False,167,247,NO
backend/services/config_currency.py,8e158201d2cf3475d7da421c24e8c9c19db3f8c15169f836062327d1708f708e,python_ast_syntax_structure,64,,,False,16,33,NO
backend/services/config_health.py,86f61a19a4151d77824773a2a0f0d68a7f82162c90434715f0a9ca1126222190,python_ast_syntax_structure,116,,,False,40,61,NO
backend/services/config_impact_service.py,2985ef6773fe01ec3b924d83510f3826cd4aa89ed5c69e07a77e5214b1fbf109,python_ast_syntax_structure,258,,,False,0,113,NO
backend/services/config_resolver.py,d4d4bb63195953f20cbc33e74a9abcd70933ad9880ba05ba62d18a6d43d3a610,python_ast_syntax_structure,603,,,False,234,290,NO
backend/services/config_service.py,fef74a23fd15c13bcfd7586593aaf6878c854672754e269d45f07cd8f9520255,python_ast_syntax_structure,547,,,False,177,195,NO
backend/services/config_simulator.py,d68df496962e1cca0960a5e4679997907348586b2b798b7665124f6a2fa17866,python_ast_syntax_structure,598,,,False,38,307,NO
backend/services/consolidation_service.py,1da6bc4c4ff27ec940186d1b7ff542441959a2d3c6201f7f1223d70b0fa303ab,python_ast_syntax_structure,759,,,False,272,301,NO
backend/services/contra_bon_reminder.py,28a35cf1870c0ed054958055622e090721522aa18335a59e899406a2fdce530b,python_ast_syntax_structure,231,,,False,86,107,NO
backend/services/contra_bon_scan.py,41479bdeadd4ea9ee4fdd62cdb5a2234fb9702110d1649401e5fa198dddf5723,python_ast_syntax_structure,244,,,False,0,138,NO
backend/services/contra_bon_service.py,5c7616cd1697603a0301640f2afeb17133fb3ade51e9e0e05e20d5f3af80d8a3,python_ast_syntax_structure,1409,,,False,480,694,NO
backend/services/contract_service.py,c3965b870e10b18d301484802d4ed8c77b405d754adf0867ed76cfd1dcf5996d,python_ast_syntax_structure,573,,,False,197,335,NO
backend/services/costing_service.py,03967e44cd380eecb4cf85c1dcb8c579f85c34b77a4a722d8231f937b13ec6db,python_ast_syntax_structure,146,,,True,76,82,NO
backend/services/crm_omnichannel_service.py,14c89643f2921981314e7e5e8c16176493d4e2207a4d39d97c3214fa0e5c250c,python_ast_syntax_structure,249,,,False,43,119,NO
backend/services/csv_money.py,a036555736deb042b9c66037429ea24daca3705bcaab8ed73349327b3861ce63,python_ast_syntax_structure,39,,,False,0,18,NO
backend/services/custom_role_service.py,c76cd6557ee5f2eac0c50d2d6c2a29b44ab2669793da286b5615ad10eddd8881,python_ast_syntax_structure,308,,,True,191,206,NO
backend/services/customer_feedback_service.py,f9c7ffffc2984f302999e77f80e6c3febc2228d3a525d322a30729d393256382,python_ast_syntax_structure,153,,,False,79,107,NO
backend/services/customer_merge_service.py,924b8791e9f179cad0cf159c8439ad751ba135dbb6b84a28c7d4e23ef466aa08,python_ast_syntax_structure,99,,,False,38,65,NO
backend/services/customer_price_service.py,7b16b64a142f7d7da794cc278c3afb93841ece90b0eaeeeaccf5f2a10d6e50f6,python_ast_syntax_structure,568,,,False,202,289,NO
backend/services/customer_service.py,9568846c18cdb98fe0b9e6052c1717092061d6b589c5676b3359c375d520941a,python_ast_syntax_structure,444,,,False,203,259,NO
backend/services/cycle_count_service.py,ac94b9f469acfe4f02601cb99b96e4336e81b468b8c4f89fc50f24ded15293c7,python_ast_syntax_structure,164,,,True,76,89,NO
backend/services/data_hygiene_service.py,c0ff67294a599d06d886d35433936310f2d333d5dfd19cd708ccbf5bdc7a80be,python_ast_syntax_structure,204,,,False,78,137,NO
backend/services/delivery_service.py,2c948bba3bbca92fb3036b5a0d9cc32ace83ee3554a7b7ef9bc3b529e58de151,python_ast_syntax_structure,267,,,False,38,169,NO
backend/services/demo_seed_service.py,fa76fee839f25457f8b4ab2fb452c43642fc41a2882d855fc96b082ee1cf8038,python_ast_syntax_structure,97,,,False,26,44,NO
backend/services/design_gallery_service.py,84e2b9826991437c0ba0b330e9821458dc7fbd17dce20919503f72cd7e41cd6d,python_ast_syntax_structure,684,,,False,176,428,NO
backend/services/design_request_service.py,b629fad36bf372a7f79a78b028df95b84af1f385dfbe3557e0ccc4858491fffc,python_ast_syntax_structure,842,,,False,324,454,NO
backend/services/design_studio_service.py,526edcf3412145bca10b6a952a8b12c7b72a9db9a60b3a4cf28998bc4997dd29,python_ast_syntax_structure,705,,,False,329,467,NO
backend/services/digest_service.py,e5cf84d9e4f5d021abc227f0e98623d5f2aab655b53f19cc971b2d326d3f9621,python_ast_syntax_structure,231,,,False,56,125,NO
backend/services/dn_rules.py,e694ff46fd971a411e3ab3a5245ca772801792780abe2f73f9472d4bf7acb31c,python_ast_syntax_structure,313,,,False,215,230,NO
backend/services/doc_refs_service.py,095c8a49858df0661d33e61eaaf6b5dff2d2f6ada4aea638f2ffc5f7b8e54102,python_ast_syntax_structure,926,,,False,268,402,NO
backend/services/document_relations_service.py,0874e8c3f3ce5a6cb5aee6725f74cfbd3f8810e341b786256458aba7b6eb63e2,python_ast_syntax_structure,285,,,False,10,71,NO
backend/services/dual_qty_service.py,610aa2ea37f25180b3872c0b604ccca1e616ee4d4d186ea4e8f9e9e6852e7fb3,python_ast_syntax_structure,314,,,False,33,161,NO
backend/services/entity_context_service.py,cffc85223907e51ef9cb593e23d3b81b26a18bbfd6aecbed67adbef8cd793a23,python_ast_syntax_structure,169,,,False,60,69,NO
backend/services/entity_lifecycle_service.py,39dcb7e0835bb9f200fb7dba6433ecb4098708242b831cc0c9ffbea2127304ba,python_ast_syntax_structure,597,,,False,235,263,NO
backend/services/entity_master_service.py,caa13625f934fc268eae6e3227b42f5cc324a43c68eb050d79f98e67ad485785,python_ast_syntax_structure,583,,,False,103,227,NO
backend/services/entity_provisioning_service.py,4837361c6db6ef492e2125b776da0578ce4525c36f031a0659f5ff72935ff216,python_ast_syntax_structure,193,,,False,70,93,NO
backend/services/entity_readiness_service.py,75f149c18cbf592b3fef6c163ed20cd5647a8fa75f1d3fe3abbd8d06ab6e7a35,python_ast_syntax_structure,135,,,False,19,22,NO
backend/services/epc.py,9e0e81d23be24a20ea832bcb80233ba89ae6c77af7ca1b2788b50d65e856406f,python_ast_syntax_structure,45,,,False,26,28,NO
backend/services/equity_statement_service.py,56d135860408dd67743a43dbb31b3f658d47ebf28293ffb1f3b751ef758665b0,python_ast_syntax_structure,59,,,True,29,29,NO
backend/services/escalation_service.py,9c154a3672272a38889154e37e98787b0a09ee2d0927b58fee2a5809249633fe,python_ast_syntax_structure,166,,,False,27,69,NO
backend/services/esign_service.py,c91bd44ac3d238948003e68b1dac97356526971cea250a349b54656a4d260dc5,python_ast_syntax_structure,205,,,False,96,121,NO
backend/services/finance_bi_service.py,a64106e50cb1e45fc19528e68957cd1775f1141da7a437a0b4ccd483b5f09646,python_ast_syntax_structure,133,,,False,57,60,NO
backend/services/finance_case_actions.py,94e048415a25a21215f206cb4e2b9b9294cfb0584a769e521719c244fadb8da0,python_ast_syntax_structure,532,,,True,140,267,NO
backend/services/finance_case_playbooks.py,ac39742946e486477db9ebd2dcc852b78fabc3272db17dd4e7ca4c70ca490a17,python_ast_syntax_structure,245,,,True,17,19,NO
backend/services/finance_case_scan.py,3907fc47dab0fa502dfb6ce18a5509d27128a33959a308521dff8f63f53e253c,python_ast_syntax_structure,259,,,False,66,135,NO
backend/services/finance_case_service.py,a40f06551ad8a8c28ef3f56389309033673b178b0b259a6db83f7b3d0104cef6,python_ast_syntax_structure,530,,,True,179,254,NO
backend/services/finance_tower_service.py,fb1ca6cb8bb372a97158d2bbe1abf4755aabf213117f4cc866bccb5479b239b3,python_ast_syntax_structure,118,,,False,50,65,NO
backend/services/financial_statement_service.py,096145614954394af3c149f787f4c61b3b2b40f1f2bde5aa0e723001b08406b0,python_ast_syntax_structure,300,,,True,144,164,NO
backend/services/fixed_asset_service.py,77aad5c06295a3f0cabcaf2da0ffb48c80b44291595cecaa5412dc9b241b281b,python_ast_syntax_structure,520,,,False,155,254,NO
backend/services/fleet_service.py,a09dcc27f46dea421d1f258636e2b6299b177498dad044bcc50148cb40eb1886,python_ast_syntax_structure,137,,,False,70,95,NO
backend/services/fulfillment_decision_service.py,ce9f260c17cb490914f3fb045cc359a74db695b448a7a3ec0b6269083849da95,python_ast_syntax_structure,293,,,False,103,124,NO
backend/services/fulfillment_plan_service.py,465b37718e8e7893d7a4648c890bb1bc5f5ea29603b620285f4aeef136d052ad,python_ast_syntax_structure,178,,,True,101,111,NO
backend/services/fulfillment_service.py,090536ef335ed69162290c9882c789c1000ad8a7878fe5fddfa558a6107a42fc,python_ast_syntax_structure,389,,,False,166,195,NO
backend/services/fulfillment_status.py,4115e18b930f11be0d612cb5a9c93a18a7ce7b4d4535c884950f69b4eff05bf6,python_ast_syntax_structure,122,,,False,64,73,NO
backend/services/fulfillment_wizard_service.py,f924c39132028665b36ca4ac12b4e6bb8e5517844a4a9ca508e86da1bd713959,python_ast_syntax_structure,163,,,False,61,84,NO
backend/services/gate_evaluator.py,f95daf6a64525e03b61c6674917f81a47ae1e6373987d5e70c97efa8d7d2b774,python_ast_syntax_structure,134,,,True,68,77,NO
backend/services/gemini_image_service.py,7f52bcf875031e40d3c9a6e9262e196e971e533e967cec5ddf23578084f5247f,python_ast_syntax_structure,193,,,False,28,134,NO
backend/services/gl_service.py,10cb5b466ee39c5f3874ab0fd6d0e2960b40df689e2d48eb860c864129330c08,python_ast_syntax_structure,3540,,,True,1331,1708,NO
backend/services/goods_receipt_close_service.py,bd815fbeeba550ace97de6fd40123c0e0687627faf25535ec46f7058c4ae1294,python_ast_syntax_structure,595,,,False,307,407,NO
backend/services/goods_receipt_ocr_service.py,27c554ce9b838a4c43ab5613f8b232f1de79ffeb69975427cc1148edf1de2f79,python_ast_syntax_structure,576,,,False,150,395,NO
backend/services/goods_receipt_service.py,09cbfb379971ee994d30f988f2b65753632a1e36be1b858d255d23cb4e7295ce,python_ast_syntax_structure,952,,,False,410,656,NO
backend/services/grade_service.py,afb5751db26885c9fafa72522b417959ea7924ddc22e950222661a52cdd9a4e9,python_ast_syntax_structure,161,,,False,54,65,NO
backend/services/group_partner_service.py,e3dfe10469d108cf284413900882bce53b629f072bb9ad4f4aaa17108885cff4,python_ast_syntax_structure,305,,,False,100,117,NO
backend/services/home_service.py,fa7e0fe13a233d5e6fdcb878c3d1f51c498aa0689ec256573064f22e4dabe31a,python_ast_syntax_structure,401,,,True,117,117,NO
backend/services/hr_ai_service.py,0e5b4f75942b28a4587cb16a92abcce77d52fe103c9b6fe558009a984ef6b235,python_ast_syntax_structure,117,,,False,13,47,NO
backend/services/hr_analytics_service.py,7ccaf30d21a4e9e211905957c5b10908bc96be3f7454baace92051eba1cafa64,python_ast_syntax_structure,200,,,True,89,101,NO
backend/services/hr_attendance_service.py,c6961d17a168d8bb03d6795620b8be0f2f97e74581171a0e0fdfda3b143c7278,python_ast_syntax_structure,273,,,False,83,172,NO
backend/services/hr_kpi_service.py,dc684f1b548dbbaafd50e5f6fa3a99d8e53c979cdbdfdd25a989f560e9bf6196,python_ast_syntax_structure,125,,,False,17,84,NO
backend/services/hr_leave_service.py,3ece4a62b4363210243829af262a7f784b4b0ea07b9fce1be24294dddaff7010,python_ast_syntax_structure,404,,,False,182,252,NO
backend/services/hr_payroll_pdf.py,c1c67dfeed13a0f5ae590c38e677bb79b672c9f9bec6a06c4da16b4c6673c48a,python_ast_syntax_structure,111,,,False,13,89,NO
backend/services/hr_payroll_service.py,494194bd5fd69be9c07c63bba00167f2b8cb7c25f51a1509709c7ace2c4e71dd,python_ast_syntax_structure,597,,,False,231,345,NO
backend/services/hr_service.py,85e7563647ea2fd6b97a94be7fc9d5e02c93e7e6dd0d054202c762ea71ccf3e6,python_ast_syntax_structure,176,,,False,60,80,NO
backend/services/inbound_complete_service.py,b780a3fd21e6091db3e059cf7a32de7e4b1267526bc0ea0af8b6d732649e01ac,python_ast_syntax_structure,584,,,False,205,239,NO
backend/services/input_tax_service.py,5f1bf083692e173e0edc2cc0a7f0690183ce56f50910ae22c2076d6f137a0ad5,python_ast_syntax_structure,164,,,False,48,66,NO
backend/services/inspection_service.py,541c9f8296c396705d52af9086be293fb43c26f9c4dc90736fd0899bfc4bdde7,python_ast_syntax_structure,966,,,False,308,398,NO
backend/services/integrations_service.py,966b3f91c79ea6b5081af0d543995b6ca8bbbbf87364aa6edf2674815ee6c90d,python_ast_syntax_structure,159,,,False,76,94,NO
backend/services/interco_loan_service.py,3c90e0431bd6abeb67006ba67e1c969f629371406b668fd554df55f200c00975,python_ast_syntax_structure,274,,,False,34,122,NO
backend/services/interco_margin.py,815b9e4362142500b69b35096c181d74e5a7aebcd7a63d613164d2a55aaed71b,python_ast_syntax_structure,427,,,False,85,168,NO
backend/services/interco_money_service.py,70a04b1bcfe6ff72b9c1cf79d2a108daa4a8f8a6e3cefe57771b4dd9e4da2a71,python_ast_syntax_structure,213,,,False,20,79,NO
backend/services/interco_reminder.py,0652394f34c3f088570828f641f4898c0309f420f76d51879c91abc0da6b2001,python_ast_syntax_structure,179,,,False,53,71,NO
backend/services/interco_return_service.py,7991ccc298555e0a44b636cf57b6c207a98ff233afd1c002aeb963a94a3b891c,python_ast_syntax_structure,857,,,False,211,342,NO
backend/services/interco_service.py,8cf142a0c008aaa98add92cf9f11f9fdf02f29e1e3cb4c4bd4ed9498a363e8ee,python_ast_syntax_structure,1711,,,False,476,707,NO
backend/services/interco_tax_service.py,e9b3eb96ce3f8858437b4adc5277aff2ed049a290b9c52822b3dc9c6dd804ad7,python_ast_syntax_structure,394,,,False,89,121,NO
backend/services/internal_request_service.py,19f2a32dce834820a63445d0f2ae284f0bf8b5b640d4977dec1fd131eed66840,python_ast_syntax_structure,509,,,False,135,205,NO
backend/services/inventory_drift_watch.py,23d50af0524e5622baf4a28e0b8650b1af23e5177895eceeab035d294dd11275,python_ast_syntax_structure,127,,,False,28,43,NO
backend/services/inventory_service.py,53b16fa37827cd2eacd1ed8f8a80c3555711f3d8baddaf05e19c662ea010e4ac,python_ast_syntax_structure,207,,,False,60,86,NO
backend/services/label_decoder_service.py,fd048a1dee6f12e2c8ec4f4ab197f763d8f67f72f8ad262f3e92cc0aab16bf6b,python_ast_syntax_structure,268,,,False,96,190,NO
backend/services/label_printer_service.py,b3ac6bf8470192529160fa38cbb3ebbd159ab28ecb162e5cd98f6c84f8e009c7,python_ast_syntax_structure,198,,,False,7,59,NO
backend/services/landed_cost_service.py,11bf707a4c75a7b928dd13c541f438c55ea1c5067ace06243db225e29a8d6675,python_ast_syntax_structure,244,,,False,109,122,NO
backend/services/line_scope.py,bf97fae48754d2d930ca6a63a6ca2f4fccef3f3a134291c42c8b7c60a2bcefdf,python_ast_syntax_structure,434,,,False,179,217,NO
backend/services/loading_check_service.py,64b1b9227dc2aa791d6b3e79139ee3fa07e96488c8ad1be59146de108587ab6b,python_ast_syntax_structure,213,,,True,113,123,NO
backend/services/location_service.py,a7a0cd140ee6a3d426b1b96993dd993e718c181a86cbe62b30f1ddd168ec702b,python_ast_syntax_structure,188,,,False,78,102,NO
backend/services/logistics_service.py,4b54fe66143e6730a78ba2e23ed4ad0f464d9def86577f1b7ca0d872dbfdc2b4,python_ast_syntax_structure,645,,,False,324,418,NO
backend/services/lot_migration.py,53186617dfaa1367141a010acac148912eaca3a60ca3feb6c85f5fd6ce607836,python_ast_syntax_structure,132,,,False,55,65,NO
backend/services/lot_service.py,c9f72a384d47728eeb75cfcb00c947b1759f9f374185970e47d0ad70914b2bef,python_ast_syntax_structure,609,,,False,185,303,NO
backend/services/lot_trace_service.py,17a96bd802707e323b9abaa5e517e6fb9b602c49d79b49dc2f8f9d24eda547a6,python_ast_syntax_structure,248,,,False,102,130,NO
backend/services/makloon_calc_service.py,e1159ba57d93714558b26aeed15240038d6e705febe26216e57a06ce066512fa,python_ast_syntax_structure,215,,,False,70,85,NO
backend/services/makloon_claim_service.py,f8f77cad819b6ed6a0e559acb9b1cfdc107075a17bc33ffd0ff86263aa67e6e5,python_ast_syntax_structure,363,,,False,150,210,NO
backend/services/makloon_order_service.py,8aca67ad5b7c07149c793bce1341e469e6e2666cc5f0050bb491811215162bdf,python_ast_syntax_structure,1578,,,True,599,743,NO
backend/services/makloon_service.py,56e6d5aa33acbf7ad160798e4fabec0792856d961946886faf54f96084944beb,python_ast_syntax_structure,150,,,False,73,81,NO
backend/services/marketing_ext.py,e1751852003e876c4112d5d2d3a4cece2e9f28654216d6321857536c64cc6620,python_ast_syntax_structure,295,,,True,181,187,NO
backend/services/marketing_service.py,9caccdeef92db562123198fcd7fd541e2e50892258b469c72375777390075b7b,python_ast_syntax_structure,373,,,False,217,254,NO
backend/services/master_governance_service.py,afd26944f500dbe893bcee4f10c3ec23ddbc9e275f16e4ad25a471c1782998ec,python_ast_syntax_structure,134,,,True,83,89,NO
backend/services/master_registry.py,b028c0d321ed8998219bbf7fed367ebea7f36a936200557a764f999b69b6e068,python_ast_syntax_structure,466,,,False,183,217,NO
backend/services/material_reservation_service.py,5af9bc3436644b767de7afa04ec5510fc5885b71fb4cf68eb4fec27ac9e25de9,python_ast_syntax_structure,126,,,True,65,75,NO
backend/services/movement_label_service.py,e2db890781893b59055b38d20bbce78dc640ed534bf063a046aff42c5c119855,python_ast_syntax_structure,269,,,False,112,126,NO
backend/services/notification_audience.py,e20258d50990e305412e1708f0b3b580675c3959033e0f6f2328685f30a52a4a,python_ast_syntax_structure,189,,,False,43,60,NO
backend/services/notification_scope.py,5544a977f671d32522e2545974260968e1dfcde606eae349534fe51feb3d378b,python_ast_syntax_structure,58,,,False,24,25,NO
backend/services/notification_service.py,6039ca233e19e297e719afa2d7ac0c269e525c0d9bdb03b5b20cd4056ba5b27e,python_ast_syntax_structure,463,,,False,115,154,NO
backend/services/ocr_openai_client.py,ec26a82a2699e8f65a601adf555b378e4c0a469153cce8cbdd6b2f8a56f5776d,python_ast_syntax_structure,168,,,False,32,102,NO
backend/services/ocr_sample_service.py,97be90a68ca078352a1bab8e41bfc1918ca9fe88cb0df8cfa6c8b113a12661c3,python_ast_syntax_structure,245,,,False,30,174,NO
backend/services/ocr_sj_v2.py,5a5ae01c08bc6e486a1e332e073456f26ae6725708f374b87f6fc1d8b8bc8bfc,python_ast_syntax_structure,159,,,False,4,4,NO
backend/services/order_journey_service.py,3aad43b6674cf11c87d999f3382a528a04e43e9f3838a56b7b69b4b020560c39,python_ast_syntax_structure,258,,,False,77,85,NO
backend/services/otp/__init__.py,78639c2a947d8a4d5a001a5e50f87af2846522fa36413f4a99d7d3383325a103,python_ast_syntax_structure,28,,,False,11,12,NO
backend/services/otp/base.py,c37ebed32003d0c034d1729f4e34dc7057fefe77ff2d11106b793dd4dbda6d7b,python_ast_syntax_structure,16,,,False,5,6,NO
backend/services/otp/simulated.py,a257d79163d026674a900cb3f0adf9b3b6d72fbfa62b98b3a2ae2e0f7ae9b3fc,python_ast_syntax_structure,23,,,False,10,10,NO
backend/services/payment_plan_service.py,488cd8d1985eb38f0dc1bf2a9bb6946339929b0373bd12290f20626fd165aaa2,python_ast_syntax_structure,659,,,False,218,364,NO
backend/services/payment_variance_service.py,aec626eb2001a797459bdd03e1b9f5635e18462772f84f06f09d81337e11d076,python_ast_syntax_structure,1249,,,False,323,596,NO
backend/services/pdf_engine.py,63c98a62edcf31f9498e864b78bca471373334cbfda0db28cf0cb81f2e7f4adf,python_ast_syntax_structure,303,,,False,58,78,NO
backend/services/pdf_resolvers.py,90a42f6215df6470d09983d2845b06a72d0893362cb1fb68f623b6cdd64488ea,python_ast_syntax_structure,1081,,,False,94,298,NO
backend/services/pdf_service.py,882e013b8764b4b0d46c6e31f8428209f8ea5447c07c34a9211285d81d683859,python_ast_syntax_structure,454,,,False,220,245,NO
backend/services/penalty_service.py,5c21074f337dd316f1d7231969eb567ac12d2ad541228e768374643e6c0d07e8,python_ast_syntax_structure,595,,,False,157,319,NO
backend/services/period_unlock_service.py,a80041fcdf20fce7b3a19ab8e9d83ef824bfc3657eca117e089c5cfd41183bdf,python_ast_syntax_structure,293,,,False,103,145,NO
backend/services/po_amendment_service.py,029f23a05afb0af4bfa27dd44efac275fe65774195cf176af1dda7f412927879,python_ast_syntax_structure,351,,,True,169,210,NO
backend/services/po_board_service.py,6b2cbbb343bfff35004ad59befaa15e7c0868b766ffae34d2887599bf3f1cd8a,python_ast_syntax_structure,640,,,False,223,254,NO
backend/services/po_line_guard.py,40a3ea7a45994e163b4c4b4e8fe985ed2f4c650e08ed2ca0bb0a0f045cb2aa8a,python_ast_syntax_structure,16,,,False,7,7,NO
backend/services/po_variance_task_service.py,f76719a14ec702dd0386418e1f70edca013acd2f00959fa6e56306d2ed7e6924,python_ast_syntax_structure,159,,,True,86,97,NO
backend/services/pos_recommendation_service.py,406d8097244e52e569b468adcd70e13c1bf26670bb14462053619cb6e7ee6d1a,python_ast_syntax_structure,118,,,False,74,78,NO
backend/services/pr_sourcing_service.py,48dccc03f893d02458e0f29a1f37afe7184453d23d05fcb1fb5cecbc8ab7287c,python_ast_syntax_structure,741,,,False,258,338,NO
backend/services/price_approval_service.py,1a158eed8bca10a4dde3d58659ff391760398d2e422d0477c1a956342975adde,python_ast_syntax_structure,268,,,False,61,95,NO
backend/services/price_guard_service.py,bfaed1c29311003433bab739f42b9f1fc5e50cc789025d3b2dac385435ee0a1a,python_ast_syntax_structure,171,,,False,68,75,NO
backend/services/pricelist_service.py,da0ca51f3295c4cc26f30077679469ee4587353c9a0636c800d0bdfca4d62fd2,python_ast_syntax_structure,418,,,False,168,245,NO
backend/services/printer_stuck_watch.py,48eabce9a042b5473a865957c4aa89f36b6c226da008238137a0dfd1bfe87d66,python_ast_syntax_structure,60,,,False,9,31,NO
backend/services/process_recipe_service.py,cbb2f7b5570131e6b29a0e72c72f843c950ab5e71bf276ae539f544a636010db,python_ast_syntax_structure,114,,,False,10,78,NO
backend/services/product_exclusivity.py,b52f7e42dd77f653c3df64d3d9cd3dc660d3647981f7d43d8b507ac439907dc4,python_ast_syntax_structure,109,,,False,31,47,NO
backend/services/product_media_service.py,c9b7dfa0f70c7b340674eceab923f79ca9ea8c4cc849952b610dcddf725901e9,python_ast_syntax_structure,111,,,False,17,92,NO
backend/services/product_template_service.py,518b6d896f822f79da8b5d3aea6358a0f5bf7d973707fedfd363d0c297112645,python_ast_syntax_structure,365,,,False,57,237,NO
backend/services/product_variant_service.py,b1fe937826b1ec8f3fd8aebb81577282eaf78258b90bc3ed89a786330aee4207,python_ast_syntax_structure,234,,,False,107,184,NO
backend/services/production_service.py,9ab4af21abc93665850a0cd5b12d120f436f1b03b9e854e73b6f01d94b70b54c,python_ast_syntax_structure,529,,,True,239,296,NO
backend/services/profitability_service.py,da79ad3fa481e5fecc4bbb60c87c6cf53e3e3643cc56b25a285077176af91605,python_ast_syntax_structure,192,,,True,119,124,NO
backend/services/purchase_requisition_service.py,8ba4cc8d29613a4607fe40021d8552930538c3c06c4b48eacd900ff584ed5ec3,python_ast_syntax_structure,518,,,False,177,296,NO
backend/services/purchase_return_service.py,22f64e59fbac553d85c8b5d2065324c00ed1e00c376a9dfc6fb1a0f2f91c7a1a,python_ast_syntax_structure,910,,,False,331,476,NO
backend/services/purchase_return_state.py,c1fc3f65f276c46589c26fd84881e3ca768c64d4b84bf1fde7fa83fb40484d23,python_ast_syntax_structure,66,,,False,21,22,NO
backend/services/putaway_order_service.py,61874e9e9b2e6ecf9b808015f1a9e5d478556fe1529ade30b4ded4b4b92d1ae9,python_ast_syntax_structure,374,,,True,195,230,NO
backend/services/qc_inspection_service.py,546c3434fc9ced05050ccb876d810aa1aa7fa9017b7050a3604dab57964adb37,python_ast_syntax_structure,250,,,False,73,101,NO
backend/services/qc_service.py,dd3a0ac4d9081fa4a0a773a75abcdac3860dae2cde7373ec561ee03cf9927fe0,python_ast_syntax_structure,439,,,False,194,215,NO
backend/services/receiving_mode_service.py,5716a4dcb77df256bb56444a677b56326fea83000538e9355582ed678fff9b09,python_ast_syntax_structure,84,,,False,38,44,NO
backend/services/receiving_roll_service.py,0827eade71bcef6d36692ec5d463c87d94c36718d1cc93ece2ff1146c4cdab2e,python_ast_syntax_structure,411,,,False,165,200,NO
backend/services/receiving_uom_service.py,0655970682d3f39db92109b6ccdaf06696c06807636b5a3ea8256d2d260a14c9,python_ast_syntax_structure,497,,,False,130,218,NO
backend/services/restock_service.py,57da79d69b45eef58e9211b046188619fa2dbcaedf77686f195af613d69d8926,python_ast_syntax_structure,274,,,False,106,117,NO
backend/services/return_chain_service.py,3030928e2dcfd70bd11895527300677708b5c90caf3c8971082442240877d94a,python_ast_syntax_structure,323,,,False,24,131,NO
backend/services/return_policy_service.py,5caa1bc15d4c790c7782a076d7582d4b995c498f00cf774acf4491d6703e29ba,python_ast_syntax_structure,349,,,False,103,154,NO
backend/services/return_service.py,2fe13df1f855f17fe3d71bed848bf4bf41272390490cd7de4424215016682d3c,python_ast_syntax_structure,1696,,,True,521,827,NO
backend/services/return_state.py,d1738bf29dff606899b7fb4b142a0a04e13ab8685418ead28d7e559d57067f52,python_ast_syntax_structure,96,,,False,31,35,NO
backend/services/rfid_incident_service.py,273f74526e4648938122cb9b054d9f64215f4a68057a35ce32d81d9a85f1cfc0,python_ast_syntax_structure,209,,,False,102,109,NO
backend/services/rfid_ingest_service.py,e52c48c92a4c634ed313435b64bade0392ca1c1cb5578201be95b3b6f0fb4338,python_ast_syntax_structure,346,,,True,181,209,NO
backend/services/rfid_print_service.py,dc6e3c98d6f1c294b4216bf4d293af6185516d433f3d05605b2d255cfd52d594,python_ast_syntax_structure,384,,,True,181,222,NO
backend/services/rfid_service.py,ce0ffcccfba8b6a1f8160a931f737497a20dfb8a0262538af8fad533b48a35e7,python_ast_syntax_structure,476,,,True,224,301,NO
backend/services/rfq_service.py,573d414706b292a26e294ca9bd5933af8a8de7240f019c70284a83e31a5e8455,python_ast_syntax_structure,383,,,False,73,195,NO
backend/services/rnd_catalog_validation.py,3afc2de2802a8c9435eaaf19bf41a3fef3e349aa65bdd3d7fbfd26ba25395c3b,python_ast_syntax_structure,55,,,False,13,52,NO
backend/services/rnd_gate.py,85a70d714ce0991498a8254533ae1344841d1eb184dd7bf51d24d7940d71d2a9,python_ast_syntax_structure,131,,,False,41,49,NO
backend/services/rnd_kpi_export.py,00e9c7715c90ebf88efbd1b448fb9c599b3dbefca8b755c106e82eb30cd92aa6,python_ast_syntax_structure,553,,,False,247,269,NO
backend/services/rnd_kpi_service.py,5d09cab2b02a0b5c229e0c50e33b439d2e978928e921e39b3fde589167c7401d,python_ast_syntax_structure,738,,,True,365,399,NO
backend/services/rnd_org_service.py,6a29860d2a203917ec1cedcfb3768cca1bb951ffa642163d66b85cfefe0d5a22,python_ast_syntax_structure,95,,,False,37,59,NO
backend/services/rnd_required_tests.py,8d4e16eed27a51e98b2723fdbfdf2ec8f373bb6db60222cfee4f31657bb76d5d,python_ast_syntax_structure,91,,,False,49,52,NO
backend/services/rnd_sample_service.py,3ab7b3a50d0d716a70c174979ab44f41bbe43d9b1977e45e18f447c917747a87,python_ast_syntax_structure,1401,,,False,476,742,NO
backend/services/rnd_sla_service.py,df427c8b291ae2bb358f3b17b7a81773e2434a3399eab751cf41ff7113d7e919,python_ast_syntax_structure,176,,,False,39,65,NO
backend/services/rnd_spec_service.py,89b55d47a8b00048fd3c239ff6c17686f2ab54c1d8bf09ac612f955dd9a7d613,python_ast_syntax_structure,453,,,False,147,250,NO
backend/services/role_desk_service.py,df3c01ea18237b4468675e108edd61403bbdd4476767c297d5613184a41891bd,python_ast_syntax_structure,168,,,False,58,70,NO
backend/services/role_reality_service.py,f35d7427f35e5b2df474b13a8b680b52dded9425f141144b692e3c2c8bd1dfab,python_ast_syntax_structure,677,,,False,107,198,NO
backend/services/roll_cost_history.py,948bbf6e609d79937e3a2d49af28860f6b3411473ad97120431715745a53613c,python_ast_syntax_structure,88,,,False,16,17,NO
backend/services/roll_hold_service.py,830ba1ba87e9af8c18f299b64ec6a22f3dece81acb8ed77da5e8ec2b7131ceca,python_ast_syntax_structure,76,,,False,38,46,NO
backend/services/roll_service.py,67e74ff19b2db117368ca2b835307328f4a33beaed2b036903e0ce13f312f6ec,python_ast_syntax_structure,2299,,,True,952,1131,NO
backend/services/roll_timeline_service.py,0f64e951709821ea76917691276828832abb48c673c76b8d7ed2ad7aebb37c03,python_ast_syntax_structure,172,,,False,75,86,NO
backend/services/saga_lock_watch.py,f9a9ed37449789dbeccb56b7b122dde464dd24e0e587a63b15b59270f4ac4ea2,python_ast_syntax_structure,93,,,False,14,53,NO
backend/services/sales_force_service.py,6d9ee5ce2363ceae644ac850086f6bd55870cf2fc18de98b0adbcebe8e13410a,python_ast_syntax_structure,444,,,True,210,283,NO
backend/services/sales_order_helpers.py,5414b2e1e4d7abd94addfcafc13696d1866b1a5c0db023f2ede389a34b29279d,python_ast_syntax_structure,276,,,True,101,159,NO
backend/services/sales_ownership.py,ea12bbe75a6c70b2fc6360c7e8aeccc80aa1f61dd9770f1f122d156bd780bae2,python_ast_syntax_structure,119,,,False,33,38,NO
backend/services/sales_stock_service.py,90744f78efe31d3f7cf758d4f5f96feee32d4f93fd3966590c6ee22ce22cdf69,python_ast_syntax_structure,72,,,True,47,48,NO
backend/services/sample_sale_service.py,8ea155831a15b792bdc99ea360d06bf5379c8e19583603cecb28a8d36fa3b492,python_ast_syntax_structure,255,,,False,42,138,NO
backend/services/scheduler_service.py,21224399f066e6719a23e2c177862d6a74e06496dd6d5c9fb2649c6a1b0bd792,python_ast_syntax_structure,542,,,False,120,222,NO
backend/services/shipment_service.py,196251fc8aff7d1f9402813261513b0a4ba007b367d6c141836a49e5621182e8,python_ast_syntax_structure,155,,,False,69,82,NO
backend/services/so_approvals.py,5c581dd9b3656d2bcdffeb044a25d75ff9c3c4e3c65cb147b4f111da6ecb7f01,python_ast_syntax_structure,160,,,False,54,63,NO
backend/services/so_status.py,2d1038fe0aac07f7b6e9e650284096a7d0db0a9e76423dc142676d358d4642ef,python_ast_syntax_structure,163,,,False,67,76,NO
backend/services/so_verify_service.py,4a360bfc801ef8c75e49405e84444f334d0f9f46589694224d0acac9d4b9658d,python_ast_syntax_structure,310,,,False,91,96,NO
backend/services/special_order_link.py,e4df5e18775362afc9b700c83d82887f20dc42a17379ce35c858c481d2ebd068,python_ast_syntax_structure,80,,,False,34,59,NO
backend/services/special_order_phase2.py,f9116a21e0866fae7f9cfdcaa86a2c469df4f0c6bbc5cce345b9f66b4ff2aadf,python_ast_syntax_structure,531,,,False,122,352,NO
backend/services/special_order_routing.py,aa9bce3542a7d116358470f71e582f1b5b2e181460676b4fe25269cfbd097bb8,python_ast_syntax_structure,210,,,False,114,143,NO
backend/services/special_order_service.py,4f71cc029c9d2fcacd98ca490935eef5a434703184468353c94c8d9d7f353807,python_ast_syntax_structure,423,,,False,109,144,NO
backend/services/status_history.py,9def15953b56cc81014800d5f97a7c2b7075d9e7e9f00b0fb61046e44f84e18c,python_ast_syntax_structure,50,,,False,12,14,NO
backend/services/stock_analytics_service.py,acde37e97b38e3a2a051726e17b3d2ecc2d2f8c4661a04d6c5c72642c29ca8ea,python_ast_syntax_structure,260,,,True,155,166,NO
backend/services/stock_bucket_service.py,2d00bf46fee1910c00482be48d5710f9d1b672d8357682fafa525ed33d4a2989,python_ast_syntax_structure,573,,,False,264,284,NO
backend/services/stock_count_service.py,1d25418b62c27dbb7bdd060c1a30d040c185a3b5009f5bf2282277a39858fa58,python_ast_syntax_structure,157,,,False,94,101,NO
backend/services/storage_service.py,083862875ac7b79ce639ac38950e6fd3a5815ab8ee1dc33f96e9c6f8daf40cf4,python_ast_syntax_structure,146,,,False,63,77,NO
backend/services/store_credit_service.py,ba63bd99c02f94cedc444ab7ee43230fcf1fffb04d477a4a79426d25c11ee95f,python_ast_syntax_structure,513,,,True,128,249,NO
backend/services/supplier_dn_profile_service.py,cb9be4492eb9d10d1edf750d3d6e2672be42676cbc9fc990a93d1fc42009909f,python_ast_syntax_structure,237,,,False,105,165,NO
backend/services/supplier_item_service.py,140c6609a1dffececd6cfaff1133a47cb8a8930f4c8877e344552d1d602001ef,python_ast_syntax_structure,505,,,False,142,292,NO
backend/services/supplier_service.py,0ab8dbca170cfcdf514776b7e74990a7fee234be0ae133be0f747c767ca6fbf7,python_ast_syntax_structure,485,,,False,216,241,NO
backend/services/tax_center_service.py,5e11d033c180acd61bf64a59328cf471b9763e25af14ae4f72f3fef05f7f54aa,python_ast_syntax_structure,204,,,False,83,114,NO
backend/services/tax_invoice_service.py,7eba2592acbfe7a1163ee0928fa3e440f025d47bd601425377f61bb27d558754,python_ast_syntax_structure,321,,,False,82,134,NO
backend/services/text_normalize.py,827e16c919d7b69c925ca2f2bbee3cb422c14d89deca9158a98e6cfca135d8d1,python_ast_syntax_structure,88,,,False,48,58,NO
backend/services/three_way_policy.py,a5d2c352d295b7080315700fac70801def9039b4bc19b3a365cf51c1e919e313,python_ast_syntax_structure,32,,,False,9,10,NO
backend/services/tolerances.py,a638bc7b80ff9da7ab68373139a5b660011b612caa941efc4176b963a0e385f9,python_ast_syntax_structure,9,,,False,3,3,NO
backend/services/trace_print_service.py,b852ae82dd6dc8e5fab2fd449158251f5d7866c26af701250b1646baf6e2a4e4,python_ast_syntax_structure,63,,,False,27,27,NO
backend/services/tracking_service.py,e9dd3e4db81459521e6738843bc72a6a8a53eadd13d6af7f2115bf7df50401ba,python_ast_syntax_structure,134,,,False,48,84,NO
backend/services/turn_notification_service.py,592674396bb155e518236925d05aecd921731be371b08a241cf1c47d54bd4779,python_ast_syntax_structure,196,,,False,90,99,NO
backend/services/uom_rules_service.py,6e5a951fe0656e6ea67d90238784068320fb9ab40b29836eeec22f8a490c9933,python_ast_syntax_structure,482,,,False,139,221,NO
backend/services/uom_service.py,1dc392d4127ede1e592a61d8bda24abf00811578fd2f63cd1f1a40bb592fa5bd,python_ast_syntax_structure,503,,,False,188,234,NO
backend/services/user_admin_service.py,64043068353fa9d23b9ce416345f26103cbffbed5ff287c79a9eea55c9511905,python_ast_syntax_structure,383,,,False,134,190,NO
backend/services/variant_axes.py,aa8d6604480e4cee42a5253854b7596c2229f5a7f811e6c465fdd16931338657,python_ast_syntax_structure,53,,,False,21,22,NO
backend/services/vendor_bill_service.py,21b1a81a05f7e3b68346bfcf4944cef12de3912600355ddd8f715ce467926dd6,python_ast_syntax_structure,303,,,False,136,150,NO
backend/services/wa/__init__.py,a77bcfdca733e13fd5964d8c1db7a53eaaa4c848c40b52cbdb588f6ca73cb376,python_ast_syntax_structure,32,,,False,10,13,NO
backend/services/wa/base.py,009b46982a98c3accbed5fdd085a31a89157e12d11acace66d060bdf8d60ee13,python_ast_syntax_structure,23,,,False,8,12,NO
backend/services/wa/fonnte.py,afd5a1f7323613fdc90481c2642be85a45e9085f1ceccefd1b433a2274754ded,python_ast_syntax_structure,73,,,False,14,43,NO
backend/services/wa/meta_cloud.py,faa1355a6e3298f7d4a8383ef27f0d8b196115131f50b87035c4ce01d143fee8,python_ast_syntax_structure,93,,,False,12,46,NO
backend/services/wa/simulated.py,113c9f572721aec5dd2dbc0cfff80ea778c7aea70be7894402e8867d38f0ac1a,python_ast_syntax_structure,29,,,False,10,15,NO
backend/services/wa_alert_service.py,ed196439181353af16b2793610ff8b41dab126c26d5ab2af69b6a9bd00948d68,python_ast_syntax_structure,278,,,False,49,154,NO
backend/services/warehouse_profile_service.py,02a6245c6b591d366c08574971cf1e3f0dd53dc4bcd81ce31e1904d8b5d19d83,python_ast_syntax_structure,188,,,False,42,103,NO
backend/services/warehouse_scope_service.py,26f31a1a1bbe6fb500fa5ff3bbbefe8f78cfcbedd97a18ac05cc38aed266bca1,python_ast_syntax_structure,266,,,False,110,131,NO
backend/services/web_push_service.py,709c736f618110265426ba203eb565479d515ccac84c7f0e93bc647b0e63fc44,python_ast_syntax_structure,110,,,False,19,66,NO
backend/services/wilayah_service.py,660fd917af08059fafd5243a4ed6d91b7663c6f2d24730ee8e631ffa89166a85,python_ast_syntax_structure,213,,,False,109,140,NO
backend/services/wms_health_service.py,6a5e66cafc67dc32f1f779209aa3325bd71b2b15da026d4cd718872128695644,python_ast_syntax_structure,98,,,True,47,50,NO
backend/services/work_desk_service.py,0b20b3bb1cd0bbde5b8caa16aa2f849d6c42dac21e4b3b3b8273e8c5cbabd65d,python_ast_syntax_structure,716,,,False,182,198,NO
backend/services/zpl_text.py,2d33f3baf83fc11b76013d1cf1ea5cbd0fd9f55558b20fc83f4eb1e30296f719,python_ast_syntax_structure,18,,,False,11,11,NO
backend/test_audit_2026_09_02_poc.py,ca73d0bb86939529f70eb182f244e4d48bea6bd207a211e06ee5eb412bd1cad4,python_ast_syntax_structure,138,,,False,0,98,NO
backend/test_audit_temuan_poc.py,e26110c292199025c414bd0776096adcd806aa77f7cf5c0b5055654a5af68a86,python_ast_syntax_structure,146,,,False,0,120,NO
backend/test_core_approval_reminder_poc.py,2c228e93288f79896a5b4c3f360426cbd709cb5705ffa9c8b662213d2c3f3208,python_ast_syntax_structure,265,,,False,0,129,NO
backend/test_core_design_request_poc.py,9d0aeea4e375292da91b029bb3262a7935192e41488d128f4a2a2ba4583a1180,python_ast_syntax_structure,576,,,False,0,256,NO
backend/test_core_dua_satuan_poc.py,d8d319dc36aac9339281293678b4d2767a8e0c2376169036c427ed2ac787aacb,python_ast_syntax_structure,794,,,False,0,359,NO
backend/test_core_e0_isolation_poc.py,e530c9c13471dae4bbbc465ee3341d357dee391a371f06cb93605fdb82ab8d7a,python_ast_syntax_structure,571,,,False,0,336,NO
backend/test_core_e1e2_poc.py,83d3267db637d4e7fa69014dc42980c08fb6d5623b4c135d7aef24724c8c1d07,python_ast_syntax_structure,617,,,False,0,318,NO
backend/test_core_e3_write_guard_poc.py,eb5953cc6c0a1642995228a2d8e12a542f4e05f0365c6a899e5dd98ef6b11d8f,python_ast_syntax_structure,249,,,False,0,129,NO
backend/test_core_e4_master_layers_poc.py,2a8057115d25b5b8ee2778a712b6a179db4e1d815a691939cb05086e005b1aa8,python_ast_syntax_structure,434,,,False,0,228,NO
backend/test_core_e4_poc.py,5905184674dd039f8ed0743854cfedaa6a9a859b3c2c0519325448db13dff1a0,python_ast_syntax_structure,471,,,False,0,221,NO
backend/test_core_e5_visibility_poc.py,8f53590d157f7c0ec02fbd2a76f562ddec6d3714ba271b670c5bc4455eeac45c,python_ast_syntax_structure,484,,,False,0,233,NO
backend/test_core_e7_interco_poc.py,4f64c4690562c07db15934a80b80e0ee36470bd35c302f81fd2b1c6c7ba25d20,python_ast_syntax_structure,625,,,False,0,276,NO
backend/test_core_e8_desk_poc.py,16bfb58ecb8341e736cecd60a0b16193c4fb6d4bec6650cdd8d5cd0af9a9c900,python_ast_syntax_structure,736,,,False,0,386,NO
backend/test_core_e8_roles_poc.py,df7596db0fb996833d338907c9a7d59df8c4b0a24d4bc3668e0a65df0dd04791,python_ast_syntax_structure,510,,,False,0,253,NO
backend/test_core_f67_workflow_poc.py,441a92b40af41022274bcbd10f4d37deec5218f415d6e202163781d4978e1fb0,python_ast_syntax_structure,434,,,False,0,201,NO
backend/test_core_f6_approval_coverage_poc.py,d184e9e47b2fb85fc9b0d7dc96d965187097eb0a9bcdd5d07fbefe74d047dc52,python_ast_syntax_structure,389,,,False,0,167,NO
backend/test_core_group_cash_migration_poc.py,97cb3df9a24e22e56dc31a5aa501408ea92d5af0609e644df74b4fb2b3a54d45,python_ast_syntax_structure,255,,,False,0,127,NO
backend/test_core_inspeksi_poc.py,21186890731294699d22af3bc5a5c4e6b254a79ed99db930e547a6fcc1074c0a,python_ast_syntax_structure,803,,,False,0,370,NO
backend/test_core_lini_poc.py,7c75f6b97f801b95ad43f2131c8fe8011871f469735882a6850ec8594ebdf330,python_ast_syntax_structure,367,,,False,0,202,NO
backend/test_core_makloon_lini_poc.py,863a9e89cc32fa64aeaa3fd8182f964ee5fc75421f18d32f2d1936b7a1217f6d,python_ast_syntax_structure,352,,,False,0,173,NO
backend/test_core_notifikasi_alamat_poc.py,f763352b51d6ccf68c387e52f48f44a84c3e9d1a6c48e4ac2ce339a0ef7e26ac,python_ast_syntax_structure,433,,,False,0,188,NO
backend/test_core_p0_poc.py,a4ba21269ed943e798082237fc39a75332a7dbb9961aafa26adf220c52b47b66,python_ast_syntax_structure,481,,,False,0,232,NO
backend/test_core_papan_po_custom_poc.py,ff7aebbe791921f1519ee2438eef9d6726ea1ff1fa85bd3a4d4cd10f5b1ef160,python_ast_syntax_structure,330,,,False,0,160,NO
backend/test_core_po_board_poc.py,ec977387840752eca0e6ee1d7c2b0a5aa7bad9fb53bed81241473785b1f72927,python_ast_syntax_structure,617,,,False,0,282,NO
backend/test_core_rantai_retur_poc.py,f0abd9bf30fca41a9247b28b7dd43ed727933918d55cb31d5d6f01815186d646,python_ast_syntax_structure,975,,,False,0,538,NO
backend/test_core_role_access_poc.py,9aa5b07d193d8b4b4505bcf4642006dc464be6e592e5c560392531b4b147cb98,python_ast_syntax_structure,324,,,False,0,166,NO
backend/test_core_role_reality_poc.py,f672ced9801f7b52c86c8f74804fa47597a5ba9ca65b8362bd4595d5561cf16f,python_ast_syntax_structure,534,,,False,0,273,NO
backend/test_core_sampling_poc.py,ad527ed9e0308ab5ae0c4896a865bcf0b07a642b4e382b8a7ae3ef27eaae73bf,python_ast_syntax_structure,685,,,False,0,302,NO
backend/test_core_sesi_2026_06_poc.py,828e74be8b2158a0be6a5413fcc51f42bb5c37d8033cc2264559629dfedbd30f,python_ast_syntax_structure,538,,,False,0,235,NO
backend/test_core_sesi_2026_06b_poc.py,79d3b9d748874ac8231edc6b414fdf352e8bc72406a8fd3c3209e40cc66f3786,python_ast_syntax_structure,352,,,False,0,170,NO
backend/test_core_sesi_2026_06c_poc.py,1a2fa8e619a717f54e222b34e73aa4dcfea30bc9aa524050893b31d137f4ea72,python_ast_syntax_structure,305,,,False,0,145,NO
backend/test_core_tahapan_poc.py,1ce41e9b2012071ff6768be8e1e8a5dda5d368fd6cb7e8e38c68522e1a3989b6,python_ast_syntax_structure,533,,,False,0,260,NO
backend/test_f0c_scoping_leak_poc.py,42f39145fc7a0cb3b390e6d8c8850d292d9a4ecf055e2851399afc7ce027ef64,python_ast_syntax_structure,381,,,False,0,191,NO
backend/test_f3_aftersales_smoke.py,98f2e82b22e1535f5ea29ebaaf78c50631b944c0b69f00571d77b1b9616c3031,python_ast_syntax_structure,96,,,False,0,55,NO
backend/test_f3_smoke.py,3ed9ac1faa9c626175e82951c6185626d733db5a6ca8c28516584905840e100c,python_ast_syntax_structure,97,,,False,0,58,NO
backend/test_fase_a_poc.py,2a4174885b637ffffc098803e3a66a50325c81fc7ff9b639b41faddcaa4ae05e,python_ast_syntax_structure,414,,,False,0,214,NO
backend/test_fase_b_uom_poc.py,401b519532f30d1591cea33f1278ef2f1845a4c627a176fb42355dab43d17e3a,python_ast_syntax_structure,444,,,False,0,224,NO
backend/test_fase_c_lot_poc.py,8c72e198c7a6f5e3b05b0b4230ea42fe509da4a30029125ea461b82ddc9a314b,python_ast_syntax_structure,613,,,False,0,372,NO
backend/test_fase_d_makloon_poc.py,f2987483466d9732fe2451ba8e1e2889824153032e3e9fc26ef54bacc754fff3,python_ast_syntax_structure,760,,,False,0,369,NO
backend/test_fase_e_contracts_poc.py,3f66f300f4b80ca57428d6754b60d312b500a6a9d45deb26756eb7571c1fc744,python_ast_syntax_structure,795,,,False,0,391,NO
backend/test_fase_f1_receiving_uom_poc.py,2b34e784eeb7a398cbbdbf5add70bfbfbd0ff4d30bb67bee8731156a41de5614,python_ast_syntax_structure,643,,,False,0,391,NO
backend/test_fase_f_rnd_poc.py,dff80aa1004734dd5f2400a20abe18e6c9f32a85dfea62b7a140bf8f56ac01d2,python_ast_syntax_structure,870,,,False,0,420,NO
backend/test_fase_f_us3_us11_us12_poc.py,c7f80c2a88d743e2f1207e6510cdf50f51a33d76e77c4dad6bbb78c523559bce,python_ast_syntax_structure,355,,,False,0,221,NO
backend/test_forms_poc.py,81e870d14c27cbc116f0007ff2ed60c7a0d3f9f77127f6ac4b1f16da828905cb,python_ast_syntax_structure,235,,,False,0,129,NO
backend/test_g0_config_api_test.py,0089aed5e9deb981c24005da48ddd0452885b2198846ca1fdef6814f72ec3ecf,python_ast_syntax_structure,401,,,False,0,192,NO
backend/test_g0_config_poc.py,6d07b5ef0a444ec2912d4a19884668e980d189dd3b7e11545ab9cf471f2b7d4d,python_ast_syntax_structure,805,,,False,0,463,NO
backend/test_g1_amendment_poc.py,41e5ff42907e3b5bd473bc6bad2c99273d8fc6a9a7cf6339168324e9368dc5a1,python_ast_syntax_structure,565,,,False,0,301,NO
backend/test_g2_payment_poc.py,894b54fd55329b32ec57f3bc1c1a67550f7ae84adfadab7a3502e10265b1abb5,python_ast_syntax_structure,586,,,False,0,313,NO
backend/test_g3_variance_poc.py,b03aa617476885582d4924d2e37d830ed7a8c7b9f98d53f14f4c48dd2d1d3e4b,python_ast_syntax_structure,925,,,False,0,510,NO
backend/test_g4_refs_poc.py,4499e0b23439e1970981297852848ebb55a5c06e26252bff570349295b517af1,python_ast_syntax_structure,523,,,False,0,296,NO
backend/test_g7_contrabon_poc.py,77c05c118cf05cc1f5a819838fcdd985e5f6925452a19b5483d82db5d13f672c,python_ast_syntax_structure,1063,,,False,0,536,NO
backend/test_g8_bank_poc.py,665e355d96d3825affc2eb5fa134945c76dbdcae73b378a3a5c3d985724fe6bc,python_ast_syntax_structure,1210,,,False,0,574,NO
backend/test_g9_case_poc.py,e80f7d3b565598faa71056364bc0fee5d12de66edc99a9d9c38fccc242106393,python_ast_syntax_structure,1218,,,False,0,574,NO
backend/test_makloon_core_poc.py,eaf2ef5f016dd6dfde7a6d7b69956cc795999e54cccf017ce82458d407645ff5,python_ast_syntax_structure,207,,,False,0,118,NO
backend/test_makloon_order_api.py,62aff5744f14821489fa021428db851e8fbead6697df07710e09dfbb2940c6b8,python_ast_syntax_structure,251,,,False,0,139,NO
backend/test_ps21_poc.py,75fcf3d848591aebb0ae82bb68ed7afdddaaee9d10ebd57f71baafa4ae5a5417,python_ast_syntax_structure,414,,,False,0,229,NO
backend/test_rfid_comprehensive.py,dbd7060942069b6c4a3b0227b3a3153a7a2873ae23ddadf56c2e1b87be50d295,python_ast_syntax_structure,714,,,False,0,324,NO
backend/test_roll_ssot.py,d2919d0d9f2aaa1ccf8b0411bd7794f7e3ba9aa459de5e222bf16bcb13ec006b,python_ast_syntax_structure,657,,,False,0,388,NO
backend/test_sales_returns_r1.py,602ef89768e6999ac0e84d746b7ef320b8164ce9f161244371c5bb989c664291,python_ast_syntax_structure,832,,,False,0,527,NO
backend/test_store_credit.py,b9185b1e9540f20023f21f10dd630fd9e975f446edbb98a9ba86b5795c9eecb2,python_ast_syntax_structure,306,,,False,0,201,NO
backend/test_store_credit_comprehensive.py,ded650e144cf3aa8814b3ba2174382a54d037a6bc12b0aad272a26c77205b221,python_ast_syntax_structure,476,,,False,0,321,NO
backend/tests/audit_numbers.py,a81bf2e4ef9679807ecc7e993af57d101beb8f8579d7fec1f8f1cc341ab4f87e,python_ast_syntax_structure,159,,,False,,,NO
backend/tests/backend_smoke_restore.py,86caa933bd4550b437445da8e04fcc4e5759caa7b4e3825dc9a10f8abf8614af,python_ast_syntax_structure,79,,,False,,,NO
backend/tests/fb02_seed_shipments.py,cb5513b525a53a8f897071a1bba4a2a2c3aff4dd35e700581d2f881e2f8a2c05,python_ast_syntax_structure,38,,,False,,,NO
backend/tests/fixtures/ocr/sj_clear.json,84db5311ca3f5c544f5f1a70b39476d9fd0839c132ac1f05b54431ebc6a492d1,inventory_only,106,,,False,,,NO
backend/tests/fixtures/ocr/sj_doubt.json,d4c1b74d053a8c3b10f27c8338cd8609616f38f309baf5332d3cd60e40a929e0,inventory_only,62,,,False,,,NO
backend/tests/fixtures/ocr/sj_doubt_second.json,12ca117ffe50cb4daaa911f895e256adff277d78a34661dd4d91b8a3be5abf87,inventory_only,62,,,False,,,NO
backend/tests/fixtures/ocr/sj_makloon.json,cda20212ced3a05acf6bc56eaee947f4a689fb01165d3cbfc053a688e7609521,inventory_only,39,,,False,,,NO
backend/tests/fixtures/ocr/sj_packing.json,0ae8d72826786ad329df85ff58ea109717e75aac11adfe5b91d3b661090546f9,inventory_only,122,,,False,,,NO
backend/tests/iter149_numbers_sweep.py,b0b55ad784eababf3d87c238f8c61ce45a2fdde93371d5a70c589582be53b5ab,python_ast_syntax_structure,83,,,False,,,NO
backend/tests/iter281_as01_scenario.py,2d7da5dc400895f30380b3eba89a23084d82dc2fe15bb6f09d8224f0a72fed5e,python_ast_syntax_structure,138,,,False,,,NO
backend/tests/iter283_as02_as03_scenario.py,2a42866bb1fea5f17f5d8e88570abdc1589e7a8bc8ff2c0b49c618590e8f6256,python_ast_syntax_structure,121,,,False,,,NO
backend/tests/iter291_cleanup_positions.py,6ac02c374ee7fe14780d11f5b26c1e259e6ce0f83c092d4d3746e970ff758817,python_ast_syntax_structure,19,,,False,,,NO
backend/tests/iter291_driver_rbac_probe.py,ab0229cff5cd05443b0568a2dbe6f678ed31f2a601de6b025437cfdc912118e8,python_ast_syntax_structure,72,,,False,,,NO
backend/tests/iter299_restore_orphan_rolls.py,eefaff39b14ae37b8f1c912e41b6400e8605d51578e7a75c85568ceffa89531b,python_ast_syntax_structure,45,,,False,,,NO
backend/tests/iter313_t01_resolve_escalation_probe.py,6e8ec26eddf8b1dba482475c904359e5af0e9c08fee3f5e7a129787d6ba3034f,python_ast_syntax_structure,80,,,False,,,NO
backend/tests/iter313_t09_reorder_lifecycle_probe.py,e9fd7cce0ce69cae878ade121e314ead032334641fe244e373e7e4ee72a40532,python_ast_syntax_structure,68,,,False,,,NO
backend/tests/seed_iter298_frontend.py,ab517f9893b2cf94e3977e79c11e692826d62543e9e9999192c0d7028b9769d6,python_ast_syntax_structure,75,,,False,,,NO
backend/tests/seed_iter299_frontend.py,1fab34d4a8d9152d5596d0e6b1db96d426efb98c53d0e248c8f7edc28038cd02,python_ast_syntax_structure,102,,,False,,,NO
backend/tests/smoke_audit_2026_09_07.py,86e3695c2385c9427a4c3db9b0eceffecbb7f7156801fb5ea288845eeaf3487b,python_ast_syntax_structure,73,,,False,,,NO
backend/tests/smoke_feedback_klien_2026_09.py,791097e30b129e1960cd71a51465399164b1c1c1650996d13ae2d5e16ea68bad,python_ast_syntax_structure,69,,,False,,,NO
backend/tests/smoke_turn_hygiene_entities.py,19d764791835f8138f79e2adb5320053edbba07f50311504b831be86b5aabf6e,python_ast_syntax_structure,91,,,False,,,NO
backend/tests/smoke_variant_axes_base_fabric.py,d9cd3bb200ecab015b788f1c9019573423fabc856dc7101217fcd77ce0d9f9a6,python_ast_syntax_structure,68,,,False,,,NO
backend/tests/smoke_wilayah.py,9c89502512ef74fb06c0e12d1cff88497699272b94dba387a496547d8c6bfe76,python_ast_syntax_structure,103,,,False,,,NO
backend/tests/test_access_roles_iter32.py,11ea4476d1313387f6568b133f83a8c5b2fe31457ad97f54df52a06ea8d8b126,python_ast_syntax_structure,240,,,False,,,NO
backend/tests/test_admin_bypass_and_fulfillment_plan.py,7f83ed7eb89cead92fbf01ce0f0e5f8af6e10384b412c13bfe0c3b3ef746298d,python_ast_syntax_structure,239,,,False,,,NO
backend/tests/test_ai_eval_judge.py,fa29d2a34df247e4182647401882ceb7022b8f72e09d5b596a8e39b2c3663e52,python_ast_syntax_structure,33,,,False,,,NO
backend/tests/test_audit_bagian_iii.py,7ea78227d728e5a62f5fccf9b7b1d19ae7aa3e0849e31630608dd1077ae98f2f,python_ast_syntax_structure,352,,,False,,,NO
backend/tests/test_audit_findings_reproduction.py,34a5abbdc2b17f33020fc0170a312d5d9526a47add910b8141bb05f71a9f089c,python_ast_syntax_structure,315,,,False,,,NO
backend/tests/test_color_links.py,6e3cff056bc8880d04b2dbe1f14e73543af1baad585b341bcc0a52c4d6d070f5,python_ast_syntax_structure,68,,,False,,,NO
backend/tests/test_config_clear_layer.py,07a523de6e3d0b08662ba94f4b0632935580613cbe1b4737a1a72c61676f87fe,python_ast_syntax_structure,104,,,False,,,NO
backend/tests/test_customer_colors.py,04f3fb6d03eefdb9b46c7239c2e8bd49364251b82190db1ecc2b0ff2af2f7b3c,python_ast_syntax_structure,304,,,False,,,NO
backend/tests/test_deploy_scripts.sh,76a99570877aca623af33dba6cb2590ad5a6e564973b3c32442e43e7a6b477bd,inventory_only,,,,False,,,NO
backend/tests/test_design_studio_flow.py,40926bb50785b979b60b564982d7c7bce8abc73c3d5b21476ecaba81483bcc17,python_ast_syntax_structure,358,,,False,,,NO
backend/tests/test_dockerfile_frontend_lock.sh,fcc5e491f89f2d3174ab192e9b1e6efe37191c0daaf2a20c2b71cf2eb9212337,inventory_only,,,,False,,,NO
backend/tests/test_f0b_entity_scoping.py,fecbcd34cc568992db99f19ee1fd78e48dd78c2e5e1cc1e7479b53f4a93f465a,python_ast_syntax_structure,292,,,False,,,NO
backend/tests/test_f0cdef_multientity.py,22276a21077ab198e6ba43c21f02db57a66dd49d3f15d01600290f50ca976cbd,python_ast_syntax_structure,429,,,False,,,NO
backend/tests/test_f1a_pricelist.py,bc48f35a4501033add8c0e5f617cbc6637256e6199fdc94b881c1e13ce2e6ece,python_ast_syntax_structure,358,,,False,,,NO
backend/tests/test_f1b_product_templates.py,e9b6f76759f67255ddb925ebb35a767c8615d709541e1ef35ff5e0283ebe73ce,python_ast_syntax_structure,356,,,False,,,NO
backend/tests/test_f2_stock_buckets.py,407b5c5d7cec595fcab4dc095d2cf561f9b2644b23de9fe963e6a84235ee8d97,python_ast_syntax_structure,380,,,False,,,NO
backend/tests/test_fase_sl_item_label_pattern.py,b8f6f508e9a9ebd740dea33ff94c086ff51287e63358a9646a5383062089fbb9,python_ast_syntax_structure,120,,,False,,,NO
backend/tests/test_fase_sl_receipt_variance.py,b915d14b91ac4c53a4204d898c16dda3058dac88582d63772459c9810b60e725,python_ast_syntax_structure,109,,,False,,,NO
backend/tests/test_fase_sl_rfid_alias.py,06cb901dd7bb39ff36ea82fee5b00ff69c71de98a6c25afcb58387c32afd916c,python_ast_syntax_structure,216,,,False,,,NO
backend/tests/test_fase_sl_scan_label.py,bf3ee34a9f76f3a5ed32f787bb39b8472f0c4a54dc293c3dc5e6eac60eb01d5e,python_ast_syntax_structure,341,,,False,,,NO
backend/tests/test_fb01_ai_illustration.py,6817e672f2fad8780c608904b1f85adccd8ba2291619c3b93af0c2527ac28a17,python_ast_syntax_structure,242,,,False,,,NO
backend/tests/test_fb02_logistics.py,2e47390ed3baba091d9ea06302ec784ae737f2a868599d4e23ce406333f500fb,python_ast_syntax_structure,348,,,False,,,NO
backend/tests/test_g5_poc.py,f5a01dc2dad3fc9466d3b0e253c4e2596a1093422a8e5ceabc673337a4b6f3a7,python_ast_syntax_structure,261,,,False,,,NO
backend/tests/test_g6_poc.py,61b157080fe54fe842a5f3fed4f03230f421a47000f70c84bf3e10858ab6c2ce,python_ast_syntax_structure,882,,,False,,,NO
backend/tests/test_g6b_poc.py,e4051e1de1155fbed211128abaa7968af1c2182960f4ce32db46026ef26cf0ff,python_ast_syntax_structure,612,,,False,,,NO
backend/tests/test_gelombang1_gl_integrity.py,33e4d60de3bfdedabf0dff8eeab3ea69470ee14ade854443653e386b382551df,python_ast_syntax_structure,365,,,False,,,NO
backend/tests/test_gelombang3_auth_ppn12.py,b4280719c860b72e3d5dcdcc359f895d0f1cfd35b0e7a0055039507d389cca60,python_ast_syntax_structure,385,,,False,,,NO
backend/tests/test_global_stock.py,42389ab5e3cf982efbf3fcd1716570fe561b35b2318560f320120931c92002bd,python_ast_syntax_structure,125,,,False,,,NO
backend/tests/test_grn_phase0.py,7f76650acf9b14fc9aec97b25a4ae8511fdb42e8f45cefe87b30ad89c66ab35f,python_ast_syntax_structure,198,,,False,,,NO
backend/tests/test_grn_phase2.py,b38be89dd0a0398e98e1eb68481683f8f3dab4612b0a85cd7dbea863f8df6a34,python_ast_syntax_structure,259,,,False,,,NO
backend/tests/test_grn_phase3_endpoints.py,8dd08ea060567458cd71c5c0b7287419ce515d64f1d6cc188b8d3ac3216c4d11,python_ast_syntax_structure,69,,,False,,,NO
backend/tests/test_grn_phase4_dn_rules.py,08fb147e9762f0042d4cdef23e2be7d699fdad4989fb9410eadd187b64a2559f,python_ast_syntax_structure,87,,,False,,,NO
backend/tests/test_grn_phase4_eval.py,44d26776542004ef8d3eaf39496a9695bff5e3eda6bf9b2d44d1e4bb850baaa8,python_ast_syntax_structure,44,,,False,,,NO
backend/tests/test_grn_phase4_read.py,1df6d6e56db538f7edabfb7a10d8313188a6bbff16645f9578f096fb86cae50c,python_ast_syntax_structure,133,,,False,,,NO
backend/tests/test_grn_phase5.py,3b6680e6fcd0feee67f28b51a7d4d7b0bbe12d16605a7def330fa4de63505ebd,python_ast_syntax_structure,161,,,False,,,NO
backend/tests/test_grn_phase6.py,9bb413f01a7b6948e5122f2989c5f465488750b1e371dc67b2202be73cf3d76e,python_ast_syntax_structure,150,,,False,,,NO
backend/tests/test_grn_phase7.py,1e0209762fc64ae3c7651b12e8d0b404d9d6cd04b585197e95934e7a6d0b3a1a,python_ast_syntax_structure,76,,,False,,,NO
backend/tests/test_home_boards_and_drift.py,0cb888d5b12e9826b3bf1ea9625b1d6511e071248729d81ec9e0b4852770585d,python_ast_syntax_structure,111,,,False,,,NO
backend/tests/test_inbound_complete_characterization.py,e0c513adf1d1cfd410d62bb665773b216b23c6929934d9e622ba071e77f5f867,python_ast_syntax_structure,161,,,False,,,NO
backend/tests/test_interco_g6.py,969748a2fe4f201ae50ba3ee83c8e17681b5ab1da15679ec2ddd9a11c12256a2,python_ast_syntax_structure,256,,,False,,,NO
backend/tests/test_iter105_dualname_pr_rnd.py,75f095e6148a60c31af39a1e1bfcb9858635ca34882a9614bc6c0ebf81c4a443,python_ast_syntax_structure,183,,,False,,,NO
backend/tests/test_iter105_so_pr_convert.py,a6121689c4225e63d0b8adc9716cbd42992284d4436d78c0076e185a045969a4,python_ast_syntax_structure,110,,,False,,,NO
backend/tests/test_iter107_backend.py,a34c73227ee108ad71308f819b5b0f806d58ce37b2bdb264bb5138c30c3ab694,python_ast_syntax_structure,106,,,False,,,NO
backend/tests/test_iter108_regression.py,710e94dd518acccb46e53f47b4f550e002f7382c1ba881749fb5dd005b34720b,python_ast_syntax_structure,94,,,False,,,NO
backend/tests/test_iter112_followup2.py,51bfc43a1a10af0f936e1de1718ce45db7017c796bac7a0093137eee2fe37728,python_ast_syntax_structure,164,,,False,,,NO
backend/tests/test_iter113_p05_new_features.py,fda2360e3b444a14dc039d44fc1992f84e3b9b4c250bf6613b7dd45a99033414,python_ast_syntax_structure,404,,,False,,,NO
backend/tests/test_iter114_p07_reversal.py,a7ed69c8dece3d0394b48dd06dfcf0936eb8a36166e22969a8c858b6f614a264,python_ast_syntax_structure,437,,,False,,,NO
backend/tests/test_iter115_p07b.py,2600259c0bb61b0204fe2786f32f335db748ba3302ce897813a71f125853557e,python_ast_syntax_structure,422,,,False,,,NO
backend/tests/test_iter116_p08.py,a4aafb353464818c20d4d905468c744077da0770e4b996578f94a9bd0a94def7,python_ast_syntax_structure,485,,,False,,,NO
backend/tests/test_iter117_p09.py,192f16112c8c4d27e432f3d21ea44ce1610e8b3c62f32b0bb5b011456cb54515,python_ast_syntax_structure,517,,,False,,,NO
backend/tests/test_iter118_p10.py,5810a3ecc960087a007129f657183096a95bd24873125680213c63715fa2d26e,python_ast_syntax_structure,506,,,False,,,NO
backend/tests/test_iter119_p11.py,ef93389128d9b3cd514cd8fd4670a23b61a81f681b82d9dd8c84503e36b28bf9,python_ast_syntax_structure,96,,,False,,,NO
backend/tests/test_iter120_p12.py,15746925f8228e24a446acd317d65dcafbdda6579edc67e36f908772d4a0fc79,python_ast_syntax_structure,348,,,False,,,NO
backend/tests/test_iter124_auth05_gn15.py,ee6e6534bbb94da79e62ca4c644bcb12ac320279c8ce6bf98a500c0e7d67ba0a,python_ast_syntax_structure,131,,,False,,,NO
backend/tests/test_iter12_location_backlog.py,e6c6c8035cab5a6aae1cbb58e9a1c87c60becadd616008133528f662ddbc2e9d,python_ast_syntax_structure,157,,,False,,,NO
backend/tests/test_iter143_makloon_po_variance.py,d682a888fa55ab43a9e140fedda969af183fb0c6fdb48e65d39987777ebe8db6,python_ast_syntax_structure,266,,,False,,,NO
backend/tests/test_iter144_roll_reconcile_sales.py,7fe52642e8ff1a974011b4e44cc73968698d1124de0feaab9fa5c82c0fe666e0,python_ast_syntax_structure,75,,,False,,,NO
backend/tests/test_iter149_audit.py,b053569e9aa82f0c7b50c3c98096d083dcb74977e0cb0d54cfa403505a0e51f9,python_ast_syntax_structure,143,,,True,,,NO
backend/tests/test_iter14_wh_transfer_rolls.py,8c6ef08a41058dab30dd8386fc8d8e800178a0aad3f284ab5744f9846e586761,python_ast_syntax_structure,201,,,False,,,NO
backend/tests/test_iter150_atp_board.py,93bf0bc4580f8445520c8a54048628656aa1699072392a36cef055a8585cc152,python_ast_syntax_structure,94,,,False,,,NO
backend/tests/test_iter153_real_fulfillment_e2e.py,5b9534f73acbe52374f78305754495d8f3ff4cbc9662a6c4c8b1bddec730fd94,python_ast_syntax_structure,287,,,False,,,NO
backend/tests/test_iter23_sample_and_designer.py,73416f2579fb14b9e5b12e149727be8c6428274c8f3e77b661948220a3bdea0b,python_ast_syntax_structure,262,,,False,,,NO
backend/tests/test_iter251_drift_and_isolation.py,74c9d0d38a9836fd91aed751e552218fce74cd30a4fd2c24942f30df5ce1831a,python_ast_syntax_structure,209,,,False,,,NO
backend/tests/test_iter252_critical_cross_entity.py,b3a55bb47ad49b8e4ac2d66c9890053d5b895191af3d16c7545e93a931c607fb,python_ast_syntax_structure,158,,,False,,,NO
backend/tests/test_iter253_session_2026_06b.py,ce339154a83403f08ab9724e02c57d0d11559e6cb7978632726fb996d818108a,python_ast_syntax_structure,145,,,False,,,NO
backend/tests/test_iter254_session_2026_06c.py,f05a7ddce692b32d9e31fb78931a38a95b1161d078a2a1c5c660ed6a8edf4003,python_ast_syntax_structure,215,,,False,,,NO
backend/tests/test_iter255_t1_t8.py,bcecf990e4e72e89be003f005aec7a8f272866287ef23fdf86db059723b609ec,python_ast_syntax_structure,283,,,False,,,NO
backend/tests/test_iter256_e2e_flow_sweep.py,0b51672a6c08c00bb55be263d95cc7c6a556504b7de43a382158ac8e18b410f4,python_ast_syntax_structure,276,,,False,,,NO
backend/tests/test_iter258_purchase_e2e_and_recon.py,ef7fd3bc7067ea75d900bed9697e333e2d1ea3a272116191c0c30c7dac28dba2,python_ast_syntax_structure,400,,,False,,,NO
backend/tests/test_iter25_revision_filter.py,558074745d83212054bf45706cb49fef07cb9457c644c659f2b44af0aaad9200,python_ast_syntax_structure,76,,,False,,,NO
backend/tests/test_iter260_board_returns.py,5623916c2de3c7a917a13c18ce6cf3ab3198e84508340f8947b5bb75646d34a4,python_ast_syntax_structure,166,,,False,,,NO
backend/tests/test_iter261_pipeline_eligibility.py,715e7f2a5381eb2d8400930985ee0923f5c231f59dca49767895b672a29f9cbe,python_ast_syntax_structure,177,,,False,,,NO
backend/tests/test_iter263_wms_rfid_r0r1r2.py,ad54afbfca965d9439542de911c39aa9055809416993b0baddb2a2e750ce677c,python_ast_syntax_structure,509,,,False,,,NO
backend/tests/test_iter264_putaway_fixes.py,5d1f968c21298480d06b69f9c14b8dbb8ffa34d7f0da714cefcca03829d5fe52,python_ast_syntax_structure,284,,,False,,,NO
backend/tests/test_iter265_r3r4r5.py,85e919a6f4b0e6560cbfb83ff367d6f11dc8e14be71dfab3d97f1f10968c59e5,python_ast_syntax_structure,599,,,False,,,NO
backend/tests/test_iter266_r6_cc_r7.py,1a8179836cd97c8929c4fb39095444c909bb6a97252fcd9bd8c3d190fbe7e250,python_ast_syntax_structure,464,,,False,,,NO
backend/tests/test_iter267_notif_health_multileg.py,30645ac7c5f8a3926270d71ed39693e47ee8a6cfff9f6b603a040ce12ca2fb2d,python_ast_syntax_structure,310,,,False,,,NO
backend/tests/test_iter268_order_preview.py,9d442ca4e063d14b09c215c8a32be17a54471e8e70c0d64d29221f6f96a6b525,python_ast_syntax_structure,234,,,False,,,NO
backend/tests/test_iter26_customer_revision_klien_17sep.py,c0b076c08d453ab66ffc0bda3124f53f96fb8bc98fcaf4256f258cc5551c4108,python_ast_syntax_structure,136,,,False,,,NO
backend/tests/test_iter270_reallocate_extra.py,b15124315fee0381e548857420c57a1ab1d48fce6f5a731134d218274e3268b3,python_ast_syntax_structure,240,,,False,,,NO
backend/tests/test_iter272_blanket_unit.py,28c4b0423214c7402f8c52f10cffc2a492359854b40cd92f4b6b8f9f18bf8f43,python_ast_syntax_structure,122,,,False,,,NO
backend/tests/test_iter273_approval_rules.py,1a4ddc586b0f1524c6ef27b7fea71928e5ea48546364b56bd16f2b44ab18246e,python_ast_syntax_structure,197,,,False,,,NO
backend/tests/test_iter274_regresi_ringan.py,e4ec2986c4fe1abf3c15a9f7948b9f3e79556d79ab9aece90d7d6b1bec492a5b,python_ast_syntax_structure,140,,,False,,,NO
backend/tests/test_iter275_g1_admin_sales_audit.py,264ae92b829686736bac554c4eee87c9c30371154a78be7a728bbbac95b3e32a,python_ast_syntax_structure,638,,,False,,,NO
backend/tests/test_iter276_g2_md_audit.py,e53d97e20be670e357f9bd963aa970a89b6606cb69ed57399fa9020d7c05918c,python_ast_syntax_structure,808,,,False,,,NO
backend/tests/test_iter277_gates_pin_isolation.py,5dc87018dd76cade89ef2e0638d960cbdee92641222eed094a88260a852e7596,python_ast_syntax_structure,325,,,False,,,NO
backend/tests/test_iter278_fulfillment_whguard.py,4924fa940be9e0d30c43299af93471755a135441e049cf78c76f26bb2b7e3812,python_ast_syntax_structure,205,,,False,,,NO
backend/tests/test_iter279_po_line_lock.py,54bed2bebb8a96054b076f17afc696ff50bee33171dcc799cae9eb182bbd31ad,python_ast_syntax_structure,169,,,False,,,NO
backend/tests/test_iter280_makloon_partial_queue.py,452e4aa89321cca52d0efebbc1e839e8a9e8327563f2a2c730a38fe20fce1eb6,python_ast_syntax_structure,156,,,False,,,NO
backend/tests/test_iter281_demo_wave12.py,9218d433d6d163ef0c0ca86bb9e072eef1d79571ed2a14b537ab8db80c0dfbc9,python_ast_syntax_structure,85,,,False,,,NO
backend/tests/test_iter284_pb01_md02_md08.py,976e0c88bc147e0653cee6d0c9f3e0b3e79b222bba6488c5b1e0af5de2e71c9a,python_ast_syntax_structure,236,,,False,,,NO
backend/tests/test_iter285_feedback_export_hutang.py,e4d52036fa9b0f05c9c548a4b7f39d4179c60c36a0b6dd3314a6434029fc169a,python_ast_syntax_structure,298,,,False,,,NO
backend/tests/test_iter288_logistics_gps.py,35adc973adce28dad17a9a3c500942bc73aecf6cb0eaec0e3fa60fa1278971e7,python_ast_syntax_structure,107,,,False,,,NO
backend/tests/test_iter289_driver_today.py,c9ca586fba1f73355363de3dc5ae976bf45230556a4db3c06fa120214cde6ab2,python_ast_syntax_structure,195,,,False,,,NO
backend/tests/test_iter291_audit_probes.py,aaa4449d726ac9efa31a4f9336444bd96d2d4a9dab3e10bd6453a9ef12aaf29f,python_ast_syntax_structure,365,,,False,,,NO
backend/tests/test_iter292_audit_fixes.py,b96c5b1dd73c777e212e29c14300c7196ca05d97933b8f6e4eff351dd45d91db,python_ast_syntax_structure,203,,,False,,,NO
backend/tests/test_iter292_f01_dispatch_gl.py,21b76c33a50a5e5431fe9450fa6ddadb58a78ee96b0bba9e73a17288a8621a72,python_ast_syntax_structure,89,,,False,,,NO
backend/tests/test_iter293_audit_backlog.py,cf9df5d07651f0947656bc2823952f5f7cb567ac1023ae551ec95f66420d6a75,python_ast_syntax_structure,276,,,False,,,NO
backend/tests/test_iter294_numbering_pdf.py,8eaecd4705823da92e96415fdb61b1deccd0f608adc25161895b47f114dc6992,python_ast_syntax_structure,180,,,False,,,NO
backend/tests/test_iter295_role_desks_bridge.py,75de91a4493c55744309998d847bc5e49cb3cfec48711a9873cfded69e7d0821,python_ast_syntax_structure,192,,,False,,,NO
backend/tests/test_iter297_revenue_policy.py,cd50a48a7d27fac295b0907a6e6e782cdb14fa9b494bae5fafe7ce555ec4d94b,python_ast_syntax_structure,229,,,False,,,NO
backend/tests/test_iter298_kebpdpt_e2e.py,123bdbef2e27b5e6042dedba6401c2c0da4b85940bd32121194894caac3114b7,python_ast_syntax_structure,356,,,False,,,NO
backend/tests/test_iter299_prorata_advance_report.py,1724ab584e12c2f15fcf46c8cfc70eadb8fd640a9c5c62f635dd1668f11100bf,python_ast_syntax_structure,409,,,False,,,NO
backend/tests/test_iter301_rbac_pricing_uom.py,b0bbd2b75f9c6a1962dc3255a0569f8b7af7b59a9ad30d0c831ba90edb40f0d3,python_ast_syntax_structure,212,,,False,,,NO
backend/tests/test_iter302_approval_rbac.py,a54f74ca3e3b2cb27ef975e37c00c4db661aa0b8a30395b359dd657e58be2504,python_ast_syntax_structure,96,,,False,,,NO
backend/tests/test_iter303_doc_resolve.py,4279c41740d640c7ac10e07493e80626ba0e81d1e286d9795b7fc98200912fda,python_ast_syntax_structure,136,,,False,,,NO
backend/tests/test_iter305_hpp_from_po.py,769db2c6f0aec998b255c0b7b904a8f398fee62aedb5929a55997469bb5d26e8,python_ast_syntax_structure,158,,,False,,,NO
backend/tests/test_iter306_hpp_redaction_bootstrap.py,8b629bded5687b6b7f9a40cce5cd5627c75b0785ffbc368ad90797a69c5cfe9e,python_ast_syntax_structure,114,,,False,,,NO
backend/tests/test_iter313_audit_fixes.py,e680f508bec3803add7c4d0aad05e3e27b37a394c70808f0ddc2ec8d0ce854b4,python_ast_syntax_structure,212,,,False,,,NO
backend/tests/test_iter313_u2_role_desks.py,08e89940d2dbc6ea9d328f41334f731db5e1ea3c92af45b3cd4ce4b7e98eb1e1,python_ast_syntax_structure,168,,,False,,,NO
backend/tests/test_iter314_saga_and_reopen.py,7a2832bb7e980fd8039e383624da549d0c5a90b2fdfab8b0de8a91df4ed1b1bd,python_ast_syntax_structure,278,,,False,,,NO
backend/tests/test_iter315_saga_locks_new_collections.py,e5a7d6ecc9a801b4c79253f2992fa6db72b2f6b3b40dcc6152e2eac1a83ce264,python_ast_syntax_structure,183,,,False,,,NO
backend/tests/test_iter316_catalog_rnd_security.py,2db9d34cb00304edfe955f78d3dc4f3ce8fda5ac357c8bb0038a02b72294059c,python_ast_syntax_structure,336,,,False,,,NO
backend/tests/test_iter316_designer_kpi_design_weight.py,0bb96e906817c5fb2952f6f36dc6fcab5f3d63b83b8839d5f8416ee3674bcd59,python_ast_syntax_structure,202,,,False,,,NO
backend/tests/test_iter317_completion_targets.py,1d6210e0b85e0896ef70580eb1e5df5e2fe97de5a6db8b054b5578af88a278d8,python_ast_syntax_structure,462,,,False,,,NO
backend/tests/test_iter318_dispatch_logistics.py,c1eb5fb8275e47b123584a716668d1df7a43f51f7bf5c10130775dc8f4160dfc,python_ast_syntax_structure,273,,,False,,,NO
backend/tests/test_iter319_dsr_studio_sync.py,e569f4ca0df0d0122329a28cf0be8af5386e88662aab68a65573ce6e9cdae635,python_ast_syntax_structure,260,,,False,,,NO
backend/tests/test_iter320_dsr_references.py,59be933ff01d07738e068fd1739c785b0c83314ba0060878a19aa4fb7366e571,python_ast_syntax_structure,284,,,False,,,NO
backend/tests/test_iter320_mobile_amendments_customers.py,6d86df9f2a442f773273c2052e58d2944ca5f89e842e4466e292fcdec64855e6,python_ast_syntax_structure,151,,,False,,,NO
backend/tests/test_iter321_rolls_pagination.py,efdae5f862c131240c038317a43dee6f30f8b58f85abeb84aca7ba1d88f1b1d7,python_ast_syntax_structure,128,,,False,,,NO
backend/tests/test_iter39_design_hold_proofing.py,82a00b6dd40fa45f5b35741c423da53c82c8d548e1f5b767f2e868b8e33b4877,python_ast_syntax_structure,337,,,False,,,NO
backend/tests/test_iter40_design_rnd.py,8f8ff325237888f60a948d0afb2b849121d2c36383d4033f15502fd8f1ca959b,python_ast_syntax_structure,281,,,False,,,NO
backend/tests/test_iter43_sample_spec_required.py,049921e28646dbc51ff22b5d6c4766f245085216db3f4726c53717ea8d6852d4,python_ast_syntax_structure,172,,,False,,,NO
backend/tests/test_iter44_two_color.py,e5b517f4ad606de6b379af48e421082efb1da850edc7ea85abf0bd70542859da,python_ast_syntax_structure,197,,,False,,,NO
backend/tests/test_iter45_special_orders.py,426578f5b238bd9a52157ac9a850bf1153da62930bb03eec70d4554e98de70db,python_ast_syntax_structure,197,,,False,,,NO
backend/tests/test_iter46_special_orders_phase2.py,cd3b51ddb1845c44b091c756186d79f56716bad7e10d941dc2eaff3c2edd8486,python_ast_syntax_structure,357,,,False,,,NO
backend/tests/test_iter47_special_orders_phase3.py,ee71ab6ee31e54857f09476aef939d9d45e59073bcb03359d9b94d9f986e806b,python_ast_syntax_structure,327,,,False,,,NO
backend/tests/test_iter48_special_orders_phase3_retest.py,cf36b681762f746dc8fa5d92f88b99b853a35d48e8000ae2f39f42f7872a4a42,python_ast_syntax_structure,214,,,False,,,NO
backend/tests/test_iter49_special_orders_phase4.py,1d8d127d455f94daf11354c67b7951b70e7bd5d0c78a6e6db45d3e19845271c1,python_ast_syntax_structure,331,,,False,,,NO
backend/tests/test_iter4_browser_seed_setup.py,eebd2d508f7420a38e89585f2c4c7dec8f46b160eb3a1002fbed785f6947a893,python_ast_syntax_structure,263,,,False,,,NO
backend/tests/test_iter50_marketing.py,342618b8a2f5fd1fba2c797402d8a19c777dbdf03a747157c33ff087e2b72782,python_ast_syntax_structure,343,,,False,,,NO
backend/tests/test_iter51_marketing_ext.py,6dc4365b789e6172ff5026d03ebb4709eece318351ce656d4a483a885040bd4d,python_ast_syntax_structure,262,,,False,,,NO
backend/tests/test_iter52_mkt_entity_name.py,e6daa68c35bd4bca0e84ee4b8a3ab26424822ad322c49c40295b2cb0d421a0a6,python_ast_syntax_structure,50,,,False,,,NO
backend/tests/test_iter58_marketing_templates_duplicate.py,6268c5145be0c6c9618aa617b559d180f7d3bdab9a44295bba3de653de031092,python_ast_syntax_structure,292,,,False,,,NO
backend/tests/test_iter60_import_stockaging_reschedule.py,76421fe21d4d7a7a7ef11e9f6dfa2f83690a35fd0560d07a647e3147dd73d55e,python_ast_syntax_structure,288,,,False,,,NO
backend/tests/test_iter61_color_library.py,77970add967562606c366529325b9d6360b71c31991896d7e75a6a8c56c32b98,python_ast_syntax_structure,337,,,False,,,NO
backend/tests/test_iter62_customer_colors.py,9f61914231fcc558ca007eebf9eddc70fc2d94e26fe350265341bd772b4d3a7e,python_ast_syntax_structure,152,,,False,,,NO
backend/tests/test_iter65_scan_label_probe.py,b3546523ef3401a2596510be0615509f6d54d50265ff93cdb911869a7c9b67ba,python_ast_syntax_structure,91,,,False,,,NO
backend/tests/test_iter94_po_learning.py,2602c2dfa237fa58b3435948ac5ded012c024d41f757117047d6697825811046,python_ast_syntax_structure,130,,,False,,,NO
backend/tests/test_iter95_photo_check.py,daa8c37daf173c255c5f2a902fbc0da83f74ccf15b23320b327892d72b8d4096,python_ast_syntax_structure,96,,,False,,,NO
backend/tests/test_iter96_tanya_kn_actions.py,67f78632cf4bad78e8671ecb264d03eed4bc0be79127905658b73ad935b038af,python_ast_syntax_structure,453,,,False,,,NO
backend/tests/test_iter97_master_produk_import.py,5a3311bb4be6b914ce22fb4de923ee01696437a91503a9959645629aa102cb51,python_ast_syntax_structure,221,,,False,,,NO
backend/tests/test_iter_sample_pos_extra.py,f1665f68e2b1fff69a6a9cd6f836deff258d2792045a97e2a79875cbc75033f1,python_ast_syntax_structure,152,,,False,,,NO
backend/tests/test_iter_tanya_kn_review.py,11910b0972100a41a51e450a1310b2c18b7adb7832043d28bc7ed84831b73e40,python_ast_syntax_structure,221,,,False,,,NO
backend/tests/test_kn_audit_2026_09_21.py,0e150cce723d76b785cf2e5fa22a48c665d6211d45bad67e496baf431f542fe7,python_ast_syntax_structure,143,,,False,,,NO
backend/tests/test_kn_audit_2026_09_21_extended.py,74a8c9376e17bce14f4817117d3fb156d5efd99e7fff249f24a65c7c142e4c9e,python_ast_syntax_structure,405,,,False,,,NO
backend/tests/test_kn_audit_2026_09_21_iter57.py,975906d4cc45b359d5c451bf4b17496140ce78e6db02c2d47aaf48fe5eecfbfe,python_ast_syntax_structure,274,,,False,,,NO
backend/tests/test_kn_audit_2026_09_21_iter58.py,c09845f0828dad5a1ac17219f3bf7566a185ecf0feafbc5236bbf7540249a596,python_ast_syntax_structure,320,,,False,,,NO
backend/tests/test_m3_auto_elim_consolidation.py,66d55b4244823dcc1854743353b82d2ad488dbd09d7ef021e8850d53ec280cdf,python_ast_syntax_structure,288,,,False,,,NO
backend/tests/test_m3_coa_per_pt_and_ic_transfer.py,0fb73b2dc8d9506280f5ea144401ae7a009c8bed37b3054db2a8d4fe199ee39e,python_ast_syntax_structure,358,,,False,,,NO
backend/tests/test_notifications_addressing.py,d7ad0932ad41f06637b2eb48e305b31d4be0d4d60e78244f01fe5ac958853b24,python_ast_syntax_structure,125,,,False,,,NO
backend/tests/test_notifications_iter33.py,cbd9feadbbe9082b7ab829ac14bacb44faaf122a036c1ef2d039c93b64bbf143,python_ast_syntax_structure,200,,,False,,,NO
backend/tests/test_p13_audit.py,f3ab3df78660cdf21b041634aa41aa5a8bb2e6d68e5484e99ea2a1b4c573ed06,python_ast_syntax_structure,287,,,False,,,NO
backend/tests/test_p14_history.py,9ddf06b405b40fa7ff031ece4850cb25265618346a70d2d7c9439ecf781d517e,python_ast_syntax_structure,165,,,False,,,NO
backend/tests/test_p17_review.py,ab22b6694a50151a61ed37fa55ee99c558101e924bb902feaf875fd430095754,python_ast_syntax_structure,275,,,False,,,NO
backend/tests/test_p19_roll_hold_release.py,f62d35e6abbf5f13de9df6599441e38f7ae9539a0f6fced52e6fa5666c5625b7,python_ast_syntax_structure,210,,,False,,,NO
backend/tests/test_posting_failures.py,b1858adfd9e476c25967caddc27cede14378b481f0f375660264e349c8d17d68,python_ast_syntax_structure,117,,,False,,,NO
backend/tests/test_registry_ai_collections.py,8999128ce4141f5fd04a80127dc9293ece800cbad44dcfdba86ea7d4b359d3c0,python_ast_syntax_structure,15,,,False,,,NO
backend/tests/test_review_iter86_features.py,8b27c7ce2c446dc132cd182f79fd2c1b44efd8bcf27f94feee3744c6e9245760,python_ast_syntax_structure,508,,,False,,,NO
backend/tests/test_review_iter89_features.py,6cdbaa0423bcb2ca884853e202fa1fd55db9045fec949d0ee8ef623cdf761d58,python_ast_syntax_structure,146,,,False,,,NO
backend/tests/test_review_iter91_trace_print.py,5825fab7c8540843919f0385373c8b30f65916f93d855caeff9ba70e30376801,python_ast_syntax_structure,122,,,False,,,NO
backend/tests/test_revision_indicators_iter24.py,afb92fb7142b824ea3a0797a7c8e3d5bf953889c016392e4a053a377f25299b6,python_ast_syntax_structure,93,,,False,,,NO
backend/tests/test_rnd_proof_gallery_smoke.py,903625babaac19eac3952edfde750b5187b0d875c8e5707070e522ec44008051,python_ast_syntax_structure,48,,,False,,,NO
backend/tests/test_rnd_samples_qa3.py,23e8aeab1afd8bdb72c9d7bdba86584410046abeb4486d13ca8d0b2e0c7456d3,python_ast_syntax_structure,111,,,False,,,NO
backend/tests/test_role_editor_iter35.py,186f30ebd812889f07489a1b6be1e662936053b07eac6ac7f8b182cb54f80e43,python_ast_syntax_structure,101,,,False,,,NO
backend/tests/test_role_editor_iter36.py,2887ca2de871c243fe6c040bf5bc364fed58780588202f86e37bc8b43c30c295,python_ast_syntax_structure,34,,,False,,,NO
backend/tests/test_role_editor_iter37.py,e00758b2943e1ae8c4f7341c53f17cb050ccdbf3cbb9c9192b82e76d1a80ef8c,python_ast_syntax_structure,149,,,False,,,NO
backend/tests/test_role_editor_iter38.py,7aa30dc83db1f6a2fd7049118ea2b4cc0f4d1454b3dfb995110cd47ad6dbb023,python_ast_syntax_structure,152,,,False,,,NO
backend/tests/test_roll_pick_and_reallocate.py,fc946e168eafbeaea9aeb527afea3cd8f14d47e0bfe89cfdb34e54e04d9d5121,python_ast_syntax_structure,304,,,False,,,NO
backend/tests/test_saga_lock_registry.py,62f7c6f754f17bd4105b900090630ea4f72a3f076545edff0073cfa601425739,python_ast_syntax_structure,16,,,False,,,NO
backend/tests/test_sample_pos_flow.py,4fb625607b1958d9bf11248057e9070f63aa4f8811ebe17bd8827969f0210595,python_ast_syntax_structure,83,,,False,,,NO
backend/tests/test_sesi14_idempotency.py,42f24969b2e58330144b4658b74f65278b741e5643160cf25f206a934ed50429,python_ast_syntax_structure,86,,,False,,,NO
backend/tests/test_sesi16_ar_receipt.py,3eb5953bfc87b5a2bcb6bae307b777331e1db9ad6a0f1a93bcb04987a81aecc0,python_ast_syntax_structure,73,,,False,,,NO
backend/tests/test_sesi18_regression.py,706ce49b70d6837816a33242fc12422a542632c57bcd8485af0c612c77c5a7e9,python_ast_syntax_structure,372,,,False,,,NO
backend/tests/test_sesi_2026_06_papan_manajer.py,467d11ceb0655bad4d2888034b77d0d1efda3f908b9ddf37b1f0eee091f318f7,python_ast_syntax_structure,201,,,False,,,NO
backend/tests/test_tanya_kn_doc_context.py,a823dae3d610c705659d4899b765733b9f322a131a72ece37b56bde97a04bc16,python_ast_syntax_structure,47,,,False,,,NO
backend/tests/test_tanya_kn_f0_access.py,73b9bbd82348249246afb0ab77102b248f6d33f589ea6299a7fca3197ca2f2b0,python_ast_syntax_structure,72,,,False,,,NO
backend/tests/test_tanya_kn_f0_time.py,fde782f7f046d66ab4a4cfe3d3997cb6ffe6d17c3c25f18d952fe2a11cfb4db1,python_ast_syntax_structure,62,,,False,,,NO
backend/tests/test_tanya_kn_f1_engine.py,672a474c38384f607bbfc65964805af1d7ab72d05a18dd1a1c0b16a7153af223,python_ast_syntax_structure,194,,,False,,,NO
backend/tests/test_tanya_kn_f2_f3.py,d5e176c4f3ad6e92c1d5dc2e020bb9c965d2de6f9710310047c7b98e327d8eeb,python_ast_syntax_structure,126,,,False,,,NO
backend/tests/test_tanya_kn_f4_f5.py,ac263b97713f72c7c765cf5ca1842baf7697c5028fa3e6fa541252e067e8a475,python_ast_syntax_structure,106,,,False,,,NO
backend/tests/test_tanya_kn_streaming_costpage.py,3272756f08af9ce680e1129d58ca557c9c45e10e25fd510f7d470a3d3b2755b8,python_ast_syntax_structure,182,,,False,,,NO
backend/tests/test_tanya_kn_supplemental.py,8258860e49bbcd65818d7c961647947ea8a4a3f9357bdb6e1e36cd6c1b8c7748,python_ast_syntax_structure,219,,,False,,,NO
backend/tests/test_transfer_status_guard.py,cad6340640f13951ade14d5197bfbfa4158c0e70ebc24e3161fb3f7c3ac46821,python_ast_syntax_structure,133,,,False,,,NO
backend/tests/test_uom_1_13.py,82e3ac7a9be6d22d69b1418d24c221af15de45c1249f9921d8d33078c287e4db,python_ast_syntax_structure,85,,,False,,,NO
backend/tests/test_upload_content_check.py,4d3b76c5e10bef1da4fae85936e988d369810ae6020b9f279d9ec33cb4328336,python_ast_syntax_structure,22,,,False,,,NO
backend/tests/test_verifikasi_sesi_2026_08_25.py,805cee149dd81847123835cca04066ce88d1132013e757c15ef42e4360cd948f,python_ast_syntax_structure,319,,,False,,,NO
backend/tests/test_vps_enable_ai.py,674b5fccd338807bc9a26c2973ce2167b26d4846c615290aa4c3a1f24db2e490,python_ast_syntax_structure,97,,,False,,,NO
backend/tests/test_w2_targeted.py,42575a11aec9f1ac1746cd74438a0a052036cd1d6881846f9e0c4cd07da04cba,python_ast_syntax_structure,429,,,False,,,NO
backend/tests/test_wilayah_extra.py,8e0ca4efab0e7ab70f51111ab7919ddd6749f9a6851e34b8a9b271962cf678fe,python_ast_syntax_structure,85,,,False,,,NO
backend/tests/test_wms_advance_expected.py,9af9e734b49b9c40cd0af37bfc06f790e09aa7722dffe6a55a7598e83c84a357,python_ast_syntax_structure,63,,,False,,,NO
backend/tools/__init__.py,e3b0c44298fc1c149afbf4c8996fb92427ae41e4649b934ca495991b7852b855,python_ast_syntax_structure,0,,,False,0,0,NO
backend/tools/ai_eval/build_questions.py,50dad272d2eb836193b370615ff53039eb205116dc02a46ed8dc672f317a7d94,python_ast_syntax_structure,149,,,False,0,78,NO
backend/tools/ai_eval/questions_v1.json,f2b589d2bc86c63986dd77467c03e714fc10c2db57595627c17c723e70007fcc,inventory_only,3551,,,False,,,NO
backend/tools/ai_eval/reports/.gitkeep,e3b0c44298fc1c149afbf4c8996fb92427ae41e4649b934ca495991b7852b855,inventory_only,,,,False,,,NO
backend/tools/ai_eval/reports/engine_20260927_193327.json,a92035d449c99bbe9e777ebce160a591e55eb6b2ccc4e470184964347ad73a33,inventory_only,781,,,False,,,NO
backend/tools/ai_eval/reports/model_20261004_115632.json,1cb2b3e7c3d1ce537fb0e3e8dd2f626e7d29272b360836a7b1862e9484249e01,inventory_only,1359,,,False,,,NO
backend/tools/ai_eval/reports/model_20261004_115807.json,167d022e16ff3704e0a6af1664004c443d2feb8429d4193dcc22d29451fa6188,inventory_only,192,,,False,,,NO
backend/tools/ai_eval/reports/model_20261004_120624.json,6bd106caba38ad0e93e946e2d3e6f13b6a62b079b0df3cb08aaf2f8343e4a914,inventory_only,3822,,,False,,,NO
backend/tools/ai_eval/reports/model_20261004_121728.json,e53551ab4e6ff9f5197c0b947b7545482ce2d15094d2d9abbfa4e7ceb7638c81,inventory_only,4104,,,False,,,NO
backend/tools/ai_eval/reports/model_20261004_122346.json,8dde0632d9d423083683b743435eca53c1bd172347a2543a8d4a8da9cdcb7584,inventory_only,212,,,False,,,NO
backend/tools/ai_eval/reports/model_20261004_123209.json,b1e6b7b796e158a446e70512983f7ff649c7a3c63560b9197379d3bcb3824f9f,inventory_only,4098,,,False,,,NO
backend/tools/ai_eval/reports/model_20261004_124044.json,75249bbb7e4511224a4f29cf8733f7a637513d46d7b1ccaa963a80be085501a9,inventory_only,229,,,False,,,NO
backend/tools/ai_eval/run_eval.py,1a1f33c4499878cc7ab7ecf45d2e78c0f852c229b17ac28cf86a4ecc2c5e626b,python_ast_syntax_structure,153,,,False,34,107,NO
backend/tools/ocr_eval.py,204677b28a739f3f759a7416f567b8d86ca719882b7de6cb8fa1b68f2434975d,python_ast_syntax_structure,158,,,False,0,115,NO
backend/uploads/kn7/design_gallery/14baeb7921ca4b4e91fd8e3bc006fa1b.png,400e77b82f2ec2f6144b8792d3aacbe04788a9e9de0abe65f2e00d3e0a74d726,inventory_only,,,,False,,,NO
backend/uploads/kn7/design_gallery/1bcaa1fd9e4149a48355b150a8986b30.png,ebf4f635a17d10d6eb46ba680b70142419aa3220f228001a036d311a22ee9d2a,inventory_only,,,,False,,,NO
backend/uploads/kn7/design_gallery/25d0f146b79f4b74a6be6b2cf4309fd5.png,b1ff9c8ea3a780bad09b346c423d2d0e46815926879b18e841d928376a946640,inventory_only,,,,False,,,NO
backend/uploads/kn7/design_gallery/3081db3cf1064b7e8d49f9511eb651ac.png,b1ff9c8ea3a780bad09b346c423d2d0e46815926879b18e841d928376a946640,inventory_only,,,,False,,,NO
backend/uploads/kn7/design_gallery/33927f6827164098a8657c0dcbc0a329.png,ebf4f635a17d10d6eb46ba680b70142419aa3220f228001a036d311a22ee9d2a,inventory_only,,,,False,,,NO
backend/uploads/kn7/design_gallery/4550770013d34623bb012b553b9b40bf.png,ebf4f635a17d10d6eb46ba680b70142419aa3220f228001a036d311a22ee9d2a,inventory_only,,,,False,,,NO
backend/uploads/kn7/design_gallery/4c9aa0c0125c485292717d35432cde6b.png,ebf4f635a17d10d6eb46ba680b70142419aa3220f228001a036d311a22ee9d2a,inventory_only,,,,False,,,NO
backend/uploads/kn7/design_gallery/57c692544f8a49d4a1bfa1eabdafabc3.png,ebf4f635a17d10d6eb46ba680b70142419aa3220f228001a036d311a22ee9d2a,inventory_only,,,,False,,,NO
backend/uploads/kn7/design_gallery/59f3cf540ae64ff780aff941be7d9263.png,ebf4f635a17d10d6eb46ba680b70142419aa3220f228001a036d311a22ee9d2a,inventory_only,,,,False,,,NO
backend/uploads/kn7/design_gallery/68e93f17c72e4ed493d42a68569456b9.png,400e77b82f2ec2f6144b8792d3aacbe04788a9e9de0abe65f2e00d3e0a74d726,inventory_only,,,,False,,,NO
backend/uploads/kn7/design_gallery/7e404ee396f64e13bd91f8d98d1775b0.png,ebf4f635a17d10d6eb46ba680b70142419aa3220f228001a036d311a22ee9d2a,inventory_only,,,,False,,,NO
backend/uploads/kn7/design_gallery/7e9f9b8ab2d24c188f8a6e63a2452786.png,ebf4f635a17d10d6eb46ba680b70142419aa3220f228001a036d311a22ee9d2a,inventory_only,,,,False,,,NO
backend/uploads/kn7/design_gallery/a136ff41ce614818ad61c9cc372bba7b.png,ebf4f635a17d10d6eb46ba680b70142419aa3220f228001a036d311a22ee9d2a,inventory_only,,,,False,,,NO
backend/uploads/kn7/design_gallery/a720c499dbcc411289255b0e2f72c059.png,ebf4f635a17d10d6eb46ba680b70142419aa3220f228001a036d311a22ee9d2a,inventory_only,,,,False,,,NO
backend/uploads/kn7/design_gallery/a73ee7cbf4324ee4bfdb7e84726be375.png,02269fee3081bc608632e0791f1acd895cae18f7e966d04381582dbf13e077f0,inventory_only,,,,False,,,NO
backend/uploads/kn7/design_gallery/a7598e763b24478fbb569c6153209abe.png,02269fee3081bc608632e0791f1acd895cae18f7e966d04381582dbf13e077f0,inventory_only,,,,False,,,NO
backend/uploads/kn7/design_gallery/ad99d03579084ecd83c385b9def838ec.png,ebf4f635a17d10d6eb46ba680b70142419aa3220f228001a036d311a22ee9d2a,inventory_only,,,,False,,,NO
backend/uploads/kn7/design_gallery/b75887c8073741adbd4a55bb02635d41.png,b1ff9c8ea3a780bad09b346c423d2d0e46815926879b18e841d928376a946640,inventory_only,,,,False,,,NO
backend/uploads/kn7/design_gallery/c56917793fae4d10bcad0f21589e1d56.png,ebf4f635a17d10d6eb46ba680b70142419aa3220f228001a036d311a22ee9d2a,inventory_only,,,,False,,,NO
backend/uploads/kn7/design_gallery/c9a787c5cf1242ec8e667c93354bd141.png,b1ff9c8ea3a780bad09b346c423d2d0e46815926879b18e841d928376a946640,inventory_only,,,,False,,,NO
backend/uploads/kn7/design_gallery/d4748c89933645eea2e79cad110bd066.png,b1ff9c8ea3a780bad09b346c423d2d0e46815926879b18e841d928376a946640,inventory_only,,,,False,,,NO
backend/uploads/kn7/design_gallery/f45261ddcbc7440d8fe4560a7b7e4f89.png,400e77b82f2ec2f6144b8792d3aacbe04788a9e9de0abe65f2e00d3e0a74d726,inventory_only,,,,False,,,NO
backend/uploads/kn7/design_gallery/ff5617c92afe4e58859c9c01269c3212.png,b1ff9c8ea3a780bad09b346c423d2d0e46815926879b18e841d928376a946640,inventory_only,,,,False,,,NO
backend/uploads/kn7/design_requests/145fe18d40904fc4b7eb58d88cb97f40.png,fcc74b601d78cadd2721bcab2105a4f4b82d2a804a278a2912b70e32d820d84b,inventory_only,,,,False,,,NO
backend/uploads/kn7/design_requests/5b24759f81694a37a9ed2230249b897f.png,c414cd0e204de974f73753c7e28d7638e7b3691bb8b1a2bab6b25bb7fed7ce77,inventory_only,,,,False,,,NO
backend/uploads/kn7/design_requests/7dd4bb52937f4e8cb0538f9216a92d39.png,c414cd0e204de974f73753c7e28d7638e7b3691bb8b1a2bab6b25bb7fed7ce77,inventory_only,,,,False,,,NO
backend/uploads/kn7/design_requests/8119ca12ac4d4c3a9999b39ac80bb8d5.png,b1ff9c8ea3a780bad09b346c423d2d0e46815926879b18e841d928376a946640,inventory_only,,,,False,,,NO
backend/uploads/kn7/design_requests/89a93b3853d540e1acbb68738d28996a.png,b1ff9c8ea3a780bad09b346c423d2d0e46815926879b18e841d928376a946640,inventory_only,,,,False,,,NO
backend/uploads/kn7/design_requests/b25822ca4af04b8398b425f46e038c34.png,b1ff9c8ea3a780bad09b346c423d2d0e46815926879b18e841d928376a946640,inventory_only,,,,False,,,NO
backend/uploads/kn7/design_requests/cb14a0ba23a5405facb67e3b1df56756.jpg,66a367e774728002e60976a9491b8189b00ac5940ce0ede0e7db1ac37dd13bcc,inventory_only,,,,False,,,NO
backend/uploads/kn7/design_requests/ebdc03a478a7483fa47d0f6e3c9c165a.png,b1ff9c8ea3a780bad09b346c423d2d0e46815926879b18e841d928376a946640,inventory_only,,,,False,,,NO
backend/uploads/kn7/design_requests/f52a1d0aa45f444b9ac09062861550d2.png,fcc74b601d78cadd2721bcab2105a4f4b82d2a804a278a2912b70e32d820d84b,inventory_only,,,,False,,,NO
backend/uploads/kn7/design_requests/faf6f3e528974528ad08b65013d5d8fc.png,63ef318d96b5d0d0ceba6e04a4e622b1158335cdc67c49e27839132c6f655058,inventory_only,,,,False,,,NO
backend/uploads/kn7/grn/grn_0785cfe2be87/fd834cb46e67460487acc8cc72027c52.jpg,0474f72e2124bf0233df52f46ac259da01e4cdec2f6f7014a0b2bd35846cb6e2,inventory_only,,,,False,,,NO
backend/uploads/kn7/grn/grn_07ee4931ff00/79ef2760eba04f96860dfe342e86a087.jpg,0474f72e2124bf0233df52f46ac259da01e4cdec2f6f7014a0b2bd35846cb6e2,inventory_only,,,,False,,,NO
backend/uploads/kn7/grn/grn_0b148e3e037d/7e3c51feafbb4bcfb56463a6fced6e85.jpg,0474f72e2124bf0233df52f46ac259da01e4cdec2f6f7014a0b2bd35846cb6e2,inventory_only,,,,False,,,NO
backend/uploads/kn7/grn/grn_0f3d9d30992d/3d3dec3ed39f49929ec76e3e878fa75d.jpg,0474f72e2124bf0233df52f46ac259da01e4cdec2f6f7014a0b2bd35846cb6e2,inventory_only,,,,False,,,NO
backend/uploads/kn7/grn/grn_1038ceb97c84/e68ca8a838de4eec9e6c9cbfca5ea5e3.jpg,d3ad45e8a59b78084feb0d85e27c6fd56641af563e4825415bd4187fbc34b90b,inventory_only,,,,False,,,NO
backend/uploads/kn7/grn/grn_108ec832bdc7/73f47a159e1a4094b9c247a52632d55b.jpg,0474f72e2124bf0233df52f46ac259da01e4cdec2f6f7014a0b2bd35846cb6e2,inventory_only,,,,False,,,NO
backend/uploads/kn7/grn/grn_113511644c88/1d27dfcb1121476e949e0ba6a3e67781.jpg,0474f72e2124bf0233df52f46ac259da01e4cdec2f6f7014a0b2bd35846cb6e2,inventory_only,,,,False,,,NO
backend/uploads/kn7/grn/grn_13b9f33bcd3a/7dfb2122b560408f87fba2fad552c0c7.jpg,0474f72e2124bf0233df52f46ac259da01e4cdec2f6f7014a0b2bd35846cb6e2,inventory_only,,,,False,,,NO
backend/uploads/kn7/grn/grn_1ba21fc0632e/8fcfc59e7c15474db8e38594f5eb859f.jpg,0474f72e2124bf0233df52f46ac259da01e4cdec2f6f7014a0b2bd35846cb6e2,inventory_only,,,,False,,,NO
backend/uploads/kn7/grn/grn_1bcaf440f754/a9ec45a9c3e044ba9c72091097911d2f.jpg,0474f72e2124bf0233df52f46ac259da01e4cdec2f6f7014a0b2bd35846cb6e2,inventory_only,,,,False,,,NO
backend/uploads/kn7/grn/grn_1c87c371d05b/ae9d6fad95d645609c9b38d284463972.jpg,0474f72e2124bf0233df52f46ac259da01e4cdec2f6f7014a0b2bd35846cb6e2,inventory_only,,,,False,,,NO
backend/uploads/kn7/grn/grn_217c1644db86/013544a09887429b807d959c6675cb63.jpg,0474f72e2124bf0233df52f46ac259da01e4cdec2f6f7014a0b2bd35846cb6e2,inventory_only,,,,False,,,NO
backend/uploads/kn7/grn/grn_238b26a3cf6b/3a35c06616ca453ca9fe3a9d56f08bd2.jpg,0474f72e2124bf0233df52f46ac259da01e4cdec2f6f7014a0b2bd35846cb6e2,inventory_only,,,,False,,,NO
backend/uploads/kn7/grn/grn_245dcb8540ed/491278af9a61459687024a2308927bf7.jpg,05f9f7810415121f8aa1e2a55694740cb10f2f821b3de1052fedfea1cd187cba,inventory_only,,,,False,,,NO
backend/uploads/kn7/grn/grn_24bf064ddf21/0c0c96a1697347808cade2361476000c.jpg,0474f72e2124bf0233df52f46ac259da01e4cdec2f6f7014a0b2bd35846cb6e2,inventory_only,,,,False,,,NO
backend/uploads/kn7/grn/grn_266b7328f372/34361694230b40d086daee56bbbf84c8.jpg,d3ad45e8a59b78084feb0d85e27c6fd56641af563e4825415bd4187fbc34b90b,inventory_only,,,,False,,,NO
backend/uploads/kn7/grn/grn_2b1f11a4217b/bd27e13bf8124939a67e625a31faedda.jpg,0474f72e2124bf0233df52f46ac259da01e4cdec2f6f7014a0b2bd35846cb6e2,inventory_only,,,,False,,,NO
backend/uploads/kn7/grn/grn_2b3353c3125c/be7145de1831470c8518755ecdd754fe.jpg,0474f72e2124bf0233df52f46ac259da01e4cdec2f6f7014a0b2bd35846cb6e2,inventory_only,,,,False,,,NO
backend/uploads/kn7/grn/grn_2df5d9dba6cc/dc7e6725273444e099e4fb582c325e06.jpg,0474f72e2124bf0233df52f46ac259da01e4cdec2f6f7014a0b2bd35846cb6e2,inventory_only,,,,False,,,NO
backend/uploads/kn7/grn/grn_30ce4594effc/085dcf8df5304c7e8227601b85a8e8a0.png,2b120bccf6d8c32f4d9efdfc791df8c751f2312019ac866a32ff5ce8075edb1d,inventory_only,,,,False,,,NO
backend/uploads/kn7/grn/grn_30ce4594effc/3f054e2f4ee34811a6e7b4f5f5151ed8.png,0a794b7ab2a9413ffcf2f0a16dc23804207ea7207fee4eb83a51f56d1639fcc7,inventory_only,,,,False,,,NO
backend/uploads/kn7/grn/grn_30ce4594effc/c0162cdcc13d44618e6a9f041bba3063.png,b8362f8987e192949d8121a4a2f27510005771af62b2fd2b184c38b9f112f6e9,inventory_only,,,,False,,,NO
backend/uploads/kn7/grn/grn_313857883704/1b858ac82974494abfa9f7b7fb8b60aa.jpg,0474f72e2124bf0233df52f46ac259da01e4cdec2f6f7014a0b2bd35846cb6e2,inventory_only,,,,False,,,NO
backend/uploads/kn7/grn/grn_36ecf7471cf4/b9836d6c5fff48f087a89bb082ee93e1.jpg,05f9f7810415121f8aa1e2a55694740cb10f2f821b3de1052fedfea1cd187cba,inventory_only,,,,False,,,NO
backend/uploads/kn7/grn/grn_38c1935b8ac1/27625b94ee654d70b7fd8d3df60451d9.jpg,88b140be1c602696549133eccc7866dc1945f198eafcce2df8a53898d70d921f,inventory_only,,,,False,,,NO
backend/uploads/kn7/grn/grn_39fd334b862e/d099d351152b4346b64c72a78d7cc963.jpeg,93f51d74dea02cd613d8be5c52407bebd717b6119425965c72cc32b027cc060c,inventory_only,,,,False,,,NO
backend/uploads/kn7/grn/grn_3a87a83d117f/0a864d4b195d408fa1fe3af5cd5867a6.jpg,0474f72e2124bf0233df52f46ac259da01e4cdec2f6f7014a0b2bd35846cb6e2,inventory_only,,,,False,,,NO
backend/uploads/kn7/grn/grn_3ae11260cd00/599a4c9c251048828d83cce15d685336.jpeg,23effb7923325f94e749c7fe65f52a9ddcfbba68620debe1087792c61a0b4db1,inventory_only,,,,False,,,NO
backend/uploads/kn7/grn/grn_3f7bfb2927eb/24eb13893c874100ae04f9aab3db29f4.jpg,0474f72e2124bf0233df52f46ac259da01e4cdec2f6f7014a0b2bd35846cb6e2,inventory_only,,,,False,,,NO
backend/uploads/kn7/grn/grn_40a455f08a7b/dcda2c4cd7ca442e9a302942c741c78c.jpeg,93f51d74dea02cd613d8be5c52407bebd717b6119425965c72cc32b027cc060c,inventory_only,,,,False,,,NO
backend/uploads/kn7/grn/grn_41059c277879/947c6ac94a5449e8a22d2c86ea02a451.jpg,0474f72e2124bf0233df52f46ac259da01e4cdec2f6f7014a0b2bd35846cb6e2,inventory_only,,,,False,,,NO
backend/uploads/kn7/grn/grn_489dac4da9be/0d4b39b46f51488ebb3a38d5b3646717.jpg,0474f72e2124bf0233df52f46ac259da01e4cdec2f6f7014a0b2bd35846cb6e2,inventory_only,,,,False,,,NO
backend/uploads/kn7/grn/grn_4b0d19d85416/5977d409ffaf4415aad0cca19d3dbd3c.jpg,0474f72e2124bf0233df52f46ac259da01e4cdec2f6f7014a0b2bd35846cb6e2,inventory_only,,,,False,,,NO
backend/uploads/kn7/grn/grn_4c5de2e1035e/3bb187f472214fd2a2b0bbff87f875a4.jpeg,93f51d74dea02cd613d8be5c52407bebd717b6119425965c72cc32b027cc060c,inventory_only,,,,False,,,NO
backend/uploads/kn7/grn/grn_50220e1daa94/51baa2ffb18040bcbadc4af1998f5e3b.jpg,0474f72e2124bf0233df52f46ac259da01e4cdec2f6f7014a0b2bd35846cb6e2,inventory_only,,,,False,,,NO
backend/uploads/kn7/grn/grn_52140633ffd6/485e198b28aa4517b7873da6e234aeab.jpg,0474f72e2124bf0233df52f46ac259da01e4cdec2f6f7014a0b2bd35846cb6e2,inventory_only,,,,False,,,NO
backend/uploads/kn7/grn/grn_5355a761468e/3f090f814de940b5956221b0a1c95153.jpg,0474f72e2124bf0233df52f46ac259da01e4cdec2f6f7014a0b2bd35846cb6e2,inventory_only,,,,False,,,NO
backend/uploads/kn7/grn/grn_55be26d699a3/aa7488567c5c4d81915a2f53517af27e.jpg,0474f72e2124bf0233df52f46ac259da01e4cdec2f6f7014a0b2bd35846cb6e2,inventory_only,,,,False,,,NO
backend/uploads/kn7/grn/grn_59786ac90e92/98031bbe29b44af9a5ea9988ef4c2976.jpg,0474f72e2124bf0233df52f46ac259da01e4cdec2f6f7014a0b2bd35846cb6e2,inventory_only,,,,False,,,NO
backend/uploads/kn7/grn/grn_5b5a6c65778f/6a361dd40689403d8b52213e693cbf32.jpg,0474f72e2124bf0233df52f46ac259da01e4cdec2f6f7014a0b2bd35846cb6e2,inventory_only,,,,False,,,NO
backend/uploads/kn7/grn/grn_5c4a6554a1a6/e507b5d96cf24426981482fce35d65bc.jpg,0474f72e2124bf0233df52f46ac259da01e4cdec2f6f7014a0b2bd35846cb6e2,inventory_only,,,,False,,,NO
backend/uploads/kn7/grn/grn_5c9ae5a8be8d/c5fdb76fc2df4b24b1b7e1b8b0b430a2.jpg,0474f72e2124bf0233df52f46ac259da01e4cdec2f6f7014a0b2bd35846cb6e2,inventory_only,,,,False,,,NO
backend/uploads/kn7/grn/grn_606516625f10/ec4899e5af6846cead894b5999b93b79.jpg,0474f72e2124bf0233df52f46ac259da01e4cdec2f6f7014a0b2bd35846cb6e2,inventory_only,,,,False,,,NO
backend/uploads/kn7/grn/grn_617f9be2e001/72c6c6810517405ba452f755aa58de6d.jpg,d3ad45e8a59b78084feb0d85e27c6fd56641af563e4825415bd4187fbc34b90b,inventory_only,,,,False,,,NO
backend/uploads/kn7/grn/grn_6535e668c750/135d9a20f14e496b9f2b64b2b7aa88ab.jpg,0474f72e2124bf0233df52f46ac259da01e4cdec2f6f7014a0b2bd35846cb6e2,inventory_only,,,,False,,,NO
backend/uploads/kn7/grn/grn_68065a3db79a/1ccef02cc0a24323a83db8f7a2d242a6.jpg,0474f72e2124bf0233df52f46ac259da01e4cdec2f6f7014a0b2bd35846cb6e2,inventory_only,,,,False,,,NO
backend/uploads/kn7/grn/grn_68796b2b218b/5e3bdad249dc4b1093f9fb9be9c6b9ef.jpg,88b140be1c602696549133eccc7866dc1945f198eafcce2df8a53898d70d921f,inventory_only,,,,False,,,NO
backend/uploads/kn7/grn/grn_6c445d79a029/33b8f593c3f34935ba212486f2c1f228.jpg,0474f72e2124bf0233df52f46ac259da01e4cdec2f6f7014a0b2bd35846cb6e2,inventory_only,,,,False,,,NO
backend/uploads/kn7/grn/grn_6eb4791fecea/d758ed7428614432a67030aef238976f.jpg,0474f72e2124bf0233df52f46ac259da01e4cdec2f6f7014a0b2bd35846cb6e2,inventory_only,,,,False,,,NO
backend/uploads/kn7/grn/grn_6f61e3357e5a/abc85426603e455c80d69c51b3b8f064.jpg,42db1d94126c380fb219794036945410da47ac0c07f3ef3da25b3f135ca64b8c,inventory_only,,,,False,,,NO
backend/uploads/kn7/grn/grn_719b2fa4cb8b/83d79578ef534f8183f6a6670daf1aea.jpg,0474f72e2124bf0233df52f46ac259da01e4cdec2f6f7014a0b2bd35846cb6e2,inventory_only,,,,False,,,NO
backend/uploads/kn7/grn/grn_73ba92e326d7/90a90ecd30294d708e97324753bf4bd7.jpg,0474f72e2124bf0233df52f46ac259da01e4cdec2f6f7014a0b2bd35846cb6e2,inventory_only,,,,False,,,NO
backend/uploads/kn7/grn/grn_771be7de68f8/7452405645d34d45acc83de5e4f1a353.jpg,0474f72e2124bf0233df52f46ac259da01e4cdec2f6f7014a0b2bd35846cb6e2,inventory_only,,,,False,,,NO
backend/uploads/kn7/grn/grn_7cdfc53c4c3e/1cacdab001864079890f0f0bc5fa85db.jpg,808670c7a8f4489280a9a711491bf4e0643c2f6f5d3df53d46c58ddf104880bc,inventory_only,,,,False,,,NO
backend/uploads/kn7/grn/grn_7dd23b6c3398/52cd4b26c3424e14b4baa7ce8ed2cf01.jpg,0474f72e2124bf0233df52f46ac259da01e4cdec2f6f7014a0b2bd35846cb6e2,inventory_only,,,,False,,,NO
backend/uploads/kn7/grn/grn_81ebc718f721/8b5908806c144210b74a8bda25931d99.jpg,0474f72e2124bf0233df52f46ac259da01e4cdec2f6f7014a0b2bd35846cb6e2,inventory_only,,,,False,,,NO
backend/uploads/kn7/grn/grn_834e99a00d22/f015b05a34654b21aefbadf25a331254.jpg,0474f72e2124bf0233df52f46ac259da01e4cdec2f6f7014a0b2bd35846cb6e2,inventory_only,,,,False,,,NO
backend/uploads/kn7/grn/grn_83927fcd2180/30d90d5de27643db951e78defb5084c2.jpg,0474f72e2124bf0233df52f46ac259da01e4cdec2f6f7014a0b2bd35846cb6e2,inventory_only,,,,False,,,NO
backend/uploads/kn7/grn/grn_84527e7c687d/f36eb2b8de674863b1b86615b63db592.jpg,0474f72e2124bf0233df52f46ac259da01e4cdec2f6f7014a0b2bd35846cb6e2,inventory_only,,,,False,,,NO
backend/uploads/kn7/grn/grn_86dec10664c4/09b1c9a4e6884ae89108571db85b3e2e.jpg,0474f72e2124bf0233df52f46ac259da01e4cdec2f6f7014a0b2bd35846cb6e2,inventory_only,,,,False,,,NO
backend/uploads/kn7/grn/grn_88e13869cf89/529595325752449282f22aeb623f78c9.jpeg,6499f89e8d06c4d8fcccc23ffceeda2e17474af56d11e73a65a3b46e68b5a9ba,inventory_only,,,,False,,,NO
backend/uploads/kn7/grn/grn_8b5d54e1735f/8b15a43c677840688a6e5373f3982f24.jpg,0474f72e2124bf0233df52f46ac259da01e4cdec2f6f7014a0b2bd35846cb6e2,inventory_only,,,,False,,,NO
backend/uploads/kn7/grn/grn_8ff59bb471e9/74ded1329fbb4059b62262f5cd5731b1.jpg,0474f72e2124bf0233df52f46ac259da01e4cdec2f6f7014a0b2bd35846cb6e2,inventory_only,,,,False,,,NO
backend/uploads/kn7/grn/grn_9205ec5ae928/7cf4223f0a274922aae210310ea4d8de.jpg,0474f72e2124bf0233df52f46ac259da01e4cdec2f6f7014a0b2bd35846cb6e2,inventory_only,,,,False,,,NO
backend/uploads/kn7/grn/grn_a8e3eedb541a/ada803df776e4ad9bd40c7e950201cdd.jpeg,1d3f658eea08dbec9962f1d9bee913b2ca6ce233437b1b6e2081753b40c45bc4,inventory_only,,,,False,,,NO
backend/uploads/kn7/grn/grn_a98ce0ba96d8/eabeabe4d6af42d3a3cf5b757b3fdb70.jpg,0474f72e2124bf0233df52f46ac259da01e4cdec2f6f7014a0b2bd35846cb6e2,inventory_only,,,,False,,,NO
backend/uploads/kn7/grn/grn_ac6cb35dc441/1288a802ac704f319316e4856799ad2f.jpg,d3ad45e8a59b78084feb0d85e27c6fd56641af563e4825415bd4187fbc34b90b,inventory_only,,,,False,,,NO
backend/uploads/kn7/grn/grn_aeaa7ca13a57/789aab8b7157468dadb8a9c6c98f58b4.jpeg,1d3f658eea08dbec9962f1d9bee913b2ca6ce233437b1b6e2081753b40c45bc4,inventory_only,,,,False,,,NO
backend/uploads/kn7/grn/grn_b018f73fac8c/a55094a4b5604992b3d76df172591b83.jpg,0474f72e2124bf0233df52f46ac259da01e4cdec2f6f7014a0b2bd35846cb6e2,inventory_only,,,,False,,,NO
backend/uploads/kn7/grn/grn_b37ba6ad9bc9/4ca003cf9b074be48d93bf44fd115152.jpg,0474f72e2124bf0233df52f46ac259da01e4cdec2f6f7014a0b2bd35846cb6e2,inventory_only,,,,False,,,NO
backend/uploads/kn7/grn/grn_b6a18d8558c5/37150c24966d48bfba52db311aa64f77.jpg,0474f72e2124bf0233df52f46ac259da01e4cdec2f6f7014a0b2bd35846cb6e2,inventory_only,,,,False,,,NO
backend/uploads/kn7/grn/grn_b7c02ac1c47c/1a9174d6bf55418a9914fc7254071e0a.jpg,17d65b11dfdeee99192f0274cc411c2a8ddfbc288da191deaef9e58c399b38a3,inventory_only,,,,False,,,NO
backend/uploads/kn7/grn/grn_b7c02ac1c47c/851fce3c287a41b6a660b1dc6b483ad8.jpg,17d65b11dfdeee99192f0274cc411c2a8ddfbc288da191deaef9e58c399b38a3,inventory_only,,,,False,,,NO
backend/uploads/kn7/grn/grn_b85d2410f5fb/4f11dd2aaff445208f469aaa48700a4c.jpg,0474f72e2124bf0233df52f46ac259da01e4cdec2f6f7014a0b2bd35846cb6e2,inventory_only,,,,False,,,NO
backend/uploads/kn7/grn/grn_bb1d75ebdb1c/ed9581e1af0c4d008c1eaf94dada8a14.jpeg,f980f4e108aa10804fec52834beacee6e072d814ac3a19ff00a28af8f18851e7,inventory_only,,,,False,,,NO
backend/uploads/kn7/grn/grn_bd67961384a1/8140a963e46e4421bf0cba6d52c001c7.jpg,0474f72e2124bf0233df52f46ac259da01e4cdec2f6f7014a0b2bd35846cb6e2,inventory_only,,,,False,,,NO
backend/uploads/kn7/grn/grn_be4aeccf10f3/32caf1b732b64e2a9da504f4d55a6a42.jpg,d3ad45e8a59b78084feb0d85e27c6fd56641af563e4825415bd4187fbc34b90b,inventory_only,,,,False,,,NO
backend/uploads/kn7/grn/grn_c0c4695b2663/0f890e762e1e4e07af13334cf0b24b3a.jpg,05f9f7810415121f8aa1e2a55694740cb10f2f821b3de1052fedfea1cd187cba,inventory_only,,,,False,,,NO
backend/uploads/kn7/grn/grn_cc4419fc6bde/e3fb3711bb494240b7d7e95c4e63f679.jpg,0474f72e2124bf0233df52f46ac259da01e4cdec2f6f7014a0b2bd35846cb6e2,inventory_only,,,,False,,,NO
backend/uploads/kn7/grn/grn_d09ce6181223/9789dc30416547b099e3ad2a7364c2c5.jpg,0474f72e2124bf0233df52f46ac259da01e4cdec2f6f7014a0b2bd35846cb6e2,inventory_only,,,,False,,,NO
backend/uploads/kn7/grn/grn_d369618abd37/89ac389fbd6c4169b053dac7d1783e19.jpg,0474f72e2124bf0233df52f46ac259da01e4cdec2f6f7014a0b2bd35846cb6e2,inventory_only,,,,False,,,NO
backend/uploads/kn7/grn/grn_de4aa8c4b1bb/ce974cb7f5104dc4bb3aafac9f394d59.jpg,0474f72e2124bf0233df52f46ac259da01e4cdec2f6f7014a0b2bd35846cb6e2,inventory_only,,,,False,,,NO
backend/uploads/kn7/grn/grn_de661efa6500/f9b06bb47d8840659e73888b2439a9cd.jpg,0474f72e2124bf0233df52f46ac259da01e4cdec2f6f7014a0b2bd35846cb6e2,inventory_only,,,,False,,,NO
backend/uploads/kn7/grn/grn_dea401d74efe/aff332f0ced245eea3d3f3bdc1fab5dd.jpg,0474f72e2124bf0233df52f46ac259da01e4cdec2f6f7014a0b2bd35846cb6e2,inventory_only,,,,False,,,NO
backend/uploads/kn7/grn/grn_e08f78b56077/032c0014e48d43378384d42357e3bf41.jpg,d3ad45e8a59b78084feb0d85e27c6fd56641af563e4825415bd4187fbc34b90b,inventory_only,,,,False,,,NO
backend/uploads/kn7/grn/grn_e22e0e1973ab/e7ffb633e03b48a781366a109160c343.jpg,05f9f7810415121f8aa1e2a55694740cb10f2f821b3de1052fedfea1cd187cba,inventory_only,,,,False,,,NO
backend/uploads/kn7/grn/grn_e50d15199f11/672b808e66264e86a1f49cc847933227.jpg,05f9f7810415121f8aa1e2a55694740cb10f2f821b3de1052fedfea1cd187cba,inventory_only,,,,False,,,NO
backend/uploads/kn7/grn/grn_e6ca9cb82803/b323b9640337407289f5072f65ade72b.jpg,0474f72e2124bf0233df52f46ac259da01e4cdec2f6f7014a0b2bd35846cb6e2,inventory_only,,,,False,,,NO
backend/uploads/kn7/grn/grn_ea7a3ed52f5c/7792b2e9adb340f3b96ddb9287d4640c.jpg,0474f72e2124bf0233df52f46ac259da01e4cdec2f6f7014a0b2bd35846cb6e2,inventory_only,,,,False,,,NO
backend/uploads/kn7/grn/grn_ebda76f4db13/659dd03c3d124f6b83cb1fcd0b6fcf37.jpg,0474f72e2124bf0233df52f46ac259da01e4cdec2f6f7014a0b2bd35846cb6e2,inventory_only,,,,False,,,NO
backend/uploads/kn7/grn/grn_eec75740d2d4/51a81ad2252840cfa527d3ec45beeca5.jpg,0474f72e2124bf0233df52f46ac259da01e4cdec2f6f7014a0b2bd35846cb6e2,inventory_only,,,,False,,,NO
backend/uploads/kn7/grn/grn_eec77d678e90/5f40c0a403c244169c8efd22c13f9fbd.jpg,0474f72e2124bf0233df52f46ac259da01e4cdec2f6f7014a0b2bd35846cb6e2,inventory_only,,,,False,,,NO
backend/uploads/kn7/grn/grn_ef4ad0ce2aa6/16b2d7d10a2a49aea9cbc83220cb0bae.jpg,0474f72e2124bf0233df52f46ac259da01e4cdec2f6f7014a0b2bd35846cb6e2,inventory_only,,,,False,,,NO
backend/uploads/kn7/grn/grn_f0695f984209/aaabed8a1c9c49718c49f060bcd19d2b.jpeg,1d3f658eea08dbec9962f1d9bee913b2ca6ce233437b1b6e2081753b40c45bc4,inventory_only,,,,False,,,NO
backend/uploads/kn7/grn/grn_f4dee237be22/9755a913e1124f73b6ace1e7cf64433c.jpg,0474f72e2124bf0233df52f46ac259da01e4cdec2f6f7014a0b2bd35846cb6e2,inventory_only,,,,False,,,NO
backend/uploads/kn7/grn/grn_f4ea5ccf7a2a/edccbdb709bf4137b296ad3bc8cefaff.jpg,0474f72e2124bf0233df52f46ac259da01e4cdec2f6f7014a0b2bd35846cb6e2,inventory_only,,,,False,,,NO
backend/uploads/kn7/grn/grn_f7aa1356e848/c67a2befc8b94b8a9221afbf5208fc83.jpg,0474f72e2124bf0233df52f46ac259da01e4cdec2f6f7014a0b2bd35846cb6e2,inventory_only,,,,False,,,NO
backend/uploads/kn7/grn/grn_fc9049a90856/7a525a47467b4e60aba0b55be3f27c78.jpg,0474f72e2124bf0233df52f46ac259da01e4cdec2f6f7014a0b2bd35846cb6e2,inventory_only,,,,False,,,NO
backend/uploads/kn7/grn/grn_fd494801db19/21680478b8154b519776e59c2dafb143.jpg,0474f72e2124bf0233df52f46ac259da01e4cdec2f6f7014a0b2bd35846cb6e2,inventory_only,,,,False,,,NO
backend/uploads/kn7/marketing/750f63d3fd124590a49d182372bc3004.png,b1ff9c8ea3a780bad09b346c423d2d0e46815926879b18e841d928376a946640,inventory_only,,,,False,,,NO
backend/uploads/kn7/ocr_samples/ent_b92565b69e9e/26014b2072d34e8ebb8487c3f994a482.jpg,6d6c38170782375719c1793accdd4e2cee4a1d72585ad900c827ddc843b07001,inventory_only,,,,False,,,NO
backend/uploads/kn7/ocr_samples/ent_b92565b69e9e/3593b6f3d33647f0aaec005b5907fe99.jpg,dceed0540d32501734ce4598dccb10ce32595465038b8b0b88698a098338120d,inventory_only,,,,False,,,NO
backend/uploads/kn7/ocr_samples/ent_b92565b69e9e/4de7c012d2604b5f925d12bf7dba8a20.jpg,ffe98d49c579157a0540f27c8360241341f46a85d2170fa3301f35f7f5c6995e,inventory_only,,,,False,,,NO
backend/uploads/kn7/ocr_samples/ent_b92565b69e9e/dec3380e59334b61beb332556e493755.jpg,a8e04fbaf0e0b77ad17b8b3b292304b32034c7066a24adb8763e6819ec848179,inventory_only,,,,False,,,NO
backend/uploads/kn7/ocr_samples/ent_b92565b69e9e/eb8d7821733e4b1cbb8ef6b610da66bb.jpg,b3b4b4a5a5092dceaa7d2cb818a4a3c8cd65d953f5dbbf4335fafa9b4c2d272f,inventory_only,,,,False,,,NO
backend/uploads/kn7/ocr_samples/ent_ksc/2739f3354ce14084b674f7cc69b99dcd.jpg,1d3f658eea08dbec9962f1d9bee913b2ca6ce233437b1b6e2081753b40c45bc4,inventory_only,,,,False,,,NO
backend/uploads/kn7/ocr_samples/ent_ksc/e911f6ac1b1d446c90e833bf08767ab1.jpg,93f51d74dea02cd613d8be5c52407bebd717b6119425965c72cc32b027cc060c,inventory_only,,,,False,,,NO
backend/uploads/kn7/price_approvals/pra_1c1363513d96/c6ab2d850d5149609109e297f72732bd.png,5c42cb0144634ef3d202312aa713dc41623e6c411e7849bb071cbd7bf5e080a3,inventory_only,,,,False,,,NO
backend/uploads/kn7/price_approvals/pra_27b91dd8d97a/a571f49aad8c4acead60d52df2211a6e.png,5158ccdeb93a5397fe14d70bede56d804ab76a2b3ccdaaea42506c913e02bbaa,inventory_only,,,,False,,,NO
backend/uploads/kn7/price_approvals/pra_984b9f154b17/d992cdf542c14146a0fe927c8881383b.png,5158ccdeb93a5397fe14d70bede56d804ab76a2b3ccdaaea42506c913e02bbaa,inventory_only,,,,False,,,NO
backend/uploads/kn7/price_approvals/pra_fb4ed4fac048/4c9b6d27bda6409986e47f22177f6d2b.png,5158ccdeb93a5397fe14d70bede56d804ab76a2b3ccdaaea42506c913e02bbaa,inventory_only,,,,False,,,NO
backend/uploads/kn7/product_media/0052cc81eb1d4fb58b2f5dea693a3ce7.jpg,74761020b90b373ada1945be949f50051e9d807a2e8054b5c91ee26fc8a235e3,inventory_only,,,,False,,,NO
backend/uploads/kn7/product_media/0f471f0a4e014187b8e2665981228046.jpg,6711c9e689b3abc82158a42f2b0646136d4a3e4b743a999fdf733653b3045601,inventory_only,,,,False,,,NO
backend/uploads/kn7/product_media/111af402e76144b79fafbf7682308ea8.jpg,6711c9e689b3abc82158a42f2b0646136d4a3e4b743a999fdf733653b3045601,inventory_only,,,,False,,,NO
backend/uploads/kn7/product_media/11fd76de088c41ecb77c56d9dfd80c3e.jpg,4f4de40887fedee972b0ed09901ce8dde131a3d527e78727c84c104d06102f23,inventory_only,,,,False,,,NO
backend/uploads/kn7/product_media/1b875d49df4644e89096100cd2e9b480.jpg,6711c9e689b3abc82158a42f2b0646136d4a3e4b743a999fdf733653b3045601,inventory_only,,,,False,,,NO
backend/uploads/kn7/product_media/23f1db00d5c14154aa6f08f802a30d43.jpg,b9d872167202504bf919d19497391532d7846a18ada0c14731f2335987a7200f,inventory_only,,,,False,,,NO
backend/uploads/kn7/product_media/27d3436443304e4a8fe061cff7281c0a.jpg,4f4de40887fedee972b0ed09901ce8dde131a3d527e78727c84c104d06102f23,inventory_only,,,,False,,,NO
backend/uploads/kn7/product_media/2ba06e6aa4634e06acd57f719a31e768.jpg,0c8031e044899e489f96de4f7fb83012e8484d38ded9ad306eb1e93a07e35b95,inventory_only,,,,False,,,NO
backend/uploads/kn7/product_media/2d8ca35090d74b52b5dd7169239e9cb6.jpg,456e629ec1c96ff4f3536837e5a57fa5f4e18d9785bc0df08f097a4cdd7b9703,inventory_only,,,,False,,,NO
backend/uploads/kn7/product_media/2e962764a1154f6683c6b06df23f422c.jpg,b9d872167202504bf919d19497391532d7846a18ada0c14731f2335987a7200f,inventory_only,,,,False,,,NO
backend/uploads/kn7/product_media/2ec3058438fa41d1a25479809ab7efcf.jpg,6711c9e689b3abc82158a42f2b0646136d4a3e4b743a999fdf733653b3045601,inventory_only,,,,False,,,NO
backend/uploads/kn7/product_media/343ff903282345d3afcfc7cf1e8f3fb3.jpg,a485d0b63de31babd74e1c47176e2cceef6a85e477298b075d2dde725aee6b87,inventory_only,,,,False,,,NO
backend/uploads/kn7/product_media/34744ed16b7a4ea8b5af360fc3dcb8f3.jpg,6711c9e689b3abc82158a42f2b0646136d4a3e4b743a999fdf733653b3045601,inventory_only,,,,False,,,NO
backend/uploads/kn7/product_media/34bfa048dc3e480c9f54a3020149cd2a.jpg,74761020b90b373ada1945be949f50051e9d807a2e8054b5c91ee26fc8a235e3,inventory_only,,,,False,,,NO
backend/uploads/kn7/product_media/3643782bf4934e76b110ca875885ceb9.jpg,4f4de40887fedee972b0ed09901ce8dde131a3d527e78727c84c104d06102f23,inventory_only,,,,False,,,NO
backend/uploads/kn7/product_media/37b9ad0582884d309a1df10da990266a.jpg,6711c9e689b3abc82158a42f2b0646136d4a3e4b743a999fdf733653b3045601,inventory_only,,,,False,,,NO
backend/uploads/kn7/product_media/383181351c4f4ec0aae58720886e8c94.jpg,74761020b90b373ada1945be949f50051e9d807a2e8054b5c91ee26fc8a235e3,inventory_only,,,,False,,,NO
backend/uploads/kn7/product_media/40296603a8fd4579a826d2ef007cf400.jpg,4f4de40887fedee972b0ed09901ce8dde131a3d527e78727c84c104d06102f23,inventory_only,,,,False,,,NO
backend/uploads/kn7/product_media/41d0da290bac4977a72e88b19e12c854.jpg,456e629ec1c96ff4f3536837e5a57fa5f4e18d9785bc0df08f097a4cdd7b9703,inventory_only,,,,False,,,NO
backend/uploads/kn7/product_media/42091709c2494093bbddab36ee4d8a23.jpg,74761020b90b373ada1945be949f50051e9d807a2e8054b5c91ee26fc8a235e3,inventory_only,,,,False,,,NO
backend/uploads/kn7/product_media/4275f48d28ab4c85ad792a10ad3910f4.jpg,74761020b90b373ada1945be949f50051e9d807a2e8054b5c91ee26fc8a235e3,inventory_only,,,,False,,,NO
backend/uploads/kn7/product_media/44cb829078724c808268ddccad744489.jpg,c153ba2923b894541c719ceb9d310fa14db9d16612c3865626a9695137a97c69,inventory_only,,,,False,,,NO
backend/uploads/kn7/product_media/46926c3cd2dc4b938898380884a783c0.jpg,456e629ec1c96ff4f3536837e5a57fa5f4e18d9785bc0df08f097a4cdd7b9703,inventory_only,,,,False,,,NO
backend/uploads/kn7/product_media/4e1f75db46864d1b8621542bbc7c3750.jpg,decd517a2db8143d259543c28743a9a526e4db61121fd041755af29d177becac,inventory_only,,,,False,,,NO
backend/uploads/kn7/product_media/521e193ed53b49738a55bdae6ac7bb60.jpg,c153ba2923b894541c719ceb9d310fa14db9d16612c3865626a9695137a97c69,inventory_only,,,,False,,,NO
backend/uploads/kn7/product_media/529f9c46770c4022b73c10bb83c3dcff.jpg,6711c9e689b3abc82158a42f2b0646136d4a3e4b743a999fdf733653b3045601,inventory_only,,,,False,,,NO
backend/uploads/kn7/product_media/53983c3b3ce541feaf7381bbee71111b.jpg,0c8031e044899e489f96de4f7fb83012e8484d38ded9ad306eb1e93a07e35b95,inventory_only,,,,False,,,NO
backend/uploads/kn7/product_media/541c8c12506b4f598db90bb64c0d798c.jpg,679b81d887c5bfc7609f3e6e15f91e2b9bfbb796284d892197897c76838a1bb7,inventory_only,,,,False,,,NO
backend/uploads/kn7/product_media/5546c24fd5a342eba759b2217f931fc9.jpg,c153ba2923b894541c719ceb9d310fa14db9d16612c3865626a9695137a97c69,inventory_only,,,,False,,,NO
backend/uploads/kn7/product_media/59fc0e0a67514b9fa4415b610032181b.jpg,c153ba2923b894541c719ceb9d310fa14db9d16612c3865626a9695137a97c69,inventory_only,,,,False,,,NO
backend/uploads/kn7/product_media/5eba0b8ff22c42aa8ef8f45aa9b7c299.jpg,6711c9e689b3abc82158a42f2b0646136d4a3e4b743a999fdf733653b3045601,inventory_only,,,,False,,,NO
backend/uploads/kn7/product_media/5ecbf140a9284d68b9660d7be9aebe59.jpg,679b81d887c5bfc7609f3e6e15f91e2b9bfbb796284d892197897c76838a1bb7,inventory_only,,,,False,,,NO
backend/uploads/kn7/product_media/5ee09389460e4ed188300158ad8d0a40.jpg,6711c9e689b3abc82158a42f2b0646136d4a3e4b743a999fdf733653b3045601,inventory_only,,,,False,,,NO
backend/uploads/kn7/product_media/5f9054a43a544353a6016ba7a58aa696.jpg,4f4de40887fedee972b0ed09901ce8dde131a3d527e78727c84c104d06102f23,inventory_only,,,,False,,,NO
backend/uploads/kn7/product_media/60b2ed3ed2824a878b713423f18942cd.jpg,b9d872167202504bf919d19497391532d7846a18ada0c14731f2335987a7200f,inventory_only,,,,False,,,NO
backend/uploads/kn7/product_media/60b8c068073f4685ae3006f40b1c6707.jpg,74761020b90b373ada1945be949f50051e9d807a2e8054b5c91ee26fc8a235e3,inventory_only,,,,False,,,NO
backend/uploads/kn7/product_media/669e6bf4f5954e8aaa8caae8602fedfd.jpg,52510e8932883c9a8e44fe12bca113123965429e19a6ec08fb98649feebfe0ad,inventory_only,,,,False,,,NO
backend/uploads/kn7/product_media/6768d52c78284d69a2a61f7cdf9e52f7.jpg,456e629ec1c96ff4f3536837e5a57fa5f4e18d9785bc0df08f097a4cdd7b9703,inventory_only,,,,False,,,NO
backend/uploads/kn7/product_media/6f7e0caeb4544e0bbc00d9b82666ef2b.jpg,278344d4914d780e7ad2c6076c40c8248420659de58b6fc6f3d50a63651c9345,inventory_only,,,,False,,,NO
backend/uploads/kn7/product_media/6fae0ac8bbc94451be07715eb689f8d2.jpg,6711c9e689b3abc82158a42f2b0646136d4a3e4b743a999fdf733653b3045601,inventory_only,,,,False,,,NO
backend/uploads/kn7/product_media/712777fc6f8a4143a5628c738c66663c.jpg,679b81d887c5bfc7609f3e6e15f91e2b9bfbb796284d892197897c76838a1bb7,inventory_only,,,,False,,,NO
backend/uploads/kn7/product_media/73fb152ebb22414d9022810abc4dfe75.jpg,6711c9e689b3abc82158a42f2b0646136d4a3e4b743a999fdf733653b3045601,inventory_only,,,,False,,,NO
backend/uploads/kn7/product_media/7817d579dec64eaf91a50e57c2ad72c4.jpg,2f74974924c32ad9aa20006786e7c839baf9ce73adeaec24c90a1d5fdb99257e,inventory_only,,,,False,,,NO
backend/uploads/kn7/product_media/7b22c5128fa04724bd9fca64f6ce73e1.jpg,6711c9e689b3abc82158a42f2b0646136d4a3e4b743a999fdf733653b3045601,inventory_only,,,,False,,,NO
backend/uploads/kn7/product_media/7b4fa3dda06d470387b6a8060e4a961c.jpg,679b81d887c5bfc7609f3e6e15f91e2b9bfbb796284d892197897c76838a1bb7,inventory_only,,,,False,,,NO
backend/uploads/kn7/product_media/7cae39b50e7e4e4db30c324d33e51ebd.jpg,4f4de40887fedee972b0ed09901ce8dde131a3d527e78727c84c104d06102f23,inventory_only,,,,False,,,NO
backend/uploads/kn7/product_media/7e7f1cab6a644d91afaa07e3be0d4b7f.jpg,6856a0a4d28a72dc23d361dd295bbf472a82f707cb03fc3f8b06913a6758ef77,inventory_only,,,,False,,,NO
backend/uploads/kn7/product_media/7ea102902c31494981f92c65aa46c85c.jpg,6711c9e689b3abc82158a42f2b0646136d4a3e4b743a999fdf733653b3045601,inventory_only,,,,False,,,NO
backend/uploads/kn7/product_media/81401d76530042f2a96eb0b390a832a6.jpg,4f4de40887fedee972b0ed09901ce8dde131a3d527e78727c84c104d06102f23,inventory_only,,,,False,,,NO
backend/uploads/kn7/product_media/82cf8b8cd9c04bd7baae9eea75fe47e6.jpg,0c8031e044899e489f96de4f7fb83012e8484d38ded9ad306eb1e93a07e35b95,inventory_only,,,,False,,,NO
backend/uploads/kn7/product_media/8384cada41e64ec4bce925bde63e1b96.jpg,decd517a2db8143d259543c28743a9a526e4db61121fd041755af29d177becac,inventory_only,,,,False,,,NO
backend/uploads/kn7/product_media/8435ee0cb9354890b486d0d6827ca372.jpg,6711c9e689b3abc82158a42f2b0646136d4a3e4b743a999fdf733653b3045601,inventory_only,,,,False,,,NO
backend/uploads/kn7/product_media/88cad3f61e0540dd8756e42224965abb.jpg,2f74974924c32ad9aa20006786e7c839baf9ce73adeaec24c90a1d5fdb99257e,inventory_only,,,,False,,,NO
backend/uploads/kn7/product_media/8f665d0295c447f992a4ed2d03383f18.jpg,74761020b90b373ada1945be949f50051e9d807a2e8054b5c91ee26fc8a235e3,inventory_only,,,,False,,,NO
backend/uploads/kn7/product_media/908eb4941e504b40b47cb792263c8faf.jpg,a485d0b63de31babd74e1c47176e2cceef6a85e477298b075d2dde725aee6b87,inventory_only,,,,False,,,NO
backend/uploads/kn7/product_media/91bf285467b9414689b69438e7b7b577.jpg,a485d0b63de31babd74e1c47176e2cceef6a85e477298b075d2dde725aee6b87,inventory_only,,,,False,,,NO
backend/uploads/kn7/product_media/97a79f4d2dbb4f75a5caceddc5036710.jpg,4f4de40887fedee972b0ed09901ce8dde131a3d527e78727c84c104d06102f23,inventory_only,,,,False,,,NO
backend/uploads/kn7/product_media/9d934cd1d1fd434595205f2b5990b7fa.jpg,52510e8932883c9a8e44fe12bca113123965429e19a6ec08fb98649feebfe0ad,inventory_only,,,,False,,,NO
backend/uploads/kn7/product_media/9ef1bec8343b4caaacb7d29c407d07a1.jpg,52510e8932883c9a8e44fe12bca113123965429e19a6ec08fb98649feebfe0ad,inventory_only,,,,False,,,NO
backend/uploads/kn7/product_media/9f51e289b3d54a1688eb3cdf9697ead1.jpg,a485d0b63de31babd74e1c47176e2cceef6a85e477298b075d2dde725aee6b87,inventory_only,,,,False,,,NO
backend/uploads/kn7/product_media/a1bf8ea1ff734b2a842765b47f2bd313.jpg,4f4de40887fedee972b0ed09901ce8dde131a3d527e78727c84c104d06102f23,inventory_only,,,,False,,,NO
backend/uploads/kn7/product_media/a31e800a3696418896ce1f1b1f52a876.jpg,ffe4d58c9e659ef64bf60a295351719bb6ff226f40f4c9ac6bb40e3cd958076f,inventory_only,,,,False,,,NO
backend/uploads/kn7/product_media/a3d1cc6da6e54aafa02c792a1820a762.jpg,c153ba2923b894541c719ceb9d310fa14db9d16612c3865626a9695137a97c69,inventory_only,,,,False,,,NO
backend/uploads/kn7/product_media/a46996243d124f0b8faa5174396267c7.jpg,2f74974924c32ad9aa20006786e7c839baf9ce73adeaec24c90a1d5fdb99257e,inventory_only,,,,False,,,NO
backend/uploads/kn7/product_media/a8a826d14d4b45e2b780d8ae14c3abd5.jpg,679b81d887c5bfc7609f3e6e15f91e2b9bfbb796284d892197897c76838a1bb7,inventory_only,,,,False,,,NO
backend/uploads/kn7/product_media/ad058ef17e634f0e929831bf042599da.jpg,decd517a2db8143d259543c28743a9a526e4db61121fd041755af29d177becac,inventory_only,,,,False,,,NO
backend/uploads/kn7/product_media/b1a6363d0b304dd0bd1c0e11f2eb7acf.jpg,decd517a2db8143d259543c28743a9a526e4db61121fd041755af29d177becac,inventory_only,,,,False,,,NO
backend/uploads/kn7/product_media/b33ec03b398048ebbd8805a839d59223.jpg,6711c9e689b3abc82158a42f2b0646136d4a3e4b743a999fdf733653b3045601,inventory_only,,,,False,,,NO
backend/uploads/kn7/product_media/bdfcc3eee18e49548ada02cbe49f6399.jpg,b9d872167202504bf919d19497391532d7846a18ada0c14731f2335987a7200f,inventory_only,,,,False,,,NO
backend/uploads/kn7/product_media/bebb56def8284120a951a4328c07999d.jpg,456e629ec1c96ff4f3536837e5a57fa5f4e18d9785bc0df08f097a4cdd7b9703,inventory_only,,,,False,,,NO
backend/uploads/kn7/product_media/c2ae594f93dc47048fb3954c5d8a50b0.jpg,6711c9e689b3abc82158a42f2b0646136d4a3e4b743a999fdf733653b3045601,inventory_only,,,,False,,,NO
backend/uploads/kn7/product_media/c31eec693b454f268aac1f38c344c4ef.jpg,6711c9e689b3abc82158a42f2b0646136d4a3e4b743a999fdf733653b3045601,inventory_only,,,,False,,,NO
backend/uploads/kn7/product_media/c5064ffe16f342969f1401e4a9970070.jpg,0c8031e044899e489f96de4f7fb83012e8484d38ded9ad306eb1e93a07e35b95,inventory_only,,,,False,,,NO
backend/uploads/kn7/product_media/c6f1854233434c4489719c3e53f743e0.jpg,a485d0b63de31babd74e1c47176e2cceef6a85e477298b075d2dde725aee6b87,inventory_only,,,,False,,,NO
backend/uploads/kn7/product_media/cb0c6ca234374c6fb06820c88b5704b6.jpg,52510e8932883c9a8e44fe12bca113123965429e19a6ec08fb98649feebfe0ad,inventory_only,,,,False,,,NO
backend/uploads/kn7/product_media/ce87dfc2836444d9b04d29d224574cc1.jpg,f074c8999637195438c7ba046890395bf2d5d4462817b052d7c78eac08e3324a,inventory_only,,,,False,,,NO
backend/uploads/kn7/product_media/cfe6a25368cd4c418bca261b36f80488.jpg,4f4de40887fedee972b0ed09901ce8dde131a3d527e78727c84c104d06102f23,inventory_only,,,,False,,,NO
backend/uploads/kn7/product_media/d2ffed63f4df421fad0c42c71e345359.jpg,6711c9e689b3abc82158a42f2b0646136d4a3e4b743a999fdf733653b3045601,inventory_only,,,,False,,,NO
backend/uploads/kn7/product_media/d344cf5ea5ab42c6ab3e18045c0d7920.jpg,6711c9e689b3abc82158a42f2b0646136d4a3e4b743a999fdf733653b3045601,inventory_only,,,,False,,,NO
backend/uploads/kn7/product_media/d36d04e6213248c497bc502667c0e313.jpg,74761020b90b373ada1945be949f50051e9d807a2e8054b5c91ee26fc8a235e3,inventory_only,,,,False,,,NO
backend/uploads/kn7/product_media/d609efac13d1456ba0718a934c49e1e3.jpg,2f74974924c32ad9aa20006786e7c839baf9ce73adeaec24c90a1d5fdb99257e,inventory_only,,,,False,,,NO
backend/uploads/kn7/product_media/d640a5ad98ed486db70d94a5af88c1db.jpg,52510e8932883c9a8e44fe12bca113123965429e19a6ec08fb98649feebfe0ad,inventory_only,,,,False,,,NO
backend/uploads/kn7/product_media/db9d608baf9a4e6782bdb68e1a0c0f32.jpg,74761020b90b373ada1945be949f50051e9d807a2e8054b5c91ee26fc8a235e3,inventory_only,,,,False,,,NO
backend/uploads/kn7/product_media/dceb2f20a13949788f68a9a822de35bd.jpg,decd517a2db8143d259543c28743a9a526e4db61121fd041755af29d177becac,inventory_only,,,,False,,,NO
backend/uploads/kn7/product_media/ddefdeeb60384b5ca2789b10d445afb8.jpg,0c8031e044899e489f96de4f7fb83012e8484d38ded9ad306eb1e93a07e35b95,inventory_only,,,,False,,,NO
backend/uploads/kn7/product_media/e0086b1af0184a45b0fb3c2c7fd2e584.jpg,679b81d887c5bfc7609f3e6e15f91e2b9bfbb796284d892197897c76838a1bb7,inventory_only,,,,False,,,NO
backend/uploads/kn7/product_media/e1f6d1b132b2479786a6aeaeec00818a.jpg,c153ba2923b894541c719ceb9d310fa14db9d16612c3865626a9695137a97c69,inventory_only,,,,False,,,NO
backend/uploads/kn7/product_media/e435dc452482473fa3ffec34ae47fdc2.jpg,456e629ec1c96ff4f3536837e5a57fa5f4e18d9785bc0df08f097a4cdd7b9703,inventory_only,,,,False,,,NO
backend/uploads/kn7/product_media/e4eb60b4a1b349d6b7fb1a535e3db4cf.jpg,4f4de40887fedee972b0ed09901ce8dde131a3d527e78727c84c104d06102f23,inventory_only,,,,False,,,NO
backend/uploads/kn7/product_media/e54faa756c3f4bc283797f570a2fe46d.jpg,0c8031e044899e489f96de4f7fb83012e8484d38ded9ad306eb1e93a07e35b95,inventory_only,,,,False,,,NO
backend/uploads/kn7/product_media/e6f4ea17194f49ae8ecdb8eb4d7e93d8.jpg,6711c9e689b3abc82158a42f2b0646136d4a3e4b743a999fdf733653b3045601,inventory_only,,,,False,,,NO
backend/uploads/kn7/product_media/ea0591eef58c400b906ea6ba3d75f1b0.jpg,6711c9e689b3abc82158a42f2b0646136d4a3e4b743a999fdf733653b3045601,inventory_only,,,,False,,,NO
backend/uploads/kn7/product_media/ea29e19b7a534589b27b7001ff80573b.jpg,52510e8932883c9a8e44fe12bca113123965429e19a6ec08fb98649feebfe0ad,inventory_only,,,,False,,,NO
backend/uploads/kn7/product_media/ed8e893b183a4d2288dc510226397a90.jpg,6711c9e689b3abc82158a42f2b0646136d4a3e4b743a999fdf733653b3045601,inventory_only,,,,False,,,NO
backend/uploads/kn7/product_media/ee4305d80327434f98f43700466dcb3a.jpg,decd517a2db8143d259543c28743a9a526e4db61121fd041755af29d177becac,inventory_only,,,,False,,,NO
backend/uploads/kn7/product_media/ee694b75959b458581b362b938582900.jpg,b9d872167202504bf919d19497391532d7846a18ada0c14731f2335987a7200f,inventory_only,,,,False,,,NO
backend/uploads/kn7/product_media/eeb33a38deb9462ea8bbc8b29abe60d7.jpg,74761020b90b373ada1945be949f50051e9d807a2e8054b5c91ee26fc8a235e3,inventory_only,,,,False,,,NO
backend/uploads/kn7/product_media/ef0271f0fdbb4f6b832dc2cc4578c560.jpg,74761020b90b373ada1945be949f50051e9d807a2e8054b5c91ee26fc8a235e3,inventory_only,,,,False,,,NO
backend/uploads/kn7/product_media/f22876ee994042fba82cda696d253acd.jpg,4f4de40887fedee972b0ed09901ce8dde131a3d527e78727c84c104d06102f23,inventory_only,,,,False,,,NO
backend/uploads/kn7/product_media/f6a14c0806474865b888182bcc09b1c8.jpg,a485d0b63de31babd74e1c47176e2cceef6a85e477298b075d2dde725aee6b87,inventory_only,,,,False,,,NO
backend/uploads/kn7/product_media/f6c8dc5650b044e897978d46d8c67ff2.jpg,6711c9e689b3abc82158a42f2b0646136d4a3e4b743a999fdf733653b3045601,inventory_only,,,,False,,,NO
backend/uploads/kn7/product_media/f852e58b74ec41bd978019f5274c0a6b.jpg,6711c9e689b3abc82158a42f2b0646136d4a3e4b743a999fdf733653b3045601,inventory_only,,,,False,,,NO
backend/uploads/kn7/product_media/f9c74ac4b15c4e74823756ec86a44054.jpg,6711c9e689b3abc82158a42f2b0646136d4a3e4b743a999fdf733653b3045601,inventory_only,,,,False,,,NO
backend/uploads/kn7/product_media/fccb97d2f25744f19d5052560cb41e71.jpg,74761020b90b373ada1945be949f50051e9d807a2e8054b5c91ee26fc8a235e3,inventory_only,,,,False,,,NO
backend/uploads/kn7/product_media/fcf5436c797b4a18a14ab2d5fdf6fb6a.jpg,b9d872167202504bf919d19497391532d7846a18ada0c14731f2335987a7200f,inventory_only,,,,False,,,NO
backend/uploads/kn7/rnd_samples/000954b0bdfc4c0284fb4ad158c9ad51.png,1b1aae7a4f03a6bdbe79272acf6b03dfe234729e442150a0f4dd58294d27df3a,inventory_only,,,,False,,,NO
backend/uploads/kn7/rnd_samples/0024f657097146dfa60921770bd5c2e7.png,ebf4f635a17d10d6eb46ba680b70142419aa3220f228001a036d311a22ee9d2a,inventory_only,,,,False,,,NO
backend/uploads/kn7/rnd_samples/0038900e497f4e9bbc05950e547dca15.png,ebf4f635a17d10d6eb46ba680b70142419aa3220f228001a036d311a22ee9d2a,inventory_only,,,,False,,,NO
backend/uploads/kn7/rnd_samples/015b333ba7ac4d2f9c366952546a14d2.png,ebf4f635a17d10d6eb46ba680b70142419aa3220f228001a036d311a22ee9d2a,inventory_only,,,,False,,,NO
backend/uploads/kn7/rnd_samples/0162e657a480435db18f73ba41886958.png,ebf4f635a17d10d6eb46ba680b70142419aa3220f228001a036d311a22ee9d2a,inventory_only,,,,False,,,NO
backend/uploads/kn7/rnd_samples/0194832ce81b4983938e60b2bd0f15b2.png,ebf4f635a17d10d6eb46ba680b70142419aa3220f228001a036d311a22ee9d2a,inventory_only,,,,False,,,NO
backend/uploads/kn7/rnd_samples/01aebadd15274f55acb8a2211868c8db.png,ebf4f635a17d10d6eb46ba680b70142419aa3220f228001a036d311a22ee9d2a,inventory_only,,,,False,,,NO
backend/uploads/kn7/rnd_samples/01cce386f71f44f59f96c2f3dc2343f9.png,ebf4f635a17d10d6eb46ba680b70142419aa3220f228001a036d311a22ee9d2a,inventory_only,,,,False,,,NO
backend/uploads/kn7/rnd_samples/020279be42f74b678bd0be9c577c18ad.png,ebf4f635a17d10d6eb46ba680b70142419aa3220f228001a036d311a22ee9d2a,inventory_only,,,,False,,,NO
backend/uploads/kn7/rnd_samples/0216f71c21414384adb9b27f579c372f.png,ebf4f635a17d10d6eb46ba680b70142419aa3220f228001a036d311a22ee9d2a,inventory_only,,,,False,,,NO
backend/uploads/kn7/rnd_samples/022d45d16cce4264bff5c3118cc1cf6b.png,ebf4f635a17d10d6eb46ba680b70142419aa3220f228001a036d311a22ee9d2a,inventory_only,,,,False,,,NO
backend/uploads/kn7/rnd_samples/02c15bf612d747f5aaa036b6f8b92e6f.png,ebf4f635a17d10d6eb46ba680b70142419aa3220f228001a036d311a22ee9d2a,inventory_only,,,,False,,,NO
backend/uploads/kn7/rnd_samples/02c3212ff1934e81b1eee75e0ffbe286.png,ebf4f635a17d10d6eb46ba680b70142419aa3220f228001a036d311a22ee9d2a,inventory_only,,,,False,,,NO
backend/uploads/kn7/rnd_samples/02eacca57b634031b3d13262ef92843d.png,ebf4f635a17d10d6eb46ba680b70142419aa3220f228001a036d311a22ee9d2a,inventory_only,,,,False,,,NO
backend/uploads/kn7/rnd_samples/03058bc8db3f45e58bd8ba3e033ea64f.png,ebf4f635a17d10d6eb46ba680b70142419aa3220f228001a036d311a22ee9d2a,inventory_only,,,,False,,,NO
backend/uploads/kn7/rnd_samples/033bd20c4b0340c4912f0c68258ee4d4.png,ebf4f635a17d10d6eb46ba680b70142419aa3220f228001a036d311a22ee9d2a,inventory_only,,,,False,,,NO
backend/uploads/kn7/rnd_samples/035f5418ab6948f6ab959c18f26103fd.png,ebf4f635a17d10d6eb46ba680b70142419aa3220f228001a036d311a22ee9d2a,inventory_only,,,,False,,,NO
backend/uploads/kn7/rnd_samples/039a1b6da27c499c9812f2c0533d7e92.png,ebf4f635a17d10d6eb46ba680b70142419aa3220f228001a036d311a22ee9d2a,inventory_only,,,,False,,,NO
backend/uploads/kn7/rnd_samples/03d13d32bdac47db93514de6b240d5ea.png,ebf4f635a17d10d6eb46ba680b70142419aa3220f228001a036d311a22ee9d2a,inventory_only,,,,False,,,NO
backend/uploads/kn7/rnd_samples/03f104fdea6a42b79ec0460c04054bab.png,ebf4f635a17d10d6eb46ba680b70142419aa3220f228001a036d311a22ee9d2a,inventory_only,,,,False,,,NO
backend/uploads/kn7/rnd_samples/043b0840dbc2405bb31482b43ffb54ef.png,ebf4f635a17d10d6eb46ba680b70142419aa3220f228001a036d311a22ee9d2a,inventory_only,,,,False,,,NO
backend/uploads/kn7/rnd_samples/04631bb3bbe546929551a65979b1b36f.png,ebf4f635a17d10d6eb46ba680b70142419aa3220f228001a036d311a22ee9d2a,inventory_only,,,,False,,,NO
backend/uploads/kn7/rnd_samples/048bf2e71ced4d598eb9a3157e0e76d4.png,ebf4f635a17d10d6eb46ba680b70142419aa3220f228001a036d311a22ee9d2a,inventory_only,,,,False,,,NO
backend/uploads/kn7/rnd_samples/048d03cdddbe439eadfb3a017935408c.png,ebf4f635a17d10d6eb46ba680b70142419aa3220f228001a036d311a22ee9d2a,inventory_only,,,,False,,,NO
backend/uploads/kn7/rnd_samples/04a682784861441c88001781d7ac49d4.png,ebf4f635a17d10d6eb46ba680b70142419aa3220f228001a036d311a22ee9d2a,inventory_only,,,,False,,,NO
backend/uploads/kn7/rnd_samples/04b23bec17e24bcdb14d32b06555adb6.png,ebf4f635a17d10d6eb46ba680b70142419aa3220f228001a036d311a22ee9d2a,inventory_only,,,,False,,,NO
backend/uploads/kn7/rnd_samples/04bffbbc39a04421919f93cb5701d460.png,ebf4f635a17d10d6eb46ba680b70142419aa3220f228001a036d311a22ee9d2a,inventory_only,,,,False,,,NO
backend/uploads/kn7/rnd_samples/051fb49984ad48de8ebe895dca8955a8.png,ebf4f635a17d10d6eb46ba680b70142419aa3220f228001a036d311a22ee9d2a,inventory_only,,,,False,,,NO
backend/uploads/kn7/rnd_samples/0591641f59a54ff9b2b3227a695a1434.png,ebf4f635a17d10d6eb46ba680b70142419aa3220f228001a036d311a22ee9d2a,inventory_only,,,,False,,,NO
backend/uploads/kn7/rnd_samples/05984398927342719cd8c551c19f794b.png,ebf4f635a17d10d6eb46ba680b70142419aa3220f228001a036d311a22ee9d2a,inventory_only,,,,False,,,NO
backend/uploads/kn7/rnd_samples/05da35813ad64b15b792256a33f18cf8.png,ebf4f635a17d10d6eb46ba680b70142419aa3220f228001a036d311a22ee9d2a,inventory_only,,,,False,,,NO
backend/uploads/kn7/rnd_samples/05f52d9ea4684629bec540668bf9f690.png,ebf4f635a17d10d6eb46ba680b70142419aa3220f228001a036d311a22ee9d2a,inventory_only,,,,False,,,NO
backend/uploads/kn7/rnd_samples/0628b5fde065409a89ed9f5ea2da8c8f.png,ebf4f635a17d10d6eb46ba680b70142419aa3220f228001a036d311a22ee9d2a,inventory_only,,,,False,,,NO
backend/uploads/kn7/rnd_samples/067e9580ffd94d369f072475e490e43d.png,ebf4f635a17d10d6eb46ba680b70142419aa3220f228001a036d311a22ee9d2a,inventory_only,,,,False,,,NO
backend/uploads/kn7/rnd_samples/0688378ba85b45e585a60911fa188a07.png,ebf4f635a17d10d6eb46ba680b70142419aa3220f228001a036d311a22ee9d2a,inventory_only,,,,False,,,NO
backend/uploads/kn7/rnd_samples/068b205167464bfba8cd0f88d6f425aa.png,ebf4f635a17d10d6eb46ba680b70142419aa3220f228001a036d311a22ee9d2a,inventory_only,,,,False,,,NO
backend/uploads/kn7/rnd_samples/06e935a141124c93a3f5de8adc4f6fa0.png,ebf4f635a17d10d6eb46ba680b70142419aa3220f228001a036d311a22ee9d2a,inventory_only,,,,False,,,NO
backend/uploads/kn7/rnd_samples/06f82278efa24641b24eb4e2467722ad.png,ebf4f635a17d10d6eb46ba680b70142419aa3220f228001a036d311a22ee9d2a,inventory_only,,,,False,,,NO
backend/uploads/kn7/rnd_samples/0703e0468b564522a70689701d4a8741.png,ebf4f635a17d10d6eb46ba680b70142419aa3220f228001a036d311a22ee9d2a,inventory_only,,,,False,,,NO
backend/uploads/kn7/rnd_samples/071f7ee2d97f405b88c9fbc3d4e1bf27.png,ebf4f635a17d10d6eb46ba680b70142419aa3220f228001a036d311a22ee9d2a,inventory_only,,,,False,,,NO
backend/uploads/kn7/rnd_samples/072b411ed8094f729bf9b6e50cc14375.png,ebf4f635a17d10d6eb46ba680b70142419aa3220f228001a036d311a22ee9d2a,inventory_only,,,,False,,,NO
backend/uploads/kn7/rnd_samples/0742e5f2b5894014b1feb75f0adc70e4.png,ebf4f635a17d10d6eb46ba680b70142419aa3220f228001a036d311a22ee9d2a,inventory_only,,,,False,,,NO
backend/uploads/kn7/rnd_samples/0747f1759ece4ff4aed0d08c1656caba.png,ebf4f635a17d10d6eb46ba680b70142419aa3220f228001a036d311a22ee9d2a,inventory_only,,,,False,,,NO
backend/uploads/kn7/rnd_samples/0781fd36f9874322965dc3705e4a37d1.png,ebf4f635a17d10d6eb46ba680b70142419aa3220f228001a036d311a22ee9d2a,inventory_only,,,,False,,,NO
backend/uploads/kn7/rnd_samples/079070bb0fde47c693844ba7eb4d1489.png,ebf4f635a17d10d6eb46ba680b70142419aa3220f228001a036d311a22ee9d2a,inventory_only,,,,False,,,NO
backend/uploads/kn7/rnd_samples/07aac1ca1a0c46f98840e5b05ded1906.png,ebf4f635a17d10d6eb46ba680b70142419aa3220f228001a036d311a22ee9d2a,inventory_only,,,,False,,,NO
backend/uploads/kn7/rnd_samples/07c1ba6b2da449a8bbc9de91563ee3bd.png,ebf4f635a17d10d6eb46ba680b70142419aa3220f228001a036d311a22ee9d2a,inventory_only,,,,False,,,NO
backend/uploads/kn7/rnd_samples/088265cfe05a4b5fbb00450e53b17127.png,ebf4f635a17d10d6eb46ba680b70142419aa3220f228001a036d311a22ee9d2a,inventory_only,,,,False,,,NO
backend/uploads/kn7/rnd_samples/08a8293fa7e84c6e811238278ecbfc8f.png,ebf4f635a17d10d6eb46ba680b70142419aa3220f228001a036d311a22ee9d2a,inventory_only,,,,False,,,NO
backend/uploads/kn7/rnd_samples/08ab22d7d8774e978ac0e121c079a148.png,ebf4f635a17d10d6eb46ba680b70142419aa3220f228001a036d311a22ee9d2a,inventory_only,,,,False,,,NO
backend/uploads/kn7/rnd_samples/08c96bcb88674618a2dfd3b7821479fe.png,ebf4f635a17d10d6eb46ba680b70142419aa3220f228001a036d311a22ee9d2a,inventory_only,,,,False,,,NO
backend/uploads/kn7/rnd_samples/08e84198cd704c529a7668534aa599c3.png,ebf4f635a17d10d6eb46ba680b70142419aa3220f228001a036d311a22ee9d2a,inventory_only,,,,False,,,NO
backend/uploads/kn7/rnd_samples/08eee126a5b343ca9736c6b6025816e3.png,ebf4f635a17d10d6eb46ba680b70142419aa3220f228001a036d311a22ee9d2a,inventory_only,,,,False,,,NO
backend/uploads/kn7/rnd_samples/08fbe38dc6464650b30e3c2fb0e90221.png,ebf4f635a17d10d6eb46ba680b70142419aa3220f228001a036d311a22ee9d2a,inventory_only,,,,False,,,NO
backend/uploads/kn7/rnd_samples/090fd62afc1b4deaaacb6c8f5b9fba58.png,ebf4f635a17d10d6eb46ba680b70142419aa3220f228001a036d311a22ee9d2a,inventory_only,,,,False,,,NO
backend/uploads/kn7/rnd_samples/0929c7db92ee4f2491890e8caade72e9.png,ebf4f635a17d10d6eb46ba680b70142419aa3220f228001a036d311a22ee9d2a,inventory_only,,,,False,,,NO
backend/uploads/kn7/rnd_samples/093284a599a841b2bbd7117c56313eff.png,ebf4f635a17d10d6eb46ba680b70142419aa3220f228001a036d311a22ee9d2a,inventory_only,,,,False,,,NO
backend/uploads/kn7/rnd_samples/09a1728e9dfa495e8b63917e2e39ca74.png,ebf4f635a17d10d6eb46ba680b70142419aa3220f228001a036d311a22ee9d2a,inventory_only,,,,False,,,NO
backend/uploads/kn7/rnd_samples/09ed6b9a8b774a3eaa311d3a130b7996.png,ebf4f635a17d10d6eb46ba680b70142419aa3220f228001a036d311a22ee9d2a,inventory_only,,,,False,,,NO
backend/uploads/kn7/rnd_samples/0a03d8a5da8446bbb94809330255baca.png,1b1aae7a4f03a6bdbe79272acf6b03dfe234729e442150a0f4dd58294d27df3a,inventory_only,,,,False,,,NO
backend/uploads/kn7/rnd_samples/0a613ebd29754498ade564b30f1a6862.png,ebf4f635a17d10d6eb46ba680b70142419aa3220f228001a036d311a22ee9d2a,inventory_only,,,,False,,,NO
backend/uploads/kn7/rnd_samples/0a99bfb3594c4ca8ab7f9b21931acd19.png,ebf4f635a17d10d6eb46ba680b70142419aa3220f228001a036d311a22ee9d2a,inventory_only,,,,False,,,NO
backend/uploads/kn7/rnd_samples/0b2dc70929714997a3fb603f29644ec4.png,ebf4f635a17d10d6eb46ba680b70142419aa3220f228001a036d311a22ee9d2a,inventory_only,,,,False,,,NO
backend/uploads/kn7/rnd_samples/0b7dbb8c4788435397be05e2399d910d.png,ebf4f635a17d10d6eb46ba680b70142419aa3220f228001a036d311a22ee9d2a,inventory_only,,,,False,,,NO
backend/uploads/kn7/rnd_samples/0bbfe82388254c478e1fe2f4e347536b.png,ebf4f635a17d10d6eb46ba680b70142419aa3220f228001a036d311a22ee9d2a,inventory_only,,,,False,,,NO
backend/uploads/kn7/rnd_samples/0bda2aa98be94470a59519aa83482ba1.png,ebf4f635a17d10d6eb46ba680b70142419aa3220f228001a036d311a22ee9d2a,inventory_only,,,,False,,,NO
backend/uploads/kn7/rnd_samples/0bec5fe5429645e58b6b55075b0864ec.png,ebf4f635a17d10d6eb46ba680b70142419aa3220f228001a036d311a22ee9d2a,inventory_only,,,,False,,,NO
backend/uploads/kn7/rnd_samples/0c2e2cb79d944f42bafe389f8dd027a1.png,ebf4f635a17d10d6eb46ba680b70142419aa3220f228001a036d311a22ee9d2a,inventory_only,,,,False,,,NO
backend/uploads/kn7/rnd_samples/0c359f06394f4b2ea07d8bcf40e50a22.png,ebf4f635a17d10d6eb46ba680b70142419aa3220f228001a036d311a22ee9d2a,inventory_only,,,,False,,,NO
backend/uploads/kn7/rnd_samples/0c541bc675de4d2b975c18849f40d1d6.png,ebf4f635a17d10d6eb46ba680b70142419aa3220f228001a036d311a22ee9d2a,inventory_only,,,,False,,,NO
backend/uploads/kn7/rnd_samples/0d1b57fe1f09411b8da6111a3fe3430b.png,ebf4f635a17d10d6eb46ba680b70142419aa3220f228001a036d311a22ee9d2a,inventory_only,,,,False,,,NO
backend/uploads/kn7/rnd_samples/0d1cb8271a6041588dc53a04761773fd.png,ebf4f635a17d10d6eb46ba680b70142419aa3220f228001a036d311a22ee9d2a,inventory_only,,,,False,,,NO
backend/uploads/kn7/rnd_samples/0d3ea3bcab5c4ee98a950b3cb5b8488e.png,ebf4f635a17d10d6eb46ba680b70142419aa3220f228001a036d311a22ee9d2a,inventory_only,,,,False,,,NO
backend/uploads/kn7/rnd_samples/0d3f73abb0d6413ea8a9c1a2a890a6e8.png,ebf4f635a17d10d6eb46ba680b70142419aa3220f228001a036d311a22ee9d2a,inventory_only,,,,False,,,NO
backend/uploads/kn7/rnd_samples/0d50e6cbf7204ab9a592c4c48634ad2c.png,3068160da33a1bc4f1d0c4d0243cac1599bbdef1f05fe830f7be4b06c818a40f,inventory_only,,,,False,,,NO
backend/uploads/kn7/rnd_samples/0d7deaada50f44e0aec29b972fc5f1c2.png,ebf4f635a17d10d6eb46ba680b70142419aa3220f228001a036d311a22ee9d2a,inventory_only,,,,False,,,NO
backend/uploads/kn7/rnd_samples/0d90e90c80ae45b4b662607501bed50f.png,ebf4f635a17d10d6eb46ba680b70142419aa3220f228001a036d311a22ee9d2a,inventory_only,,,,False,,,NO
backend/uploads/kn7/rnd_samples/0d93b14968be459399c5ad1ecbf75e0e.png,ebf4f635a17d10d6eb46ba680b70142419aa3220f228001a036d311a22ee9d2a,inventory_only,,,,False,,,NO
backend/uploads/kn7/rnd_samples/0ddffc076b8b4b77a8139d7b3911c396.png,ebf4f635a17d10d6eb46ba680b70142419aa3220f228001a036d311a22ee9d2a,inventory_only,,,,False,,,NO
backend/uploads/kn7/rnd_samples/0deb83b36434460caa6b3c877775b933.png,ebf4f635a17d10d6eb46ba680b70142419aa3220f228001a036d311a22ee9d2a,inventory_only,,,,False,,,NO
backend/uploads/kn7/rnd_samples/0dfad7d76cd94c59bec33782ca8af16e.png,ebf4f635a17d10d6eb46ba680b70142419aa3220f228001a036d311a22ee9d2a,inventory_only,,,,False,,,NO
backend/uploads/kn7/rnd_samples/0e15075325d340f3ba0e7360aaa3c6c2.png,ebf4f635a17d10d6eb46ba680b70142419aa3220f228001a036d311a22ee9d2a,inventory_only,,,,False,,,NO
backend/uploads/kn7/rnd_samples/0e8e6db9dc924dcd8bf134d853af11e1.png,ebf4f635a17d10d6eb46ba680b70142419aa3220f228001a036d311a22ee9d2a,inventory_only,,,,False,,,NO
backend/uploads/kn7/rnd_samples/0f05ff40880246b8adfe873e66f2abdd.png,ebf4f635a17d10d6eb46ba680b70142419aa3220f228001a036d311a22ee9d2a,inventory_only,,,,False,,,NO
backend/uploads/kn7/rnd_samples/0f18e9e994b34ef1951e72fce66a52ce.png,ebf4f635a17d10d6eb46ba680b70142419aa3220f228001a036d311a22ee9d2a,inventory_only,,,,False,,,NO
backend/uploads/kn7/rnd_samples/0f2387db17e74d18aa8a0271925bb54b.png,ebf4f635a17d10d6eb46ba680b70142419aa3220f228001a036d311a22ee9d2a,inventory_only,,,,False,,,NO
backend/uploads/kn7/rnd_samples/0f2ee6d5a15342fcbc00c00707ab6d32.png,ebf4f635a17d10d6eb46ba680b70142419aa3220f228001a036d311a22ee9d2a,inventory_only,,,,False,,,NO
backend/uploads/kn7/rnd_samples/0f5d3006002043218eb7235c43361031.png,ebf4f635a17d10d6eb46ba680b70142419aa3220f228001a036d311a22ee9d2a,inventory_only,,,,False,,,NO
backend/uploads/kn7/rnd_samples/0f7bb43c740e4ae0a800ce4556026cee.png,ebf4f635a17d10d6eb46ba680b70142419aa3220f228001a036d311a22ee9d2a,inventory_only,,,,False,,,NO
backend/uploads/kn7/rnd_samples/0f7c3ffa80694e3c86da565f050af31e.png,ebf4f635a17d10d6eb46ba680b70142419aa3220f228001a036d311a22ee9d2a,inventory_only,,,,False,,,NO
backend/uploads/kn7/rnd_samples/0fe62074f30a4055b31a9d22d38b4a85.png,ebf4f635a17d10d6eb46ba680b70142419aa3220f228001a036d311a22ee9d2a,inventory_only,,,,False,,,NO
backend/uploads/kn7/rnd_samples/10075b6508734750a3e711554c69bc0c.png,ebf4f635a17d10d6eb46ba680b70142419aa3220f228001a036d311a22ee9d2a,inventory_only,,,,False,,,NO
backend/uploads/kn7/rnd_samples/102d01cb2b0e44c6899dd31c65227b50.png,ebf4f635a17d10d6eb46ba680b70142419aa3220f228001a036d311a22ee9d2a,inventory_only,,,,False,,,NO
backend/uploads/kn7/rnd_samples/10846e3b09474d6c8b8d8dd7385dac9f.png,ebf4f635a17d10d6eb46ba680b70142419aa3220f228001a036d311a22ee9d2a,inventory_only,,,,False,,,NO
backend/uploads/kn7/rnd_samples/10b831d291a0444eb3be993c3572cd2e.png,1b1aae7a4f03a6bdbe79272acf6b03dfe234729e442150a0f4dd58294d27df3a,inventory_only,,,,False,,,NO
backend/uploads/kn7/rnd_samples/10d0f3ca4a6b4987a9a81526aaa849f5.png,ebf4f635a17d10d6eb46ba680b70142419aa3220f228001a036d311a22ee9d2a,inventory_only,,,,False,,,NO
backend/uploads/kn7/rnd_samples/1138b940da4141e39dee90667ab7eac0.png,ebf4f635a17d10d6eb46ba680b70142419aa3220f228001a036d311a22ee9d2a,inventory_only,,,,False,,,NO
backend/uploads/kn7/rnd_samples/118047f2b613491ebc0b181572b0c3fc.png,ebf4f635a17d10d6eb46ba680b70142419aa3220f228001a036d311a22ee9d2a,inventory_only,,,,False,,,NO
backend/uploads/kn7/rnd_samples/118d9f4d650049acb4a5f5ba2077113d.png,ebf4f635a17d10d6eb46ba680b70142419aa3220f228001a036d311a22ee9d2a,inventory_only,,,,False,,,NO
backend/uploads/kn7/rnd_samples/11941886ece245a28a6bd59fa6472703.png,ebf4f635a17d10d6eb46ba680b70142419aa3220f228001a036d311a22ee9d2a,inventory_only,,,,False,,,NO
backend/uploads/kn7/rnd_samples/11a6011159c84bfa89128bac54d47d1b.png,ebf4f635a17d10d6eb46ba680b70142419aa3220f228001a036d311a22ee9d2a,inventory_only,,,,False,,,NO
backend/uploads/kn7/rnd_samples/11ab0a57462949cc85520e71e0da482e.png,ebf4f635a17d10d6eb46ba680b70142419aa3220f228001a036d311a22ee9d2a,inventory_only,,,,False,,,NO
backend/uploads/kn7/rnd_samples/11c1ef8d970343d39885541c611f7f75.png,ebf4f635a17d10d6eb46ba680b70142419aa3220f228001a036d311a22ee9d2a,inventory_only,,,,False,,,NO
backend/uploads/kn7/rnd_samples/122020e71b644593a25b1ab1889763a6.png,ebf4f635a17d10d6eb46ba680b70142419aa3220f228001a036d311a22ee9d2a,inventory_only,,,,False,,,NO
backend/uploads/kn7/rnd_samples/123b99fc09954442b958e3761ff60ce1.png,ebf4f635a17d10d6eb46ba680b70142419aa3220f228001a036d311a22ee9d2a,inventory_only,,,,False,,,NO
backend/uploads/kn7/rnd_samples/127c8eb1f6d047a285a76ded3dd4c554.png,ebf4f635a17d10d6eb46ba680b70142419aa3220f228001a036d311a22ee9d2a,inventory_only,,,,False,,,NO
backend/uploads/kn7/rnd_samples/127f31e381cf4ed78c44d291f6394b59.png,ebf4f635a17d10d6eb46ba680b70142419aa3220f228001a036d311a22ee9d2a,inventory_only,,,,False,,,NO
backend/uploads/kn7/rnd_samples/1298d4ab5ba74b95b0bc07654d0fbcfa.png,ebf4f635a17d10d6eb46ba680b70142419aa3220f228001a036d311a22ee9d2a,inventory_only,,,,False,,,NO
backend/uploads/kn7/rnd_samples/12b3a434247d44b8b6af3604f5188d9b.png,ebf4f635a17d10d6eb46ba680b70142419aa3220f228001a036d311a22ee9d2a,inventory_only,,,,False,,,NO
backend/uploads/kn7/rnd_samples/12fd3e39e2424540bc76cfd02637e807.png,ebf4f635a17d10d6eb46ba680b70142419aa3220f228001a036d311a22ee9d2a,inventory_only,,,,False,,,NO
backend/uploads/kn7/rnd_samples/130cf6a79efe43c39a3f5722c2d533d6.png,ebf4f635a17d10d6eb46ba680b70142419aa3220f228001a036d311a22ee9d2a,inventory_only,,,,False,,,NO
backend/uploads/kn7/rnd_samples/133e816bd07449749967c3dcacf1cf62.png,ebf4f635a17d10d6eb46ba680b70142419aa3220f228001a036d311a22ee9d2a,inventory_only,,,,False,,,NO
backend/uploads/kn7/rnd_samples/133ecf5860354f17a4c482e7eae9f929.png,ebf4f635a17d10d6eb46ba680b70142419aa3220f228001a036d311a22ee9d2a,inventory_only,,,,False,,,NO
backend/uploads/kn7/rnd_samples/134974070cbd4340ad7dc9e1a3354436.png,ebf4f635a17d10d6eb46ba680b70142419aa3220f228001a036d311a22ee9d2a,inventory_only,,,,False,,,NO
backend/uploads/kn7/rnd_samples/1389a027c02f412ca890b5edc593881a.png,ebf4f635a17d10d6eb46ba680b70142419aa3220f228001a036d311a22ee9d2a,inventory_only,,,,False,,,NO
backend/uploads/kn7/rnd_samples/13b3a358932c4b1a8341124d64f135f1.png,ebf4f635a17d10d6eb46ba680b70142419aa3220f228001a036d311a22ee9d2a,inventory_only,,,,False,,,NO
backend/uploads/kn7/rnd_samples/13bc9130371e40c3935189ed201885d6.png,ebf4f635a17d10d6eb46ba680b70142419aa3220f228001a036d311a22ee9d2a,inventory_only,,,,False,,,NO
backend/uploads/kn7/rnd_samples/13d99a2f87854d06aef03c04fda365a8.png,ebf4f635a17d10d6eb46ba680b70142419aa3220f228001a036d311a22ee9d2a,inventory_only,,,,False,,,NO
backend/uploads/kn7/rnd_samples/13f2f18efbab4a03acbedda5e9b110d9.png,ebf4f635a17d10d6eb46ba680b70142419aa3220f228001a036d311a22ee9d2a,inventory_only,,,,False,,,NO
backend/uploads/kn7/rnd_samples/140f97b6e6dc49bc9fac33b2e06f41bf.png,ebf4f635a17d10d6eb46ba680b70142419aa3220f228001a036d311a22ee9d2a,inventory_only,,,,False,,,NO
backend/uploads/kn7/rnd_samples/142a4341ecfd435fa82647bb3f8f871c.png,ebf4f635a17d10d6eb46ba680b70142419aa3220f228001a036d311a22ee9d2a,inventory_only,,,,False,,,NO
backend/uploads/kn7/rnd_samples/142d45838c8142f181ebf7c015b67bd5.png,ebf4f635a17d10d6eb46ba680b70142419aa3220f228001a036d311a22ee9d2a,inventory_only,,,,False,,,NO
backend/uploads/kn7/rnd_samples/144cf46825154650baa7a9a7b96c16f5.png,ebf4f635a17d10d6eb46ba680b70142419aa3220f228001a036d311a22ee9d2a,inventory_only,,,,False,,,NO
backend/uploads/kn7/rnd_samples/14ae0731fc604746beb5c217bd3131d5.png,ebf4f635a17d10d6eb46ba680b70142419aa3220f228001a036d311a22ee9d2a,inventory_only,,,,False,,,NO
backend/uploads/kn7/rnd_samples/14df57af20034cde9219c33e5ca3983b.png,ebf4f635a17d10d6eb46ba680b70142419aa3220f228001a036d311a22ee9d2a,inventory_only,,,,False,,,NO
backend/uploads/kn7/rnd_samples/15bdc267a1eb4ad184f1c9b3745521bb.png,ebf4f635a17d10d6eb46ba680b70142419aa3220f228001a036d311a22ee9d2a,inventory_only,,,,False,,,NO
backend/uploads/kn7/rnd_samples/15d9fab00af441b3b102417e939f3f03.png,ebf4f635a17d10d6eb46ba680b70142419aa3220f228001a036d311a22ee9d2a,inventory_only,,,,False,,,NO
backend/uploads/kn7/rnd_samples/15e65717794a4e32bcd98d8e75791e67.png,ebf4f635a17d10d6eb46ba680b70142419aa3220f228001a036d311a22ee9d2a,inventory_only,,,,False,,,NO
backend/uploads/kn7/rnd_samples/16208cc0aaca4261ba0cc170dc0fb885.png,ebf4f635a17d10d6eb46ba680b70142419aa3220f228001a036d311a22ee9d2a,inventory_only,,,,False,,,NO
backend/uploads/kn7/rnd_samples/162d2efc97414a6fa829f753e52e052d.png,ebf4f635a17d10d6eb46ba680b70142419aa3220f228001a036d311a22ee9d2a,inventory_only,,,,False,,,NO
backend/uploads/kn7/rnd_samples/1678d84383bd495e97db0485d79bd3c1.png,cfe84775504b1ec482883c556b4572ddd11430766d35899a339ababfe2c283b9,inventory_only,,,,False,,,NO
backend/uploads/kn7/rnd_samples/1680f83f10724bd89fe0b2c3f191c909.png,ebf4f635a17d10d6eb46ba680b70142419aa3220f228001a036d311a22ee9d2a,inventory_only,,,,False,,,NO
backend/uploads/kn7/rnd_samples/16ae9298f3cb41eb97b32021c43890c2.png,ebf4f635a17d10d6eb46ba680b70142419aa3220f228001a036d311a22ee9d2a,inventory_only,,,,False,,,NO
backend/uploads/kn7/rnd_samples/16cb5b5b18f8435db3526fbb1f8091d6.png,ebf4f635a17d10d6eb46ba680b70142419aa3220f228001a036d311a22ee9d2a,inventory_only,,,,False,,,NO
backend/uploads/kn7/rnd_samples/16d3d5a9beba44eab8f93b4b3ba79e06.png,ebf4f635a17d10d6eb46ba680b70142419aa3220f228001a036d311a22ee9d2a,inventory_only,,,,False,,,NO
backend/uploads/kn7/rnd_samples/1705245ea0b74684852a1b78107e61ce.png,ebf4f635a17d10d6eb46ba680b70142419aa3220f228001a036d311a22ee9d2a,inventory_only,,,,False,,,NO
backend/uploads/kn7/rnd_samples/170d7fbb5b704ea4956588f3f080d6f5.png,8c6806d8d6093084661ba908761d0bc076628c282907d140abe683606d5c0fdd,inventory_only,,,,False,,,NO
backend/uploads/kn7/rnd_samples/1728690b25b04155b3fbcdca0a077d3d.png,087b108b122ef242eec6e493b98b2f26669e51fe2fc7e71c5a3809518d3333f8,inventory_only,,,,False,,,NO
backend/uploads/kn7/rnd_samples/173fb9bc56a642a7ac55b8581c45f773.png,ebf4f635a17d10d6eb46ba680b70142419aa3220f228001a036d311a22ee9d2a,inventory_only,,,,False,,,NO
backend/uploads/kn7/rnd_samples/1760022f18864abea6177255aeb052dd.png,ebf4f635a17d10d6eb46ba680b70142419aa3220f228001a036d311a22ee9d2a,inventory_only,,,,False,,,NO
backend/uploads/kn7/rnd_samples/17e2e31e09d44a4db33926d0d72e620f.png,ebf4f635a17d10d6eb46ba680b70142419aa3220f228001a036d311a22ee9d2a,inventory_only,,,,False,,,NO
backend/uploads/kn7/rnd_samples/181666cd25c44d27b087ff33a3f48ad4.png,ebf4f635a17d10d6eb46ba680b70142419aa3220f228001a036d311a22ee9d2a,inventory_only,,,,False,,,NO
backend/uploads/kn7/rnd_samples/1841f3c9c59f4dc7bed6f29253fb0c6d.png,ebf4f635a17d10d6eb46ba680b70142419aa3220f228001a036d311a22ee9d2a,inventory_only,,,,False,,,NO
backend/uploads/kn7/rnd_samples/184cb253ae8144d4922986e9223a8489.png,ebf4f635a17d10d6eb46ba680b70142419aa3220f228001a036d311a22ee9d2a,inventory_only,,,,False,,,NO
backend/uploads/kn7/rnd_samples/187b9896f38b43f5b84a9db1486aa2e5.png,ebf4f635a17d10d6eb46ba680b70142419aa3220f228001a036d311a22ee9d2a,inventory_only,,,,False,,,NO
backend/uploads/kn7/rnd_samples/187f26d4782b44028c00ed5180bcf9be.png,ebf4f635a17d10d6eb46ba680b70142419aa3220f228001a036d311a22ee9d2a,inventory_only,,,,False,,,NO
backend/uploads/kn7/rnd_samples/1899b0b7691e444d84150c492b021198.png,ebf4f635a17d10d6eb46ba680b70142419aa3220f228001a036d311a22ee9d2a,inventory_only,,,,False,,,NO
backend/uploads/kn7/rnd_samples/18b42ac01e1d44d7a68acbd07581e91d.png,ebf4f635a17d10d6eb46ba680b70142419aa3220f228001a036d311a22ee9d2a,inventory_only,,,,False,,,NO
backend/uploads/kn7/rnd_samples/18d1644703d44628bb626a1a817a0484.png,ebf4f635a17d10d6eb46ba680b70142419aa3220f228001a036d311a22ee9d2a,inventory_only,,,,False,,,NO
backend/uploads/kn7/rnd_samples/194c0a2d93f7415cac14108e40b07074.png,ebf4f635a17d10d6eb46ba680b70142419aa3220f228001a036d311a22ee9d2a,inventory_only,,,,False,,,NO
backend/uploads/kn7/rnd_samples/195d926810254a5eb4df7c252dee8680.png,ebf4f635a17d10d6eb46ba680b70142419aa3220f228001a036d311a22ee9d2a,inventory_only,,,,False,,,NO
backend/uploads/kn7/rnd_samples/199fc8c658c94b8abaa2918caf1a95b0.png,ebf4f635a17d10d6eb46ba680b70142419aa3220f228001a036d311a22ee9d2a,inventory_only,,,,False,,,NO
backend/uploads/kn7/rnd_samples/19f478283a834bdaa4bcb2530543df2a.png,ebf4f635a17d10d6eb46ba680b70142419aa3220f228001a036d311a22ee9d2a,inventory_only,,,,False,,,NO
backend/uploads/kn7/rnd_samples/1a3d12a9f58e480687a1f00f11183dde.png,ebf4f635a17d10d6eb46ba680b70142419aa3220f228001a036d311a22ee9d2a,inventory_only,,,,False,,,NO
backend/uploads/kn7/rnd_samples/1a5bdb16cb73407cb645724c033ef91a.png,ebf4f635a17d10d6eb46ba680b70142419aa3220f228001a036d311a22ee9d2a,inventory_only,,,,False,,,NO
backend/uploads/kn7/rnd_samples/1ae9e28be08049b084bd57951f8be0d9.png,ebf4f635a17d10d6eb46ba680b70142419aa3220f228001a036d311a22ee9d2a,inventory_only,,,,False,,,NO
backend/uploads/kn7/rnd_samples/1b32d4c5c9b84266a6b24cb8f019ca64.png,ebf4f635a17d10d6eb46ba680b70142419aa3220f228001a036d311a22ee9d2a,inventory_only,,,,False,,,NO
backend/uploads/kn7/rnd_samples/1b3c69565e2a43dc981d8bac309aa386.png,ebf4f635a17d10d6eb46ba680b70142419aa3220f228001a036d311a22ee9d2a,inventory_only,,,,False,,,NO
backend/uploads/kn7/rnd_samples/1b754f3a3f184e9aa9f4e9ceeeeb6e61.png,ebf4f635a17d10d6eb46ba680b70142419aa3220f228001a036d311a22ee9d2a,inventory_only,,,,False,,,NO
backend/uploads/kn7/rnd_samples/1c12263bb95847989c87175b8c5f226f.png,ebf4f635a17d10d6eb46ba680b70142419aa3220f228001a036d311a22ee9d2a,inventory_only,,,,False,,,NO
backend/uploads/kn7/rnd_samples/1c52cc3ff5f14c14a41c2adfce0373bc.png,ebf4f635a17d10d6eb46ba680b70142419aa3220f228001a036d311a22ee9d2a,inventory_only,,,,False,,,NO
backend/uploads/kn7/rnd_samples/1c876d0daece45fbbb006bc26b613d26.png,ebf4f635a17d10d6eb46ba680b70142419aa3220f228001a036d311a22ee9d2a,inventory_only,,,,False,,,NO
backend/uploads/kn7/rnd_samples/1cd18e74aa194816bdfe1976687248f7.png,ebf4f635a17d10d6eb46ba680b70142419aa3220f228001a036d311a22ee9d2a,inventory_only,,,,False,,,NO
backend/uploads/kn7/rnd_samples/1d20b7a5014f4df9a199b654f7bb1416.png,ebf4f635a17d10d6eb46ba680b70142419aa3220f228001a036d311a22ee9d2a,inventory_only,,,,False,,,NO
backend/uploads/kn7/rnd_samples/1d4a1bedfa8840d78273d257f1556fe5.png,ebf4f635a17d10d6eb46ba680b70142419aa3220f228001a036d311a22ee9d2a,inventory_only,,,,False,,,NO
backend/uploads/kn7/rnd_samples/1d5f3faad1f445dd9b12c9ac368cc8c1.png,ebf4f635a17d10d6eb46ba680b70142419aa3220f228001a036d311a22ee9d2a,inventory_only,,,,False,,,NO
backend/uploads/kn7/rnd_samples/1d8923f5278f4a27b834024439be4805.png,ebf4f635a17d10d6eb46ba680b70142419aa3220f228001a036d311a22ee9d2a,inventory_only,,,,False,,,NO
backend/uploads/kn7/rnd_samples/1d9f52458f694d588f4ebd3ae11b17bc.png,ebf4f635a17d10d6eb46ba680b70142419aa3220f228001a036d311a22ee9d2a,inventory_only,,,,False,,,NO
backend/uploads/kn7/rnd_samples/1db4dd457a5143e0b3492c8dd5f6cee3.png,ebf4f635a17d10d6eb46ba680b70142419aa3220f228001a036d311a22ee9d2a,inventory_only,,,,False,,,NO
backend/uploads/kn7/rnd_samples/1dbe3567c91e4f39a26289e390b8486c.png,ebf4f635a17d10d6eb46ba680b70142419aa3220f228001a036d311a22ee9d2a,inventory_only,,,,False,,,NO
backend/uploads/kn7/rnd_samples/1df1ca6f891c42dfb38100a33ac1f4fa.png,ebf4f635a17d10d6eb46ba680b70142419aa3220f228001a036d311a22ee9d2a,inventory_only,,,,False,,,NO
backend/uploads/kn7/rnd_samples/1e01d149931c4b18bea55100864cc4d8.png,3c361d2e2cd12195d8b48e70a403974707d4c9949205808de8005150ed702842,inventory_only,,,,False,,,NO
backend/uploads/kn7/rnd_samples/1e06a1bacd404c2eb2dabcdb229b33c5.png,ebf4f635a17d10d6eb46ba680b70142419aa3220f228001a036d311a22ee9d2a,inventory_only,,,,False,,,NO
backend/uploads/kn7/rnd_samples/1e5448ce98694783ac298a84b1b3003a.png,ebf4f635a17d10d6eb46ba680b70142419aa3220f228001a036d311a22ee9d2a,inventory_only,,,,False,,,NO
backend/uploads/kn7/rnd_samples/1e5e8e3b55a74ac9abf1978a6f474554.png,ebf4f635a17d10d6eb46ba680b70142419aa3220f228001a036d311a22ee9d2a,inventory_only,,,,False,,,NO
backend/uploads/kn7/rnd_samples/1e6f30ad87e44ff8b2672353084987ae.png,ebf4f635a17d10d6eb46ba680b70142419aa3220f228001a036d311a22ee9d2a,inventory_only,,,,False,,,NO
backend/uploads/kn7/rnd_samples/1e7b11d0bbfd4bc8ad44548c39ce4ea5.png,ebf4f635a17d10d6eb46ba680b70142419aa3220f228001a036d311a22ee9d2a,inventory_only,,,,False,,,NO
backend/uploads/kn7/rnd_samples/1f086a3de49745ea91ba416472c717b5.png,ebf4f635a17d10d6eb46ba680b70142419aa3220f228001a036d311a22ee9d2a,inventory_only,,,,False,,,NO
backend/uploads/kn7/rnd_samples/1f9a6df3f096407b833409ccc4e02306.png,ebf4f635a17d10d6eb46ba680b70142419aa3220f228001a036d311a22ee9d2a,inventory_only,,,,False,,,NO
backend/uploads/kn7/rnd_samples/1fb9b60c10a34c80bcf26c7a5e3c6366.png,ebf4f635a17d10d6eb46ba680b70142419aa3220f228001a036d311a22ee9d2a,inventory_only,,,,False,,,NO
backend/uploads/kn7/rnd_samples/1ff34c0b7fab4a9e96133a27cb9b71b6.png,ebf4f635a17d10d6eb46ba680b70142419aa3220f228001a036d311a22ee9d2a,inventory_only,,,,False,,,NO
backend/uploads/kn7/rnd_samples/201ad5f67ec94fd39348871343bff5de.png,ebf4f635a17d10d6eb46ba680b70142419aa3220f228001a036d311a22ee9d2a,inventory_only,,,,False,,,NO
backend/uploads/kn7/rnd_samples/20442036482f4113ae25e6d2c820d3cb.png,ebf4f635a17d10d6eb46ba680b70142419aa3220f228001a036d311a22ee9d2a,inventory_only,,,,False,,,NO
backend/uploads/kn7/rnd_samples/20823ed88b4d4e8da1d3a28e59da89e7.png,ebf4f635a17d10d6eb46ba680b70142419aa3220f228001a036d311a22ee9d2a,inventory_only,,,,False,,,NO
backend/uploads/kn7/rnd_samples/209a438a4fa140bd844039b40c6f4cf0.png,ebf4f635a17d10d6eb46ba680b70142419aa3220f228001a036d311a22ee9d2a,inventory_only,,,,False,,,NO
backend/uploads/kn7/rnd_samples/20bf042903ac4aed961d05de75b7af90.png,ebf4f635a17d10d6eb46ba680b70142419aa3220f228001a036d311a22ee9d2a,inventory_only,,,,False,,,NO
backend/uploads/kn7/rnd_samples/20d3d2cf8a39494e89287474952d955b.png,ebf4f635a17d10d6eb46ba680b70142419aa3220f228001a036d311a22ee9d2a,inventory_only,,,,False,,,NO
backend/uploads/kn7/rnd_samples/2127a267ae054330a3dc0bb290557ec2.png,ebf4f635a17d10d6eb46ba680b70142419aa3220f228001a036d311a22ee9d2a,inventory_only,,,,False,,,NO
backend/uploads/kn7/rnd_samples/215418ae32ba4bd59d78d0ef3c37feec.png,ebf4f635a17d10d6eb46ba680b70142419aa3220f228001a036d311a22ee9d2a,inventory_only,,,,False,,,NO
backend/uploads/kn7/rnd_samples/217f97f12864461bac8a393dcf339f03.png,ebf4f635a17d10d6eb46ba680b70142419aa3220f228001a036d311a22ee9d2a,inventory_only,,,,False,,,NO
backend/uploads/kn7/rnd_samples/21874a9a389947bbb4bea2cca38452d6.png,ebf4f635a17d10d6eb46ba680b70142419aa3220f228001a036d311a22ee9d2a,inventory_only,,,,False,,,NO
backend/uploads/kn7/rnd_samples/21b6d5fbad9a4cc695b1810c6cb6ddf2.png,ebf4f635a17d10d6eb46ba680b70142419aa3220f228001a036d311a22ee9d2a,inventory_only,,,,False,,,NO
backend/uploads/kn7/rnd_samples/21de134ae11b4a6e8387353b7aed11eb.png,ebf4f635a17d10d6eb46ba680b70142419aa3220f228001a036d311a22ee9d2a,inventory_only,,,,False,,,NO
backend/uploads/kn7/rnd_samples/21e5969022d74d939fc257e8aa2649b7.png,ebf4f635a17d10d6eb46ba680b70142419aa3220f228001a036d311a22ee9d2a,inventory_only,,,,False,,,NO
backend/uploads/kn7/rnd_samples/2220c96a3fdb411d867ffacfb9f15c08.png,ebf4f635a17d10d6eb46ba680b70142419aa3220f228001a036d311a22ee9d2a,inventory_only,,,,False,,,NO
backend/uploads/kn7/rnd_samples/22544a38928e4f3483c826bc31b1e90f.png,ebf4f635a17d10d6eb46ba680b70142419aa3220f228001a036d311a22ee9d2a,inventory_only,,,,False,,,NO
backend/uploads/kn7/rnd_samples/22b5da04366b47958ed4af468b18a6c0.png,ebf4f635a17d10d6eb46ba680b70142419aa3220f228001a036d311a22ee9d2a,inventory_only,,,,False,,,NO
backend/uploads/kn7/rnd_samples/22c6d375f5254dcbaca34b7bce564e62.png,ebf4f635a17d10d6eb46ba680b70142419aa3220f228001a036d311a22ee9d2a,inventory_only,,,,False,,,NO
backend/uploads/kn7/rnd_samples/22fea1e4c77f4baeb78a4226974063c1.png,ebf4f635a17d10d6eb46ba680b70142419aa3220f228001a036d311a22ee9d2a,inventory_only,,,,False,,,NO
backend/uploads/kn7/rnd_samples/23733a94bea94c6496bb26fb6e7df00c.png,ebf4f635a17d10d6eb46ba680b70142419aa3220f228001a036d311a22ee9d2a,inventory_only,,,,False,,,NO
backend/uploads/kn7/rnd_samples/23ef1a3817ba40d78532c032e300ba64.png,ebf4f635a17d10d6eb46ba680b70142419aa3220f228001a036d311a22ee9d2a,inventory_only,,,,False,,,NO
backend/uploads/kn7/rnd_samples/23fb72dbdbed4426b972d335a03c5f89.png,ebf4f635a17d10d6eb46ba680b70142419aa3220f228001a036d311a22ee9d2a,inventory_only,,,,False,,,NO
backend/uploads/kn7/rnd_samples/240a40111cee43d9b1f3c779067d7b8b.png,ebf4f635a17d10d6eb46ba680b70142419aa3220f228001a036d311a22ee9d2a,inventory_only,,,,False,,,NO
backend/uploads/kn7/rnd_samples/247331423d8c4958af071b4d588fcf1e.png,ebf4f635a17d10d6eb46ba680b70142419aa3220f228001a036d311a22ee9d2a,inventory_only,,,,False,,,NO
backend/uploads/kn7/rnd_samples/24c84509bc55430cac0a2991f485e6c1.png,ebf4f635a17d10d6eb46ba680b70142419aa3220f228001a036d311a22ee9d2a,inventory_only,,,,False,,,NO
backend/uploads/kn7/rnd_samples/24c87dca969c4ff098cfe8d6a7bc5ea9.png,ebf4f635a17d10d6eb46ba680b70142419aa3220f228001a036d311a22ee9d2a,inventory_only,,,,False,,,NO
backend/uploads/kn7/rnd_samples/24ed0fd07ece454ba0226d114430c556.png,ebf4f635a17d10d6eb46ba680b70142419aa3220f228001a036d311a22ee9d2a,inventory_only,,,,False,,,NO
backend/uploads/kn7/rnd_samples/2581bdc718fa41f5baf79aa35b4fbfd7.png,ebf4f635a17d10d6eb46ba680b70142419aa3220f228001a036d311a22ee9d2a,inventory_only,,,,False,,,NO
backend/uploads/kn7/rnd_samples/25cd6ba4bf3240908afd27f57be49e4d.png,ebf4f635a17d10d6eb46ba680b70142419aa3220f228001a036d311a22ee9d2a,inventory_only,,,,False,,,NO
backend/uploads/kn7/rnd_samples/25e7c75468ce4ede949c0ccd1a9d2932.png,ebf4f635a17d10d6eb46ba680b70142419aa3220f228001a036d311a22ee9d2a,inventory_only,,,,False,,,NO
backend/uploads/kn7/rnd_samples/262151a4f430420786d5bf0b1b751383.png,ebf4f635a17d10d6eb46ba680b70142419aa3220f228001a036d311a22ee9d2a,inventory_only,,,,False,,,NO
backend/uploads/kn7/rnd_samples/262ce23f6c3d4bc18d0cb999b121b7af.png,1b1aae7a4f03a6bdbe79272acf6b03dfe234729e442150a0f4dd58294d27df3a,inventory_only,,,,False,,,NO
backend/uploads/kn7/rnd_samples/263865981c6947b6ac8e8a9f4602ff97.png,ebf4f635a17d10d6eb46ba680b70142419aa3220f228001a036d311a22ee9d2a,inventory_only,,,,False,,,NO
backend/uploads/kn7/rnd_samples/263c5ef91d164264b3680b9cf27caedc.png,ebf4f635a17d10d6eb46ba680b70142419aa3220f228001a036d311a22ee9d2a,inventory_only,,,,False,,,NO
backend/uploads/kn7/rnd_samples/265b62539e114e5492b7448864ab5c8e.png,ebf4f635a17d10d6eb46ba680b70142419aa3220f228001a036d311a22ee9d2a,inventory_only,,,,False,,,NO
backend/uploads/kn7/rnd_samples/268410bd49a8407785058c6aa8281e84.png,ebf4f635a17d10d6eb46ba680b70142419aa3220f228001a036d311a22ee9d2a,inventory_only,,,,False,,,NO
backend/uploads/kn7/rnd_samples/26ad38fd12204e2eae97a4720ce993bb.png,1b1aae7a4f03a6bdbe79272acf6b03dfe234729e442150a0f4dd58294d27df3a,inventory_only,,,,False,,,NO
backend/uploads/kn7/rnd_samples/26c47ffd82f24c4f96dedbd8dccb10aa.png,ebf4f635a17d10d6eb46ba680b70142419aa3220f228001a036d311a22ee9d2a,inventory_only,,,,False,,,NO
backend/uploads/kn7/rnd_samples/26d1a941c7b7422dbe44a5d0de52b841.png,ebf4f635a17d10d6eb46ba680b70142419aa3220f228001a036d311a22ee9d2a,inventory_only,,,,False,,,NO
backend/uploads/kn7/rnd_samples/26dcd282384b4098a93c71943a9cd8bd.png,ebf4f635a17d10d6eb46ba680b70142419aa3220f228001a036d311a22ee9d2a,inventory_only,,,,False,,,NO
backend/uploads/kn7/rnd_samples/26e851490a844ae9a82a375910f6f974.png,ebf4f635a17d10d6eb46ba680b70142419aa3220f228001a036d311a22ee9d2a,inventory_only,,,,False,,,NO
backend/uploads/kn7/rnd_samples/271cfad1279f46f2b2b0ee3741f72269.png,ebf4f635a17d10d6eb46ba680b70142419aa3220f228001a036d311a22ee9d2a,inventory_only,,,,False,,,NO
backend/uploads/kn7/rnd_samples/273530d761284f939dfe4852b1295069.png,ebf4f635a17d10d6eb46ba680b70142419aa3220f228001a036d311a22ee9d2a,inventory_only,,,,False,,,NO
backend/uploads/kn7/rnd_samples/27952309193044d59b4a862b6e1ab143.png,ebf4f635a17d10d6eb46ba680b70142419aa3220f228001a036d311a22ee9d2a,inventory_only,,,,False,,,NO
backend/uploads/kn7/rnd_samples/2813a86092754415bf3f65b7107ba717.png,ebf4f635a17d10d6eb46ba680b70142419aa3220f228001a036d311a22ee9d2a,inventory_only,,,,False,,,NO
backend/uploads/kn7/rnd_samples/282daaafdf464592adace8165555886a.png,ebf4f635a17d10d6eb46ba680b70142419aa3220f228001a036d311a22ee9d2a,inventory_only,,,,False,,,NO
backend/uploads/kn7/rnd_samples/285b8e60a47b40f18399ec3004746162.png,ebf4f635a17d10d6eb46ba680b70142419aa3220f228001a036d311a22ee9d2a,inventory_only,,,,False,,,NO
backend/uploads/kn7/rnd_samples/285c7e0ea11d4eedbc9badbe9436e9fb.png,ebf4f635a17d10d6eb46ba680b70142419aa3220f228001a036d311a22ee9d2a,inventory_only,,,,False,,,NO
backend/uploads/kn7/rnd_samples/28604ccb8bad4e0ab4f4aa56241fa5fa.png,ebf4f635a17d10d6eb46ba680b70142419aa3220f228001a036d311a22ee9d2a,inventory_only,,,,False,,,NO
backend/uploads/kn7/rnd_samples/28964a6f34e04e1595cab3b717580538.png,ebf4f635a17d10d6eb46ba680b70142419aa3220f228001a036d311a22ee9d2a,inventory_only,,,,False,,,NO
backend/uploads/kn7/rnd_samples/28c0cfcb0bc949a08eb3cdfd52b1ea03.png,ebf4f635a17d10d6eb46ba680b70142419aa3220f228001a036d311a22ee9d2a,inventory_only,,,,False,,,NO
backend/uploads/kn7/rnd_samples/291350333d43403e8d3f8dee3c8c4290.png,ebf4f635a17d10d6eb46ba680b70142419aa3220f228001a036d311a22ee9d2a,inventory_only,,,,False,,,NO
backend/uploads/kn7/rnd_samples/2918d3a28e7543acb2472473ece6cff9.png,ebf4f635a17d10d6eb46ba680b70142419aa3220f228001a036d311a22ee9d2a,inventory_only,,,,False,,,NO
backend/uploads/kn7/rnd_samples/29308b1646e740bbbc36fef7122a3055.png,ebf4f635a17d10d6eb46ba680b70142419aa3220f228001a036d311a22ee9d2a,inventory_only,,,,False,,,NO
backend/uploads/kn7/rnd_samples/29d63d67fd41494fae7d7a36840ab040.png,ebf4f635a17d10d6eb46ba680b70142419aa3220f228001a036d311a22ee9d2a,inventory_only,,,,False,,,NO
backend/uploads/kn7/rnd_samples/29e4e396ae8a40f9bf4fb1ba110ed5a6.png,ebf4f635a17d10d6eb46ba680b70142419aa3220f228001a036d311a22ee9d2a,inventory_only,,,,False,,,NO
backend/uploads/kn7/rnd_samples/29f72d9cba49411aaa72f514f7b11fdf.png,ebf4f635a17d10d6eb46ba680b70142419aa3220f228001a036d311a22ee9d2a,inventory_only,,,,False,,,NO
backend/uploads/kn7/rnd_samples/2a078e3aeea548839c1d94a65072bbf5.png,ebf4f635a17d10d6eb46ba680b70142419aa3220f228001a036d311a22ee9d2a,inventory_only,,,,False,,,NO
backend/uploads/kn7/rnd_samples/2a5fed6a71c94987887fff15c7faa72f.png,ebf4f635a17d10d6eb46ba680b70142419aa3220f228001a036d311a22ee9d2a,inventory_only,,,,False,,,NO
backend/uploads/kn7/rnd_samples/2a75b6e55a444b1b88b84b461a394314.png,ebf4f635a17d10d6eb46ba680b70142419aa3220f228001a036d311a22ee9d2a,inventory_only,,,,False,,,NO
backend/uploads/kn7/rnd_samples/2a94f41a168841eba4535db96e0c81a5.png,ebf4f635a17d10d6eb46ba680b70142419aa3220f228001a036d311a22ee9d2a,inventory_only,,,,False,,,NO
backend/uploads/kn7/rnd_samples/2a9e0a54079841e2994044af018494d4.png,ebf4f635a17d10d6eb46ba680b70142419aa3220f228001a036d311a22ee9d2a,inventory_only,,,,False,,,NO
backend/uploads/kn7/rnd_samples/2ad0246a302f4a85a2ef88568d626ae8.png,ebf4f635a17d10d6eb46ba680b70142419aa3220f228001a036d311a22ee9d2a,inventory_only,,,,False,,,NO
backend/uploads/kn7/rnd_samples/2b6ccb7ab795409f8066fe9ae36d9643.png,ebf4f635a17d10d6eb46ba680b70142419aa3220f228001a036d311a22ee9d2a,inventory_only,,,,False,,,NO
backend/uploads/kn7/rnd_samples/2b75b4baeae348f3ab62e43ef34b54e3.png,ebf4f635a17d10d6eb46ba680b70142419aa3220f228001a036d311a22ee9d2a,inventory_only,,,,False,,,NO
backend/uploads/kn7/rnd_samples/2baef28d09814e9e90d6271c118351a8.png,ebf4f635a17d10d6eb46ba680b70142419aa3220f228001a036d311a22ee9d2a,inventory_only,,,,False,,,NO
backend/uploads/kn7/rnd_samples/2bbdb0b902f24f07b0e6c60410d73067.png,ebf4f635a17d10d6eb46ba680b70142419aa3220f228001a036d311a22ee9d2a,inventory_only,,,,False,,,NO
backend/uploads/kn7/rnd_samples/2c572728e1eb4180a286035d14a461cd.png,ebf4f635a17d10d6eb46ba680b70142419aa3220f228001a036d311a22ee9d2a,inventory_only,,,,False,,,NO
backend/uploads/kn7/rnd_samples/2cbec18fe3464faf9a8c1588dca0cf48.png,ebf4f635a17d10d6eb46ba680b70142419aa3220f228001a036d311a22ee9d2a,inventory_only,,,,False,,,NO
backend/uploads/kn7/rnd_samples/2cd348cec1bf453d9108a5c406298748.png,ebf4f635a17d10d6eb46ba680b70142419aa3220f228001a036d311a22ee9d2a,inventory_only,,,,False,,,NO
backend/uploads/kn7/rnd_samples/2d112e63312343e695c5b7501244ee8d.png,ebf4f635a17d10d6eb46ba680b70142419aa3220f228001a036d311a22ee9d2a,inventory_only,,,,False,,,NO
backend/uploads/kn7/rnd_samples/2d28abd0a21044c4b2efc7dc460c25c8.png,ebf4f635a17d10d6eb46ba680b70142419aa3220f228001a036d311a22ee9d2a,inventory_only,,,,False,,,NO
backend/uploads/kn7/rnd_samples/2d82bf8c87b749a08f7a9dd8fb1d69c7.png,ebf4f635a17d10d6eb46ba680b70142419aa3220f228001a036d311a22ee9d2a,inventory_only,,,,False,,,NO
backend/uploads/kn7/rnd_samples/2d993df22e664e7287d9b336b106b8fc.png,ebf4f635a17d10d6eb46ba680b70142419aa3220f228001a036d311a22ee9d2a,inventory_only,,,,False,,,NO
backend/uploads/kn7/rnd_samples/2dc1a8717d1a44b7bbe8fb1c7d869f09.png,ebf4f635a17d10d6eb46ba680b70142419aa3220f228001a036d311a22ee9d2a,inventory_only,,,,False,,,NO
backend/uploads/kn7/rnd_samples/2dc8f63e08844371a034da577f6b30fa.png,ebf4f635a17d10d6eb46ba680b70142419aa3220f228001a036d311a22ee9d2a,inventory_only,,,,False,,,NO
backend/uploads/kn7/rnd_samples/2de13f9c7ad6410c837f5db1ccd04e41.png,ebf4f635a17d10d6eb46ba680b70142419aa3220f228001a036d311a22ee9d2a,inventory_only,,,,False,,,NO
backend/uploads/kn7/rnd_samples/2e391c4a9eb049ca88950bb64c41d4d5.png,ebf4f635a17d10d6eb46ba680b70142419aa3220f228001a036d311a22ee9d2a,inventory_only,,,,False,,,NO
backend/uploads/kn7/rnd_samples/2e518a2b9c254ad6972b06b613975f15.png,ebf4f635a17d10d6eb46ba680b70142419aa3220f228001a036d311a22ee9d2a,inventory_only,,,,False,,,NO
backend/uploads/kn7/rnd_samples/2e809f813fea49979ccc0eb3947e5887.png,ebf4f635a17d10d6eb46ba680b70142419aa3220f228001a036d311a22ee9d2a,inventory_only,,,,False,,,NO
backend/uploads/kn7/rnd_samples/2e9707159b784fe99b6fc48898014f18.png,ebf4f635a17d10d6eb46ba680b70142419aa3220f228001a036d311a22ee9d2a,inventory_only,,,,False,,,NO
backend/uploads/kn7/rnd_samples/2eb1ff8ed09246b7a1ac361b5eb3ef00.png,ebf4f635a17d10d6eb46ba680b70142419aa3220f228001a036d311a22ee9d2a,inventory_only,,,,False,,,NO
backend/uploads/kn7/rnd_samples/2eb4cb470b704eb1b80bc834e50293a4.png,ebf4f635a17d10d6eb46ba680b70142419aa3220f228001a036d311a22ee9d2a,inventory_only,,,,False,,,NO
backend/uploads/kn7/rnd_samples/2ec0c7d1ea7a454c82d3695a9fa3dd73.png,ebf4f635a17d10d6eb46ba680b70142419aa3220f228001a036d311a22ee9d2a,inventory_only,,,,False,,,NO
backend/uploads/kn7/rnd_samples/2efa49b613e14c5fa614e39bb531c5b7.png,ebf4f635a17d10d6eb46ba680b70142419aa3220f228001a036d311a22ee9d2a,inventory_only,,,,False,,,NO
backend/uploads/kn7/rnd_samples/2f1688f2464049ebab99a83952b2faba.png,ebf4f635a17d10d6eb46ba680b70142419aa3220f228001a036d311a22ee9d2a,inventory_only,,,,False,,,NO
backend/uploads/kn7/rnd_samples/2f9cd076f0a14a89bbd9628a07138ac3.png,ebf4f635a17d10d6eb46ba680b70142419aa3220f228001a036d311a22ee9d2a,inventory_only,,,,False,,,NO
backend/uploads/kn7/rnd_samples/3095ac5a60ad4632adbbd544b7043747.png,ebf4f635a17d10d6eb46ba680b70142419aa3220f228001a036d311a22ee9d2a,inventory_only,,,,False,,,NO
backend/uploads/kn7/rnd_samples/311c2f1457e14603bc8d2943447acc1f.png,ebf4f635a17d10d6eb46ba680b70142419aa3220f228001a036d311a22ee9d2a,inventory_only,,,,False,,,NO
backend/uploads/kn7/rnd_samples/31a469fc0e8d49829238b4ca1be597a5.png,cfe84775504b1ec482883c556b4572ddd11430766d35899a339ababfe2c283b9,inventory_only,,,,False,,,NO
backend/uploads/kn7/rnd_samples/31a6d00c51044363a842b834ca10b122.png,ebf4f635a17d10d6eb46ba680b70142419aa3220f228001a036d311a22ee9d2a,inventory_only,,,,False,,,NO
backend/uploads/kn7/rnd_samples/31c0a5fcbe464801b0b9508c21e2fc25.png,ebf4f635a17d10d6eb46ba680b70142419aa3220f228001a036d311a22ee9d2a,inventory_only,,,,False,,,NO
backend/uploads/kn7/rnd_samples/31f8cfcd668b4cdeac0f1dd1640ec425.png,ebf4f635a17d10d6eb46ba680b70142419aa3220f228001a036d311a22ee9d2a,inventory_only,,,,False,,,NO
backend/uploads/kn7/rnd_samples/3201c228f5c7400192a5e5a7c73718fb.png,ebf4f635a17d10d6eb46ba680b70142419aa3220f228001a036d311a22ee9d2a,inventory_only,,,,False,,,NO
backend/uploads/kn7/rnd_samples/3252b2eacc914cc7be90b3f014432401.png,ebf4f635a17d10d6eb46ba680b70142419aa3220f228001a036d311a22ee9d2a,inventory_only,,,,False,,,NO
backend/uploads/kn7/rnd_samples/325eb1c7243b47659e88924b0ad3fcfa.png,ebf4f635a17d10d6eb46ba680b70142419aa3220f228001a036d311a22ee9d2a,inventory_only,,,,False,,,NO
backend/uploads/kn7/rnd_samples/32bc108c40aa4ae1ba63bffcf52540c4.png,ebf4f635a17d10d6eb46ba680b70142419aa3220f228001a036d311a22ee9d2a,inventory_only,,,,False,,,NO
backend/uploads/kn7/rnd_samples/32c76cf9abb940a0906b4432bfa93b6e.png,ebf4f635a17d10d6eb46ba680b70142419aa3220f228001a036d311a22ee9d2a,inventory_only,,,,False,,,NO
backend/uploads/kn7/rnd_samples/331b03d7076a41aea26448f680b2e5bf.png,ebf4f635a17d10d6eb46ba680b70142419aa3220f228001a036d311a22ee9d2a,inventory_only,,,,False,,,NO
backend/uploads/kn7/rnd_samples/33298b53a45f4ab786bf2234632c0844.png,ebf4f635a17d10d6eb46ba680b70142419aa3220f228001a036d311a22ee9d2a,inventory_only,,,,False,,,NO
backend/uploads/kn7/rnd_samples/333406c78d2744fb8d373a0eccdfb428.png,ebf4f635a17d10d6eb46ba680b70142419aa3220f228001a036d311a22ee9d2a,inventory_only,,,,False,,,NO
backend/uploads/kn7/rnd_samples/3338c4aab9ff4b57b2ba3aa9b553b72e.png,ebf4f635a17d10d6eb46ba680b70142419aa3220f228001a036d311a22ee9d2a,inventory_only,,,,False,,,NO
backend/uploads/kn7/rnd_samples/340b0c5097a2449e88bd67528829199b.png,ebf4f635a17d10d6eb46ba680b70142419aa3220f228001a036d311a22ee9d2a,inventory_only,,,,False,,,NO
backend/uploads/kn7/rnd_samples/3451904f2939424c9b8c775b4ce54671.png,ebf4f635a17d10d6eb46ba680b70142419aa3220f228001a036d311a22ee9d2a,inventory_only,,,,False,,,NO
backend/uploads/kn7/rnd_samples/3484853a0c7f4852815c1dc9d5fffdde.png,ebf4f635a17d10d6eb46ba680b70142419aa3220f228001a036d311a22ee9d2a,inventory_only,,,,False,,,NO
backend/uploads/kn7/rnd_samples/34861a8a835d40ce8a97286cca999272.png,1b1aae7a4f03a6bdbe79272acf6b03dfe234729e442150a0f4dd58294d27df3a,inventory_only,,,,False,,,NO
backend/uploads/kn7/rnd_samples/34e38c090510475fb85af01e1f8c293c.png,ebf4f635a17d10d6eb46ba680b70142419aa3220f228001a036d311a22ee9d2a,inventory_only,,,,False,,,NO
backend/uploads/kn7/rnd_samples/3507ab51860f4c60b22de589db33a8ea.png,ebf4f635a17d10d6eb46ba680b70142419aa3220f228001a036d311a22ee9d2a,inventory_only,,,,False,,,NO
backend/uploads/kn7/rnd_samples/351c8c71530d412dae297dd64d112d86.png,ebf4f635a17d10d6eb46ba680b70142419aa3220f228001a036d311a22ee9d2a,inventory_only,,,,False,,,NO
backend/uploads/kn7/rnd_samples/35228c0ea4364df2ae41f46e5e254850.png,ebf4f635a17d10d6eb46ba680b70142419aa3220f228001a036d311a22ee9d2a,inventory_only,,,,False,,,NO
backend/uploads/kn7/rnd_samples/35424094de2b4306a0b2570cffdef9a3.png,ebf4f635a17d10d6eb46ba680b70142419aa3220f228001a036d311a22ee9d2a,inventory_only,,,,False,,,NO
backend/uploads/kn7/rnd_samples/356fb67a59104b2dbef2b019e5d848ae.png,ebf4f635a17d10d6eb46ba680b70142419aa3220f228001a036d311a22ee9d2a,inventory_only,,,,False,,,NO
backend/uploads/kn7/rnd_samples/35862c96ee49416cb8176dec889588b1.png,ebf4f635a17d10d6eb46ba680b70142419aa3220f228001a036d311a22ee9d2a,inventory_only,,,,False,,,NO
backend/uploads/kn7/rnd_samples/359e560a7b5e4868b10cae555911c27d.png,ebf4f635a17d10d6eb46ba680b70142419aa3220f228001a036d311a22ee9d2a,inventory_only,,,,False,,,NO
backend/uploads/kn7/rnd_samples/359ee70b063c4b00aa001e55834e52ef.png,ebf4f635a17d10d6eb46ba680b70142419aa3220f228001a036d311a22ee9d2a,inventory_only,,,,False,,,NO
backend/uploads/kn7/rnd_samples/35e0dc5b47144acd8ab30707e81e3032.png,ebf4f635a17d10d6eb46ba680b70142419aa3220f228001a036d311a22ee9d2a,inventory_only,,,,False,,,NO
backend/uploads/kn7/rnd_samples/361e54e56f9140e0ac127fc6079dd9a0.png,ebf4f635a17d10d6eb46ba680b70142419aa3220f228001a036d311a22ee9d2a,inventory_only,,,,False,,,NO
backend/uploads/kn7/rnd_samples/3620fde3235643bd9bd1ea011498ba71.png,1b1aae7a4f03a6bdbe79272acf6b03dfe234729e442150a0f4dd58294d27df3a,inventory_only,,,,False,,,NO
backend/uploads/kn7/rnd_samples/366f731e54da4887bdbfe5c443f1f319.png,ebf4f635a17d10d6eb46ba680b70142419aa3220f228001a036d311a22ee9d2a,inventory_only,,,,False,,,NO
backend/uploads/kn7/rnd_samples/367ccd5484654d3d8c89b8ea5251915f.png,ebf4f635a17d10d6eb46ba680b70142419aa3220f228001a036d311a22ee9d2a,inventory_only,,,,False,,,NO
backend/uploads/kn7/rnd_samples/36a385674039450aa765a7d402495fe4.png,ebf4f635a17d10d6eb46ba680b70142419aa3220f228001a036d311a22ee9d2a,inventory_only,,,,False,,,NO
backend/uploads/kn7/rnd_samples/36cf2fadfeb847299b75e6e1ccdde87b.png,ebf4f635a17d10d6eb46ba680b70142419aa3220f228001a036d311a22ee9d2a,inventory_only,,,,False,,,NO
backend/uploads/kn7/rnd_samples/36ee915110514b468d24f2685d364194.png,ebf4f635a17d10d6eb46ba680b70142419aa3220f228001a036d311a22ee9d2a,inventory_only,,,,False,,,NO
backend/uploads/kn7/rnd_samples/37b6c00b3b1a4e3488d6eb79a31ab9ce.png,ebf4f635a17d10d6eb46ba680b70142419aa3220f228001a036d311a22ee9d2a,inventory_only,,,,False,,,NO
backend/uploads/kn7/rnd_samples/37c5c1a2dca34ceeac3f8eae35f9ed9c.png,ebf4f635a17d10d6eb46ba680b70142419aa3220f228001a036d311a22ee9d2a,inventory_only,,,,False,,,NO
backend/uploads/kn7/rnd_samples/37fadcdbf30e49be838dff78402aed41.png,ebf4f635a17d10d6eb46ba680b70142419aa3220f228001a036d311a22ee9d2a,inventory_only,,,,False,,,NO
backend/uploads/kn7/rnd_samples/38651b30cfa34176b2bbe7a9d24f9e87.png,ebf4f635a17d10d6eb46ba680b70142419aa3220f228001a036d311a22ee9d2a,inventory_only,,,,False,,,NO
backend/uploads/kn7/rnd_samples/386d2e097af94da390a5ba5b323d84c9.png,ebf4f635a17d10d6eb46ba680b70142419aa3220f228001a036d311a22ee9d2a,inventory_only,,,,False,,,NO
backend/uploads/kn7/rnd_samples/3892523bbfd845dd8796c5c389eac0e5.png,ebf4f635a17d10d6eb46ba680b70142419aa3220f228001a036d311a22ee9d2a,inventory_only,,,,False,,,NO
backend/uploads/kn7/rnd_samples/389a49844e154750a674b8df02c88950.png,ebf4f635a17d10d6eb46ba680b70142419aa3220f228001a036d311a22ee9d2a,inventory_only,,,,False,,,NO
backend/uploads/kn7/rnd_samples/38dc64d7a7ee49259d23bbc2128cedc8.png,ebf4f635a17d10d6eb46ba680b70142419aa3220f228001a036d311a22ee9d2a,inventory_only,,,,False,,,NO
backend/uploads/kn7/rnd_samples/3910c201f0a54954923dc5dde8c8354a.png,ebf4f635a17d10d6eb46ba680b70142419aa3220f228001a036d311a22ee9d2a,inventory_only,,,,False,,,NO
backend/uploads/kn7/rnd_samples/392aa0a26ff54f11b8a2b6fff276a739.png,ebf4f635a17d10d6eb46ba680b70142419aa3220f228001a036d311a22ee9d2a,inventory_only,,,,False,,,NO
backend/uploads/kn7/rnd_samples/3990de63787f4a1c8977372cedcf54c1.png,ebf4f635a17d10d6eb46ba680b70142419aa3220f228001a036d311a22ee9d2a,inventory_only,,,,False,,,NO
backend/uploads/kn7/rnd_samples/39990cfd2ee241ec85958d5c8866911f.png,ebf4f635a17d10d6eb46ba680b70142419aa3220f228001a036d311a22ee9d2a,inventory_only,,,,False,,,NO
backend/uploads/kn7/rnd_samples/39994afff685445795d26c4de09ec55b.png,ebf4f635a17d10d6eb46ba680b70142419aa3220f228001a036d311a22ee9d2a,inventory_only,,,,False,,,NO
backend/uploads/kn7/rnd_samples/3a3ef64388a347e9a577cc92450e7f5a.png,ebf4f635a17d10d6eb46ba680b70142419aa3220f228001a036d311a22ee9d2a,inventory_only,,,,False,,,NO
backend/uploads/kn7/rnd_samples/3a5399bea6dc47d186b1e816bf4d7051.png,ebf4f635a17d10d6eb46ba680b70142419aa3220f228001a036d311a22ee9d2a,inventory_only,,,,False,,,NO
backend/uploads/kn7/rnd_samples/3ac6ca7429ad40c4bb06dd9539e55d9a.png,ebf4f635a17d10d6eb46ba680b70142419aa3220f228001a036d311a22ee9d2a,inventory_only,,,,False,,,NO
backend/uploads/kn7/rnd_samples/3ac84a50551a47bf9510caf7acc59509.png,ebf4f635a17d10d6eb46ba680b70142419aa3220f228001a036d311a22ee9d2a,inventory_only,,,,False,,,NO
backend/uploads/kn7/rnd_samples/3b07003037064c06b59773d55a9e0482.png,ebf4f635a17d10d6eb46ba680b70142419aa3220f228001a036d311a22ee9d2a,inventory_only,,,,False,,,NO
backend/uploads/kn7/rnd_samples/3b1266f2a331413bb40d3e89013b136b.png,ebf4f635a17d10d6eb46ba680b70142419aa3220f228001a036d311a22ee9d2a,inventory_only,,,,False,,,NO
backend/uploads/kn7/rnd_samples/3b144cd1f0b84f4985f42fcbb7e19c9f.png,ebf4f635a17d10d6eb46ba680b70142419aa3220f228001a036d311a22ee9d2a,inventory_only,,,,False,,,NO
backend/uploads/kn7/rnd_samples/3b3bee2831ba49c6a9fe08a6ac4a0251.png,ebf4f635a17d10d6eb46ba680b70142419aa3220f228001a036d311a22ee9d2a,inventory_only,,,,False,,,NO
backend/uploads/kn7/rnd_samples/3b3d1a74479847a7a97ab682320fa2dd.png,ebf4f635a17d10d6eb46ba680b70142419aa3220f228001a036d311a22ee9d2a,inventory_only,,,,False,,,NO
backend/uploads/kn7/rnd_samples/3b455889382745718ef2c51584ee2b91.png,ebf4f635a17d10d6eb46ba680b70142419aa3220f228001a036d311a22ee9d2a,inventory_only,,,,False,,,NO
backend/uploads/kn7/rnd_samples/3b45d2c9160e4f54a6cf76bf1b08517c.png,ebf4f635a17d10d6eb46ba680b70142419aa3220f228001a036d311a22ee9d2a,inventory_only,,,,False,,,NO
backend/uploads/kn7/rnd_samples/3b6734a26c604923a8d8eda17a6f6118.png,ebf4f635a17d10d6eb46ba680b70142419aa3220f228001a036d311a22ee9d2a,inventory_only,,,,False,,,NO
backend/uploads/kn7/rnd_samples/3b9a7be38cc34adaa9c503fd7c2681b3.png,ebf4f635a17d10d6eb46ba680b70142419aa3220f228001a036d311a22ee9d2a,inventory_only,,,,False,,,NO
backend/uploads/kn7/rnd_samples/3bc7872e095f415aadd2983558dd3a4e.png,ebf4f635a17d10d6eb46ba680b70142419aa3220f228001a036d311a22ee9d2a,inventory_only,,,,False,,,NO
backend/uploads/kn7/rnd_samples/3c1401803dc24d91b95efec5fa1dcb16.png,ebf4f635a17d10d6eb46ba680b70142419aa3220f228001a036d311a22ee9d2a,inventory_only,,,,False,,,NO
backend/uploads/kn7/rnd_samples/3c4d381acff14c8db7e76acc20355a17.png,ebf4f635a17d10d6eb46ba680b70142419aa3220f228001a036d311a22ee9d2a,inventory_only,,,,False,,,NO
backend/uploads/kn7/rnd_samples/3c8af1d8507944d5b3b616c3b589e552.png,ebf4f635a17d10d6eb46ba680b70142419aa3220f228001a036d311a22ee9d2a,inventory_only,,,,False,,,NO
backend/uploads/kn7/rnd_samples/3c9e28da88ae4134957bee6c6dc753ba.png,ebf4f635a17d10d6eb46ba680b70142419aa3220f228001a036d311a22ee9d2a,inventory_only,,,,False,,,NO
backend/uploads/kn7/rnd_samples/3ce88e20409f425a93a0b2b403170d8e.png,ebf4f635a17d10d6eb46ba680b70142419aa3220f228001a036d311a22ee9d2a,inventory_only,,,,False,,,NO
backend/uploads/kn7/rnd_samples/3cf8577573bd4bc08e0910b662ec29c7.png,ebf4f635a17d10d6eb46ba680b70142419aa3220f228001a036d311a22ee9d2a,inventory_only,,,,False,,,NO
backend/uploads/kn7/rnd_samples/3d74370e0e954502b900bc3138b5f5d2.png,ebf4f635a17d10d6eb46ba680b70142419aa3220f228001a036d311a22ee9d2a,inventory_only,,,,False,,,NO
backend/uploads/kn7/rnd_samples/3ddea37e3f8d47fca5ebef93cffbdc14.png,ebf4f635a17d10d6eb46ba680b70142419aa3220f228001a036d311a22ee9d2a,inventory_only,,,,False,,,NO
backend/uploads/kn7/rnd_samples/3e09416a40e649eb8b7bb64c055c496e.png,ebf4f635a17d10d6eb46ba680b70142419aa3220f228001a036d311a22ee9d2a,inventory_only,,,,False,,,NO
backend/uploads/kn7/rnd_samples/3e4e27062d65448795b9eb1e93d1dba7.png,ebf4f635a17d10d6eb46ba680b70142419aa3220f228001a036d311a22ee9d2a,inventory_only,,,,False,,,NO
backend/uploads/kn7/rnd_samples/3ea93df03ce14435806b54d7b43c72b7.png,ebf4f635a17d10d6eb46ba680b70142419aa3220f228001a036d311a22ee9d2a,inventory_only,,,,False,,,NO
backend/uploads/kn7/rnd_samples/3eb0a5cfd4794151b5f57a7bb71a4b25.png,ebf4f635a17d10d6eb46ba680b70142419aa3220f228001a036d311a22ee9d2a,inventory_only,,,,False,,,NO
backend/uploads/kn7/rnd_samples/3ef3e25dde174a1b92c06c14c57f1157.png,ebf4f635a17d10d6eb46ba680b70142419aa3220f228001a036d311a22ee9d2a,inventory_only,,,,False,,,NO
backend/uploads/kn7/rnd_samples/3f345120a37346a0aa6d773794ee51f5.png,ebf4f635a17d10d6eb46ba680b70142419aa3220f228001a036d311a22ee9d2a,inventory_only,,,,False,,,NO
backend/uploads/kn7/rnd_samples/3f92230dcde34c8191f4a020c85c253b.png,ebf4f635a17d10d6eb46ba680b70142419aa3220f228001a036d311a22ee9d2a,inventory_only,,,,False,,,NO
backend/uploads/kn7/rnd_samples/3f95681b78a34b698b657c40cc8d8340.png,ebf4f635a17d10d6eb46ba680b70142419aa3220f228001a036d311a22ee9d2a,inventory_only,,,,False,,,NO
backend/uploads/kn7/rnd_samples/3fbd61f7fa9b4466b8cbe42a3953a6b0.png,ebf4f635a17d10d6eb46ba680b70142419aa3220f228001a036d311a22ee9d2a,inventory_only,,,,False,,,NO
backend/uploads/kn7/rnd_samples/3fe9520ccb6a4210a3724d3ef9ab49e2.png,ebf4f635a17d10d6eb46ba680b70142419aa3220f228001a036d311a22ee9d2a,inventory_only,,,,False,,,NO
backend/uploads/kn7/rnd_samples/3ffe1d7428fe4ae1aff463ac32e1edbb.png,ebf4f635a17d10d6eb46ba680b70142419aa3220f228001a036d311a22ee9d2a,inventory_only,,,,False,,,NO
backend/uploads/kn7/rnd_samples/4002dfe605764e489857bcf92bb9c078.png,ebf4f635a17d10d6eb46ba680b70142419aa3220f228001a036d311a22ee9d2a,inventory_only,,,,False,,,NO
backend/uploads/kn7/rnd_samples/406ba1f2b87d4090a588410595c5796a.png,ebf4f635a17d10d6eb46ba680b70142419aa3220f228001a036d311a22ee9d2a,inventory_only,,,,False,,,NO
backend/uploads/kn7/rnd_samples/40ade0bf22504370921aac22fc81b675.png,ebf4f635a17d10d6eb46ba680b70142419aa3220f228001a036d311a22ee9d2a,inventory_only,,,,False,,,NO
backend/uploads/kn7/rnd_samples/40f1d4dc2045479b8123e03ac2b2bac5.png,ebf4f635a17d10d6eb46ba680b70142419aa3220f228001a036d311a22ee9d2a,inventory_only,,,,False,,,NO
backend/uploads/kn7/rnd_samples/413236d49f09451a92e299002bbb0756.png,ebf4f635a17d10d6eb46ba680b70142419aa3220f228001a036d311a22ee9d2a,inventory_only,,,,False,,,NO
backend/uploads/kn7/rnd_samples/418fa74bc0114509a997b57df87ac4e5.png,ebf4f635a17d10d6eb46ba680b70142419aa3220f228001a036d311a22ee9d2a,inventory_only,,,,False,,,NO
backend/uploads/kn7/rnd_samples/41af0b218e854e4c9403b1bc787d0fee.png,ebf4f635a17d10d6eb46ba680b70142419aa3220f228001a036d311a22ee9d2a,inventory_only,,,,False,,,NO
backend/uploads/kn7/rnd_samples/41eadaf4c0634783bc19defdfb80c916.png,ebf4f635a17d10d6eb46ba680b70142419aa3220f228001a036d311a22ee9d2a,inventory_only,,,,False,,,NO
backend/uploads/kn7/rnd_samples/41fdccb8d80641c09bc2d70a05c87be1.png,ebf4f635a17d10d6eb46ba680b70142419aa3220f228001a036d311a22ee9d2a,inventory_only,,,,False,,,NO
backend/uploads/kn7/rnd_samples/423db873558c48c9991110afbee5dfd1.png,ebf4f635a17d10d6eb46ba680b70142419aa3220f228001a036d311a22ee9d2a,inventory_only,,,,False,,,NO
backend/uploads/kn7/rnd_samples/428b424c996d483fba4558cbb868b222.png,ebf4f635a17d10d6eb46ba680b70142419aa3220f228001a036d311a22ee9d2a,inventory_only,,,,False,,,NO
backend/uploads/kn7/rnd_samples/42a365c67ef04258843c3c5d71a8b4b6.png,ebf4f635a17d10d6eb46ba680b70142419aa3220f228001a036d311a22ee9d2a,inventory_only,,,,False,,,NO
backend/uploads/kn7/rnd_samples/4307b62bdc6b4f31a296f539b000932c.png,ebf4f635a17d10d6eb46ba680b70142419aa3220f228001a036d311a22ee9d2a,inventory_only,,,,False,,,NO
backend/uploads/kn7/rnd_samples/43452273aa9445b1ab9c43172c551fdb.png,ebf4f635a17d10d6eb46ba680b70142419aa3220f228001a036d311a22ee9d2a,inventory_only,,,,False,,,NO
backend/uploads/kn7/rnd_samples/434b632ca09144a9988dbb6ed285db9b.png,ebf4f635a17d10d6eb46ba680b70142419aa3220f228001a036d311a22ee9d2a,inventory_only,,,,False,,,NO
backend/uploads/kn7/rnd_samples/436fd5a5d34843b2b4b15ef7fe02ba07.png,ebf4f635a17d10d6eb46ba680b70142419aa3220f228001a036d311a22ee9d2a,inventory_only,,,,False,,,NO
backend/uploads/kn7/rnd_samples/4375d9f4272c49ce829ef7308fd53c8b.png,ebf4f635a17d10d6eb46ba680b70142419aa3220f228001a036d311a22ee9d2a,inventory_only,,,,False,,,NO
backend/uploads/kn7/rnd_samples/445a6e2e8fa6435b8230e15b19fce8d2.png,ebf4f635a17d10d6eb46ba680b70142419aa3220f228001a036d311a22ee9d2a,inventory_only,,,,False,,,NO
backend/uploads/kn7/rnd_samples/449981b0cfe54ea382715cdb27070dbc.png,ebf4f635a17d10d6eb46ba680b70142419aa3220f228001a036d311a22ee9d2a,inventory_only,,,,False,,,NO
backend/uploads/kn7/rnd_samples/44b20c1bf0524fe8b79307cf777031f1.png,ebf4f635a17d10d6eb46ba680b70142419aa3220f228001a036d311a22ee9d2a,inventory_only,,,,False,,,NO
backend/uploads/kn7/rnd_samples/44c60dded0684d97b4027721fc289883.png,ebf4f635a17d10d6eb46ba680b70142419aa3220f228001a036d311a22ee9d2a,inventory_only,,,,False,,,NO
backend/uploads/kn7/rnd_samples/44e0d61dcfa146559d0e006f2b52e963.png,ebf4f635a17d10d6eb46ba680b70142419aa3220f228001a036d311a22ee9d2a,inventory_only,,,,False,,,NO
backend/uploads/kn7/rnd_samples/450609b9417c4f57af6b2f05c964a7a1.png,ebf4f635a17d10d6eb46ba680b70142419aa3220f228001a036d311a22ee9d2a,inventory_only,,,,False,,,NO
backend/uploads/kn7/rnd_samples/4532390efa5a4a9e87b48adadc7ceb63.png,ebf4f635a17d10d6eb46ba680b70142419aa3220f228001a036d311a22ee9d2a,inventory_only,,,,False,,,NO
backend/uploads/kn7/rnd_samples/453555fcf3cd4cbe86e9c9d606698e47.png,ebf4f635a17d10d6eb46ba680b70142419aa3220f228001a036d311a22ee9d2a,inventory_only,,,,False,,,NO
backend/uploads/kn7/rnd_samples/4535c7d55b9f4aa88ce2037dc7b103ae.png,ebf4f635a17d10d6eb46ba680b70142419aa3220f228001a036d311a22ee9d2a,inventory_only,,,,False,,,NO
backend/uploads/kn7/rnd_samples/4549d3a70840437685ef015307fceb31.png,ebf4f635a17d10d6eb46ba680b70142419aa3220f228001a036d311a22ee9d2a,inventory_only,,,,False,,,NO
backend/uploads/kn7/rnd_samples/4559f146b81d4fa68e6b39d18b49ff10.png,ebf4f635a17d10d6eb46ba680b70142419aa3220f228001a036d311a22ee9d2a,inventory_only,,,,False,,,NO
backend/uploads/kn7/rnd_samples/45926accc361432d808e69e5912db01d.png,ebf4f635a17d10d6eb46ba680b70142419aa3220f228001a036d311a22ee9d2a,inventory_only,,,,False,,,NO
backend/uploads/kn7/rnd_samples/45ba41b4d50b42baa21404979ab3dd10.png,ebf4f635a17d10d6eb46ba680b70142419aa3220f228001a036d311a22ee9d2a,inventory_only,,,,False,,,NO
backend/uploads/kn7/rnd_samples/464074f8a2fc45afa738696dfac2e812.png,ebf4f635a17d10d6eb46ba680b70142419aa3220f228001a036d311a22ee9d2a,inventory_only,,,,False,,,NO
backend/uploads/kn7/rnd_samples/466fcad7dd7d475c9fae45475185a694.png,ebf4f635a17d10d6eb46ba680b70142419aa3220f228001a036d311a22ee9d2a,inventory_only,,,,False,,,NO
backend/uploads/kn7/rnd_samples/468d401b29bb4b658776d045b23908d9.png,ebf4f635a17d10d6eb46ba680b70142419aa3220f228001a036d311a22ee9d2a,inventory_only,,,,False,,,NO
backend/uploads/kn7/rnd_samples/471a84ba1b6341ea88891dd379d3cdc0.png,ebf4f635a17d10d6eb46ba680b70142419aa3220f228001a036d311a22ee9d2a,inventory_only,,,,False,,,NO
backend/uploads/kn7/rnd_samples/472a76b3d4954dd89962c1e2153cf4ed.png,ebf4f635a17d10d6eb46ba680b70142419aa3220f228001a036d311a22ee9d2a,inventory_only,,,,False,,,NO
backend/uploads/kn7/rnd_samples/4734d7e242de45b581c7c009c07fc1e3.png,ebf4f635a17d10d6eb46ba680b70142419aa3220f228001a036d311a22ee9d2a,inventory_only,,,,False,,,NO
backend/uploads/kn7/rnd_samples/4876e97312f3496cbe20efbc9a6896a2.png,ebf4f635a17d10d6eb46ba680b70142419aa3220f228001a036d311a22ee9d2a,inventory_only,,,,False,,,NO
backend/uploads/kn7/rnd_samples/487dc8fd1df549a3a8ea15427350ccb2.png,ebf4f635a17d10d6eb46ba680b70142419aa3220f228001a036d311a22ee9d2a,inventory_only,,,,False,,,NO
backend/uploads/kn7/rnd_samples/48c23dfe08814c37b30620226e3d3761.png,ebf4f635a17d10d6eb46ba680b70142419aa3220f228001a036d311a22ee9d2a,inventory_only,,,,False,,,NO
backend/uploads/kn7/rnd_samples/48c5c4bf30be49ce8f3b4590384e283b.png,ebf4f635a17d10d6eb46ba680b70142419aa3220f228001a036d311a22ee9d2a,inventory_only,,,,False,,,NO
backend/uploads/kn7/rnd_samples/492d5de26982437b8894cba35d7fc58c.png,ebf4f635a17d10d6eb46ba680b70142419aa3220f228001a036d311a22ee9d2a,inventory_only,,,,False,,,NO
backend/uploads/kn7/rnd_samples/49430763dac8422389ddd1520c8c232e.png,ebf4f635a17d10d6eb46ba680b70142419aa3220f228001a036d311a22ee9d2a,inventory_only,,,,False,,,NO
backend/uploads/kn7/rnd_samples/495d3d1d099f46f9b7c635a1e5f6c3ab.png,ebf4f635a17d10d6eb46ba680b70142419aa3220f228001a036d311a22ee9d2a,inventory_only,,,,False,,,NO
backend/uploads/kn7/rnd_samples/49821157110540a0bd27794ee69290d0.png,ebf4f635a17d10d6eb46ba680b70142419aa3220f228001a036d311a22ee9d2a,inventory_only,,,,False,,,NO
backend/uploads/kn7/rnd_samples/4984cc4d08334d468ba044c519a2d7ec.png,ebf4f635a17d10d6eb46ba680b70142419aa3220f228001a036d311a22ee9d2a,inventory_only,,,,False,,,NO
backend/uploads/kn7/rnd_samples/4986a2bbc6e74ed295d761f7f43f403c.png,ebf4f635a17d10d6eb46ba680b70142419aa3220f228001a036d311a22ee9d2a,inventory_only,,,,False,,,NO
backend/uploads/kn7/rnd_samples/49958cb41d9a4ece88a8bd5b6cece652.png,ebf4f635a17d10d6eb46ba680b70142419aa3220f228001a036d311a22ee9d2a,inventory_only,,,,False,,,NO
backend/uploads/kn7/rnd_samples/49ae4f6c2b5e44f0a6dc5d5979c04147.png,ebf4f635a17d10d6eb46ba680b70142419aa3220f228001a036d311a22ee9d2a,inventory_only,,,,False,,,NO
backend/uploads/kn7/rnd_samples/49d907890d4545eead316d62a020a527.png,ebf4f635a17d10d6eb46ba680b70142419aa3220f228001a036d311a22ee9d2a,inventory_only,,,,False,,,NO
backend/uploads/kn7/rnd_samples/49fbb0d17cf74008b9c7ec5544cc845c.png,cfe84775504b1ec482883c556b4572ddd11430766d35899a339ababfe2c283b9,inventory_only,,,,False,,,NO
backend/uploads/kn7/rnd_samples/4a0158ab7ae34bac8ea9c6742bc36b0d.png,ebf4f635a17d10d6eb46ba680b70142419aa3220f228001a036d311a22ee9d2a,inventory_only,,,,False,,,NO
backend/uploads/kn7/rnd_samples/4a0a844e25d547e997f91b83f63f8606.png,ebf4f635a17d10d6eb46ba680b70142419aa3220f228001a036d311a22ee9d2a,inventory_only,,,,False,,,NO
backend/uploads/kn7/rnd_samples/4a119ec6791b42a595f006f203ecbb28.png,ebf4f635a17d10d6eb46ba680b70142419aa3220f228001a036d311a22ee9d2a,inventory_only,,,,False,,,NO
backend/uploads/kn7/rnd_samples/4a1983e7e7a841b1a43f0fba0484c35e.png,ebf4f635a17d10d6eb46ba680b70142419aa3220f228001a036d311a22ee9d2a,inventory_only,,,,False,,,NO
backend/uploads/kn7/rnd_samples/4a2b49555de04f74bfbebf61a31056c8.png,ebf4f635a17d10d6eb46ba680b70142419aa3220f228001a036d311a22ee9d2a,inventory_only,,,,False,,,NO
backend/uploads/kn7/rnd_samples/4a37848bb58d4b3ba76bdae7bbd28b38.png,ebf4f635a17d10d6eb46ba680b70142419aa3220f228001a036d311a22ee9d2a,inventory_only,,,,False,,,NO
backend/uploads/kn7/rnd_samples/4a55df4537b14e9fae82ac46232f7589.png,ebf4f635a17d10d6eb46ba680b70142419aa3220f228001a036d311a22ee9d2a,inventory_only,,,,False,,,NO
backend/uploads/kn7/rnd_samples/4a931f030b30481ab47313401e6e90f7.png,ebf4f635a17d10d6eb46ba680b70142419aa3220f228001a036d311a22ee9d2a,inventory_only,,,,False,,,NO
backend/uploads/kn7/rnd_samples/4a9d87f230a047dc8bf5a60681b98170.png,ebf4f635a17d10d6eb46ba680b70142419aa3220f228001a036d311a22ee9d2a,inventory_only,,,,False,,,NO
backend/uploads/kn7/rnd_samples/4b470f89ebd34a8f922deb5ffdd09e3e.png,ebf4f635a17d10d6eb46ba680b70142419aa3220f228001a036d311a22ee9d2a,inventory_only,,,,False,,,NO
backend/uploads/kn7/rnd_samples/4b47e5c90ec947129b55fdd2570a8f56.png,ebf4f635a17d10d6eb46ba680b70142419aa3220f228001a036d311a22ee9d2a,inventory_only,,,,False,,,NO
backend/uploads/kn7/rnd_samples/4b654810209547719b76fa0a8872fed7.png,ebf4f635a17d10d6eb46ba680b70142419aa3220f228001a036d311a22ee9d2a,inventory_only,,,,False,,,NO
backend/uploads/kn7/rnd_samples/4b82d015c02b494c934267760fca92c8.png,ebf4f635a17d10d6eb46ba680b70142419aa3220f228001a036d311a22ee9d2a,inventory_only,,,,False,,,NO
backend/uploads/kn7/rnd_samples/4bceed1029d64df1ae49617ac1cc2b8d.png,ebf4f635a17d10d6eb46ba680b70142419aa3220f228001a036d311a22ee9d2a,inventory_only,,,,False,,,NO
backend/uploads/kn7/rnd_samples/4c6bcb6275184c69964c69682eec7dde.png,ebf4f635a17d10d6eb46ba680b70142419aa3220f228001a036d311a22ee9d2a,inventory_only,,,,False,,,NO
backend/uploads/kn7/rnd_samples/4c8ca57fedf54477a4125c344ffe8f1b.png,ebf4f635a17d10d6eb46ba680b70142419aa3220f228001a036d311a22ee9d2a,inventory_only,,,,False,,,NO
backend/uploads/kn7/rnd_samples/4cbec46b5fa64f9a9a06c25f446b1a4b.png,ebf4f635a17d10d6eb46ba680b70142419aa3220f228001a036d311a22ee9d2a,inventory_only,,,,False,,,NO
backend/uploads/kn7/rnd_samples/4ced226742104a1a86af1ead863be1e3.png,ebf4f635a17d10d6eb46ba680b70142419aa3220f228001a036d311a22ee9d2a,inventory_only,,,,False,,,NO
backend/uploads/kn7/rnd_samples/4cf2955f435941f68c4a2b4a5ff5bdab.png,ebf4f635a17d10d6eb46ba680b70142419aa3220f228001a036d311a22ee9d2a,inventory_only,,,,False,,,NO
backend/uploads/kn7/rnd_samples/4d5322a015a2444cbc85a86b4a223cd7.png,ebf4f635a17d10d6eb46ba680b70142419aa3220f228001a036d311a22ee9d2a,inventory_only,,,,False,,,NO
backend/uploads/kn7/rnd_samples/4d5c38fe6f934b2db7eaa14f382c5695.png,ebf4f635a17d10d6eb46ba680b70142419aa3220f228001a036d311a22ee9d2a,inventory_only,,,,False,,,NO
backend/uploads/kn7/rnd_samples/4d6f5a0fd55844f5b9a8d3f653f9db23.png,ebf4f635a17d10d6eb46ba680b70142419aa3220f228001a036d311a22ee9d2a,inventory_only,,,,False,,,NO
backend/uploads/kn7/rnd_samples/4da45f27115c415aa9faaf3ed001df28.png,ebf4f635a17d10d6eb46ba680b70142419aa3220f228001a036d311a22ee9d2a,inventory_only,,,,False,,,NO
backend/uploads/kn7/rnd_samples/4ddd9a6f66c94ca590ddcec1d9b6089a.png,ebf4f635a17d10d6eb46ba680b70142419aa3220f228001a036d311a22ee9d2a,inventory_only,,,,False,,,NO
backend/uploads/kn7/rnd_samples/4e1e9ca8fafd443a9be8a0d1d54258b0.png,ebf4f635a17d10d6eb46ba680b70142419aa3220f228001a036d311a22ee9d2a,inventory_only,,,,False,,,NO
backend/uploads/kn7/rnd_samples/4e8c2430bd514ac881bdefb7a215d362.png,ebf4f635a17d10d6eb46ba680b70142419aa3220f228001a036d311a22ee9d2a,inventory_only,,,,False,,,NO
backend/uploads/kn7/rnd_samples/4e91189a156e4415a6a5ffd46e0c97ec.png,ebf4f635a17d10d6eb46ba680b70142419aa3220f228001a036d311a22ee9d2a,inventory_only,,,,False,,,NO
backend/uploads/kn7/rnd_samples/4ea0faf577574cd6ad9b4e9be5f22862.png,ebf4f635a17d10d6eb46ba680b70142419aa3220f228001a036d311a22ee9d2a,inventory_only,,,,False,,,NO
backend/uploads/kn7/rnd_samples/4ea26ff1c7e4438d9b372e4556184d63.png,ebf4f635a17d10d6eb46ba680b70142419aa3220f228001a036d311a22ee9d2a,inventory_only,,,,False,,,NO
backend/uploads/kn7/rnd_samples/4eac6e20c2ba45f7beeb7e0106a27089.png,ebf4f635a17d10d6eb46ba680b70142419aa3220f228001a036d311a22ee9d2a,inventory_only,,,,False,,,NO
backend/uploads/kn7/rnd_samples/4ec58f6d5be14a09a79c752e30243d4c.png,ebf4f635a17d10d6eb46ba680b70142419aa3220f228001a036d311a22ee9d2a,inventory_only,,,,False,,,NO
backend/uploads/kn7/rnd_samples/4ed0eec903734454a544193c04e0125d.png,ebf4f635a17d10d6eb46ba680b70142419aa3220f228001a036d311a22ee9d2a,inventory_only,,,,False,,,NO
backend/uploads/kn7/rnd_samples/4eeeb529f07b4a1ebb95b09473b8ad7e.png,ebf4f635a17d10d6eb46ba680b70142419aa3220f228001a036d311a22ee9d2a,inventory_only,,,,False,,,NO
backend/uploads/kn7/rnd_samples/4f2ba38adf0c40d2ae24d5f88889f9a7.png,ebf4f635a17d10d6eb46ba680b70142419aa3220f228001a036d311a22ee9d2a,inventory_only,,,,False,,,NO
backend/uploads/kn7/rnd_samples/4faab547e5ed4f85a71b1be882a63c81.png,ebf4f635a17d10d6eb46ba680b70142419aa3220f228001a036d311a22ee9d2a,inventory_only,,,,False,,,NO
backend/uploads/kn7/rnd_samples/4fb92b6240f9457eaca88d0cbf6a588d.png,ebf4f635a17d10d6eb46ba680b70142419aa3220f228001a036d311a22ee9d2a,inventory_only,,,,False,,,NO
backend/uploads/kn7/rnd_samples/4fe5236212614ff3bb08f679ae5cc8e4.png,ebf4f635a17d10d6eb46ba680b70142419aa3220f228001a036d311a22ee9d2a,inventory_only,,,,False,,,NO
backend/uploads/kn7/rnd_samples/502b721d4446412a8521b8ecec8be463.png,ebf4f635a17d10d6eb46ba680b70142419aa3220f228001a036d311a22ee9d2a,inventory_only,,,,False,,,NO
backend/uploads/kn7/rnd_samples/503c3a53f37a42108e327ea9ba48a4a2.png,ebf4f635a17d10d6eb46ba680b70142419aa3220f228001a036d311a22ee9d2a,inventory_only,,,,False,,,NO
backend/uploads/kn7/rnd_samples/503d2fb14a3d4bb795f33a2303ef74f3.png,ebf4f635a17d10d6eb46ba680b70142419aa3220f228001a036d311a22ee9d2a,inventory_only,,,,False,,,NO
backend/uploads/kn7/rnd_samples/50542eabff76428fbec010ca62d75bcf.png,ebf4f635a17d10d6eb46ba680b70142419aa3220f228001a036d311a22ee9d2a,inventory_only,,,,False,,,NO
backend/uploads/kn7/rnd_samples/50729156adb14bd8b62cf182123b2573.png,ebf4f635a17d10d6eb46ba680b70142419aa3220f228001a036d311a22ee9d2a,inventory_only,,,,False,,,NO
backend/uploads/kn7/rnd_samples/507575e8ae6a40c6a0ced98470c52880.png,ebf4f635a17d10d6eb46ba680b70142419aa3220f228001a036d311a22ee9d2a,inventory_only,,,,False,,,NO
backend/uploads/kn7/rnd_samples/507bcc297e9b4513ac8b8f776e178a7c.png,ebf4f635a17d10d6eb46ba680b70142419aa3220f228001a036d311a22ee9d2a,inventory_only,,,,False,,,NO
backend/uploads/kn7/rnd_samples/5086c07e99ea449898ee82e150cfea66.png,ebf4f635a17d10d6eb46ba680b70142419aa3220f228001a036d311a22ee9d2a,inventory_only,,,,False,,,NO
backend/uploads/kn7/rnd_samples/508be2b4dfa74fd8986e23823875512d.png,ebf4f635a17d10d6eb46ba680b70142419aa3220f228001a036d311a22ee9d2a,inventory_only,,,,False,,,NO
backend/uploads/kn7/rnd_samples/50a09d5080e04e4b8efc17d8cd75b84e.png,ebf4f635a17d10d6eb46ba680b70142419aa3220f228001a036d311a22ee9d2a,inventory_only,,,,False,,,NO
backend/uploads/kn7/rnd_samples/50aefa093c0447ada8ceca90bd324e99.png,ebf4f635a17d10d6eb46ba680b70142419aa3220f228001a036d311a22ee9d2a,inventory_only,,,,False,,,NO
backend/uploads/kn7/rnd_samples/50c3da6469cc4198bc5111c586d1f6ad.png,ebf4f635a17d10d6eb46ba680b70142419aa3220f228001a036d311a22ee9d2a,inventory_only,,,,False,,,NO
backend/uploads/kn7/rnd_samples/50d79814328046c785bd6a4774650e2c.png,ebf4f635a17d10d6eb46ba680b70142419aa3220f228001a036d311a22ee9d2a,inventory_only,,,,False,,,NO
backend/uploads/kn7/rnd_samples/5103142012e340cdace639d791c17512.png,ebf4f635a17d10d6eb46ba680b70142419aa3220f228001a036d311a22ee9d2a,inventory_only,,,,False,,,NO
backend/uploads/kn7/rnd_samples/514e57868e524580be9027c21663f616.png,ebf4f635a17d10d6eb46ba680b70142419aa3220f228001a036d311a22ee9d2a,inventory_only,,,,False,,,NO
backend/uploads/kn7/rnd_samples/51571ae66a7940898394ca9ea72ed9fe.png,ebf4f635a17d10d6eb46ba680b70142419aa3220f228001a036d311a22ee9d2a,inventory_only,,,,False,,,NO
backend/uploads/kn7/rnd_samples/515d464c1a9446259a524172934d2116.png,ebf4f635a17d10d6eb46ba680b70142419aa3220f228001a036d311a22ee9d2a,inventory_only,,,,False,,,NO
backend/uploads/kn7/rnd_samples/5181af84aa5c453cb440b315e055995a.png,ebf4f635a17d10d6eb46ba680b70142419aa3220f228001a036d311a22ee9d2a,inventory_only,,,,False,,,NO
backend/uploads/kn7/rnd_samples/5182b1af3fdf4d31b69c5a314d672023.png,ebf4f635a17d10d6eb46ba680b70142419aa3220f228001a036d311a22ee9d2a,inventory_only,,,,False,,,NO
backend/uploads/kn7/rnd_samples/518386de0a4a47e4a8350cd41b9703b0.png,ebf4f635a17d10d6eb46ba680b70142419aa3220f228001a036d311a22ee9d2a,inventory_only,,,,False,,,NO
backend/uploads/kn7/rnd_samples/51f6491fe36a4798b147c6a6d94e4a63.png,ebf4f635a17d10d6eb46ba680b70142419aa3220f228001a036d311a22ee9d2a,inventory_only,,,,False,,,NO
backend/uploads/kn7/rnd_samples/51f70ade5d9a410ca518da5280d0fe27.png,ebf4f635a17d10d6eb46ba680b70142419aa3220f228001a036d311a22ee9d2a,inventory_only,,,,False,,,NO
backend/uploads/kn7/rnd_samples/520d261dfd6541e18d80a4f6a24e5378.png,ebf4f635a17d10d6eb46ba680b70142419aa3220f228001a036d311a22ee9d2a,inventory_only,,,,False,,,NO
backend/uploads/kn7/rnd_samples/524be9e3f45741f2b6844cf4196fe6e4.png,ebf4f635a17d10d6eb46ba680b70142419aa3220f228001a036d311a22ee9d2a,inventory_only,,,,False,,,NO
backend/uploads/kn7/rnd_samples/526cb3707e714ece9a1147e34faa466c.png,ebf4f635a17d10d6eb46ba680b70142419aa3220f228001a036d311a22ee9d2a,inventory_only,,,,False,,,NO
backend/uploads/kn7/rnd_samples/52fa1aa274e44d6c992f3d81ccf2177f.png,ebf4f635a17d10d6eb46ba680b70142419aa3220f228001a036d311a22ee9d2a,inventory_only,,,,False,,,NO
backend/uploads/kn7/rnd_samples/530e347c7d6d4757a3a260cde446b3ea.png,ebf4f635a17d10d6eb46ba680b70142419aa3220f228001a036d311a22ee9d2a,inventory_only,,,,False,,,NO
backend/uploads/kn7/rnd_samples/532849addd284d00ad85c972ccb130be.png,ebf4f635a17d10d6eb46ba680b70142419aa3220f228001a036d311a22ee9d2a,inventory_only,,,,False,,,NO
backend/uploads/kn7/rnd_samples/536768252b0f4f71b18472b46af03326.png,ebf4f635a17d10d6eb46ba680b70142419aa3220f228001a036d311a22ee9d2a,inventory_only,,,,False,,,NO
backend/uploads/kn7/rnd_samples/5389bebdd591472fb28c9f9a09ce61f5.png,ebf4f635a17d10d6eb46ba680b70142419aa3220f228001a036d311a22ee9d2a,inventory_only,,,,False,,,NO
backend/uploads/kn7/rnd_samples/53a7a1e8891a4095a2dac8f3b0a4f033.png,ebf4f635a17d10d6eb46ba680b70142419aa3220f228001a036d311a22ee9d2a,inventory_only,,,,False,,,NO
backend/uploads/kn7/rnd_samples/53e5c89d59a9426280e7fbb79b17a233.png,ebf4f635a17d10d6eb46ba680b70142419aa3220f228001a036d311a22ee9d2a,inventory_only,,,,False,,,NO
backend/uploads/kn7/rnd_samples/53ef245029604476b46293d5fec7f9dd.png,ebf4f635a17d10d6eb46ba680b70142419aa3220f228001a036d311a22ee9d2a,inventory_only,,,,False,,,NO
backend/uploads/kn7/rnd_samples/53f4508ab24f475380bcc8cb4a337fdf.png,ebf4f635a17d10d6eb46ba680b70142419aa3220f228001a036d311a22ee9d2a,inventory_only,,,,False,,,NO
backend/uploads/kn7/rnd_samples/53f489da1554468f951016509a1777f7.png,ebf4f635a17d10d6eb46ba680b70142419aa3220f228001a036d311a22ee9d2a,inventory_only,,,,False,,,NO
backend/uploads/kn7/rnd_samples/53f53e0827a94cd1b881a98c6007e6a1.png,ebf4f635a17d10d6eb46ba680b70142419aa3220f228001a036d311a22ee9d2a,inventory_only,,,,False,,,NO
backend/uploads/kn7/rnd_samples/5420391f740e4e5e9bb154bc372d4b73.png,ebf4f635a17d10d6eb46ba680b70142419aa3220f228001a036d311a22ee9d2a,inventory_only,,,,False,,,NO
backend/uploads/kn7/rnd_samples/543bc8bb0a4f4a96ab590e4d76bfc27d.png,ebf4f635a17d10d6eb46ba680b70142419aa3220f228001a036d311a22ee9d2a,inventory_only,,,,False,,,NO
backend/uploads/kn7/rnd_samples/54483a9cb9e24efd9a3e44528ab17097.png,ebf4f635a17d10d6eb46ba680b70142419aa3220f228001a036d311a22ee9d2a,inventory_only,,,,False,,,NO
backend/uploads/kn7/rnd_samples/545a38e9383a49ddb431ff1b5ea4fa3f.png,cfe84775504b1ec482883c556b4572ddd11430766d35899a339ababfe2c283b9,inventory_only,,,,False,,,NO
backend/uploads/kn7/rnd_samples/54b19694c6484fe6a7ccf9a3198616d3.png,ebf4f635a17d10d6eb46ba680b70142419aa3220f228001a036d311a22ee9d2a,inventory_only,,,,False,,,NO
backend/uploads/kn7/rnd_samples/54d2805523d542bb903c2b4d74b22b7f.png,ebf4f635a17d10d6eb46ba680b70142419aa3220f228001a036d311a22ee9d2a,inventory_only,,,,False,,,NO
backend/uploads/kn7/rnd_samples/5535a7aff85b442dbe555997dba80e7a.png,ebf4f635a17d10d6eb46ba680b70142419aa3220f228001a036d311a22ee9d2a,inventory_only,,,,False,,,NO
backend/uploads/kn7/rnd_samples/5563580eb78a431ca27e8fbfb02269e1.png,ebf4f635a17d10d6eb46ba680b70142419aa3220f228001a036d311a22ee9d2a,inventory_only,,,,False,,,NO
backend/uploads/kn7/rnd_samples/55639be5463f47b6be0b5e00cc7dd4c9.png,ebf4f635a17d10d6eb46ba680b70142419aa3220f228001a036d311a22ee9d2a,inventory_only,,,,False,,,NO
backend/uploads/kn7/rnd_samples/5582a43742384d95bfa84e3bc7f94299.png,ebf4f635a17d10d6eb46ba680b70142419aa3220f228001a036d311a22ee9d2a,inventory_only,,,,False,,,NO
backend/uploads/kn7/rnd_samples/55ad86ddf85e409ba1867da6d618408e.png,ebf4f635a17d10d6eb46ba680b70142419aa3220f228001a036d311a22ee9d2a,inventory_only,,,,False,,,NO
backend/uploads/kn7/rnd_samples/55af2df9ba9f43b69b5f0d0dc8e7456c.png,ebf4f635a17d10d6eb46ba680b70142419aa3220f228001a036d311a22ee9d2a,inventory_only,,,,False,,,NO
backend/uploads/kn7/rnd_samples/55b189393a654c8a877a6fdb0b8ec6bb.png,ebf4f635a17d10d6eb46ba680b70142419aa3220f228001a036d311a22ee9d2a,inventory_only,,,,False,,,NO
backend/uploads/kn7/rnd_samples/55d2aab0f8cc4e39b2b4757f8969a930.png,ebf4f635a17d10d6eb46ba680b70142419aa3220f228001a036d311a22ee9d2a,inventory_only,,,,False,,,NO
backend/uploads/kn7/rnd_samples/55e35e5c7eb34280a4e21b1007f622f4.png,ebf4f635a17d10d6eb46ba680b70142419aa3220f228001a036d311a22ee9d2a,inventory_only,,,,False,,,NO
backend/uploads/kn7/rnd_samples/55f381ea9fd74af89e969b9cebcd2f52.png,ebf4f635a17d10d6eb46ba680b70142419aa3220f228001a036d311a22ee9d2a,inventory_only,,,,False,,,NO
backend/uploads/kn7/rnd_samples/5618351c13a847cf86480e0c9cbab86f.png,ebf4f635a17d10d6eb46ba680b70142419aa3220f228001a036d311a22ee9d2a,inventory_only,,,,False,,,NO
backend/uploads/kn7/rnd_samples/5694b8f332304bf1872bab4ada1ebf5a.png,ebf4f635a17d10d6eb46ba680b70142419aa3220f228001a036d311a22ee9d2a,inventory_only,,,,False,,,NO
backend/uploads/kn7/rnd_samples/56c900dd6634418e8a5a1d24658e9cd4.png,ebf4f635a17d10d6eb46ba680b70142419aa3220f228001a036d311a22ee9d2a,inventory_only,,,,False,,,NO
backend/uploads/kn7/rnd_samples/56daa5c574584587a1820a1bcd0da303.png,ebf4f635a17d10d6eb46ba680b70142419aa3220f228001a036d311a22ee9d2a,inventory_only,,,,False,,,NO
backend/uploads/kn7/rnd_samples/56e50ac988fa4a48ad0db48f46f16354.png,ebf4f635a17d10d6eb46ba680b70142419aa3220f228001a036d311a22ee9d2a,inventory_only,,,,False,,,NO
backend/uploads/kn7/rnd_samples/56e9435de9aa4ee2b2deff0d6d1a1f6e.png,ebf4f635a17d10d6eb46ba680b70142419aa3220f228001a036d311a22ee9d2a,inventory_only,,,,False,,,NO
backend/uploads/kn7/rnd_samples/570a526c7b8749da874f82d824e347a0.png,ebf4f635a17d10d6eb46ba680b70142419aa3220f228001a036d311a22ee9d2a,inventory_only,,,,False,,,NO
backend/uploads/kn7/rnd_samples/57239a03b6674783b0a334df0f70bbba.png,ebf4f635a17d10d6eb46ba680b70142419aa3220f228001a036d311a22ee9d2a,inventory_only,,,,False,,,NO
backend/uploads/kn7/rnd_samples/57284b553122463ab9ac110944624d8c.png,ebf4f635a17d10d6eb46ba680b70142419aa3220f228001a036d311a22ee9d2a,inventory_only,,,,False,,,NO
backend/uploads/kn7/rnd_samples/5771917011c1441db60b75c41173b9cc.png,ebf4f635a17d10d6eb46ba680b70142419aa3220f228001a036d311a22ee9d2a,inventory_only,,,,False,,,NO
backend/uploads/kn7/rnd_samples/5781ecd12c0d4803b9ba36bcb6db2a5b.png,ebf4f635a17d10d6eb46ba680b70142419aa3220f228001a036d311a22ee9d2a,inventory_only,,,,False,,,NO
backend/uploads/kn7/rnd_samples/57971b315dee4a6e8863439a3676b8df.png,ebf4f635a17d10d6eb46ba680b70142419aa3220f228001a036d311a22ee9d2a,inventory_only,,,,False,,,NO
backend/uploads/kn7/rnd_samples/57e2f123425243b98c8936621328b380.png,ebf4f635a17d10d6eb46ba680b70142419aa3220f228001a036d311a22ee9d2a,inventory_only,,,,False,,,NO
backend/uploads/kn7/rnd_samples/57fc1fe913b049ec8a263ecc6e99b9ed.png,ebf4f635a17d10d6eb46ba680b70142419aa3220f228001a036d311a22ee9d2a,inventory_only,,,,False,,,NO
backend/uploads/kn7/rnd_samples/5807cceed6f34908b1bc253da2634a6d.png,ebf4f635a17d10d6eb46ba680b70142419aa3220f228001a036d311a22ee9d2a,inventory_only,,,,False,,,NO
backend/uploads/kn7/rnd_samples/5818bf9e794f46c4b1430716303dedab.png,ebf4f635a17d10d6eb46ba680b70142419aa3220f228001a036d311a22ee9d2a,inventory_only,,,,False,,,NO
backend/uploads/kn7/rnd_samples/5859afa31e104061a56ddf06d356a94f.png,ebf4f635a17d10d6eb46ba680b70142419aa3220f228001a036d311a22ee9d2a,inventory_only,,,,False,,,NO
backend/uploads/kn7/rnd_samples/58716ba0af41474d9581d318dd29a77f.png,ebf4f635a17d10d6eb46ba680b70142419aa3220f228001a036d311a22ee9d2a,inventory_only,,,,False,,,NO
backend/uploads/kn7/rnd_samples/587b965f95df44ba817516a774bda59e.png,ebf4f635a17d10d6eb46ba680b70142419aa3220f228001a036d311a22ee9d2a,inventory_only,,,,False,,,NO
backend/uploads/kn7/rnd_samples/58903e40d4fe4fb1a1090d48d7403fed.png,ebf4f635a17d10d6eb46ba680b70142419aa3220f228001a036d311a22ee9d2a,inventory_only,,,,False,,,NO
backend/uploads/kn7/rnd_samples/58acc62280e3446b9493321601b8aabf.png,ebf4f635a17d10d6eb46ba680b70142419aa3220f228001a036d311a22ee9d2a,inventory_only,,,,False,,,NO
backend/uploads/kn7/rnd_samples/58aeefee6073446c9e1b6b1696677832.png,ebf4f635a17d10d6eb46ba680b70142419aa3220f228001a036d311a22ee9d2a,inventory_only,,,,False,,,NO
backend/uploads/kn7/rnd_samples/58afb80bad6b4164b6a70272699b1c40.png,ebf4f635a17d10d6eb46ba680b70142419aa3220f228001a036d311a22ee9d2a,inventory_only,,,,False,,,NO
backend/uploads/kn7/rnd_samples/58d06e8347c54f3480d13722062f3522.png,ebf4f635a17d10d6eb46ba680b70142419aa3220f228001a036d311a22ee9d2a,inventory_only,,,,False,,,NO
backend/uploads/kn7/rnd_samples/59b78f856d6c4cc7bd637dec45a5ef34.png,ebf4f635a17d10d6eb46ba680b70142419aa3220f228001a036d311a22ee9d2a,inventory_only,,,,False,,,NO
backend/uploads/kn7/rnd_samples/59ca524fb13d405c9b41822ca1f2bc9f.png,ebf4f635a17d10d6eb46ba680b70142419aa3220f228001a036d311a22ee9d2a,inventory_only,,,,False,,,NO
backend/uploads/kn7/rnd_samples/59cad4a9f2d54a76a5eabdea0af8f72f.png,ebf4f635a17d10d6eb46ba680b70142419aa3220f228001a036d311a22ee9d2a,inventory_only,,,,False,,,NO
backend/uploads/kn7/rnd_samples/59f0486e1e0f40819a24c01f196537dd.png,ebf4f635a17d10d6eb46ba680b70142419aa3220f228001a036d311a22ee9d2a,inventory_only,,,,False,,,NO
backend/uploads/kn7/rnd_samples/59fb1de24a1f485d83c1c25db3e8d87a.png,ebf4f635a17d10d6eb46ba680b70142419aa3220f228001a036d311a22ee9d2a,inventory_only,,,,False,,,NO
backend/uploads/kn7/rnd_samples/5a0bce9d01404ba1904cd6d55e7d6e5b.png,ebf4f635a17d10d6eb46ba680b70142419aa3220f228001a036d311a22ee9d2a,inventory_only,,,,False,,,NO
backend/uploads/kn7/rnd_samples/5a4a5832159e4588999e3e70a3d0028d.png,ebf4f635a17d10d6eb46ba680b70142419aa3220f228001a036d311a22ee9d2a,inventory_only,,,,False,,,NO
backend/uploads/kn7/rnd_samples/5a8149ecf6ce4e8585c10f33e4d2b5ab.png,ebf4f635a17d10d6eb46ba680b70142419aa3220f228001a036d311a22ee9d2a,inventory_only,,,,False,,,NO
backend/uploads/kn7/rnd_samples/5aca0b84078546318bbe7bed8d94e6f1.png,ebf4f635a17d10d6eb46ba680b70142419aa3220f228001a036d311a22ee9d2a,inventory_only,,,,False,,,NO
backend/uploads/kn7/rnd_samples/5b3fe784437f4aecac42d58a70d75755.png,ebf4f635a17d10d6eb46ba680b70142419aa3220f228001a036d311a22ee9d2a,inventory_only,,,,False,,,NO
backend/uploads/kn7/rnd_samples/5bc14f4f013141808e4fc2934de9d90d.png,ebf4f635a17d10d6eb46ba680b70142419aa3220f228001a036d311a22ee9d2a,inventory_only,,,,False,,,NO
backend/uploads/kn7/rnd_samples/5c38c0157f4e4b7e8de68b6db20507bd.png,ebf4f635a17d10d6eb46ba680b70142419aa3220f228001a036d311a22ee9d2a,inventory_only,,,,False,,,NO
backend/uploads/kn7/rnd_samples/5c4d3a735aab44c9b5223ae6a6fedc75.png,ebf4f635a17d10d6eb46ba680b70142419aa3220f228001a036d311a22ee9d2a,inventory_only,,,,False,,,NO
backend/uploads/kn7/rnd_samples/5c5a94102fc9490693a053ef7016c423.png,ebf4f635a17d10d6eb46ba680b70142419aa3220f228001a036d311a22ee9d2a,inventory_only,,,,False,,,NO
backend/uploads/kn7/rnd_samples/5c7035ee18da42d5b0e6b446f749a0c6.png,ebf4f635a17d10d6eb46ba680b70142419aa3220f228001a036d311a22ee9d2a,inventory_only,,,,False,,,NO
backend/uploads/kn7/rnd_samples/5ca1a1158b964c35b57e0d19eb24c65c.png,ebf4f635a17d10d6eb46ba680b70142419aa3220f228001a036d311a22ee9d2a,inventory_only,,,,False,,,NO
backend/uploads/kn7/rnd_samples/5cb7b81b0f2c47d5b80e4dc42bc16400.png,ebf4f635a17d10d6eb46ba680b70142419aa3220f228001a036d311a22ee9d2a,inventory_only,,,,False,,,NO
backend/uploads/kn7/rnd_samples/5cca365c889441fcbdac53298ead32d6.png,ebf4f635a17d10d6eb46ba680b70142419aa3220f228001a036d311a22ee9d2a,inventory_only,,,,False,,,NO
backend/uploads/kn7/rnd_samples/5ce47f40176542589a42cd4a90c3b7e2.png,ebf4f635a17d10d6eb46ba680b70142419aa3220f228001a036d311a22ee9d2a,inventory_only,,,,False,,,NO
backend/uploads/kn7/rnd_samples/5d79722ad3f841929f3615cc1f3cd879.png,ebf4f635a17d10d6eb46ba680b70142419aa3220f228001a036d311a22ee9d2a,inventory_only,,,,False,,,NO
backend/uploads/kn7/rnd_samples/5e2f92776697411988bfe5550fcdeb59.png,ebf4f635a17d10d6eb46ba680b70142419aa3220f228001a036d311a22ee9d2a,inventory_only,,,,False,,,NO
backend/uploads/kn7/rnd_samples/5e311c6d1420466281dd15f5dd30b9fc.png,ebf4f635a17d10d6eb46ba680b70142419aa3220f228001a036d311a22ee9d2a,inventory_only,,,,False,,,NO
backend/uploads/kn7/rnd_samples/5e373ff1de244f27be3daca0a8995efa.png,ebf4f635a17d10d6eb46ba680b70142419aa3220f228001a036d311a22ee9d2a,inventory_only,,,,False,,,NO
backend/uploads/kn7/rnd_samples/5e52c9348c1d43f0a7acda5679b274f4.png,ebf4f635a17d10d6eb46ba680b70142419aa3220f228001a036d311a22ee9d2a,inventory_only,,,,False,,,NO
backend/uploads/kn7/rnd_samples/5e6bdc446c584d85945955577bd3d8b1.png,ebf4f635a17d10d6eb46ba680b70142419aa3220f228001a036d311a22ee9d2a,inventory_only,,,,False,,,NO
backend/uploads/kn7/rnd_samples/5e97a59cc4e94d96a9ae1f79e0804b65.png,ebf4f635a17d10d6eb46ba680b70142419aa3220f228001a036d311a22ee9d2a,inventory_only,,,,False,,,NO
backend/uploads/kn7/rnd_samples/5eb816d91b2a4c11b568466c3328b824.png,ebf4f635a17d10d6eb46ba680b70142419aa3220f228001a036d311a22ee9d2a,inventory_only,,,,False,,,NO
backend/uploads/kn7/rnd_samples/5eb8bde89dd444e49c6b53a6b1816835.png,ebf4f635a17d10d6eb46ba680b70142419aa3220f228001a036d311a22ee9d2a,inventory_only,,,,False,,,NO
backend/uploads/kn7/rnd_samples/5eef16e5bd1f4d9aa65e47e4fd6ad0cd.png,ebf4f635a17d10d6eb46ba680b70142419aa3220f228001a036d311a22ee9d2a,inventory_only,,,,False,,,NO
backend/uploads/kn7/rnd_samples/5efa811e7efd47afab256d6affc71754.png,ebf4f635a17d10d6eb46ba680b70142419aa3220f228001a036d311a22ee9d2a,inventory_only,,,,False,,,NO
backend/uploads/kn7/rnd_samples/5f36661bb0bf4d008ec4526d9e1fce9d.png,ebf4f635a17d10d6eb46ba680b70142419aa3220f228001a036d311a22ee9d2a,inventory_only,,,,False,,,NO
backend/uploads/kn7/rnd_samples/5f6bb892e23e4b27863152a0a7af6822.png,ebf4f635a17d10d6eb46ba680b70142419aa3220f228001a036d311a22ee9d2a,inventory_only,,,,False,,,NO
backend/uploads/kn7/rnd_samples/5f8a5fd1f23b471a9aca196e58d3ea5e.png,ebf4f635a17d10d6eb46ba680b70142419aa3220f228001a036d311a22ee9d2a,inventory_only,,,,False,,,NO
backend/uploads/kn7/rnd_samples/5fbae292402c4d6892c0eb434e134e14.png,ebf4f635a17d10d6eb46ba680b70142419aa3220f228001a036d311a22ee9d2a,inventory_only,,,,False,,,NO
backend/uploads/kn7/rnd_samples/5ff4e2fd3eea4cf4a49ac91b95afe664.png,ebf4f635a17d10d6eb46ba680b70142419aa3220f228001a036d311a22ee9d2a,inventory_only,,,,False,,,NO
backend/uploads/kn7/rnd_samples/5ff8a23e50b4424c9aeca5276a331610.png,ebf4f635a17d10d6eb46ba680b70142419aa3220f228001a036d311a22ee9d2a,inventory_only,,,,False,,,NO
backend/uploads/kn7/rnd_samples/602f793005b0404f82068bab0dd0087b.png,ebf4f635a17d10d6eb46ba680b70142419aa3220f228001a036d311a22ee9d2a,inventory_only,,,,False,,,NO
backend/uploads/kn7/rnd_samples/6060838569ea416ba879ac211b30a39b.png,ebf4f635a17d10d6eb46ba680b70142419aa3220f228001a036d311a22ee9d2a,inventory_only,,,,False,,,NO
backend/uploads/kn7/rnd_samples/6063ffbb4b4146dda8a047a7e60b165e.png,ebf4f635a17d10d6eb46ba680b70142419aa3220f228001a036d311a22ee9d2a,inventory_only,,,,False,,,NO
backend/uploads/kn7/rnd_samples/6097b7a2e0ea40e8bb63b452c3e767ea.png,ebf4f635a17d10d6eb46ba680b70142419aa3220f228001a036d311a22ee9d2a,inventory_only,,,,False,,,NO
backend/uploads/kn7/rnd_samples/609e865a8c844ecdb9310efb82e12ec2.png,cfe84775504b1ec482883c556b4572ddd11430766d35899a339ababfe2c283b9,inventory_only,,,,False,,,NO
backend/uploads/kn7/rnd_samples/60b551ac7ee54986ae9779aa3b6015fe.png,ebf4f635a17d10d6eb46ba680b70142419aa3220f228001a036d311a22ee9d2a,inventory_only,,,,False,,,NO
backend/uploads/kn7/rnd_samples/60dea57ac175499fb6d32ec3f82156a5.png,ebf4f635a17d10d6eb46ba680b70142419aa3220f228001a036d311a22ee9d2a,inventory_only,,,,False,,,NO
backend/uploads/kn7/rnd_samples/6126814504284c4fb5c2d770ca2231cc.png,ebf4f635a17d10d6eb46ba680b70142419aa3220f228001a036d311a22ee9d2a,inventory_only,,,,False,,,NO
backend/uploads/kn7/rnd_samples/615e885004a14710902d222e5ad218dc.png,ebf4f635a17d10d6eb46ba680b70142419aa3220f228001a036d311a22ee9d2a,inventory_only,,,,False,,,NO
backend/uploads/kn7/rnd_samples/616039adf0bf4c758e5cfc5dfdfe202b.png,ebf4f635a17d10d6eb46ba680b70142419aa3220f228001a036d311a22ee9d2a,inventory_only,,,,False,,,NO
backend/uploads/kn7/rnd_samples/6191bcea23e74308809503614b4155e2.png,ebf4f635a17d10d6eb46ba680b70142419aa3220f228001a036d311a22ee9d2a,inventory_only,,,,False,,,NO
backend/uploads/kn7/rnd_samples/620dd8f450c24d4f9329b4831a5875c5.png,ebf4f635a17d10d6eb46ba680b70142419aa3220f228001a036d311a22ee9d2a,inventory_only,,,,False,,,NO
backend/uploads/kn7/rnd_samples/6241d3e3680245b485fe2cbf1331ab9b.png,ebf4f635a17d10d6eb46ba680b70142419aa3220f228001a036d311a22ee9d2a,inventory_only,,,,False,,,NO
backend/uploads/kn7/rnd_samples/627576b7f870461a85e0aec9d623df3d.png,ebf4f635a17d10d6eb46ba680b70142419aa3220f228001a036d311a22ee9d2a,inventory_only,,,,False,,,NO
backend/uploads/kn7/rnd_samples/6297ac563f4945f08e6b42c49d74aa81.png,ebf4f635a17d10d6eb46ba680b70142419aa3220f228001a036d311a22ee9d2a,inventory_only,,,,False,,,NO
backend/uploads/kn7/rnd_samples/62b0448d13414e8f90d3f80a5503d583.png,ebf4f635a17d10d6eb46ba680b70142419aa3220f228001a036d311a22ee9d2a,inventory_only,,,,False,,,NO
backend/uploads/kn7/rnd_samples/62bcd9a728b04a09b14097287a090544.png,ebf4f635a17d10d6eb46ba680b70142419aa3220f228001a036d311a22ee9d2a,inventory_only,,,,False,,,NO
backend/uploads/kn7/rnd_samples/62ddb482b3ce42a8a7e72bb6d54851e0.png,ebf4f635a17d10d6eb46ba680b70142419aa3220f228001a036d311a22ee9d2a,inventory_only,,,,False,,,NO
backend/uploads/kn7/rnd_samples/62e1a2161f764d51940e1186bae2e8b4.png,ebf4f635a17d10d6eb46ba680b70142419aa3220f228001a036d311a22ee9d2a,inventory_only,,,,False,,,NO
backend/uploads/kn7/rnd_samples/630c35c5851249119e040096ef437d4a.png,ebf4f635a17d10d6eb46ba680b70142419aa3220f228001a036d311a22ee9d2a,inventory_only,,,,False,,,NO
backend/uploads/kn7/rnd_samples/6322615fb7a54beaaadedb9544bb242b.png,1b1aae7a4f03a6bdbe79272acf6b03dfe234729e442150a0f4dd58294d27df3a,inventory_only,,,,False,,,NO
backend/uploads/kn7/rnd_samples/63457d4a236641c9a6c5b1956e8776fc.png,ebf4f635a17d10d6eb46ba680b70142419aa3220f228001a036d311a22ee9d2a,inventory_only,,,,False,,,NO
backend/uploads/kn7/rnd_samples/635360f3e6a041c1925aac9e05946c95.png,ebf4f635a17d10d6eb46ba680b70142419aa3220f228001a036d311a22ee9d2a,inventory_only,,,,False,,,NO
backend/uploads/kn7/rnd_samples/636fb15f530e4250a29591f3f285041f.png,ebf4f635a17d10d6eb46ba680b70142419aa3220f228001a036d311a22ee9d2a,inventory_only,,,,False,,,NO
backend/uploads/kn7/rnd_samples/6383fd6ec6c44ad89b6017c90a24ce1a.png,ebf4f635a17d10d6eb46ba680b70142419aa3220f228001a036d311a22ee9d2a,inventory_only,,,,False,,,NO
backend/uploads/kn7/rnd_samples/63adb80aed994387880e7416a4713f03.png,ebf4f635a17d10d6eb46ba680b70142419aa3220f228001a036d311a22ee9d2a,inventory_only,,,,False,,,NO
backend/uploads/kn7/rnd_samples/63bef8e3ec0b43a2a57e84cf4a5f0d94.png,ebf4f635a17d10d6eb46ba680b70142419aa3220f228001a036d311a22ee9d2a,inventory_only,,,,False,,,NO
backend/uploads/kn7/rnd_samples/642fe0cd0e754f3da5dba81a155abf98.png,ebf4f635a17d10d6eb46ba680b70142419aa3220f228001a036d311a22ee9d2a,inventory_only,,,,False,,,NO
backend/uploads/kn7/rnd_samples/645492b9c8f04c45bfbbf8f634ea8bb4.png,ebf4f635a17d10d6eb46ba680b70142419aa3220f228001a036d311a22ee9d2a,inventory_only,,,,False,,,NO
backend/uploads/kn7/rnd_samples/6472142204474a3983210b5af4a1b2f7.png,ebf4f635a17d10d6eb46ba680b70142419aa3220f228001a036d311a22ee9d2a,inventory_only,,,,False,,,NO
backend/uploads/kn7/rnd_samples/6558b06c3a3c4543b54de4c6e2753f9d.png,ebf4f635a17d10d6eb46ba680b70142419aa3220f228001a036d311a22ee9d2a,inventory_only,,,,False,,,NO
backend/uploads/kn7/rnd_samples/6561ff0c8d4d4355af6f023d2f8a875d.png,ebf4f635a17d10d6eb46ba680b70142419aa3220f228001a036d311a22ee9d2a,inventory_only,,,,False,,,NO
backend/uploads/kn7/rnd_samples/656c4ff1c35e4a12af9f368d29759460.png,ebf4f635a17d10d6eb46ba680b70142419aa3220f228001a036d311a22ee9d2a,inventory_only,,,,False,,,NO
backend/uploads/kn7/rnd_samples/65af6d59eef14a4fb4cb02245f309270.png,ebf4f635a17d10d6eb46ba680b70142419aa3220f228001a036d311a22ee9d2a,inventory_only,,,,False,,,NO
backend/uploads/kn7/rnd_samples/65c3a445bfcf4ba797ee5a3f4b94abdc.png,ebf4f635a17d10d6eb46ba680b70142419aa3220f228001a036d311a22ee9d2a,inventory_only,,,,False,,,NO
backend/uploads/kn7/rnd_samples/65d3d817a9e94d8789aba3246a4cf442.png,ebf4f635a17d10d6eb46ba680b70142419aa3220f228001a036d311a22ee9d2a,inventory_only,,,,False,,,NO
backend/uploads/kn7/rnd_samples/6644b6248ab64f028a2b41ce451a2946.png,ebf4f635a17d10d6eb46ba680b70142419aa3220f228001a036d311a22ee9d2a,inventory_only,,,,False,,,NO
backend/uploads/kn7/rnd_samples/664d287fd3d04756ab2b557001d5f0d0.png,ebf4f635a17d10d6eb46ba680b70142419aa3220f228001a036d311a22ee9d2a,inventory_only,,,,False,,,NO
backend/uploads/kn7/rnd_samples/66c85d61c1e5440f90847fc00320b66e.png,ebf4f635a17d10d6eb46ba680b70142419aa3220f228001a036d311a22ee9d2a,inventory_only,,,,False,,,NO
backend/uploads/kn7/rnd_samples/6726c4a6db4e4e88816f7f7be0489bc0.png,1b1aae7a4f03a6bdbe79272acf6b03dfe234729e442150a0f4dd58294d27df3a,inventory_only,,,,False,,,NO
backend/uploads/kn7/rnd_samples/673c6e43568244ab9199df2ce4c26911.png,ebf4f635a17d10d6eb46ba680b70142419aa3220f228001a036d311a22ee9d2a,inventory_only,,,,False,,,NO
backend/uploads/kn7/rnd_samples/674a2020895a428486943d041b7906d1.png,ebf4f635a17d10d6eb46ba680b70142419aa3220f228001a036d311a22ee9d2a,inventory_only,,,,False,,,NO
backend/uploads/kn7/rnd_samples/67502bca3b4f45e997d7d7a9852ae970.png,ebf4f635a17d10d6eb46ba680b70142419aa3220f228001a036d311a22ee9d2a,inventory_only,,,,False,,,NO
backend/uploads/kn7/rnd_samples/678e6d538e844672af8dc1784e2266ce.png,ebf4f635a17d10d6eb46ba680b70142419aa3220f228001a036d311a22ee9d2a,inventory_only,,,,False,,,NO
backend/uploads/kn7/rnd_samples/6790ba683f9d4817a27ed0f5d1b5c366.png,ebf4f635a17d10d6eb46ba680b70142419aa3220f228001a036d311a22ee9d2a,inventory_only,,,,False,,,NO
backend/uploads/kn7/rnd_samples/679be976801e4c83bf72bae8e25b058c.png,ebf4f635a17d10d6eb46ba680b70142419aa3220f228001a036d311a22ee9d2a,inventory_only,,,,False,,,NO
backend/uploads/kn7/rnd_samples/67a05547264840b584cb4adc5cf2f67a.png,ebf4f635a17d10d6eb46ba680b70142419aa3220f228001a036d311a22ee9d2a,inventory_only,,,,False,,,NO
backend/uploads/kn7/rnd_samples/6800c09a55dd4ab497024ee72f9dbf46.png,ebf4f635a17d10d6eb46ba680b70142419aa3220f228001a036d311a22ee9d2a,inventory_only,,,,False,,,NO
backend/uploads/kn7/rnd_samples/683e523c8b1a4cccbf737617ccf4a4f8.png,ebf4f635a17d10d6eb46ba680b70142419aa3220f228001a036d311a22ee9d2a,inventory_only,,,,False,,,NO
backend/uploads/kn7/rnd_samples/6856398659234bc1a076b4d084a2f908.png,ebf4f635a17d10d6eb46ba680b70142419aa3220f228001a036d311a22ee9d2a,inventory_only,,,,False,,,NO
backend/uploads/kn7/rnd_samples/6856a985d3e34c93a7fb8e790711504e.png,ebf4f635a17d10d6eb46ba680b70142419aa3220f228001a036d311a22ee9d2a,inventory_only,,,,False,,,NO
backend/uploads/kn7/rnd_samples/686169d2e6dd492bb8d099915d873145.png,ebf4f635a17d10d6eb46ba680b70142419aa3220f228001a036d311a22ee9d2a,inventory_only,,,,False,,,NO
backend/uploads/kn7/rnd_samples/686fc350506c459b9594e3e32491f432.png,ebf4f635a17d10d6eb46ba680b70142419aa3220f228001a036d311a22ee9d2a,inventory_only,,,,False,,,NO
backend/uploads/kn7/rnd_samples/689265183ef24a5fb2c638031092ffda.png,ebf4f635a17d10d6eb46ba680b70142419aa3220f228001a036d311a22ee9d2a,inventory_only,,,,False,,,NO
backend/uploads/kn7/rnd_samples/68bdd4c903e74744b71dd7da372c68a3.png,ebf4f635a17d10d6eb46ba680b70142419aa3220f228001a036d311a22ee9d2a,inventory_only,,,,False,,,NO
backend/uploads/kn7/rnd_samples/69259b58ef6a40389c15ad5a9748fba5.png,ebf4f635a17d10d6eb46ba680b70142419aa3220f228001a036d311a22ee9d2a,inventory_only,,,,False,,,NO
backend/uploads/kn7/rnd_samples/69989235873e4472b866923d64e921f7.png,ebf4f635a17d10d6eb46ba680b70142419aa3220f228001a036d311a22ee9d2a,inventory_only,,,,False,,,NO
backend/uploads/kn7/rnd_samples/69be77e327304d88b9efd5c6c1b8ad6e.png,ebf4f635a17d10d6eb46ba680b70142419aa3220f228001a036d311a22ee9d2a,inventory_only,,,,False,,,NO
backend/uploads/kn7/rnd_samples/69c1666743cc4b7abaf158c613f1ab02.png,ebf4f635a17d10d6eb46ba680b70142419aa3220f228001a036d311a22ee9d2a,inventory_only,,,,False,,,NO
backend/uploads/kn7/rnd_samples/69f2961df5544c31af855e0b28382ca1.png,ebf4f635a17d10d6eb46ba680b70142419aa3220f228001a036d311a22ee9d2a,inventory_only,,,,False,,,NO
backend/uploads/kn7/rnd_samples/6a55e5b04b0b405b93402238e55a00aa.png,ebf4f635a17d10d6eb46ba680b70142419aa3220f228001a036d311a22ee9d2a,inventory_only,,,,False,,,NO
backend/uploads/kn7/rnd_samples/6a8735947fa840e59e00cdbb277c1163.png,ebf4f635a17d10d6eb46ba680b70142419aa3220f228001a036d311a22ee9d2a,inventory_only,,,,False,,,NO
backend/uploads/kn7/rnd_samples/6ab2565f734447ceb8cef766eb01784d.png,ebf4f635a17d10d6eb46ba680b70142419aa3220f228001a036d311a22ee9d2a,inventory_only,,,,False,,,NO
backend/uploads/kn7/rnd_samples/6ae40701e93949e2b7008898f9a287d5.png,ebf4f635a17d10d6eb46ba680b70142419aa3220f228001a036d311a22ee9d2a,inventory_only,,,,False,,,NO
backend/uploads/kn7/rnd_samples/6af298ad8ada40d0ac6dc7fe99198062.png,ebf4f635a17d10d6eb46ba680b70142419aa3220f228001a036d311a22ee9d2a,inventory_only,,,,False,,,NO
backend/uploads/kn7/rnd_samples/6b0e6bd273ae488d9d365cc7b919b8d2.png,ebf4f635a17d10d6eb46ba680b70142419aa3220f228001a036d311a22ee9d2a,inventory_only,,,,False,,,NO
backend/uploads/kn7/rnd_samples/6b1b55778cbe498e80dc1ef8c8b6befc.png,ebf4f635a17d10d6eb46ba680b70142419aa3220f228001a036d311a22ee9d2a,inventory_only,,,,False,,,NO
backend/uploads/kn7/rnd_samples/6b53922fe6ff457db77d1082bef54d9c.png,ebf4f635a17d10d6eb46ba680b70142419aa3220f228001a036d311a22ee9d2a,inventory_only,,,,False,,,NO
backend/uploads/kn7/rnd_samples/6b6772897fe64169a367b4842ad61a23.png,ebf4f635a17d10d6eb46ba680b70142419aa3220f228001a036d311a22ee9d2a,inventory_only,,,,False,,,NO
backend/uploads/kn7/rnd_samples/6b887718c2634bc1aa41ac9f6c45f0ff.png,ebf4f635a17d10d6eb46ba680b70142419aa3220f228001a036d311a22ee9d2a,inventory_only,,,,False,,,NO
backend/uploads/kn7/rnd_samples/6bd2f137fc994a649b0020419af59184.png,ebf4f635a17d10d6eb46ba680b70142419aa3220f228001a036d311a22ee9d2a,inventory_only,,,,False,,,NO
backend/uploads/kn7/rnd_samples/6bee0b1d66924bee93ec6ddd21f3a90b.png,ebf4f635a17d10d6eb46ba680b70142419aa3220f228001a036d311a22ee9d2a,inventory_only,,,,False,,,NO
backend/uploads/kn7/rnd_samples/6c07f8347a4548b1a6f1e97f4677b9b1.png,ebf4f635a17d10d6eb46ba680b70142419aa3220f228001a036d311a22ee9d2a,inventory_only,,,,False,,,NO
backend/uploads/kn7/rnd_samples/6c6282979c3545a9a3e4f2acdf8f3896.png,ebf4f635a17d10d6eb46ba680b70142419aa3220f228001a036d311a22ee9d2a,inventory_only,,,,False,,,NO
backend/uploads/kn7/rnd_samples/6c79fe94cd4c47d88109a7543ec8510c.png,ebf4f635a17d10d6eb46ba680b70142419aa3220f228001a036d311a22ee9d2a,inventory_only,,,,False,,,NO
backend/uploads/kn7/rnd_samples/6caed215c12243a180c9feb705a6d04d.png,ebf4f635a17d10d6eb46ba680b70142419aa3220f228001a036d311a22ee9d2a,inventory_only,,,,False,,,NO
backend/uploads/kn7/rnd_samples/6ccf6f1fa2fd491098a6af081a5dee09.png,ebf4f635a17d10d6eb46ba680b70142419aa3220f228001a036d311a22ee9d2a,inventory_only,,,,False,,,NO
backend/uploads/kn7/rnd_samples/6d169c911ac748948d10e44f2ea97701.png,195ea50939f6e26482c30f972b56ad262b5145087f5aab1ab23811ac3b10b865,inventory_only,,,,False,,,NO
backend/uploads/kn7/rnd_samples/6d186e7848424fc7999a57b2fc28f9d0.png,ebf4f635a17d10d6eb46ba680b70142419aa3220f228001a036d311a22ee9d2a,inventory_only,,,,False,,,NO
backend/uploads/kn7/rnd_samples/6d4d054213694f80b9b19f1227b6c3ec.png,ebf4f635a17d10d6eb46ba680b70142419aa3220f228001a036d311a22ee9d2a,inventory_only,,,,False,,,NO
backend/uploads/kn7/rnd_samples/6d53f05b97014ecc94f15ff6e5895621.png,ebf4f635a17d10d6eb46ba680b70142419aa3220f228001a036d311a22ee9d2a,inventory_only,,,,False,,,NO
backend/uploads/kn7/rnd_samples/6d8e9141778a4d2a8153cedf4ba2d9df.png,ebf4f635a17d10d6eb46ba680b70142419aa3220f228001a036d311a22ee9d2a,inventory_only,,,,False,,,NO
backend/uploads/kn7/rnd_samples/6de6d00170c44012a09230a5dd384a3f.png,ebf4f635a17d10d6eb46ba680b70142419aa3220f228001a036d311a22ee9d2a,inventory_only,,,,False,,,NO
backend/uploads/kn7/rnd_samples/6e0033e426a343fc9bbf7a485d0c11a4.png,ebf4f635a17d10d6eb46ba680b70142419aa3220f228001a036d311a22ee9d2a,inventory_only,,,,False,,,NO
backend/uploads/kn7/rnd_samples/6e0dd83e39534817a2756d881ebbf53e.png,ebf4f635a17d10d6eb46ba680b70142419aa3220f228001a036d311a22ee9d2a,inventory_only,,,,False,,,NO
backend/uploads/kn7/rnd_samples/6e456e207ca04d8d8af6695026f8aa61.png,ebf4f635a17d10d6eb46ba680b70142419aa3220f228001a036d311a22ee9d2a,inventory_only,,,,False,,,NO
backend/uploads/kn7/rnd_samples/6e87d3cf1c16437fbdc75bdbb8964914.png,ebf4f635a17d10d6eb46ba680b70142419aa3220f228001a036d311a22ee9d2a,inventory_only,,,,False,,,NO
backend/uploads/kn7/rnd_samples/6ec4cc69b56644368141d0aa849e17f1.png,ebf4f635a17d10d6eb46ba680b70142419aa3220f228001a036d311a22ee9d2a,inventory_only,,,,False,,,NO
backend/uploads/kn7/rnd_samples/6f162d95f5834ae3a177b61fb056bc8d.png,ebf4f635a17d10d6eb46ba680b70142419aa3220f228001a036d311a22ee9d2a,inventory_only,,,,False,,,NO
backend/uploads/kn7/rnd_samples/6f5cedabbf01480db49ecfbf3a8ed005.png,ebf4f635a17d10d6eb46ba680b70142419aa3220f228001a036d311a22ee9d2a,inventory_only,,,,False,,,NO
backend/uploads/kn7/rnd_samples/6f5d636def2d4d459836504624d98bf0.png,ebf4f635a17d10d6eb46ba680b70142419aa3220f228001a036d311a22ee9d2a,inventory_only,,,,False,,,NO
backend/uploads/kn7/rnd_samples/6fbdd5a2530b4e16bbcf43309720265a.png,ebf4f635a17d10d6eb46ba680b70142419aa3220f228001a036d311a22ee9d2a,inventory_only,,,,False,,,NO
backend/uploads/kn7/rnd_samples/6fe7544cadab4b6ea59fbd8ab17a8791.png,ebf4f635a17d10d6eb46ba680b70142419aa3220f228001a036d311a22ee9d2a,inventory_only,,,,False,,,NO
backend/uploads/kn7/rnd_samples/705233b528b94358962ea636e9481421.png,ebf4f635a17d10d6eb46ba680b70142419aa3220f228001a036d311a22ee9d2a,inventory_only,,,,False,,,NO
backend/uploads/kn7/rnd_samples/7078c197710443cab07eb9a026f80267.png,ebf4f635a17d10d6eb46ba680b70142419aa3220f228001a036d311a22ee9d2a,inventory_only,,,,False,,,NO
backend/uploads/kn7/rnd_samples/7079e517b6d543ca80348a9f05f86ae2.png,ebf4f635a17d10d6eb46ba680b70142419aa3220f228001a036d311a22ee9d2a,inventory_only,,,,False,,,NO
backend/uploads/kn7/rnd_samples/70f20772e36e4f27b9423b3bb820834a.png,ebf4f635a17d10d6eb46ba680b70142419aa3220f228001a036d311a22ee9d2a,inventory_only,,,,False,,,NO
backend/uploads/kn7/rnd_samples/70f3bfa8a76e4208976b766c20a30537.png,ebf4f635a17d10d6eb46ba680b70142419aa3220f228001a036d311a22ee9d2a,inventory_only,,,,False,,,NO
backend/uploads/kn7/rnd_samples/7109bd57b4314ddf8960694e90e4cb7e.png,ebf4f635a17d10d6eb46ba680b70142419aa3220f228001a036d311a22ee9d2a,inventory_only,,,,False,,,NO
backend/uploads/kn7/rnd_samples/7187280e22ca45ff906daeea1df19f85.png,ebf4f635a17d10d6eb46ba680b70142419aa3220f228001a036d311a22ee9d2a,inventory_only,,,,False,,,NO
backend/uploads/kn7/rnd_samples/71a5e6845eb2463487585322a2ffcfb6.png,ebf4f635a17d10d6eb46ba680b70142419aa3220f228001a036d311a22ee9d2a,inventory_only,,,,False,,,NO
backend/uploads/kn7/rnd_samples/71bc867a9c614d3a8605c13663c7abef.png,ebf4f635a17d10d6eb46ba680b70142419aa3220f228001a036d311a22ee9d2a,inventory_only,,,,False,,,NO
backend/uploads/kn7/rnd_samples/71cd8b882efe4c5d8efa37f547091625.png,ebf4f635a17d10d6eb46ba680b70142419aa3220f228001a036d311a22ee9d2a,inventory_only,,,,False,,,NO
backend/uploads/kn7/rnd_samples/71d1858283224c939dc98a5b6e227c48.png,ebf4f635a17d10d6eb46ba680b70142419aa3220f228001a036d311a22ee9d2a,inventory_only,,,,False,,,NO
backend/uploads/kn7/rnd_samples/71fb5cc4732643789b50d0c0c86c9ad8.png,ebf4f635a17d10d6eb46ba680b70142419aa3220f228001a036d311a22ee9d2a,inventory_only,,,,False,,,NO
backend/uploads/kn7/rnd_samples/71fbd094837f4563928aa3918cc871a5.png,ebf4f635a17d10d6eb46ba680b70142419aa3220f228001a036d311a22ee9d2a,inventory_only,,,,False,,,NO
backend/uploads/kn7/rnd_samples/721901d8ff0b4a56a84afc8f5c71c457.png,ebf4f635a17d10d6eb46ba680b70142419aa3220f228001a036d311a22ee9d2a,inventory_only,,,,False,,,NO
backend/uploads/kn7/rnd_samples/721e27bdb2b54fc8a633c0b7fe55a271.png,ebf4f635a17d10d6eb46ba680b70142419aa3220f228001a036d311a22ee9d2a,inventory_only,,,,False,,,NO
backend/uploads/kn7/rnd_samples/7271d3b3c5064ce089af6c91a08b95bc.png,ebf4f635a17d10d6eb46ba680b70142419aa3220f228001a036d311a22ee9d2a,inventory_only,,,,False,,,NO
backend/uploads/kn7/rnd_samples/72b7553ace5848478fb867c17fe22ac5.png,ebf4f635a17d10d6eb46ba680b70142419aa3220f228001a036d311a22ee9d2a,inventory_only,,,,False,,,NO
backend/uploads/kn7/rnd_samples/72b8f2efb0e64a8ab7309a2d9e624b04.png,ebf4f635a17d10d6eb46ba680b70142419aa3220f228001a036d311a22ee9d2a,inventory_only,,,,False,,,NO
backend/uploads/kn7/rnd_samples/72c7d62372d14a8a92701e9a47b15511.png,ebf4f635a17d10d6eb46ba680b70142419aa3220f228001a036d311a22ee9d2a,inventory_only,,,,False,,,NO
backend/uploads/kn7/rnd_samples/72f0ba2fe7e14124a0b08c3c5ba5021d.png,ebf4f635a17d10d6eb46ba680b70142419aa3220f228001a036d311a22ee9d2a,inventory_only,,,,False,,,NO
backend/uploads/kn7/rnd_samples/72f1bd4bf5aa403ab015386f298edabe.png,ebf4f635a17d10d6eb46ba680b70142419aa3220f228001a036d311a22ee9d2a,inventory_only,,,,False,,,NO
backend/uploads/kn7/rnd_samples/731140eb5a3a4ec48e080514592514b7.png,ebf4f635a17d10d6eb46ba680b70142419aa3220f228001a036d311a22ee9d2a,inventory_only,,,,False,,,NO
backend/uploads/kn7/rnd_samples/73115ea5de05465493e8faabc41e69cc.png,ebf4f635a17d10d6eb46ba680b70142419aa3220f228001a036d311a22ee9d2a,inventory_only,,,,False,,,NO
backend/uploads/kn7/rnd_samples/73370e8aad974c558b536bf51c44792b.png,ebf4f635a17d10d6eb46ba680b70142419aa3220f228001a036d311a22ee9d2a,inventory_only,,,,False,,,NO
backend/uploads/kn7/rnd_samples/736240eacb994d70bfa79dbfb0020758.png,ebf4f635a17d10d6eb46ba680b70142419aa3220f228001a036d311a22ee9d2a,inventory_only,,,,False,,,NO
backend/uploads/kn7/rnd_samples/7365dab86e394c5680c791cac035f1a1.png,ebf4f635a17d10d6eb46ba680b70142419aa3220f228001a036d311a22ee9d2a,inventory_only,,,,False,,,NO
backend/uploads/kn7/rnd_samples/736d685c42e44714bab4b37754faab5e.png,ebf4f635a17d10d6eb46ba680b70142419aa3220f228001a036d311a22ee9d2a,inventory_only,,,,False,,,NO
backend/uploads/kn7/rnd_samples/737ef6c2b5824cf9bd981e4d251e6b11.png,ebf4f635a17d10d6eb46ba680b70142419aa3220f228001a036d311a22ee9d2a,inventory_only,,,,False,,,NO
backend/uploads/kn7/rnd_samples/7382dc105ecf4bc3a8a4ed47d8323f70.png,ebf4f635a17d10d6eb46ba680b70142419aa3220f228001a036d311a22ee9d2a,inventory_only,,,,False,,,NO
backend/uploads/kn7/rnd_samples/73b023019b9842fa95380314b19b13c7.png,ebf4f635a17d10d6eb46ba680b70142419aa3220f228001a036d311a22ee9d2a,inventory_only,,,,False,,,NO
backend/uploads/kn7/rnd_samples/73bbc84782b745db8b558f81c6c43220.png,ebf4f635a17d10d6eb46ba680b70142419aa3220f228001a036d311a22ee9d2a,inventory_only,,,,False,,,NO
backend/uploads/kn7/rnd_samples/73d470e2ac2e445baae3146f8b0ee32a.png,ebf4f635a17d10d6eb46ba680b70142419aa3220f228001a036d311a22ee9d2a,inventory_only,,,,False,,,NO
backend/uploads/kn7/rnd_samples/7473ccc42fc44009a536f55594e19dee.png,ebf4f635a17d10d6eb46ba680b70142419aa3220f228001a036d311a22ee9d2a,inventory_only,,,,False,,,NO
backend/uploads/kn7/rnd_samples/74990b9cb2224ebfb9e138e95e601e8d.png,ebf4f635a17d10d6eb46ba680b70142419aa3220f228001a036d311a22ee9d2a,inventory_only,,,,False,,,NO
backend/uploads/kn7/rnd_samples/74c69a68a7314707a06996a45ef2dd77.png,ebf4f635a17d10d6eb46ba680b70142419aa3220f228001a036d311a22ee9d2a,inventory_only,,,,False,,,NO
backend/uploads/kn7/rnd_samples/751fc94133d64cd9a7607828bd671540.png,ebf4f635a17d10d6eb46ba680b70142419aa3220f228001a036d311a22ee9d2a,inventory_only,,,,False,,,NO
backend/uploads/kn7/rnd_samples/754a3fef018a4dcc8f33e239d43cb0be.png,ebf4f635a17d10d6eb46ba680b70142419aa3220f228001a036d311a22ee9d2a,inventory_only,,,,False,,,NO
backend/uploads/kn7/rnd_samples/757ff3512dde4084b7a9b1cc0d620cd3.png,ebf4f635a17d10d6eb46ba680b70142419aa3220f228001a036d311a22ee9d2a,inventory_only,,,,False,,,NO
backend/uploads/kn7/rnd_samples/75b9abd984e0451fb760039812729f7e.png,ebf4f635a17d10d6eb46ba680b70142419aa3220f228001a036d311a22ee9d2a,inventory_only,,,,False,,,NO
backend/uploads/kn7/rnd_samples/763051e774504f6f9d0b90b4650128c4.png,ebf4f635a17d10d6eb46ba680b70142419aa3220f228001a036d311a22ee9d2a,inventory_only,,,,False,,,NO
backend/uploads/kn7/rnd_samples/763fbd9134a6432589d830baefa16e13.png,ebf4f635a17d10d6eb46ba680b70142419aa3220f228001a036d311a22ee9d2a,inventory_only,,,,False,,,NO
backend/uploads/kn7/rnd_samples/7642b9564c544a78bf579b108911c770.png,ebf4f635a17d10d6eb46ba680b70142419aa3220f228001a036d311a22ee9d2a,inventory_only,,,,False,,,NO
backend/uploads/kn7/rnd_samples/764c7dbc689c40f98efb6ce59ef01502.png,ebf4f635a17d10d6eb46ba680b70142419aa3220f228001a036d311a22ee9d2a,inventory_only,,,,False,,,NO
backend/uploads/kn7/rnd_samples/768c5da07c90438286f9cc564afae037.png,ebf4f635a17d10d6eb46ba680b70142419aa3220f228001a036d311a22ee9d2a,inventory_only,,,,False,,,NO
backend/uploads/kn7/rnd_samples/76b68e1da59344368776b9ea16e28a3b.png,ebf4f635a17d10d6eb46ba680b70142419aa3220f228001a036d311a22ee9d2a,inventory_only,,,,False,,,NO
backend/uploads/kn7/rnd_samples/76bd61511e414cb7a910a3cece864a43.png,ebf4f635a17d10d6eb46ba680b70142419aa3220f228001a036d311a22ee9d2a,inventory_only,,,,False,,,NO
backend/uploads/kn7/rnd_samples/76e5790e726d42c99c788321ea6d2d81.png,ebf4f635a17d10d6eb46ba680b70142419aa3220f228001a036d311a22ee9d2a,inventory_only,,,,False,,,NO
backend/uploads/kn7/rnd_samples/78045ea27c53400aa605c79c5a3193b5.png,ebf4f635a17d10d6eb46ba680b70142419aa3220f228001a036d311a22ee9d2a,inventory_only,,,,False,,,NO
backend/uploads/kn7/rnd_samples/7829781f2b2947aea6836f41f1c249ed.png,ebf4f635a17d10d6eb46ba680b70142419aa3220f228001a036d311a22ee9d2a,inventory_only,,,,False,,,NO
backend/uploads/kn7/rnd_samples/78679b33fcea4a38bdeb8b4bfe778c62.png,ebf4f635a17d10d6eb46ba680b70142419aa3220f228001a036d311a22ee9d2a,inventory_only,,,,False,,,NO
backend/uploads/kn7/rnd_samples/7868bf30b5aa4dd495abb7390c6aa76d.png,1b1aae7a4f03a6bdbe79272acf6b03dfe234729e442150a0f4dd58294d27df3a,inventory_only,,,,False,,,NO
backend/uploads/kn7/rnd_samples/786c1a5411834cf4afe30dfcd36e3936.png,ebf4f635a17d10d6eb46ba680b70142419aa3220f228001a036d311a22ee9d2a,inventory_only,,,,False,,,NO
backend/uploads/kn7/rnd_samples/78906b6c82134435b40eefcf001c7792.png,ebf4f635a17d10d6eb46ba680b70142419aa3220f228001a036d311a22ee9d2a,inventory_only,,,,False,,,NO
backend/uploads/kn7/rnd_samples/7890fb39ff6f4061b7c51e9f1ea12b63.png,ebf4f635a17d10d6eb46ba680b70142419aa3220f228001a036d311a22ee9d2a,inventory_only,,,,False,,,NO
backend/uploads/kn7/rnd_samples/79131d92c1f5423ca0fac35dbc8dd358.png,ebf4f635a17d10d6eb46ba680b70142419aa3220f228001a036d311a22ee9d2a,inventory_only,,,,False,,,NO
backend/uploads/kn7/rnd_samples/79179bf8c04b43c29db89812d75c486c.png,ebf4f635a17d10d6eb46ba680b70142419aa3220f228001a036d311a22ee9d2a,inventory_only,,,,False,,,NO
backend/uploads/kn7/rnd_samples/792c2c3c4ff541f881ba9781b3d648b2.png,ebf4f635a17d10d6eb46ba680b70142419aa3220f228001a036d311a22ee9d2a,inventory_only,,,,False,,,NO
backend/uploads/kn7/rnd_samples/794ef30d47d14419ac41588473283fe7.png,ebf4f635a17d10d6eb46ba680b70142419aa3220f228001a036d311a22ee9d2a,inventory_only,,,,False,,,NO
backend/uploads/kn7/rnd_samples/79783eb320984e17b80ae954a8526ba7.png,a9e77c003a6b42226397f338050bcaf11930424ed449ab482824ee3f792a1164,inventory_only,,,,False,,,NO
backend/uploads/kn7/rnd_samples/799198a11744430f956a356c5501e00b.png,ebf4f635a17d10d6eb46ba680b70142419aa3220f228001a036d311a22ee9d2a,inventory_only,,,,False,,,NO
backend/uploads/kn7/rnd_samples/79a9ee406b8443c28fe56b87927f6b33.png,ebf4f635a17d10d6eb46ba680b70142419aa3220f228001a036d311a22ee9d2a,inventory_only,,,,False,,,NO
backend/uploads/kn7/rnd_samples/79c2efbbddbe4c04bc580dabee22384b.png,ebf4f635a17d10d6eb46ba680b70142419aa3220f228001a036d311a22ee9d2a,inventory_only,,,,False,,,NO
backend/uploads/kn7/rnd_samples/79ecdb6e65be46c99fa3505fc4e14d81.png,ebf4f635a17d10d6eb46ba680b70142419aa3220f228001a036d311a22ee9d2a,inventory_only,,,,False,,,NO
backend/uploads/kn7/rnd_samples/7a3181aa3795438a81c34a403c4d7525.png,ebf4f635a17d10d6eb46ba680b70142419aa3220f228001a036d311a22ee9d2a,inventory_only,,,,False,,,NO
backend/uploads/kn7/rnd_samples/7a555fecc9f74314b1b9b05d9bef1a5a.png,ebf4f635a17d10d6eb46ba680b70142419aa3220f228001a036d311a22ee9d2a,inventory_only,,,,False,,,NO
backend/uploads/kn7/rnd_samples/7a8ad89d071745dc8de61aadd677e10a.png,ebf4f635a17d10d6eb46ba680b70142419aa3220f228001a036d311a22ee9d2a,inventory_only,,,,False,,,NO
backend/uploads/kn7/rnd_samples/7a924fe49a20480b876a3dccb72811e6.png,ebf4f635a17d10d6eb46ba680b70142419aa3220f228001a036d311a22ee9d2a,inventory_only,,,,False,,,NO
backend/uploads/kn7/rnd_samples/7aa0ff3a605e4ef68d4d9bf84c96c3fd.png,ebf4f635a17d10d6eb46ba680b70142419aa3220f228001a036d311a22ee9d2a,inventory_only,,,,False,,,NO
backend/uploads/kn7/rnd_samples/7b3ac2435321481586fb0dc82437895c.png,ebf4f635a17d10d6eb46ba680b70142419aa3220f228001a036d311a22ee9d2a,inventory_only,,,,False,,,NO
backend/uploads/kn7/rnd_samples/7b3bc1d4a2c74f1bb911aa4ccecfc359.png,ebf4f635a17d10d6eb46ba680b70142419aa3220f228001a036d311a22ee9d2a,inventory_only,,,,False,,,NO
backend/uploads/kn7/rnd_samples/7b6b84176b464ad29a28ee65200281c7.png,ebf4f635a17d10d6eb46ba680b70142419aa3220f228001a036d311a22ee9d2a,inventory_only,,,,False,,,NO
backend/uploads/kn7/rnd_samples/7b8f99405fa04a9e8a03b7feb3c09736.png,ebf4f635a17d10d6eb46ba680b70142419aa3220f228001a036d311a22ee9d2a,inventory_only,,,,False,,,NO
backend/uploads/kn7/rnd_samples/7b9b8f2211bb43ef9860cbaa13f83c17.png,ebf4f635a17d10d6eb46ba680b70142419aa3220f228001a036d311a22ee9d2a,inventory_only,,,,False,,,NO
backend/uploads/kn7/rnd_samples/7bd2c4dbc2084c1db3dbbfaf49537e64.png,ebf4f635a17d10d6eb46ba680b70142419aa3220f228001a036d311a22ee9d2a,inventory_only,,,,False,,,NO
backend/uploads/kn7/rnd_samples/7bdf90e8022f4b6f97a183d719bac4d2.png,ebf4f635a17d10d6eb46ba680b70142419aa3220f228001a036d311a22ee9d2a,inventory_only,,,,False,,,NO
backend/uploads/kn7/rnd_samples/7c17768ebb6a41b882240b094e631fd6.png,ebf4f635a17d10d6eb46ba680b70142419aa3220f228001a036d311a22ee9d2a,inventory_only,,,,False,,,NO
backend/uploads/kn7/rnd_samples/7c67ee86ccbe4de5800b032d60ef6b03.png,ebf4f635a17d10d6eb46ba680b70142419aa3220f228001a036d311a22ee9d2a,inventory_only,,,,False,,,NO
backend/uploads/kn7/rnd_samples/7c7af3a0730b4a40afe1cdb4558c5ec5.png,ebf4f635a17d10d6eb46ba680b70142419aa3220f228001a036d311a22ee9d2a,inventory_only,,,,False,,,NO
backend/uploads/kn7/rnd_samples/7c834904f6964f13bfc77344a848b444.png,ebf4f635a17d10d6eb46ba680b70142419aa3220f228001a036d311a22ee9d2a,inventory_only,,,,False,,,NO
backend/uploads/kn7/rnd_samples/7c8f545dcc164ac58a4e96e4be339370.png,ebf4f635a17d10d6eb46ba680b70142419aa3220f228001a036d311a22ee9d2a,inventory_only,,,,False,,,NO
backend/uploads/kn7/rnd_samples/7caa54dde7cb4046919bee9df30b54e5.png,ebf4f635a17d10d6eb46ba680b70142419aa3220f228001a036d311a22ee9d2a,inventory_only,,,,False,,,NO
backend/uploads/kn7/rnd_samples/7cbf5d63ca084a68884ca88537dbc55a.png,ebf4f635a17d10d6eb46ba680b70142419aa3220f228001a036d311a22ee9d2a,inventory_only,,,,False,,,NO
backend/uploads/kn7/rnd_samples/7d06f28bfc824d55b75b75d4fe4f9b4d.png,ebf4f635a17d10d6eb46ba680b70142419aa3220f228001a036d311a22ee9d2a,inventory_only,,,,False,,,NO
backend/uploads/kn7/rnd_samples/7d2acba8c8d34861995933c0c850a740.png,ebf4f635a17d10d6eb46ba680b70142419aa3220f228001a036d311a22ee9d2a,inventory_only,,,,False,,,NO
backend/uploads/kn7/rnd_samples/7d7b03a2fe704df9b17150f842df502b.png,ebf4f635a17d10d6eb46ba680b70142419aa3220f228001a036d311a22ee9d2a,inventory_only,,,,False,,,NO
backend/uploads/kn7/rnd_samples/7d94b7b11ef042ad8f4b2b1263ca3d0d.png,ebf4f635a17d10d6eb46ba680b70142419aa3220f228001a036d311a22ee9d2a,inventory_only,,,,False,,,NO
backend/uploads/kn7/rnd_samples/7db29c9fedfd468a9549e29c1bf2ce82.png,ebf4f635a17d10d6eb46ba680b70142419aa3220f228001a036d311a22ee9d2a,inventory_only,,,,False,,,NO
backend/uploads/kn7/rnd_samples/7dcb9835a69e4382ba14ba8beef1c553.png,ebf4f635a17d10d6eb46ba680b70142419aa3220f228001a036d311a22ee9d2a,inventory_only,,,,False,,,NO
backend/uploads/kn7/rnd_samples/7dcc6cd5311f472f84f77b6a3beb2382.png,ebf4f635a17d10d6eb46ba680b70142419aa3220f228001a036d311a22ee9d2a,inventory_only,,,,False,,,NO
backend/uploads/kn7/rnd_samples/7e240835c2d34d44b0717be7086ddcf6.png,ebf4f635a17d10d6eb46ba680b70142419aa3220f228001a036d311a22ee9d2a,inventory_only,,,,False,,,NO
backend/uploads/kn7/rnd_samples/7e507d9f070f423e84482b89104b0067.png,ebf4f635a17d10d6eb46ba680b70142419aa3220f228001a036d311a22ee9d2a,inventory_only,,,,False,,,NO
backend/uploads/kn7/rnd_samples/7e5716fee3734bb9abad87aa08b38980.png,ebf4f635a17d10d6eb46ba680b70142419aa3220f228001a036d311a22ee9d2a,inventory_only,,,,False,,,NO
backend/uploads/kn7/rnd_samples/7ea6cbfc013f44bb8e3884ec2b77efd6.png,ebf4f635a17d10d6eb46ba680b70142419aa3220f228001a036d311a22ee9d2a,inventory_only,,,,False,,,NO
backend/uploads/kn7/rnd_samples/7ed3d24d11784b1cac4b828f9cfbfe06.png,ebf4f635a17d10d6eb46ba680b70142419aa3220f228001a036d311a22ee9d2a,inventory_only,,,,False,,,NO
backend/uploads/kn7/rnd_samples/7f06acfa2be34f59b6f6923138e2ff1f.png,ebf4f635a17d10d6eb46ba680b70142419aa3220f228001a036d311a22ee9d2a,inventory_only,,,,False,,,NO
backend/uploads/kn7/rnd_samples/7f24038e46bd40da9f0f1d8a48ab8f2b.png,ebf4f635a17d10d6eb46ba680b70142419aa3220f228001a036d311a22ee9d2a,inventory_only,,,,False,,,NO
backend/uploads/kn7/rnd_samples/7f3a644cb12740c7b74997193f2e9ca3.png,ebf4f635a17d10d6eb46ba680b70142419aa3220f228001a036d311a22ee9d2a,inventory_only,,,,False,,,NO
backend/uploads/kn7/rnd_samples/7f3fd6680b6245eb86249909cd41efea.png,ebf4f635a17d10d6eb46ba680b70142419aa3220f228001a036d311a22ee9d2a,inventory_only,,,,False,,,NO
backend/uploads/kn7/rnd_samples/7f4a774a8bba4044993f5fd1d9b3605b.png,ebf4f635a17d10d6eb46ba680b70142419aa3220f228001a036d311a22ee9d2a,inventory_only,,,,False,,,NO
backend/uploads/kn7/rnd_samples/7f5a7978136248e6a58fc36aae734e6b.png,ebf4f635a17d10d6eb46ba680b70142419aa3220f228001a036d311a22ee9d2a,inventory_only,,,,False,,,NO
backend/uploads/kn7/rnd_samples/7f6edee96f8c408badb4934fdd803ab4.png,ebf4f635a17d10d6eb46ba680b70142419aa3220f228001a036d311a22ee9d2a,inventory_only,,,,False,,,NO
backend/uploads/kn7/rnd_samples/7fbb16cf46d7433787d6302951787f6f.png,ebf4f635a17d10d6eb46ba680b70142419aa3220f228001a036d311a22ee9d2a,inventory_only,,,,False,,,NO
backend/uploads/kn7/rnd_samples/7fc98595f4204d919dfc1605b9845cdd.png,ebf4f635a17d10d6eb46ba680b70142419aa3220f228001a036d311a22ee9d2a,inventory_only,,,,False,,,NO
backend/uploads/kn7/rnd_samples/7ff84026950f465d9ccdecf2a26755ee.png,ebf4f635a17d10d6eb46ba680b70142419aa3220f228001a036d311a22ee9d2a,inventory_only,,,,False,,,NO
backend/uploads/kn7/rnd_samples/805b8f90b0904e0b8d778f1fc01355c0.png,ebf4f635a17d10d6eb46ba680b70142419aa3220f228001a036d311a22ee9d2a,inventory_only,,,,False,,,NO
backend/uploads/kn7/rnd_samples/80840276e30a4049978d390d1c89c6fe.png,ebf4f635a17d10d6eb46ba680b70142419aa3220f228001a036d311a22ee9d2a,inventory_only,,,,False,,,NO
backend/uploads/kn7/rnd_samples/80905927b373405396174b0f293fc0d5.png,ebf4f635a17d10d6eb46ba680b70142419aa3220f228001a036d311a22ee9d2a,inventory_only,,,,False,,,NO
backend/uploads/kn7/rnd_samples/80a5509c6d9f4ce18fc84eb693eaead1.png,ebf4f635a17d10d6eb46ba680b70142419aa3220f228001a036d311a22ee9d2a,inventory_only,,,,False,,,NO
backend/uploads/kn7/rnd_samples/80dba80a0a90425abda84fcf08290a6c.png,ebf4f635a17d10d6eb46ba680b70142419aa3220f228001a036d311a22ee9d2a,inventory_only,,,,False,,,NO
backend/uploads/kn7/rnd_samples/80fa051caeaa42e4992fcf22d6adc3aa.png,ebf4f635a17d10d6eb46ba680b70142419aa3220f228001a036d311a22ee9d2a,inventory_only,,,,False,,,NO
backend/uploads/kn7/rnd_samples/81084de08bcd4f9181e5c8a17769736a.png,ebf4f635a17d10d6eb46ba680b70142419aa3220f228001a036d311a22ee9d2a,inventory_only,,,,False,,,NO
backend/uploads/kn7/rnd_samples/811b2d8e2a1a4b90966471790ba30a59.png,ebf4f635a17d10d6eb46ba680b70142419aa3220f228001a036d311a22ee9d2a,inventory_only,,,,False,,,NO
backend/uploads/kn7/rnd_samples/812c58f319a2421f99ce9cf23873e074.png,ebf4f635a17d10d6eb46ba680b70142419aa3220f228001a036d311a22ee9d2a,inventory_only,,,,False,,,NO
backend/uploads/kn7/rnd_samples/8196c40138f74fed81c354102e6d6617.png,ebf4f635a17d10d6eb46ba680b70142419aa3220f228001a036d311a22ee9d2a,inventory_only,,,,False,,,NO
backend/uploads/kn7/rnd_samples/819ce53650aa4f2ab6ff118fecd875f4.png,ebf4f635a17d10d6eb46ba680b70142419aa3220f228001a036d311a22ee9d2a,inventory_only,,,,False,,,NO
backend/uploads/kn7/rnd_samples/81ac4e3efd0a4c39a70a15e7c3a5b328.png,ebf4f635a17d10d6eb46ba680b70142419aa3220f228001a036d311a22ee9d2a,inventory_only,,,,False,,,NO
backend/uploads/kn7/rnd_samples/81f81ab9a71c4ac9b8cfedfd5d134161.png,ebf4f635a17d10d6eb46ba680b70142419aa3220f228001a036d311a22ee9d2a,inventory_only,,,,False,,,NO
backend/uploads/kn7/rnd_samples/8254cf4a78cd4ec5a4c7d2be288b502b.png,1b1aae7a4f03a6bdbe79272acf6b03dfe234729e442150a0f4dd58294d27df3a,inventory_only,,,,False,,,NO
backend/uploads/kn7/rnd_samples/82588ece82224b8c9fbb4bd351671da2.png,ebf4f635a17d10d6eb46ba680b70142419aa3220f228001a036d311a22ee9d2a,inventory_only,,,,False,,,NO
backend/uploads/kn7/rnd_samples/8288550e243642efa4bcf978106bd228.png,ebf4f635a17d10d6eb46ba680b70142419aa3220f228001a036d311a22ee9d2a,inventory_only,,,,False,,,NO
backend/uploads/kn7/rnd_samples/8298f08ee2e44917aac23fdaf974847b.png,ebf4f635a17d10d6eb46ba680b70142419aa3220f228001a036d311a22ee9d2a,inventory_only,,,,False,,,NO
backend/uploads/kn7/rnd_samples/8299dd9994334e76b655a2163f47ff01.png,ebf4f635a17d10d6eb46ba680b70142419aa3220f228001a036d311a22ee9d2a,inventory_only,,,,False,,,NO
backend/uploads/kn7/rnd_samples/82c0e4dffc58447a9b54317f33403ea7.png,ebf4f635a17d10d6eb46ba680b70142419aa3220f228001a036d311a22ee9d2a,inventory_only,,,,False,,,NO
backend/uploads/kn7/rnd_samples/82de88c64680401986ac9e3f36180f42.png,ebf4f635a17d10d6eb46ba680b70142419aa3220f228001a036d311a22ee9d2a,inventory_only,,,,False,,,NO
backend/uploads/kn7/rnd_samples/830a30a445994ec98833a8dcab29b43c.png,ebf4f635a17d10d6eb46ba680b70142419aa3220f228001a036d311a22ee9d2a,inventory_only,,,,False,,,NO
backend/uploads/kn7/rnd_samples/8326e49f678d49f0aed1dc3d8cec80d2.png,ebf4f635a17d10d6eb46ba680b70142419aa3220f228001a036d311a22ee9d2a,inventory_only,,,,False,,,NO
backend/uploads/kn7/rnd_samples/8327bc1804204b30a419252d3f6d0786.png,ebf4f635a17d10d6eb46ba680b70142419aa3220f228001a036d311a22ee9d2a,inventory_only,,,,False,,,NO
backend/uploads/kn7/rnd_samples/832c42681f2641d288ef003be2a406dd.png,ebf4f635a17d10d6eb46ba680b70142419aa3220f228001a036d311a22ee9d2a,inventory_only,,,,False,,,NO
backend/uploads/kn7/rnd_samples/835210d5756240f689aeaea89cf6fa9e.png,cfe84775504b1ec482883c556b4572ddd11430766d35899a339ababfe2c283b9,inventory_only,,,,False,,,NO
backend/uploads/kn7/rnd_samples/8355395ce1414eb3a3f675ad5e29dc09.png,ebf4f635a17d10d6eb46ba680b70142419aa3220f228001a036d311a22ee9d2a,inventory_only,,,,False,,,NO
backend/uploads/kn7/rnd_samples/8384126fa07e427cbdbcbbd849166fb8.png,ebf4f635a17d10d6eb46ba680b70142419aa3220f228001a036d311a22ee9d2a,inventory_only,,,,False,,,NO
backend/uploads/kn7/rnd_samples/83865f8f00c8404a9f47cb59ec7390e8.png,ebf4f635a17d10d6eb46ba680b70142419aa3220f228001a036d311a22ee9d2a,inventory_only,,,,False,,,NO
backend/uploads/kn7/rnd_samples/839f19bab839481ba485805657d8e838.png,ebf4f635a17d10d6eb46ba680b70142419aa3220f228001a036d311a22ee9d2a,inventory_only,,,,False,,,NO
backend/uploads/kn7/rnd_samples/8443af8e68c646e6b995ed1a8220eac2.png,ebf4f635a17d10d6eb46ba680b70142419aa3220f228001a036d311a22ee9d2a,inventory_only,,,,False,,,NO
backend/uploads/kn7/rnd_samples/8447e0bbf98741319ae84f8ccda0aa36.png,ebf4f635a17d10d6eb46ba680b70142419aa3220f228001a036d311a22ee9d2a,inventory_only,,,,False,,,NO
backend/uploads/kn7/rnd_samples/8469e08b8fc04e8cb372588adec3dafb.png,ebf4f635a17d10d6eb46ba680b70142419aa3220f228001a036d311a22ee9d2a,inventory_only,,,,False,,,NO
backend/uploads/kn7/rnd_samples/8481b47e43c948c3965e78eb821b9afd.png,ebf4f635a17d10d6eb46ba680b70142419aa3220f228001a036d311a22ee9d2a,inventory_only,,,,False,,,NO
backend/uploads/kn7/rnd_samples/84a055a86c3d4603b0381810b5c9fa83.png,ebf4f635a17d10d6eb46ba680b70142419aa3220f228001a036d311a22ee9d2a,inventory_only,,,,False,,,NO
backend/uploads/kn7/rnd_samples/84b46a133e73404bbe712e31b148b46f.png,ebf4f635a17d10d6eb46ba680b70142419aa3220f228001a036d311a22ee9d2a,inventory_only,,,,False,,,NO
backend/uploads/kn7/rnd_samples/84b5d391bbee48da99edf8611de10567.png,ebf4f635a17d10d6eb46ba680b70142419aa3220f228001a036d311a22ee9d2a,inventory_only,,,,False,,,NO
backend/uploads/kn7/rnd_samples/84eb3301f2764cc6bb67c8f400d64888.png,ebf4f635a17d10d6eb46ba680b70142419aa3220f228001a036d311a22ee9d2a,inventory_only,,,,False,,,NO
backend/uploads/kn7/rnd_samples/8514bdf98dc843039fa29ad425468e11.png,cf6e010e9abf5e511514ee94695bf733039e593ac9d1390becc4c5297c4bfa71,inventory_only,,,,False,,,NO
backend/uploads/kn7/rnd_samples/8536e9c5d41b471ba47a8d558bd2f0f1.png,ebf4f635a17d10d6eb46ba680b70142419aa3220f228001a036d311a22ee9d2a,inventory_only,,,,False,,,NO
backend/uploads/kn7/rnd_samples/85411555e75b471ca62531b1280b57d7.png,ebf4f635a17d10d6eb46ba680b70142419aa3220f228001a036d311a22ee9d2a,inventory_only,,,,False,,,NO
backend/uploads/kn7/rnd_samples/85966241b943465a85960e9bfe46f67d.png,ebf4f635a17d10d6eb46ba680b70142419aa3220f228001a036d311a22ee9d2a,inventory_only,,,,False,,,NO
backend/uploads/kn7/rnd_samples/85abae40f6f44699b592bf2835d6ac4c.png,ebf4f635a17d10d6eb46ba680b70142419aa3220f228001a036d311a22ee9d2a,inventory_only,,,,False,,,NO
backend/uploads/kn7/rnd_samples/85e653d485be4e26aee3cccc6f497cf4.png,ebf4f635a17d10d6eb46ba680b70142419aa3220f228001a036d311a22ee9d2a,inventory_only,,,,False,,,NO
backend/uploads/kn7/rnd_samples/85f616f9211d4afaa434bf79e216bd6b.png,ebf4f635a17d10d6eb46ba680b70142419aa3220f228001a036d311a22ee9d2a,inventory_only,,,,False,,,NO
backend/uploads/kn7/rnd_samples/8607ac8fdc334f17ae11678cdfb775d0.png,ebf4f635a17d10d6eb46ba680b70142419aa3220f228001a036d311a22ee9d2a,inventory_only,,,,False,,,NO
backend/uploads/kn7/rnd_samples/86429817ec554adf8f56ff029b9dbf37.png,ebf4f635a17d10d6eb46ba680b70142419aa3220f228001a036d311a22ee9d2a,inventory_only,,,,False,,,NO
backend/uploads/kn7/rnd_samples/8662fdb8325c47798f1c039b6e02a570.png,ebf4f635a17d10d6eb46ba680b70142419aa3220f228001a036d311a22ee9d2a,inventory_only,,,,False,,,NO
backend/uploads/kn7/rnd_samples/866da90c7fc54ebdaae1734c017501b8.png,ebf4f635a17d10d6eb46ba680b70142419aa3220f228001a036d311a22ee9d2a,inventory_only,,,,False,,,NO
backend/uploads/kn7/rnd_samples/866ea25facd34d30a9a3633bd70a0605.png,ebf4f635a17d10d6eb46ba680b70142419aa3220f228001a036d311a22ee9d2a,inventory_only,,,,False,,,NO
backend/uploads/kn7/rnd_samples/87053f222e68475d9e175e07dc2d48c2.png,ebf4f635a17d10d6eb46ba680b70142419aa3220f228001a036d311a22ee9d2a,inventory_only,,,,False,,,NO
backend/uploads/kn7/rnd_samples/8729e1f75d52409c84ff5c27e699a220.png,ebf4f635a17d10d6eb46ba680b70142419aa3220f228001a036d311a22ee9d2a,inventory_only,,,,False,,,NO
backend/uploads/kn7/rnd_samples/8772b53cd2a14242ad62d44c56ce3a69.png,ebf4f635a17d10d6eb46ba680b70142419aa3220f228001a036d311a22ee9d2a,inventory_only,,,,False,,,NO
backend/uploads/kn7/rnd_samples/878ef7ba018048ab8a0902d699e27716.png,ebf4f635a17d10d6eb46ba680b70142419aa3220f228001a036d311a22ee9d2a,inventory_only,,,,False,,,NO
backend/uploads/kn7/rnd_samples/87a305f85f8d4c2c97c28091b60812f3.png,ebf4f635a17d10d6eb46ba680b70142419aa3220f228001a036d311a22ee9d2a,inventory_only,,,,False,,,NO
backend/uploads/kn7/rnd_samples/87c4c925b17e4af5a2399062ded7ef47.png,ebf4f635a17d10d6eb46ba680b70142419aa3220f228001a036d311a22ee9d2a,inventory_only,,,,False,,,NO
backend/uploads/kn7/rnd_samples/87c727c19d6c4256ba357c6e0b5d6578.png,ebf4f635a17d10d6eb46ba680b70142419aa3220f228001a036d311a22ee9d2a,inventory_only,,,,False,,,NO
backend/uploads/kn7/rnd_samples/88a9af5560b042c4bcdf922ee3c85553.png,ebf4f635a17d10d6eb46ba680b70142419aa3220f228001a036d311a22ee9d2a,inventory_only,,,,False,,,NO
backend/uploads/kn7/rnd_samples/88b2860b673c4e17be6351b606ca1a9d.png,ebf4f635a17d10d6eb46ba680b70142419aa3220f228001a036d311a22ee9d2a,inventory_only,,,,False,,,NO
backend/uploads/kn7/rnd_samples/88df8e0a5c2043fd83dc05a1c8ca8486.png,ebf4f635a17d10d6eb46ba680b70142419aa3220f228001a036d311a22ee9d2a,inventory_only,,,,False,,,NO
backend/uploads/kn7/rnd_samples/8921395fb42e46f584a184b002b827bb.png,ebf4f635a17d10d6eb46ba680b70142419aa3220f228001a036d311a22ee9d2a,inventory_only,,,,False,,,NO
backend/uploads/kn7/rnd_samples/8983eeb8c9a94cce818f74c059eaa947.png,ebf4f635a17d10d6eb46ba680b70142419aa3220f228001a036d311a22ee9d2a,inventory_only,,,,False,,,NO
backend/uploads/kn7/rnd_samples/89a20627edf54e28b71797d7f930c45e.png,ebf4f635a17d10d6eb46ba680b70142419aa3220f228001a036d311a22ee9d2a,inventory_only,,,,False,,,NO
backend/uploads/kn7/rnd_samples/89da940ef37f45be89163d38f9f38866.png,ebf4f635a17d10d6eb46ba680b70142419aa3220f228001a036d311a22ee9d2a,inventory_only,,,,False,,,NO
backend/uploads/kn7/rnd_samples/89e682008b8d4b05bbf8efd15b92b934.png,ebf4f635a17d10d6eb46ba680b70142419aa3220f228001a036d311a22ee9d2a,inventory_only,,,,False,,,NO
backend/uploads/kn7/rnd_samples/8a441f257240424480b89eaa9255d5aa.png,ebf4f635a17d10d6eb46ba680b70142419aa3220f228001a036d311a22ee9d2a,inventory_only,,,,False,,,NO
backend/uploads/kn7/rnd_samples/8a6d4ac437e745dda3208d58706b9daf.png,ebf4f635a17d10d6eb46ba680b70142419aa3220f228001a036d311a22ee9d2a,inventory_only,,,,False,,,NO
backend/uploads/kn7/rnd_samples/8aa2f676923f4ffbb908f0b90dfc9184.png,ebf4f635a17d10d6eb46ba680b70142419aa3220f228001a036d311a22ee9d2a,inventory_only,,,,False,,,NO
backend/uploads/kn7/rnd_samples/8ac1368d3a864d64b76c7adf3e576e6a.png,ebf4f635a17d10d6eb46ba680b70142419aa3220f228001a036d311a22ee9d2a,inventory_only,,,,False,,,NO
backend/uploads/kn7/rnd_samples/8b6accba445d4b488347b3af27fc42c5.png,ebf4f635a17d10d6eb46ba680b70142419aa3220f228001a036d311a22ee9d2a,inventory_only,,,,False,,,NO
backend/uploads/kn7/rnd_samples/8b6dd73f441f42da9b4ba8f1ef13c8c5.png,ebf4f635a17d10d6eb46ba680b70142419aa3220f228001a036d311a22ee9d2a,inventory_only,,,,False,,,NO
backend/uploads/kn7/rnd_samples/8b8c78c5b7504f4a8fb33c8888ecf9e6.png,ebf4f635a17d10d6eb46ba680b70142419aa3220f228001a036d311a22ee9d2a,inventory_only,,,,False,,,NO
backend/uploads/kn7/rnd_samples/8bc6be881f994d2a8c96e59e9c624844.png,cfe84775504b1ec482883c556b4572ddd11430766d35899a339ababfe2c283b9,inventory_only,,,,False,,,NO
backend/uploads/kn7/rnd_samples/8c00d750acfa4c17aa533f838096056c.png,ebf4f635a17d10d6eb46ba680b70142419aa3220f228001a036d311a22ee9d2a,inventory_only,,,,False,,,NO
backend/uploads/kn7/rnd_samples/8c09e6ece38e4cc3adff3ae67006f633.png,ebf4f635a17d10d6eb46ba680b70142419aa3220f228001a036d311a22ee9d2a,inventory_only,,,,False,,,NO
backend/uploads/kn7/rnd_samples/8c3ea262a6f649eba6b2a0ad1eed82d0.png,ebf4f635a17d10d6eb46ba680b70142419aa3220f228001a036d311a22ee9d2a,inventory_only,,,,False,,,NO
backend/uploads/kn7/rnd_samples/8c4358ff1e50421f881269849718d0d5.png,ebf4f635a17d10d6eb46ba680b70142419aa3220f228001a036d311a22ee9d2a,inventory_only,,,,False,,,NO
backend/uploads/kn7/rnd_samples/8d3c12657587438eb75b72696f1aba2c.png,ebf4f635a17d10d6eb46ba680b70142419aa3220f228001a036d311a22ee9d2a,inventory_only,,,,False,,,NO
backend/uploads/kn7/rnd_samples/8d579c1f316d4237bcebf590f4d4cbd8.png,ebf4f635a17d10d6eb46ba680b70142419aa3220f228001a036d311a22ee9d2a,inventory_only,,,,False,,,NO
backend/uploads/kn7/rnd_samples/8d8663431dc048a88f0daba1c1618896.png,ebf4f635a17d10d6eb46ba680b70142419aa3220f228001a036d311a22ee9d2a,inventory_only,,,,False,,,NO
backend/uploads/kn7/rnd_samples/8da67b7de47f4ff9b44e6f414fba6037.png,ebf4f635a17d10d6eb46ba680b70142419aa3220f228001a036d311a22ee9d2a,inventory_only,,,,False,,,NO
backend/uploads/kn7/rnd_samples/8de7e55481014367b14166675faa2c02.png,ebf4f635a17d10d6eb46ba680b70142419aa3220f228001a036d311a22ee9d2a,inventory_only,,,,False,,,NO
backend/uploads/kn7/rnd_samples/8df744cd0c55456a94e8c720cfb55353.png,ebf4f635a17d10d6eb46ba680b70142419aa3220f228001a036d311a22ee9d2a,inventory_only,,,,False,,,NO
backend/uploads/kn7/rnd_samples/8e00403842104c76bb3dcff6cecf2d66.png,ebf4f635a17d10d6eb46ba680b70142419aa3220f228001a036d311a22ee9d2a,inventory_only,,,,False,,,NO
backend/uploads/kn7/rnd_samples/8e0b7e4a616d4c90a01f410736866ac7.png,ebf4f635a17d10d6eb46ba680b70142419aa3220f228001a036d311a22ee9d2a,inventory_only,,,,False,,,NO
backend/uploads/kn7/rnd_samples/8e2323c815a6463ab23219b0a277b572.png,ebf4f635a17d10d6eb46ba680b70142419aa3220f228001a036d311a22ee9d2a,inventory_only,,,,False,,,NO
backend/uploads/kn7/rnd_samples/8e397dd649af43bda7f55bb4a7ff4712.png,ebf4f635a17d10d6eb46ba680b70142419aa3220f228001a036d311a22ee9d2a,inventory_only,,,,False,,,NO
backend/uploads/kn7/rnd_samples/8e5e475e11114ecfa5a55c7ef875da29.png,ebf4f635a17d10d6eb46ba680b70142419aa3220f228001a036d311a22ee9d2a,inventory_only,,,,False,,,NO
backend/uploads/kn7/rnd_samples/8e72121237df4036a486861fd345382f.png,ebf4f635a17d10d6eb46ba680b70142419aa3220f228001a036d311a22ee9d2a,inventory_only,,,,False,,,NO
backend/uploads/kn7/rnd_samples/8e7216fe47284c37841ad8054b9d235b.png,ebf4f635a17d10d6eb46ba680b70142419aa3220f228001a036d311a22ee9d2a,inventory_only,,,,False,,,NO
backend/uploads/kn7/rnd_samples/8eb54752923f46e98507be0a1f920217.png,ebf4f635a17d10d6eb46ba680b70142419aa3220f228001a036d311a22ee9d2a,inventory_only,,,,False,,,NO
backend/uploads/kn7/rnd_samples/8ece949c2d6f408db28edeaa94e89dcb.png,ebf4f635a17d10d6eb46ba680b70142419aa3220f228001a036d311a22ee9d2a,inventory_only,,,,False,,,NO
backend/uploads/kn7/rnd_samples/8edb3d05f8f64696a4db229142cbad1e.png,ebf4f635a17d10d6eb46ba680b70142419aa3220f228001a036d311a22ee9d2a,inventory_only,,,,False,,,NO
backend/uploads/kn7/rnd_samples/8edcc0485fef45b28181ea0aac261312.png,ebf4f635a17d10d6eb46ba680b70142419aa3220f228001a036d311a22ee9d2a,inventory_only,,,,False,,,NO
backend/uploads/kn7/rnd_samples/8f0d3f54da7644bfbd6ccbadd0e76d43.png,ebf4f635a17d10d6eb46ba680b70142419aa3220f228001a036d311a22ee9d2a,inventory_only,,,,False,,,NO
backend/uploads/kn7/rnd_samples/8f11fa8e5df3441e94d045a226ea95c3.png,ebf4f635a17d10d6eb46ba680b70142419aa3220f228001a036d311a22ee9d2a,inventory_only,,,,False,,,NO
backend/uploads/kn7/rnd_samples/8f1adc61863a4827b0bce08f0248fe82.png,ebf4f635a17d10d6eb46ba680b70142419aa3220f228001a036d311a22ee9d2a,inventory_only,,,,False,,,NO
backend/uploads/kn7/rnd_samples/8f6cff7e11fb430ea9537ca8321eb15e.png,ebf4f635a17d10d6eb46ba680b70142419aa3220f228001a036d311a22ee9d2a,inventory_only,,,,False,,,NO
backend/uploads/kn7/rnd_samples/8ff321ff4ffd42029f0116a5cfb33fd6.png,ebf4f635a17d10d6eb46ba680b70142419aa3220f228001a036d311a22ee9d2a,inventory_only,,,,False,,,NO
backend/uploads/kn7/rnd_samples/9040c175a2db41b39977cacd745aad6c.png,ebf4f635a17d10d6eb46ba680b70142419aa3220f228001a036d311a22ee9d2a,inventory_only,,,,False,,,NO
backend/uploads/kn7/rnd_samples/90434e0f67034595adb6130ac18cdf97.png,ebf4f635a17d10d6eb46ba680b70142419aa3220f228001a036d311a22ee9d2a,inventory_only,,,,False,,,NO
backend/uploads/kn7/rnd_samples/904d0fbe7943437291ba7bb5a1190649.png,ebf4f635a17d10d6eb46ba680b70142419aa3220f228001a036d311a22ee9d2a,inventory_only,,,,False,,,NO
backend/uploads/kn7/rnd_samples/908fb0ce4cc44e9e914a02e557785e02.png,ebf4f635a17d10d6eb46ba680b70142419aa3220f228001a036d311a22ee9d2a,inventory_only,,,,False,,,NO
backend/uploads/kn7/rnd_samples/90b0028b5adb4679b927f48aa3f4f118.png,ebf4f635a17d10d6eb46ba680b70142419aa3220f228001a036d311a22ee9d2a,inventory_only,,,,False,,,NO
backend/uploads/kn7/rnd_samples/90e5f68b6b5b4ae193db45b007d7902b.png,ebf4f635a17d10d6eb46ba680b70142419aa3220f228001a036d311a22ee9d2a,inventory_only,,,,False,,,NO
backend/uploads/kn7/rnd_samples/90edb36ef76546bbac3ed5e34de95fb1.png,ebf4f635a17d10d6eb46ba680b70142419aa3220f228001a036d311a22ee9d2a,inventory_only,,,,False,,,NO
backend/uploads/kn7/rnd_samples/90ee222bc92d4f818f032d7d4845e027.png,ebf4f635a17d10d6eb46ba680b70142419aa3220f228001a036d311a22ee9d2a,inventory_only,,,,False,,,NO
backend/uploads/kn7/rnd_samples/910f17db1daf49f18b89211ded9406d1.png,ebf4f635a17d10d6eb46ba680b70142419aa3220f228001a036d311a22ee9d2a,inventory_only,,,,False,,,NO
backend/uploads/kn7/rnd_samples/913ee78d430646a781c4dd922ccddd9d.png,ebf4f635a17d10d6eb46ba680b70142419aa3220f228001a036d311a22ee9d2a,inventory_only,,,,False,,,NO
backend/uploads/kn7/rnd_samples/9153838921c547e394b8d9805d3309ff.png,ebf4f635a17d10d6eb46ba680b70142419aa3220f228001a036d311a22ee9d2a,inventory_only,,,,False,,,NO
backend/uploads/kn7/rnd_samples/9165249ff58449a5af7784a76dce7e38.png,ebf4f635a17d10d6eb46ba680b70142419aa3220f228001a036d311a22ee9d2a,inventory_only,,,,False,,,NO
backend/uploads/kn7/rnd_samples/91834dfc97cb4dde9f9f45e9242568d5.png,ebf4f635a17d10d6eb46ba680b70142419aa3220f228001a036d311a22ee9d2a,inventory_only,,,,False,,,NO
backend/uploads/kn7/rnd_samples/91ac3e1935a34d1fb6413dd7651d1074.png,0b46fd24bfd3941ca80682bd752c1d22bf7ad45094c41ab309e9a826ad35b64f,inventory_only,,,,False,,,NO
backend/uploads/kn7/rnd_samples/91b09dd7414845ec935e071fcb2f6851.png,ebf4f635a17d10d6eb46ba680b70142419aa3220f228001a036d311a22ee9d2a,inventory_only,,,,False,,,NO
backend/uploads/kn7/rnd_samples/91f3f17df93b421297d13bc982f5583e.png,ebf4f635a17d10d6eb46ba680b70142419aa3220f228001a036d311a22ee9d2a,inventory_only,,,,False,,,NO
backend/uploads/kn7/rnd_samples/9208f86ef671406681ff7686ba200b80.png,ebf4f635a17d10d6eb46ba680b70142419aa3220f228001a036d311a22ee9d2a,inventory_only,,,,False,,,NO
backend/uploads/kn7/rnd_samples/9240a7799f0c4e7095c56ec32bee4e1b.png,ebf4f635a17d10d6eb46ba680b70142419aa3220f228001a036d311a22ee9d2a,inventory_only,,,,False,,,NO
backend/uploads/kn7/rnd_samples/9291094db13f47a18bed441928106090.png,ebf4f635a17d10d6eb46ba680b70142419aa3220f228001a036d311a22ee9d2a,inventory_only,,,,False,,,NO
backend/uploads/kn7/rnd_samples/929121e7b39c4afb8ed8a7cd2c407357.png,ebf4f635a17d10d6eb46ba680b70142419aa3220f228001a036d311a22ee9d2a,inventory_only,,,,False,,,NO
backend/uploads/kn7/rnd_samples/930632304752430a8680308bab98cb9c.png,ebf4f635a17d10d6eb46ba680b70142419aa3220f228001a036d311a22ee9d2a,inventory_only,,,,False,,,NO
backend/uploads/kn7/rnd_samples/9342c7c92c9b47aa9655f69b864ad090.png,ebf4f635a17d10d6eb46ba680b70142419aa3220f228001a036d311a22ee9d2a,inventory_only,,,,False,,,NO
backend/uploads/kn7/rnd_samples/9355c8a5bbc84c5b823260a5e324b2bd.png,ebf4f635a17d10d6eb46ba680b70142419aa3220f228001a036d311a22ee9d2a,inventory_only,,,,False,,,NO
backend/uploads/kn7/rnd_samples/9358560ece5c4ec4903cd4f53b81bb1b.png,ebf4f635a17d10d6eb46ba680b70142419aa3220f228001a036d311a22ee9d2a,inventory_only,,,,False,,,NO
backend/uploads/kn7/rnd_samples/935879bc8dd845868c11ca054f8c5c2b.png,ebf4f635a17d10d6eb46ba680b70142419aa3220f228001a036d311a22ee9d2a,inventory_only,,,,False,,,NO
backend/uploads/kn7/rnd_samples/93c48025a9ca4b67986ec15f13e413ec.png,ebf4f635a17d10d6eb46ba680b70142419aa3220f228001a036d311a22ee9d2a,inventory_only,,,,False,,,NO
backend/uploads/kn7/rnd_samples/93d66ca5939c4d42bfceffc837a4e7dd.png,ebf4f635a17d10d6eb46ba680b70142419aa3220f228001a036d311a22ee9d2a,inventory_only,,,,False,,,NO
backend/uploads/kn7/rnd_samples/941e730963dd4aabae4f806101116c1b.png,ebf4f635a17d10d6eb46ba680b70142419aa3220f228001a036d311a22ee9d2a,inventory_only,,,,False,,,NO
backend/uploads/kn7/rnd_samples/9439e4591dcb40439dfed2336ec1a0b1.png,ebf4f635a17d10d6eb46ba680b70142419aa3220f228001a036d311a22ee9d2a,inventory_only,,,,False,,,NO
backend/uploads/kn7/rnd_samples/94533758551d47a799a150c9359f1543.png,ebf4f635a17d10d6eb46ba680b70142419aa3220f228001a036d311a22ee9d2a,inventory_only,,,,False,,,NO
backend/uploads/kn7/rnd_samples/9454635d85ff4ea09431c5831b2de17e.png,ebf4f635a17d10d6eb46ba680b70142419aa3220f228001a036d311a22ee9d2a,inventory_only,,,,False,,,NO
backend/uploads/kn7/rnd_samples/946acf98205c466992afcaab8f9239f4.png,ebf4f635a17d10d6eb46ba680b70142419aa3220f228001a036d311a22ee9d2a,inventory_only,,,,False,,,NO
backend/uploads/kn7/rnd_samples/94723709f24e446794d5eefc505b257b.png,ebf4f635a17d10d6eb46ba680b70142419aa3220f228001a036d311a22ee9d2a,inventory_only,,,,False,,,NO
backend/uploads/kn7/rnd_samples/94bbd7bf6dd14489a608473f1baa05d0.png,ebf4f635a17d10d6eb46ba680b70142419aa3220f228001a036d311a22ee9d2a,inventory_only,,,,False,,,NO
backend/uploads/kn7/rnd_samples/94bed3d6015d43d59947bd668839b585.png,ebf4f635a17d10d6eb46ba680b70142419aa3220f228001a036d311a22ee9d2a,inventory_only,,,,False,,,NO
backend/uploads/kn7/rnd_samples/94e9e93211ed4549b29967319582d021.png,ebf4f635a17d10d6eb46ba680b70142419aa3220f228001a036d311a22ee9d2a,inventory_only,,,,False,,,NO
backend/uploads/kn7/rnd_samples/94eef3f5cd3d48b2b8af6b7914b4b262.png,ebf4f635a17d10d6eb46ba680b70142419aa3220f228001a036d311a22ee9d2a,inventory_only,,,,False,,,NO
backend/uploads/kn7/rnd_samples/94f1f8e06418477facb0b821d1a43502.png,ebf4f635a17d10d6eb46ba680b70142419aa3220f228001a036d311a22ee9d2a,inventory_only,,,,False,,,NO
backend/uploads/kn7/rnd_samples/952950d1dc15448c8bdec7b1e7d623da.png,ebf4f635a17d10d6eb46ba680b70142419aa3220f228001a036d311a22ee9d2a,inventory_only,,,,False,,,NO
backend/uploads/kn7/rnd_samples/95598a990a634bcc80f9b328ff2df3cd.png,ebf4f635a17d10d6eb46ba680b70142419aa3220f228001a036d311a22ee9d2a,inventory_only,,,,False,,,NO
backend/uploads/kn7/rnd_samples/9584d8d77faf4857b0d6c38d7cf60f72.png,ebf4f635a17d10d6eb46ba680b70142419aa3220f228001a036d311a22ee9d2a,inventory_only,,,,False,,,NO
backend/uploads/kn7/rnd_samples/96191f60184d43139e1ac6a207961512.png,ebf4f635a17d10d6eb46ba680b70142419aa3220f228001a036d311a22ee9d2a,inventory_only,,,,False,,,NO
backend/uploads/kn7/rnd_samples/9621460008dd46c6866b1476e8a56b4c.png,ebf4f635a17d10d6eb46ba680b70142419aa3220f228001a036d311a22ee9d2a,inventory_only,,,,False,,,NO
backend/uploads/kn7/rnd_samples/963d0991abce4393bcb37fab94ee6ac7.png,ebf4f635a17d10d6eb46ba680b70142419aa3220f228001a036d311a22ee9d2a,inventory_only,,,,False,,,NO
backend/uploads/kn7/rnd_samples/9689c43b5daf4f6e873833a2ff11498d.png,1b1aae7a4f03a6bdbe79272acf6b03dfe234729e442150a0f4dd58294d27df3a,inventory_only,,,,False,,,NO
backend/uploads/kn7/rnd_samples/9697904775e74c85880b912df35ffc4b.png,ebf4f635a17d10d6eb46ba680b70142419aa3220f228001a036d311a22ee9d2a,inventory_only,,,,False,,,NO
backend/uploads/kn7/rnd_samples/96aa470b376745af95df9aa17d8a9baf.png,ebf4f635a17d10d6eb46ba680b70142419aa3220f228001a036d311a22ee9d2a,inventory_only,,,,False,,,NO
backend/uploads/kn7/rnd_samples/96be393db5b648d19d574f19aac87588.png,ebf4f635a17d10d6eb46ba680b70142419aa3220f228001a036d311a22ee9d2a,inventory_only,,,,False,,,NO
backend/uploads/kn7/rnd_samples/96ce18fea16247d992ee8051d7c1068c.png,ebf4f635a17d10d6eb46ba680b70142419aa3220f228001a036d311a22ee9d2a,inventory_only,,,,False,,,NO
backend/uploads/kn7/rnd_samples/970d4118882a43c689713795949f2d12.png,ebf4f635a17d10d6eb46ba680b70142419aa3220f228001a036d311a22ee9d2a,inventory_only,,,,False,,,NO
backend/uploads/kn7/rnd_samples/9771c363c3ae41bdbf8f6b5aa67a7b3b.png,ebf4f635a17d10d6eb46ba680b70142419aa3220f228001a036d311a22ee9d2a,inventory_only,,,,False,,,NO
backend/uploads/kn7/rnd_samples/9786d67d1a094229a7148458fbaa68dd.png,ebf4f635a17d10d6eb46ba680b70142419aa3220f228001a036d311a22ee9d2a,inventory_only,,,,False,,,NO
backend/uploads/kn7/rnd_samples/97b6adc46b504342ae5dbd0cbf6c7ecc.png,ebf4f635a17d10d6eb46ba680b70142419aa3220f228001a036d311a22ee9d2a,inventory_only,,,,False,,,NO
backend/uploads/kn7/rnd_samples/97bf2e0581c744d3ae6d4a42ae22cbb8.png,ebf4f635a17d10d6eb46ba680b70142419aa3220f228001a036d311a22ee9d2a,inventory_only,,,,False,,,NO
backend/uploads/kn7/rnd_samples/98085be717d14f5d8d58b8a260425b1f.png,ebf4f635a17d10d6eb46ba680b70142419aa3220f228001a036d311a22ee9d2a,inventory_only,,,,False,,,NO
backend/uploads/kn7/rnd_samples/9811bd3eb91742edbe8f6bde08035718.png,ebf4f635a17d10d6eb46ba680b70142419aa3220f228001a036d311a22ee9d2a,inventory_only,,,,False,,,NO
backend/uploads/kn7/rnd_samples/982b6dbdb97d46b2933fc385e667ab92.png,ebf4f635a17d10d6eb46ba680b70142419aa3220f228001a036d311a22ee9d2a,inventory_only,,,,False,,,NO
backend/uploads/kn7/rnd_samples/98300a642bcc4005906ebe8a8459ad18.png,ebf4f635a17d10d6eb46ba680b70142419aa3220f228001a036d311a22ee9d2a,inventory_only,,,,False,,,NO
backend/uploads/kn7/rnd_samples/986bf9e63dd84eafbe63178acb178e38.png,ebf4f635a17d10d6eb46ba680b70142419aa3220f228001a036d311a22ee9d2a,inventory_only,,,,False,,,NO
backend/uploads/kn7/rnd_samples/98c83715abb948d78b58905169cc75ae.png,ebf4f635a17d10d6eb46ba680b70142419aa3220f228001a036d311a22ee9d2a,inventory_only,,,,False,,,NO
backend/uploads/kn7/rnd_samples/99191eb54f2643e5a4c0707515e2f85f.png,ebf4f635a17d10d6eb46ba680b70142419aa3220f228001a036d311a22ee9d2a,inventory_only,,,,False,,,NO
backend/uploads/kn7/rnd_samples/995c97e46f7a43debf0f548686e19530.png,ebf4f635a17d10d6eb46ba680b70142419aa3220f228001a036d311a22ee9d2a,inventory_only,,,,False,,,NO
backend/uploads/kn7/rnd_samples/997dec40d68247dcba422df74686ac6d.png,ebf4f635a17d10d6eb46ba680b70142419aa3220f228001a036d311a22ee9d2a,inventory_only,,,,False,,,NO
backend/uploads/kn7/rnd_samples/9986beea221c48e5945ba88ff14087b7.png,ebf4f635a17d10d6eb46ba680b70142419aa3220f228001a036d311a22ee9d2a,inventory_only,,,,False,,,NO
backend/uploads/kn7/rnd_samples/99baec6bb5d34f0fb0ec84b985621dae.png,ebf4f635a17d10d6eb46ba680b70142419aa3220f228001a036d311a22ee9d2a,inventory_only,,,,False,,,NO
backend/uploads/kn7/rnd_samples/99c861f2762340cea0b69a1952da331c.png,ebf4f635a17d10d6eb46ba680b70142419aa3220f228001a036d311a22ee9d2a,inventory_only,,,,False,,,NO
backend/uploads/kn7/rnd_samples/9a824ea3d0cb4ade936a425d4cfb0de5.png,ebf4f635a17d10d6eb46ba680b70142419aa3220f228001a036d311a22ee9d2a,inventory_only,,,,False,,,NO
backend/uploads/kn7/rnd_samples/9a90e29bc41f43a6a1741b87524bfbe5.png,ebf4f635a17d10d6eb46ba680b70142419aa3220f228001a036d311a22ee9d2a,inventory_only,,,,False,,,NO
backend/uploads/kn7/rnd_samples/9ad40385423b4cc297667fd43e0ac612.png,ebf4f635a17d10d6eb46ba680b70142419aa3220f228001a036d311a22ee9d2a,inventory_only,,,,False,,,NO
backend/uploads/kn7/rnd_samples/9adbbf9c24b74a2ebe4c838e886acbf5.png,ebf4f635a17d10d6eb46ba680b70142419aa3220f228001a036d311a22ee9d2a,inventory_only,,,,False,,,NO
backend/uploads/kn7/rnd_samples/9b0788088f1f44ca99089091e9db28db.png,ebf4f635a17d10d6eb46ba680b70142419aa3220f228001a036d311a22ee9d2a,inventory_only,,,,False,,,NO
backend/uploads/kn7/rnd_samples/9b5c6203a82d4ca3b8c6c6474ade6d0e.png,ebf4f635a17d10d6eb46ba680b70142419aa3220f228001a036d311a22ee9d2a,inventory_only,,,,False,,,NO
backend/uploads/kn7/rnd_samples/9b891adba08b4d1db151619a25094631.png,ebf4f635a17d10d6eb46ba680b70142419aa3220f228001a036d311a22ee9d2a,inventory_only,,,,False,,,NO
backend/uploads/kn7/rnd_samples/9bd66e4068cd4b1d9c032a2c2f6662b9.png,ebf4f635a17d10d6eb46ba680b70142419aa3220f228001a036d311a22ee9d2a,inventory_only,,,,False,,,NO
backend/uploads/kn7/rnd_samples/9c19b32c67da48ffae56b88c5e2ca5d0.png,ebf4f635a17d10d6eb46ba680b70142419aa3220f228001a036d311a22ee9d2a,inventory_only,,,,False,,,NO
backend/uploads/kn7/rnd_samples/9c1c3c61b54642e28b4f86bd959cdefc.png,ebf4f635a17d10d6eb46ba680b70142419aa3220f228001a036d311a22ee9d2a,inventory_only,,,,False,,,NO
backend/uploads/kn7/rnd_samples/9c67314be8f749fdb97289670d7996a0.png,ebf4f635a17d10d6eb46ba680b70142419aa3220f228001a036d311a22ee9d2a,inventory_only,,,,False,,,NO
backend/uploads/kn7/rnd_samples/9c90fab635b843bea355ab7132a747e8.png,ebf4f635a17d10d6eb46ba680b70142419aa3220f228001a036d311a22ee9d2a,inventory_only,,,,False,,,NO
backend/uploads/kn7/rnd_samples/9c92c8263f844ca68dbaf08423cf0c0c.png,ebf4f635a17d10d6eb46ba680b70142419aa3220f228001a036d311a22ee9d2a,inventory_only,,,,False,,,NO
backend/uploads/kn7/rnd_samples/9ca841d839784621924fff6bc1bf9ce8.png,195ea50939f6e26482c30f972b56ad262b5145087f5aab1ab23811ac3b10b865,inventory_only,,,,False,,,NO
backend/uploads/kn7/rnd_samples/9caacab7c51b481caa94902f8351411c.png,ebf4f635a17d10d6eb46ba680b70142419aa3220f228001a036d311a22ee9d2a,inventory_only,,,,False,,,NO
backend/uploads/kn7/rnd_samples/9d43374520fd486083b05081506251f9.png,ebf4f635a17d10d6eb46ba680b70142419aa3220f228001a036d311a22ee9d2a,inventory_only,,,,False,,,NO
backend/uploads/kn7/rnd_samples/9d49e9bf2fb8410a98401cfca587b403.png,ebf4f635a17d10d6eb46ba680b70142419aa3220f228001a036d311a22ee9d2a,inventory_only,,,,False,,,NO
backend/uploads/kn7/rnd_samples/9d5de2391ed5464386fc81d7fd26c120.png,ebf4f635a17d10d6eb46ba680b70142419aa3220f228001a036d311a22ee9d2a,inventory_only,,,,False,,,NO
backend/uploads/kn7/rnd_samples/9d77e0c5ac6d46b0a67de88da21f54de.png,ebf4f635a17d10d6eb46ba680b70142419aa3220f228001a036d311a22ee9d2a,inventory_only,,,,False,,,NO
backend/uploads/kn7/rnd_samples/9d7fe6b8bcdd480e8e1760ef4db32d30.png,ebf4f635a17d10d6eb46ba680b70142419aa3220f228001a036d311a22ee9d2a,inventory_only,,,,False,,,NO
backend/uploads/kn7/rnd_samples/9dac78e788d843058d8dc23f30cafe63.png,ebf4f635a17d10d6eb46ba680b70142419aa3220f228001a036d311a22ee9d2a,inventory_only,,,,False,,,NO
backend/uploads/kn7/rnd_samples/9db557b6b4774cabaaa76ef2e087a429.png,ebf4f635a17d10d6eb46ba680b70142419aa3220f228001a036d311a22ee9d2a,inventory_only,,,,False,,,NO
backend/uploads/kn7/rnd_samples/9dd1a5ce5a3e4ae8939371a5bfa20cd8.png,ebf4f635a17d10d6eb46ba680b70142419aa3220f228001a036d311a22ee9d2a,inventory_only,,,,False,,,NO
backend/uploads/kn7/rnd_samples/9dd8fc9f3db24a998b4abacd9baacfe1.png,ebf4f635a17d10d6eb46ba680b70142419aa3220f228001a036d311a22ee9d2a,inventory_only,,,,False,,,NO
backend/uploads/kn7/rnd_samples/9deb7e5b1ac7477ba3d493d288e63ccc.png,ebf4f635a17d10d6eb46ba680b70142419aa3220f228001a036d311a22ee9d2a,inventory_only,,,,False,,,NO
backend/uploads/kn7/rnd_samples/9e059bf49c0f4dac9e16a8985726265f.png,ebf4f635a17d10d6eb46ba680b70142419aa3220f228001a036d311a22ee9d2a,inventory_only,,,,False,,,NO
backend/uploads/kn7/rnd_samples/9e1fa72ef69a443cbe6410935d3a9d8c.png,ebf4f635a17d10d6eb46ba680b70142419aa3220f228001a036d311a22ee9d2a,inventory_only,,,,False,,,NO
backend/uploads/kn7/rnd_samples/9e679ee8df8043d9a37b3f893d345c4f.png,ebf4f635a17d10d6eb46ba680b70142419aa3220f228001a036d311a22ee9d2a,inventory_only,,,,False,,,NO
backend/uploads/kn7/rnd_samples/9e69ace181b5413b94d378eab6e2eeb5.png,ebf4f635a17d10d6eb46ba680b70142419aa3220f228001a036d311a22ee9d2a,inventory_only,,,,False,,,NO
backend/uploads/kn7/rnd_samples/9e7cb962dd614cedb20ad95dfc9e9290.png,ebf4f635a17d10d6eb46ba680b70142419aa3220f228001a036d311a22ee9d2a,inventory_only,,,,False,,,NO
backend/uploads/kn7/rnd_samples/9eab34b23d284e36bb5cc616ad48eafa.png,ebf4f635a17d10d6eb46ba680b70142419aa3220f228001a036d311a22ee9d2a,inventory_only,,,,False,,,NO
backend/uploads/kn7/rnd_samples/9eb62439653a45f5abb103462a792d21.png,ebf4f635a17d10d6eb46ba680b70142419aa3220f228001a036d311a22ee9d2a,inventory_only,,,,False,,,NO
backend/uploads/kn7/rnd_samples/9ecbb048ce2449599b9e930ab0c0edff.png,ebf4f635a17d10d6eb46ba680b70142419aa3220f228001a036d311a22ee9d2a,inventory_only,,,,False,,,NO
backend/uploads/kn7/rnd_samples/9edba4960d014265b95541f9fb8b926e.png,ebf4f635a17d10d6eb46ba680b70142419aa3220f228001a036d311a22ee9d2a,inventory_only,,,,False,,,NO
backend/uploads/kn7/rnd_samples/9f0f8a0bbfa04d77a41be9a68f08b8f2.png,ebf4f635a17d10d6eb46ba680b70142419aa3220f228001a036d311a22ee9d2a,inventory_only,,,,False,,,NO
backend/uploads/kn7/rnd_samples/9f1cabcda88e4d59a2f348633b7b4338.png,ebf4f635a17d10d6eb46ba680b70142419aa3220f228001a036d311a22ee9d2a,inventory_only,,,,False,,,NO
backend/uploads/kn7/rnd_samples/9f3623821b764f3aa602c6d04eca746e.png,ebf4f635a17d10d6eb46ba680b70142419aa3220f228001a036d311a22ee9d2a,inventory_only,,,,False,,,NO
backend/uploads/kn7/rnd_samples/9f43538766cf48f3b4efe32b35c1d7bd.png,ebf4f635a17d10d6eb46ba680b70142419aa3220f228001a036d311a22ee9d2a,inventory_only,,,,False,,,NO
backend/uploads/kn7/rnd_samples/9fa14d2c1bf64008a3a46be74ccd8416.png,ebf4f635a17d10d6eb46ba680b70142419aa3220f228001a036d311a22ee9d2a,inventory_only,,,,False,,,NO
backend/uploads/kn7/rnd_samples/a000424771534bec9f8d20bf125c59b0.png,ebf4f635a17d10d6eb46ba680b70142419aa3220f228001a036d311a22ee9d2a,inventory_only,,,,False,,,NO
backend/uploads/kn7/rnd_samples/a005f24eccc64219bdd867214f154f1e.png,ebf4f635a17d10d6eb46ba680b70142419aa3220f228001a036d311a22ee9d2a,inventory_only,,,,False,,,NO
backend/uploads/kn7/rnd_samples/a01ace46b82e4687a42830392e695029.png,ebf4f635a17d10d6eb46ba680b70142419aa3220f228001a036d311a22ee9d2a,inventory_only,,,,False,,,NO
backend/uploads/kn7/rnd_samples/a03dbfada14c43019d1ffafd4b379c59.png,ebf4f635a17d10d6eb46ba680b70142419aa3220f228001a036d311a22ee9d2a,inventory_only,,,,False,,,NO
backend/uploads/kn7/rnd_samples/a0713dd659344edcb7cc53ec4b0820a7.png,ebf4f635a17d10d6eb46ba680b70142419aa3220f228001a036d311a22ee9d2a,inventory_only,,,,False,,,NO
backend/uploads/kn7/rnd_samples/a0cd2b0cb1b54884987da3f7de1fc059.png,ebf4f635a17d10d6eb46ba680b70142419aa3220f228001a036d311a22ee9d2a,inventory_only,,,,False,,,NO
backend/uploads/kn7/rnd_samples/a114c8fcb35e4e60a4fe0b391607cc6e.png,ebf4f635a17d10d6eb46ba680b70142419aa3220f228001a036d311a22ee9d2a,inventory_only,,,,False,,,NO
backend/uploads/kn7/rnd_samples/a138750a72df481a82bb31072723289b.png,ebf4f635a17d10d6eb46ba680b70142419aa3220f228001a036d311a22ee9d2a,inventory_only,,,,False,,,NO
backend/uploads/kn7/rnd_samples/a159dc5da39d4a1cb6dee0ac1fe85088.png,ebf4f635a17d10d6eb46ba680b70142419aa3220f228001a036d311a22ee9d2a,inventory_only,,,,False,,,NO
backend/uploads/kn7/rnd_samples/a1776c2d7fe84cae9c80b8870be69ee6.png,ebf4f635a17d10d6eb46ba680b70142419aa3220f228001a036d311a22ee9d2a,inventory_only,,,,False,,,NO
backend/uploads/kn7/rnd_samples/a1c002ec042341068bcd084bd10a5c51.png,ebf4f635a17d10d6eb46ba680b70142419aa3220f228001a036d311a22ee9d2a,inventory_only,,,,False,,,NO
backend/uploads/kn7/rnd_samples/a1f3950a37a54a5b8472e52c8302f123.png,ebf4f635a17d10d6eb46ba680b70142419aa3220f228001a036d311a22ee9d2a,inventory_only,,,,False,,,NO
backend/uploads/kn7/rnd_samples/a2452883e510411099ffe9de9587f1bd.png,ebf4f635a17d10d6eb46ba680b70142419aa3220f228001a036d311a22ee9d2a,inventory_only,,,,False,,,NO
backend/uploads/kn7/rnd_samples/a24bc56db1a44aa480a58ea4ea1e7d50.png,ebf4f635a17d10d6eb46ba680b70142419aa3220f228001a036d311a22ee9d2a,inventory_only,,,,False,,,NO
backend/uploads/kn7/rnd_samples/a273360636c342ae8c59eb9bc9a2b9d5.png,ebf4f635a17d10d6eb46ba680b70142419aa3220f228001a036d311a22ee9d2a,inventory_only,,,,False,,,NO
backend/uploads/kn7/rnd_samples/a2cdf8507a7341d6b490fb0619b0aeb8.png,ebf4f635a17d10d6eb46ba680b70142419aa3220f228001a036d311a22ee9d2a,inventory_only,,,,False,,,NO
backend/uploads/kn7/rnd_samples/a2d38293454442ed82ceee73c5cb8bc9.png,ebf4f635a17d10d6eb46ba680b70142419aa3220f228001a036d311a22ee9d2a,inventory_only,,,,False,,,NO
backend/uploads/kn7/rnd_samples/a2da534e89c84186a2889eb94f81e531.png,ebf4f635a17d10d6eb46ba680b70142419aa3220f228001a036d311a22ee9d2a,inventory_only,,,,False,,,NO
backend/uploads/kn7/rnd_samples/a2f81ab845e04e62b1fc6fd92276507a.png,ebf4f635a17d10d6eb46ba680b70142419aa3220f228001a036d311a22ee9d2a,inventory_only,,,,False,,,NO
backend/uploads/kn7/rnd_samples/a30daeda183a42b79c4b47c7c3473d85.png,ebf4f635a17d10d6eb46ba680b70142419aa3220f228001a036d311a22ee9d2a,inventory_only,,,,False,,,NO
backend/uploads/kn7/rnd_samples/a3178e2d8d2a480dae7d89ef7cb8078d.png,ebf4f635a17d10d6eb46ba680b70142419aa3220f228001a036d311a22ee9d2a,inventory_only,,,,False,,,NO
backend/uploads/kn7/rnd_samples/a36dfb6ff1a745fcad1bb272228f7d98.png,ebf4f635a17d10d6eb46ba680b70142419aa3220f228001a036d311a22ee9d2a,inventory_only,,,,False,,,NO
backend/uploads/kn7/rnd_samples/a3793b997ee341c2abca68802a9cf59c.png,ebf4f635a17d10d6eb46ba680b70142419aa3220f228001a036d311a22ee9d2a,inventory_only,,,,False,,,NO
backend/uploads/kn7/rnd_samples/a389f038cf924eeb9612fb873d97e59a.png,ebf4f635a17d10d6eb46ba680b70142419aa3220f228001a036d311a22ee9d2a,inventory_only,,,,False,,,NO
backend/uploads/kn7/rnd_samples/a3901ca9e39740dfa66fb2c856b54c03.png,ebf4f635a17d10d6eb46ba680b70142419aa3220f228001a036d311a22ee9d2a,inventory_only,,,,False,,,NO
backend/uploads/kn7/rnd_samples/a393cee7abb245fcb421124106a7db69.png,ebf4f635a17d10d6eb46ba680b70142419aa3220f228001a036d311a22ee9d2a,inventory_only,,,,False,,,NO
backend/uploads/kn7/rnd_samples/a480ceed91ba4f67904910a668027521.png,ebf4f635a17d10d6eb46ba680b70142419aa3220f228001a036d311a22ee9d2a,inventory_only,,,,False,,,NO
backend/uploads/kn7/rnd_samples/a491a5db32ff4464a0ac65975c3268da.png,ebf4f635a17d10d6eb46ba680b70142419aa3220f228001a036d311a22ee9d2a,inventory_only,,,,False,,,NO
backend/uploads/kn7/rnd_samples/a4ae29201d6a461aa56dcd105fcbebf6.png,ebf4f635a17d10d6eb46ba680b70142419aa3220f228001a036d311a22ee9d2a,inventory_only,,,,False,,,NO
backend/uploads/kn7/rnd_samples/a4f8b8e7f7fa482a97cf2e10e5d13917.png,ebf4f635a17d10d6eb46ba680b70142419aa3220f228001a036d311a22ee9d2a,inventory_only,,,,False,,,NO
backend/uploads/kn7/rnd_samples/a577703a8965482da1b101e97fdb77b0.png,ebf4f635a17d10d6eb46ba680b70142419aa3220f228001a036d311a22ee9d2a,inventory_only,,,,False,,,NO
backend/uploads/kn7/rnd_samples/a595c87801e84553829548b1e6d56464.png,ebf4f635a17d10d6eb46ba680b70142419aa3220f228001a036d311a22ee9d2a,inventory_only,,,,False,,,NO
backend/uploads/kn7/rnd_samples/a5a7ea59e7d14a2fb8ab7e62c810bd05.png,ebf4f635a17d10d6eb46ba680b70142419aa3220f228001a036d311a22ee9d2a,inventory_only,,,,False,,,NO
backend/uploads/kn7/rnd_samples/a5ae775301fd49f1ab1ad7b1ffc594cd.png,ebf4f635a17d10d6eb46ba680b70142419aa3220f228001a036d311a22ee9d2a,inventory_only,,,,False,,,NO
backend/uploads/kn7/rnd_samples/a5c829374902402bb82342f51d0d2d11.png,ebf4f635a17d10d6eb46ba680b70142419aa3220f228001a036d311a22ee9d2a,inventory_only,,,,False,,,NO
backend/uploads/kn7/rnd_samples/a5c89e4fca3844a9950c9510de061a0e.png,ebf4f635a17d10d6eb46ba680b70142419aa3220f228001a036d311a22ee9d2a,inventory_only,,,,False,,,NO
backend/uploads/kn7/rnd_samples/a5d618e284f94bd7b10bf67259c4749d.png,ebf4f635a17d10d6eb46ba680b70142419aa3220f228001a036d311a22ee9d2a,inventory_only,,,,False,,,NO
backend/uploads/kn7/rnd_samples/a6760b81dcdf4b7187058b19bd5d62e6.png,ebf4f635a17d10d6eb46ba680b70142419aa3220f228001a036d311a22ee9d2a,inventory_only,,,,False,,,NO
backend/uploads/kn7/rnd_samples/a67cad0e307b48b1a5ba86f722966a62.png,ebf4f635a17d10d6eb46ba680b70142419aa3220f228001a036d311a22ee9d2a,inventory_only,,,,False,,,NO
backend/uploads/kn7/rnd_samples/a68979e221ae4e7296dbe2037f7e18d7.png,ebf4f635a17d10d6eb46ba680b70142419aa3220f228001a036d311a22ee9d2a,inventory_only,,,,False,,,NO
backend/uploads/kn7/rnd_samples/a6afca5c20c041a7953177e38085008c.png,ebf4f635a17d10d6eb46ba680b70142419aa3220f228001a036d311a22ee9d2a,inventory_only,,,,False,,,NO
backend/uploads/kn7/rnd_samples/a6b38c76200143cc9b665ff8a3d4e339.png,ebf4f635a17d10d6eb46ba680b70142419aa3220f228001a036d311a22ee9d2a,inventory_only,,,,False,,,NO
backend/uploads/kn7/rnd_samples/a6c2a268b4424ffdade372077b587ee5.png,ebf4f635a17d10d6eb46ba680b70142419aa3220f228001a036d311a22ee9d2a,inventory_only,,,,False,,,NO
backend/uploads/kn7/rnd_samples/a72c0523162d46d79e3bac31950a0f6a.png,ebf4f635a17d10d6eb46ba680b70142419aa3220f228001a036d311a22ee9d2a,inventory_only,,,,False,,,NO
backend/uploads/kn7/rnd_samples/a7822722b9fd45e1b227a538f21722ce.png,ebf4f635a17d10d6eb46ba680b70142419aa3220f228001a036d311a22ee9d2a,inventory_only,,,,False,,,NO
backend/uploads/kn7/rnd_samples/a790037e450d4032847dfdf76979dd31.png,ebf4f635a17d10d6eb46ba680b70142419aa3220f228001a036d311a22ee9d2a,inventory_only,,,,False,,,NO
backend/uploads/kn7/rnd_samples/a7ac92dd217348e9ae3c774cb4f0a87e.png,ebf4f635a17d10d6eb46ba680b70142419aa3220f228001a036d311a22ee9d2a,inventory_only,,,,False,,,NO
backend/uploads/kn7/rnd_samples/a7b23fab267b4882b68b4e8430fc9cad.png,ebf4f635a17d10d6eb46ba680b70142419aa3220f228001a036d311a22ee9d2a,inventory_only,,,,False,,,NO
backend/uploads/kn7/rnd_samples/a7dd4cb2c2164759a75cf3191fe882a9.png,ebf4f635a17d10d6eb46ba680b70142419aa3220f228001a036d311a22ee9d2a,inventory_only,,,,False,,,NO
backend/uploads/kn7/rnd_samples/a7e019439e374f97a698d47337697f45.png,ebf4f635a17d10d6eb46ba680b70142419aa3220f228001a036d311a22ee9d2a,inventory_only,,,,False,,,NO
backend/uploads/kn7/rnd_samples/a84502a1b1744ae99489b05efaa61873.png,ebf4f635a17d10d6eb46ba680b70142419aa3220f228001a036d311a22ee9d2a,inventory_only,,,,False,,,NO
backend/uploads/kn7/rnd_samples/a84c8beae0ab46b6bfe76cc52d3893d4.png,ebf4f635a17d10d6eb46ba680b70142419aa3220f228001a036d311a22ee9d2a,inventory_only,,,,False,,,NO
backend/uploads/kn7/rnd_samples/a881b22a6e204d448e618e48c397eccb.png,ebf4f635a17d10d6eb46ba680b70142419aa3220f228001a036d311a22ee9d2a,inventory_only,,,,False,,,NO
backend/uploads/kn7/rnd_samples/a8ccf7062c7d4a6d90fb1699d67ff35c.png,ebf4f635a17d10d6eb46ba680b70142419aa3220f228001a036d311a22ee9d2a,inventory_only,,,,False,,,NO
backend/uploads/kn7/rnd_samples/a8dc5437ccf647a787452dd080d155ea.png,ebf4f635a17d10d6eb46ba680b70142419aa3220f228001a036d311a22ee9d2a,inventory_only,,,,False,,,NO
backend/uploads/kn7/rnd_samples/a8f1123bc9dd49f0a0c43a2f4a0c5744.png,ebf4f635a17d10d6eb46ba680b70142419aa3220f228001a036d311a22ee9d2a,inventory_only,,,,False,,,NO
backend/uploads/kn7/rnd_samples/a908df05c1e8495d8f47dab67592d3da.png,ebf4f635a17d10d6eb46ba680b70142419aa3220f228001a036d311a22ee9d2a,inventory_only,,,,False,,,NO
backend/uploads/kn7/rnd_samples/a971f7ab10124fffb3337cb99234404e.png,ebf4f635a17d10d6eb46ba680b70142419aa3220f228001a036d311a22ee9d2a,inventory_only,,,,False,,,NO
backend/uploads/kn7/rnd_samples/a99ee7c3b7684e4bbef79d83fc158fe2.png,ebf4f635a17d10d6eb46ba680b70142419aa3220f228001a036d311a22ee9d2a,inventory_only,,,,False,,,NO
backend/uploads/kn7/rnd_samples/a9aeca9aa79f4f069833df8e2126af1e.png,ebf4f635a17d10d6eb46ba680b70142419aa3220f228001a036d311a22ee9d2a,inventory_only,,,,False,,,NO
backend/uploads/kn7/rnd_samples/a9badbb4773949dfac1400d0715cdc93.png,ebf4f635a17d10d6eb46ba680b70142419aa3220f228001a036d311a22ee9d2a,inventory_only,,,,False,,,NO
backend/uploads/kn7/rnd_samples/a9bfe6cb124849b4bff80c729f8988d0.png,ebf4f635a17d10d6eb46ba680b70142419aa3220f228001a036d311a22ee9d2a,inventory_only,,,,False,,,NO
backend/uploads/kn7/rnd_samples/aa1d0ae3ce3d4c0e8043bc44808073ab.png,ebf4f635a17d10d6eb46ba680b70142419aa3220f228001a036d311a22ee9d2a,inventory_only,,,,False,,,NO
backend/uploads/kn7/rnd_samples/aaa65d96bf66491d94eae59629ce9d8d.png,ebf4f635a17d10d6eb46ba680b70142419aa3220f228001a036d311a22ee9d2a,inventory_only,,,,False,,,NO
backend/uploads/kn7/rnd_samples/aac0c7847ca740478ddad12488262b4b.png,ebf4f635a17d10d6eb46ba680b70142419aa3220f228001a036d311a22ee9d2a,inventory_only,,,,False,,,NO
backend/uploads/kn7/rnd_samples/aae8dcf32db248a6a593ca2b8adaae43.png,ebf4f635a17d10d6eb46ba680b70142419aa3220f228001a036d311a22ee9d2a,inventory_only,,,,False,,,NO
backend/uploads/kn7/rnd_samples/aaf36f3715a34b12b1ce1ed40f2a9584.png,ebf4f635a17d10d6eb46ba680b70142419aa3220f228001a036d311a22ee9d2a,inventory_only,,,,False,,,NO
backend/uploads/kn7/rnd_samples/ab5d067845cd4120a5fdc2d6b1d400e7.png,ebf4f635a17d10d6eb46ba680b70142419aa3220f228001a036d311a22ee9d2a,inventory_only,,,,False,,,NO
backend/uploads/kn7/rnd_samples/ab67255fe76f4c0ea2ff9497455b3d05.png,ebf4f635a17d10d6eb46ba680b70142419aa3220f228001a036d311a22ee9d2a,inventory_only,,,,False,,,NO
backend/uploads/kn7/rnd_samples/ac0e1cc56afa43e5b025ef42aa3f3135.png,ebf4f635a17d10d6eb46ba680b70142419aa3220f228001a036d311a22ee9d2a,inventory_only,,,,False,,,NO
backend/uploads/kn7/rnd_samples/ac128500dea74516bee07fc0e0955820.png,ebf4f635a17d10d6eb46ba680b70142419aa3220f228001a036d311a22ee9d2a,inventory_only,,,,False,,,NO
backend/uploads/kn7/rnd_samples/ac374a2a66a04019985dbcd16aea3089.png,ebf4f635a17d10d6eb46ba680b70142419aa3220f228001a036d311a22ee9d2a,inventory_only,,,,False,,,NO
backend/uploads/kn7/rnd_samples/ac76bfa151d84374a0d5d6f83fb2ca25.png,ebf4f635a17d10d6eb46ba680b70142419aa3220f228001a036d311a22ee9d2a,inventory_only,,,,False,,,NO
backend/uploads/kn7/rnd_samples/ac79aa28e99e4b56bccfa781844e5a12.png,ebf4f635a17d10d6eb46ba680b70142419aa3220f228001a036d311a22ee9d2a,inventory_only,,,,False,,,NO
backend/uploads/kn7/rnd_samples/ac7cf9760c664b3399c6a01f78675253.png,ebf4f635a17d10d6eb46ba680b70142419aa3220f228001a036d311a22ee9d2a,inventory_only,,,,False,,,NO
backend/uploads/kn7/rnd_samples/ac8a6c5e95c34620a0a548e71583a5a3.png,ebf4f635a17d10d6eb46ba680b70142419aa3220f228001a036d311a22ee9d2a,inventory_only,,,,False,,,NO
backend/uploads/kn7/rnd_samples/aca555f72b49473d916cd2280f870435.png,ebf4f635a17d10d6eb46ba680b70142419aa3220f228001a036d311a22ee9d2a,inventory_only,,,,False,,,NO
backend/uploads/kn7/rnd_samples/acb0b1081992407a9e9356300377287d.png,ebf4f635a17d10d6eb46ba680b70142419aa3220f228001a036d311a22ee9d2a,inventory_only,,,,False,,,NO
backend/uploads/kn7/rnd_samples/ad50f9711bed46eca8bab4d46a8f59a5.png,ebf4f635a17d10d6eb46ba680b70142419aa3220f228001a036d311a22ee9d2a,inventory_only,,,,False,,,NO
backend/uploads/kn7/rnd_samples/adb973e0a11149fcb9b38478c687e0f2.png,ebf4f635a17d10d6eb46ba680b70142419aa3220f228001a036d311a22ee9d2a,inventory_only,,,,False,,,NO
backend/uploads/kn7/rnd_samples/adfaf3f5dfcd4065ad59d2f05245183b.png,ebf4f635a17d10d6eb46ba680b70142419aa3220f228001a036d311a22ee9d2a,inventory_only,,,,False,,,NO
backend/uploads/kn7/rnd_samples/ae0990cb361d4b6b8bc2946f52302aca.png,ebf4f635a17d10d6eb46ba680b70142419aa3220f228001a036d311a22ee9d2a,inventory_only,,,,False,,,NO
backend/uploads/kn7/rnd_samples/ae326ef1cfbf4f21a242f9cf34b4c063.png,ebf4f635a17d10d6eb46ba680b70142419aa3220f228001a036d311a22ee9d2a,inventory_only,,,,False,,,NO
backend/uploads/kn7/rnd_samples/ae80a1c76da14ea5a353b1fdd6a0ba75.png,ebf4f635a17d10d6eb46ba680b70142419aa3220f228001a036d311a22ee9d2a,inventory_only,,,,False,,,NO
backend/uploads/kn7/rnd_samples/ae90fd8d942e43bcbafb31e905aa62e1.png,ebf4f635a17d10d6eb46ba680b70142419aa3220f228001a036d311a22ee9d2a,inventory_only,,,,False,,,NO
backend/uploads/kn7/rnd_samples/aebfc90dce7b447d8d4d5a5924bbff4a.png,ebf4f635a17d10d6eb46ba680b70142419aa3220f228001a036d311a22ee9d2a,inventory_only,,,,False,,,NO
backend/uploads/kn7/rnd_samples/af2da091c1e549b69fb958cddb577f93.png,ebf4f635a17d10d6eb46ba680b70142419aa3220f228001a036d311a22ee9d2a,inventory_only,,,,False,,,NO
backend/uploads/kn7/rnd_samples/af4447dba82a4bcf945d693c4785bd19.png,ebf4f635a17d10d6eb46ba680b70142419aa3220f228001a036d311a22ee9d2a,inventory_only,,,,False,,,NO
backend/uploads/kn7/rnd_samples/af5b994960744fb48597da32551a27f8.png,ebf4f635a17d10d6eb46ba680b70142419aa3220f228001a036d311a22ee9d2a,inventory_only,,,,False,,,NO
backend/uploads/kn7/rnd_samples/afa283c626ec4b148674b96d1a728e9b.png,ebf4f635a17d10d6eb46ba680b70142419aa3220f228001a036d311a22ee9d2a,inventory_only,,,,False,,,NO
backend/uploads/kn7/rnd_samples/afaef273359b4008ace085eefb8848aa.png,ebf4f635a17d10d6eb46ba680b70142419aa3220f228001a036d311a22ee9d2a,inventory_only,,,,False,,,NO
backend/uploads/kn7/rnd_samples/afcfaf63b13b41aa857e354772faa665.png,ebf4f635a17d10d6eb46ba680b70142419aa3220f228001a036d311a22ee9d2a,inventory_only,,,,False,,,NO
backend/uploads/kn7/rnd_samples/aff0df828da14de1a13043f75c98a061.png,ebf4f635a17d10d6eb46ba680b70142419aa3220f228001a036d311a22ee9d2a,inventory_only,,,,False,,,NO
backend/uploads/kn7/rnd_samples/b030ba8bb8c34f29a28e93166f31b628.png,ebf4f635a17d10d6eb46ba680b70142419aa3220f228001a036d311a22ee9d2a,inventory_only,,,,False,,,NO
backend/uploads/kn7/rnd_samples/b055107ab51f43bbb9cf1a6c9e29205d.png,ebf4f635a17d10d6eb46ba680b70142419aa3220f228001a036d311a22ee9d2a,inventory_only,,,,False,,,NO
backend/uploads/kn7/rnd_samples/b058ea497f66424daa85fb29677b6a69.png,ebf4f635a17d10d6eb46ba680b70142419aa3220f228001a036d311a22ee9d2a,inventory_only,,,,False,,,NO
backend/uploads/kn7/rnd_samples/b059c77ead3b48818728699fe563f91b.png,ebf4f635a17d10d6eb46ba680b70142419aa3220f228001a036d311a22ee9d2a,inventory_only,,,,False,,,NO
backend/uploads/kn7/rnd_samples/b07052f98a8f497d936094af33c40fd2.png,ebf4f635a17d10d6eb46ba680b70142419aa3220f228001a036d311a22ee9d2a,inventory_only,,,,False,,,NO
backend/uploads/kn7/rnd_samples/b08e1863d01248a69559a9581c90d503.png,ebf4f635a17d10d6eb46ba680b70142419aa3220f228001a036d311a22ee9d2a,inventory_only,,,,False,,,NO
backend/uploads/kn7/rnd_samples/b0c1a74f9e0441d1806c41e6a9e0c074.png,ebf4f635a17d10d6eb46ba680b70142419aa3220f228001a036d311a22ee9d2a,inventory_only,,,,False,,,NO
backend/uploads/kn7/rnd_samples/b0e6281ae4c14be69beec94ba5227092.png,ebf4f635a17d10d6eb46ba680b70142419aa3220f228001a036d311a22ee9d2a,inventory_only,,,,False,,,NO
backend/uploads/kn7/rnd_samples/b11def392a7849cf9f2f888273469622.png,ebf4f635a17d10d6eb46ba680b70142419aa3220f228001a036d311a22ee9d2a,inventory_only,,,,False,,,NO
backend/uploads/kn7/rnd_samples/b12f5307dd544a9eaa3586b0fa661633.png,ebf4f635a17d10d6eb46ba680b70142419aa3220f228001a036d311a22ee9d2a,inventory_only,,,,False,,,NO
backend/uploads/kn7/rnd_samples/b16fe12fb2e8457da0ccb952d5ba8654.png,ebf4f635a17d10d6eb46ba680b70142419aa3220f228001a036d311a22ee9d2a,inventory_only,,,,False,,,NO
backend/uploads/kn7/rnd_samples/b1d33959a08643d9a3a381e853586294.png,ebf4f635a17d10d6eb46ba680b70142419aa3220f228001a036d311a22ee9d2a,inventory_only,,,,False,,,NO
backend/uploads/kn7/rnd_samples/b2024c29c51143ef8c4626e29953a4ed.png,ebf4f635a17d10d6eb46ba680b70142419aa3220f228001a036d311a22ee9d2a,inventory_only,,,,False,,,NO
backend/uploads/kn7/rnd_samples/b244a70109a64615883fc836fe66861b.png,ebf4f635a17d10d6eb46ba680b70142419aa3220f228001a036d311a22ee9d2a,inventory_only,,,,False,,,NO
backend/uploads/kn7/rnd_samples/b245943c4c1e4a86b19601db7c209d08.png,ebf4f635a17d10d6eb46ba680b70142419aa3220f228001a036d311a22ee9d2a,inventory_only,,,,False,,,NO
backend/uploads/kn7/rnd_samples/b2897f95924d495f807dba6511841df5.png,ebf4f635a17d10d6eb46ba680b70142419aa3220f228001a036d311a22ee9d2a,inventory_only,,,,False,,,NO
backend/uploads/kn7/rnd_samples/b296cd4701714d3faee09ac9e4cf8aa0.png,ebf4f635a17d10d6eb46ba680b70142419aa3220f228001a036d311a22ee9d2a,inventory_only,,,,False,,,NO
backend/uploads/kn7/rnd_samples/b2b618876bd04a5aae346b19ec9139d4.png,ebf4f635a17d10d6eb46ba680b70142419aa3220f228001a036d311a22ee9d2a,inventory_only,,,,False,,,NO
backend/uploads/kn7/rnd_samples/b2d853289898486d9e6092e9217eb22e.png,ebf4f635a17d10d6eb46ba680b70142419aa3220f228001a036d311a22ee9d2a,inventory_only,,,,False,,,NO
backend/uploads/kn7/rnd_samples/b32bcb22c2784455ac82951d161697f8.png,ebf4f635a17d10d6eb46ba680b70142419aa3220f228001a036d311a22ee9d2a,inventory_only,,,,False,,,NO
backend/uploads/kn7/rnd_samples/b32cc6461070423cb8fc105a5cf28db7.png,ebf4f635a17d10d6eb46ba680b70142419aa3220f228001a036d311a22ee9d2a,inventory_only,,,,False,,,NO
backend/uploads/kn7/rnd_samples/b3478b0dc1e64b09ba828d3d0b65665c.png,ebf4f635a17d10d6eb46ba680b70142419aa3220f228001a036d311a22ee9d2a,inventory_only,,,,False,,,NO
backend/uploads/kn7/rnd_samples/b36109bafc5f41589b5ec57f443af24b.png,ebf4f635a17d10d6eb46ba680b70142419aa3220f228001a036d311a22ee9d2a,inventory_only,,,,False,,,NO
backend/uploads/kn7/rnd_samples/b3a9b2393d254bd38103d862b88491bd.png,ebf4f635a17d10d6eb46ba680b70142419aa3220f228001a036d311a22ee9d2a,inventory_only,,,,False,,,NO
backend/uploads/kn7/rnd_samples/b3ddfa24012146f38bee8f3f4f7abe4c.png,ebf4f635a17d10d6eb46ba680b70142419aa3220f228001a036d311a22ee9d2a,inventory_only,,,,False,,,NO
backend/uploads/kn7/rnd_samples/b3e019bc1e734456b19340b1adb9cef4.png,ebf4f635a17d10d6eb46ba680b70142419aa3220f228001a036d311a22ee9d2a,inventory_only,,,,False,,,NO
backend/uploads/kn7/rnd_samples/b3ec4a9c16d2424fa84e88a55ec29978.png,ebf4f635a17d10d6eb46ba680b70142419aa3220f228001a036d311a22ee9d2a,inventory_only,,,,False,,,NO
backend/uploads/kn7/rnd_samples/b40fa9215f094e50b555bc52390aa29c.png,ebf4f635a17d10d6eb46ba680b70142419aa3220f228001a036d311a22ee9d2a,inventory_only,,,,False,,,NO
backend/uploads/kn7/rnd_samples/b419f686188a4dddb5127be26b6542ec.png,ebf4f635a17d10d6eb46ba680b70142419aa3220f228001a036d311a22ee9d2a,inventory_only,,,,False,,,NO
backend/uploads/kn7/rnd_samples/b4285a36e64b4ced97a8403421390d17.png,ebf4f635a17d10d6eb46ba680b70142419aa3220f228001a036d311a22ee9d2a,inventory_only,,,,False,,,NO
backend/uploads/kn7/rnd_samples/b42981ac78e94eeb8e29381b18b451d7.png,cfe84775504b1ec482883c556b4572ddd11430766d35899a339ababfe2c283b9,inventory_only,,,,False,,,NO
backend/uploads/kn7/rnd_samples/b4515803a1354661872772784780ed97.png,ebf4f635a17d10d6eb46ba680b70142419aa3220f228001a036d311a22ee9d2a,inventory_only,,,,False,,,NO
backend/uploads/kn7/rnd_samples/b4ae245c6ada41a2b54cb9383b34166a.png,ebf4f635a17d10d6eb46ba680b70142419aa3220f228001a036d311a22ee9d2a,inventory_only,,,,False,,,NO
backend/uploads/kn7/rnd_samples/b4ba9a6a5c454f41a83e3669f87fc943.png,ebf4f635a17d10d6eb46ba680b70142419aa3220f228001a036d311a22ee9d2a,inventory_only,,,,False,,,NO
backend/uploads/kn7/rnd_samples/b4d7eb3eab0c42a6a6ca210687d5aa32.png,ebf4f635a17d10d6eb46ba680b70142419aa3220f228001a036d311a22ee9d2a,inventory_only,,,,False,,,NO
backend/uploads/kn7/rnd_samples/b5742312f035440c845f9696065f55d5.png,ebf4f635a17d10d6eb46ba680b70142419aa3220f228001a036d311a22ee9d2a,inventory_only,,,,False,,,NO
backend/uploads/kn7/rnd_samples/b5950142c5eb44c680ee8a9b0a8ff046.png,ebf4f635a17d10d6eb46ba680b70142419aa3220f228001a036d311a22ee9d2a,inventory_only,,,,False,,,NO
backend/uploads/kn7/rnd_samples/b5a1a8c433474ce58e808ec9bff96b43.png,ebf4f635a17d10d6eb46ba680b70142419aa3220f228001a036d311a22ee9d2a,inventory_only,,,,False,,,NO
backend/uploads/kn7/rnd_samples/b5ac0a81e122404ab706b5b2026ea75a.png,ebf4f635a17d10d6eb46ba680b70142419aa3220f228001a036d311a22ee9d2a,inventory_only,,,,False,,,NO
backend/uploads/kn7/rnd_samples/b5c0d7f0f29a40fa93674aba4284c11a.png,ebf4f635a17d10d6eb46ba680b70142419aa3220f228001a036d311a22ee9d2a,inventory_only,,,,False,,,NO
backend/uploads/kn7/rnd_samples/b5e18efdb19046cd97ad0dd81eca4e49.png,1b1aae7a4f03a6bdbe79272acf6b03dfe234729e442150a0f4dd58294d27df3a,inventory_only,,,,False,,,NO
backend/uploads/kn7/rnd_samples/b6261c04653f4e979356eee62b7a85e6.png,ebf4f635a17d10d6eb46ba680b70142419aa3220f228001a036d311a22ee9d2a,inventory_only,,,,False,,,NO
backend/uploads/kn7/rnd_samples/b6bb2def177346c6bd3f36dc5ed47c3f.png,ebf4f635a17d10d6eb46ba680b70142419aa3220f228001a036d311a22ee9d2a,inventory_only,,,,False,,,NO
backend/uploads/kn7/rnd_samples/b6bd85a34be440e991a1506c81f61f66.png,ebf4f635a17d10d6eb46ba680b70142419aa3220f228001a036d311a22ee9d2a,inventory_only,,,,False,,,NO
backend/uploads/kn7/rnd_samples/b6cf31b286c94374b3889acb132b4c80.png,ebf4f635a17d10d6eb46ba680b70142419aa3220f228001a036d311a22ee9d2a,inventory_only,,,,False,,,NO
backend/uploads/kn7/rnd_samples/b75aefa1cf7747418922b1c5b3a07d3b.png,ebf4f635a17d10d6eb46ba680b70142419aa3220f228001a036d311a22ee9d2a,inventory_only,,,,False,,,NO
backend/uploads/kn7/rnd_samples/b770797c7c994debbaf09523c1fdf093.png,ebf4f635a17d10d6eb46ba680b70142419aa3220f228001a036d311a22ee9d2a,inventory_only,,,,False,,,NO
backend/uploads/kn7/rnd_samples/b77baea1940d48ebbeb848cf328632ee.png,ebf4f635a17d10d6eb46ba680b70142419aa3220f228001a036d311a22ee9d2a,inventory_only,,,,False,,,NO
backend/uploads/kn7/rnd_samples/b7baced0ecbf4154affff9a563820176.png,ebf4f635a17d10d6eb46ba680b70142419aa3220f228001a036d311a22ee9d2a,inventory_only,,,,False,,,NO
backend/uploads/kn7/rnd_samples/b7c2bb26fa1443a18c446eaf43d9bd0b.png,ebf4f635a17d10d6eb46ba680b70142419aa3220f228001a036d311a22ee9d2a,inventory_only,,,,False,,,NO
backend/uploads/kn7/rnd_samples/b7c4111c749a4d548972018ad7dbeab7.png,ebf4f635a17d10d6eb46ba680b70142419aa3220f228001a036d311a22ee9d2a,inventory_only,,,,False,,,NO
backend/uploads/kn7/rnd_samples/b7c58e9b8d91472dac84aaca53df5e16.png,ebf4f635a17d10d6eb46ba680b70142419aa3220f228001a036d311a22ee9d2a,inventory_only,,,,False,,,NO
backend/uploads/kn7/rnd_samples/b7db529ccf1746a3b514d0d1f8dab326.png,ebf4f635a17d10d6eb46ba680b70142419aa3220f228001a036d311a22ee9d2a,inventory_only,,,,False,,,NO
backend/uploads/kn7/rnd_samples/b7fa00f49d104c828a31fba603cc476c.png,ebf4f635a17d10d6eb46ba680b70142419aa3220f228001a036d311a22ee9d2a,inventory_only,,,,False,,,NO
backend/uploads/kn7/rnd_samples/b816b20feac443dfa482c05e5015a0f6.png,ebf4f635a17d10d6eb46ba680b70142419aa3220f228001a036d311a22ee9d2a,inventory_only,,,,False,,,NO
backend/uploads/kn7/rnd_samples/b81ec9ca1840418dac23baf276fee21a.png,ebf4f635a17d10d6eb46ba680b70142419aa3220f228001a036d311a22ee9d2a,inventory_only,,,,False,,,NO
backend/uploads/kn7/rnd_samples/b825ab30a3f344fb8b58385585e5b7a4.png,ebf4f635a17d10d6eb46ba680b70142419aa3220f228001a036d311a22ee9d2a,inventory_only,,,,False,,,NO
backend/uploads/kn7/rnd_samples/b877347b5a2d4df684287b89a32f9094.png,ebf4f635a17d10d6eb46ba680b70142419aa3220f228001a036d311a22ee9d2a,inventory_only,,,,False,,,NO
backend/uploads/kn7/rnd_samples/b8b21bd39c18465799c176b41f77f9c2.png,ebf4f635a17d10d6eb46ba680b70142419aa3220f228001a036d311a22ee9d2a,inventory_only,,,,False,,,NO
backend/uploads/kn7/rnd_samples/b8d98956fae34a488cdd9cab531b64dd.png,ebf4f635a17d10d6eb46ba680b70142419aa3220f228001a036d311a22ee9d2a,inventory_only,,,,False,,,NO
backend/uploads/kn7/rnd_samples/b94d0558e0984dd3b315e719b245b3be.png,ebf4f635a17d10d6eb46ba680b70142419aa3220f228001a036d311a22ee9d2a,inventory_only,,,,False,,,NO
backend/uploads/kn7/rnd_samples/b9523cb90e8e4d13b2348c479d9d9362.png,ebf4f635a17d10d6eb46ba680b70142419aa3220f228001a036d311a22ee9d2a,inventory_only,,,,False,,,NO
backend/uploads/kn7/rnd_samples/b971bbe3140e445d9f87d560785043e8.png,ebf4f635a17d10d6eb46ba680b70142419aa3220f228001a036d311a22ee9d2a,inventory_only,,,,False,,,NO
backend/uploads/kn7/rnd_samples/ba31910f2e1d4a9583cd34e7c655823e.png,ebf4f635a17d10d6eb46ba680b70142419aa3220f228001a036d311a22ee9d2a,inventory_only,,,,False,,,NO
backend/uploads/kn7/rnd_samples/ba41b3fa0f3c449d8e5e6da06f524fed.png,ebf4f635a17d10d6eb46ba680b70142419aa3220f228001a036d311a22ee9d2a,inventory_only,,,,False,,,NO
backend/uploads/kn7/rnd_samples/ba620df5f54f40fe9e7ce14e26316638.png,ebf4f635a17d10d6eb46ba680b70142419aa3220f228001a036d311a22ee9d2a,inventory_only,,,,False,,,NO
backend/uploads/kn7/rnd_samples/ba77aed76491451eaa11ecad9376ce11.png,ebf4f635a17d10d6eb46ba680b70142419aa3220f228001a036d311a22ee9d2a,inventory_only,,,,False,,,NO
backend/uploads/kn7/rnd_samples/ba7f62d7391f43c48d6ef4c217a9309d.png,ebf4f635a17d10d6eb46ba680b70142419aa3220f228001a036d311a22ee9d2a,inventory_only,,,,False,,,NO
backend/uploads/kn7/rnd_samples/bab3f1f852d94b4eb11e08c4add19366.png,ebf4f635a17d10d6eb46ba680b70142419aa3220f228001a036d311a22ee9d2a,inventory_only,,,,False,,,NO
backend/uploads/kn7/rnd_samples/bae3c750284d45d7b60c5e3d47af4c53.png,1b1aae7a4f03a6bdbe79272acf6b03dfe234729e442150a0f4dd58294d27df3a,inventory_only,,,,False,,,NO
backend/uploads/kn7/rnd_samples/bb67130b70b24cbf9bd604cf885b367b.png,1b1aae7a4f03a6bdbe79272acf6b03dfe234729e442150a0f4dd58294d27df3a,inventory_only,,,,False,,,NO
backend/uploads/kn7/rnd_samples/bb671819216e49d69f7c952f5d6f6822.png,ebf4f635a17d10d6eb46ba680b70142419aa3220f228001a036d311a22ee9d2a,inventory_only,,,,False,,,NO
backend/uploads/kn7/rnd_samples/bbac928f56d54cb3b077530ad64e4455.png,ebf4f635a17d10d6eb46ba680b70142419aa3220f228001a036d311a22ee9d2a,inventory_only,,,,False,,,NO
backend/uploads/kn7/rnd_samples/bbb0d0b91b1f43a6a21c00aa5eae1d43.png,ebf4f635a17d10d6eb46ba680b70142419aa3220f228001a036d311a22ee9d2a,inventory_only,,,,False,,,NO
backend/uploads/kn7/rnd_samples/bbc5682901894f129b36c71b9ee34856.png,ebf4f635a17d10d6eb46ba680b70142419aa3220f228001a036d311a22ee9d2a,inventory_only,,,,False,,,NO
backend/uploads/kn7/rnd_samples/bc1a914d1a3145348931498ace1295ca.png,ebf4f635a17d10d6eb46ba680b70142419aa3220f228001a036d311a22ee9d2a,inventory_only,,,,False,,,NO
backend/uploads/kn7/rnd_samples/bc25a92e415e4094b5a4f578db001a34.png,e5c6d93687ceccd5ea1a057cfa35799800e651a34c519d4d73580b80a14cbd86,inventory_only,,,,False,,,NO
backend/uploads/kn7/rnd_samples/bc7c688e9d0d4266818abe1694913ec5.png,ebf4f635a17d10d6eb46ba680b70142419aa3220f228001a036d311a22ee9d2a,inventory_only,,,,False,,,NO
backend/uploads/kn7/rnd_samples/bcad1ceb468e408895f92a12c595b0d2.png,ebf4f635a17d10d6eb46ba680b70142419aa3220f228001a036d311a22ee9d2a,inventory_only,,,,False,,,NO
backend/uploads/kn7/rnd_samples/bcfdb30625de4ec2b933500fb461f57c.png,ebf4f635a17d10d6eb46ba680b70142419aa3220f228001a036d311a22ee9d2a,inventory_only,,,,False,,,NO
backend/uploads/kn7/rnd_samples/bd351f84d74345e29d3e94b77c326fc3.png,ebf4f635a17d10d6eb46ba680b70142419aa3220f228001a036d311a22ee9d2a,inventory_only,,,,False,,,NO
backend/uploads/kn7/rnd_samples/bd642c00acfc4d4e966bf518e23ed14d.png,ebf4f635a17d10d6eb46ba680b70142419aa3220f228001a036d311a22ee9d2a,inventory_only,,,,False,,,NO
backend/uploads/kn7/rnd_samples/bd79d50a260f445a87ffae3f76714d7b.png,ebf4f635a17d10d6eb46ba680b70142419aa3220f228001a036d311a22ee9d2a,inventory_only,,,,False,,,NO
backend/uploads/kn7/rnd_samples/bdb0473e98174c02ba381a53b433bb7d.png,ebf4f635a17d10d6eb46ba680b70142419aa3220f228001a036d311a22ee9d2a,inventory_only,,,,False,,,NO
backend/uploads/kn7/rnd_samples/bdb0cb15be0f4b69b48cf8743dbe0164.png,ebf4f635a17d10d6eb46ba680b70142419aa3220f228001a036d311a22ee9d2a,inventory_only,,,,False,,,NO
backend/uploads/kn7/rnd_samples/bdc0b1b5ee6e44c1bee1dedac2fcc186.png,ebf4f635a17d10d6eb46ba680b70142419aa3220f228001a036d311a22ee9d2a,inventory_only,,,,False,,,NO
backend/uploads/kn7/rnd_samples/bec01242d3724312a005119c31891591.png,ebf4f635a17d10d6eb46ba680b70142419aa3220f228001a036d311a22ee9d2a,inventory_only,,,,False,,,NO
backend/uploads/kn7/rnd_samples/bef310e48e8d48ce93212ba521dec2da.png,ebf4f635a17d10d6eb46ba680b70142419aa3220f228001a036d311a22ee9d2a,inventory_only,,,,False,,,NO
backend/uploads/kn7/rnd_samples/bf0aa33a43ce426cb6bce4146d689202.png,ebf4f635a17d10d6eb46ba680b70142419aa3220f228001a036d311a22ee9d2a,inventory_only,,,,False,,,NO
backend/uploads/kn7/rnd_samples/bf14110add7c423ba7a53de759db9988.png,ebf4f635a17d10d6eb46ba680b70142419aa3220f228001a036d311a22ee9d2a,inventory_only,,,,False,,,NO
backend/uploads/kn7/rnd_samples/bf49591845474d9e9ccec135ed8e3072.png,ebf4f635a17d10d6eb46ba680b70142419aa3220f228001a036d311a22ee9d2a,inventory_only,,,,False,,,NO
backend/uploads/kn7/rnd_samples/bf626e7d35bc47658762c08858947786.png,ebf4f635a17d10d6eb46ba680b70142419aa3220f228001a036d311a22ee9d2a,inventory_only,,,,False,,,NO
backend/uploads/kn7/rnd_samples/bf7eae76a8dc40529596ef18ce382616.png,ebf4f635a17d10d6eb46ba680b70142419aa3220f228001a036d311a22ee9d2a,inventory_only,,,,False,,,NO
backend/uploads/kn7/rnd_samples/bf838b9d9b364c3e8aab8a15ae7f188f.png,ebf4f635a17d10d6eb46ba680b70142419aa3220f228001a036d311a22ee9d2a,inventory_only,,,,False,,,NO
backend/uploads/kn7/rnd_samples/bfc3e5d725e44da5bbd8fecbc8b144b5.png,ebf4f635a17d10d6eb46ba680b70142419aa3220f228001a036d311a22ee9d2a,inventory_only,,,,False,,,NO
backend/uploads/kn7/rnd_samples/bfdbf2b8332b4cbfacb41e8cf923a49e.png,ebf4f635a17d10d6eb46ba680b70142419aa3220f228001a036d311a22ee9d2a,inventory_only,,,,False,,,NO
backend/uploads/kn7/rnd_samples/bffd3b9b05784ecc8cd0219cfd00d681.png,ebf4f635a17d10d6eb46ba680b70142419aa3220f228001a036d311a22ee9d2a,inventory_only,,,,False,,,NO
backend/uploads/kn7/rnd_samples/c015dd7470e646c18767b9f989071e16.png,ebf4f635a17d10d6eb46ba680b70142419aa3220f228001a036d311a22ee9d2a,inventory_only,,,,False,,,NO
backend/uploads/kn7/rnd_samples/c02cb0ca17c14e788311f8b87458e575.png,ebf4f635a17d10d6eb46ba680b70142419aa3220f228001a036d311a22ee9d2a,inventory_only,,,,False,,,NO
backend/uploads/kn7/rnd_samples/c041dc0c481e4dd5b5e7b6d4b11bf5cc.png,ebf4f635a17d10d6eb46ba680b70142419aa3220f228001a036d311a22ee9d2a,inventory_only,,,,False,,,NO
backend/uploads/kn7/rnd_samples/c049d216769e404887b8aa93b99db333.png,ebf4f635a17d10d6eb46ba680b70142419aa3220f228001a036d311a22ee9d2a,inventory_only,,,,False,,,NO
backend/uploads/kn7/rnd_samples/c0679c061a484b51b78a8945d92a0578.png,ebf4f635a17d10d6eb46ba680b70142419aa3220f228001a036d311a22ee9d2a,inventory_only,,,,False,,,NO
backend/uploads/kn7/rnd_samples/c06f319d1b24458dbc7d1a589f1b3be3.png,ebf4f635a17d10d6eb46ba680b70142419aa3220f228001a036d311a22ee9d2a,inventory_only,,,,False,,,NO
backend/uploads/kn7/rnd_samples/c0c244ea6284408792c42a5f4767856b.png,ebf4f635a17d10d6eb46ba680b70142419aa3220f228001a036d311a22ee9d2a,inventory_only,,,,False,,,NO
backend/uploads/kn7/rnd_samples/c0f984f9bb4747b9bf0640f7e88fe762.png,ebf4f635a17d10d6eb46ba680b70142419aa3220f228001a036d311a22ee9d2a,inventory_only,,,,False,,,NO
backend/uploads/kn7/rnd_samples/c10e4da7e8ca4ff0b700d404368f9fcc.png,ebf4f635a17d10d6eb46ba680b70142419aa3220f228001a036d311a22ee9d2a,inventory_only,,,,False,,,NO
backend/uploads/kn7/rnd_samples/c1432ea44b954179bc796d1dd137958d.png,ebf4f635a17d10d6eb46ba680b70142419aa3220f228001a036d311a22ee9d2a,inventory_only,,,,False,,,NO
backend/uploads/kn7/rnd_samples/c14b9df2fabe449889631b6038c40e29.png,ebf4f635a17d10d6eb46ba680b70142419aa3220f228001a036d311a22ee9d2a,inventory_only,,,,False,,,NO
backend/uploads/kn7/rnd_samples/c17f8bee21ac415983738fa03735592c.png,ebf4f635a17d10d6eb46ba680b70142419aa3220f228001a036d311a22ee9d2a,inventory_only,,,,False,,,NO
backend/uploads/kn7/rnd_samples/c1d02a69efdd41b2a164e7f9fee8bfb0.png,ebf4f635a17d10d6eb46ba680b70142419aa3220f228001a036d311a22ee9d2a,inventory_only,,,,False,,,NO
backend/uploads/kn7/rnd_samples/c1f895cb823e4706ae04fa9b4f91217b.png,ebf4f635a17d10d6eb46ba680b70142419aa3220f228001a036d311a22ee9d2a,inventory_only,,,,False,,,NO
backend/uploads/kn7/rnd_samples/c2185a7b037a42cd941c90b2598cb78f.png,ebf4f635a17d10d6eb46ba680b70142419aa3220f228001a036d311a22ee9d2a,inventory_only,,,,False,,,NO
backend/uploads/kn7/rnd_samples/c21fe86978294c45871a02513e56f879.png,ebf4f635a17d10d6eb46ba680b70142419aa3220f228001a036d311a22ee9d2a,inventory_only,,,,False,,,NO
backend/uploads/kn7/rnd_samples/c220fb2f605d4791bc3d9b8e622f7785.png,ebf4f635a17d10d6eb46ba680b70142419aa3220f228001a036d311a22ee9d2a,inventory_only,,,,False,,,NO
backend/uploads/kn7/rnd_samples/c230ac7cf5644a438e39ee2cdb45c686.png,ebf4f635a17d10d6eb46ba680b70142419aa3220f228001a036d311a22ee9d2a,inventory_only,,,,False,,,NO
backend/uploads/kn7/rnd_samples/c2392a847c444671846ff545c66c2322.png,ebf4f635a17d10d6eb46ba680b70142419aa3220f228001a036d311a22ee9d2a,inventory_only,,,,False,,,NO
backend/uploads/kn7/rnd_samples/c2442290499d4db194c57da52c370793.png,ebf4f635a17d10d6eb46ba680b70142419aa3220f228001a036d311a22ee9d2a,inventory_only,,,,False,,,NO
backend/uploads/kn7/rnd_samples/c279f03284cc4f03bdec2ed8e9ecae11.png,ebf4f635a17d10d6eb46ba680b70142419aa3220f228001a036d311a22ee9d2a,inventory_only,,,,False,,,NO
backend/uploads/kn7/rnd_samples/c2a41212e54e4c5f90782c909533e1fb.png,ebf4f635a17d10d6eb46ba680b70142419aa3220f228001a036d311a22ee9d2a,inventory_only,,,,False,,,NO
backend/uploads/kn7/rnd_samples/c2b4c5ac4a9c45f594bb6bad0554616c.png,ebf4f635a17d10d6eb46ba680b70142419aa3220f228001a036d311a22ee9d2a,inventory_only,,,,False,,,NO
backend/uploads/kn7/rnd_samples/c2b699830bb74c5ab33e32f04f2ebb5f.png,ebf4f635a17d10d6eb46ba680b70142419aa3220f228001a036d311a22ee9d2a,inventory_only,,,,False,,,NO
backend/uploads/kn7/rnd_samples/c2c20ee5532547659870397e16f0f055.png,ebf4f635a17d10d6eb46ba680b70142419aa3220f228001a036d311a22ee9d2a,inventory_only,,,,False,,,NO
backend/uploads/kn7/rnd_samples/c32ea7f011cf4f46af6db5db5bd10444.png,ebf4f635a17d10d6eb46ba680b70142419aa3220f228001a036d311a22ee9d2a,inventory_only,,,,False,,,NO
backend/uploads/kn7/rnd_samples/c34584bdf7864fff895b913e209c314d.png,ebf4f635a17d10d6eb46ba680b70142419aa3220f228001a036d311a22ee9d2a,inventory_only,,,,False,,,NO
backend/uploads/kn7/rnd_samples/c3468da98dc54b218e0c0c6bdbddcdd1.png,ebf4f635a17d10d6eb46ba680b70142419aa3220f228001a036d311a22ee9d2a,inventory_only,,,,False,,,NO
backend/uploads/kn7/rnd_samples/c375a86a0eed4191a97c90d18e9b3b14.png,ebf4f635a17d10d6eb46ba680b70142419aa3220f228001a036d311a22ee9d2a,inventory_only,,,,False,,,NO
backend/uploads/kn7/rnd_samples/c3a3501b12a443f2bca6336371d862b5.png,ebf4f635a17d10d6eb46ba680b70142419aa3220f228001a036d311a22ee9d2a,inventory_only,,,,False,,,NO
backend/uploads/kn7/rnd_samples/c3b5a583890a4bc28034ae2c098ed91f.png,ebf4f635a17d10d6eb46ba680b70142419aa3220f228001a036d311a22ee9d2a,inventory_only,,,,False,,,NO
backend/uploads/kn7/rnd_samples/c3d01719822a4cb197e2f69dda1be2f4.png,ebf4f635a17d10d6eb46ba680b70142419aa3220f228001a036d311a22ee9d2a,inventory_only,,,,False,,,NO
backend/uploads/kn7/rnd_samples/c3f76cc712b84514a27e3bd9890d5416.png,ebf4f635a17d10d6eb46ba680b70142419aa3220f228001a036d311a22ee9d2a,inventory_only,,,,False,,,NO
backend/uploads/kn7/rnd_samples/c4296429aeb148339eb1d5392b7dd311.png,ebf4f635a17d10d6eb46ba680b70142419aa3220f228001a036d311a22ee9d2a,inventory_only,,,,False,,,NO
backend/uploads/kn7/rnd_samples/c46a3a2f1e0e46fa9dad432a5b68f405.png,ebf4f635a17d10d6eb46ba680b70142419aa3220f228001a036d311a22ee9d2a,inventory_only,,,,False,,,NO
backend/uploads/kn7/rnd_samples/c4a08be2fffb4b88b7c11f3557d42eb2.png,ebf4f635a17d10d6eb46ba680b70142419aa3220f228001a036d311a22ee9d2a,inventory_only,,,,False,,,NO
backend/uploads/kn7/rnd_samples/c5252a457be6488fb3e2fe2ca8743c8e.png,ebf4f635a17d10d6eb46ba680b70142419aa3220f228001a036d311a22ee9d2a,inventory_only,,,,False,,,NO
backend/uploads/kn7/rnd_samples/c54fd149774a4113a607385c82c0aa4d.png,ebf4f635a17d10d6eb46ba680b70142419aa3220f228001a036d311a22ee9d2a,inventory_only,,,,False,,,NO
backend/uploads/kn7/rnd_samples/c61144ca65664bb7a13e9b520396cd5c.png,ebf4f635a17d10d6eb46ba680b70142419aa3220f228001a036d311a22ee9d2a,inventory_only,,,,False,,,NO
backend/uploads/kn7/rnd_samples/c616388f9ad44124b37ec122ed7eea8b.png,ebf4f635a17d10d6eb46ba680b70142419aa3220f228001a036d311a22ee9d2a,inventory_only,,,,False,,,NO
backend/uploads/kn7/rnd_samples/c69d906918c34e51bee34539150210f5.png,ebf4f635a17d10d6eb46ba680b70142419aa3220f228001a036d311a22ee9d2a,inventory_only,,,,False,,,NO
backend/uploads/kn7/rnd_samples/c6a3993bf32e4fd1af4eda22b9624486.png,ebf4f635a17d10d6eb46ba680b70142419aa3220f228001a036d311a22ee9d2a,inventory_only,,,,False,,,NO
backend/uploads/kn7/rnd_samples/c6b5a4e11e0047579aa210534e072950.png,ebf4f635a17d10d6eb46ba680b70142419aa3220f228001a036d311a22ee9d2a,inventory_only,,,,False,,,NO
backend/uploads/kn7/rnd_samples/c6c9151c67444334afc78b1241c2d79d.png,ebf4f635a17d10d6eb46ba680b70142419aa3220f228001a036d311a22ee9d2a,inventory_only,,,,False,,,NO
backend/uploads/kn7/rnd_samples/c6ca2a24f6c643a3b7a732d2e69bf1fb.png,195ea50939f6e26482c30f972b56ad262b5145087f5aab1ab23811ac3b10b865,inventory_only,,,,False,,,NO
backend/uploads/kn7/rnd_samples/c6e139ed30504e47a1b8a36251a74347.png,ebf4f635a17d10d6eb46ba680b70142419aa3220f228001a036d311a22ee9d2a,inventory_only,,,,False,,,NO
backend/uploads/kn7/rnd_samples/c6eabe470c41416e8fd3b83f5f5fc32b.png,ebf4f635a17d10d6eb46ba680b70142419aa3220f228001a036d311a22ee9d2a,inventory_only,,,,False,,,NO
backend/uploads/kn7/rnd_samples/c74f065e96bf4692bb24cbb797e9847c.png,ebf4f635a17d10d6eb46ba680b70142419aa3220f228001a036d311a22ee9d2a,inventory_only,,,,False,,,NO
backend/uploads/kn7/rnd_samples/c75e18ddc9324fa0807cb458511ed30e.png,ebf4f635a17d10d6eb46ba680b70142419aa3220f228001a036d311a22ee9d2a,inventory_only,,,,False,,,NO
backend/uploads/kn7/rnd_samples/c7bd3b7252d0475fb5bd85d0d10b09e0.png,ebf4f635a17d10d6eb46ba680b70142419aa3220f228001a036d311a22ee9d2a,inventory_only,,,,False,,,NO
backend/uploads/kn7/rnd_samples/c7cd9e9f05294d5d80b6fe89d1159609.png,ebf4f635a17d10d6eb46ba680b70142419aa3220f228001a036d311a22ee9d2a,inventory_only,,,,False,,,NO
backend/uploads/kn7/rnd_samples/c7fffc56d574459dba22ceee66afba6d.png,ebf4f635a17d10d6eb46ba680b70142419aa3220f228001a036d311a22ee9d2a,inventory_only,,,,False,,,NO
backend/uploads/kn7/rnd_samples/c81bda986df5400fbd65006be7365026.png,ebf4f635a17d10d6eb46ba680b70142419aa3220f228001a036d311a22ee9d2a,inventory_only,,,,False,,,NO
backend/uploads/kn7/rnd_samples/c823b3ad03bd4f9293f6e548872e5ad4.png,ebf4f635a17d10d6eb46ba680b70142419aa3220f228001a036d311a22ee9d2a,inventory_only,,,,False,,,NO
backend/uploads/kn7/rnd_samples/c837d7036e694caf8d6dc431acef0774.png,ebf4f635a17d10d6eb46ba680b70142419aa3220f228001a036d311a22ee9d2a,inventory_only,,,,False,,,NO
backend/uploads/kn7/rnd_samples/c856223b9b1f47cdaba78481a3a197e4.png,ebf4f635a17d10d6eb46ba680b70142419aa3220f228001a036d311a22ee9d2a,inventory_only,,,,False,,,NO
backend/uploads/kn7/rnd_samples/c89530c2ec544a68b0733399478afd12.png,ebf4f635a17d10d6eb46ba680b70142419aa3220f228001a036d311a22ee9d2a,inventory_only,,,,False,,,NO
backend/uploads/kn7/rnd_samples/c8c4d1d293174ae5a5ff07bcb29ef882.png,ebf4f635a17d10d6eb46ba680b70142419aa3220f228001a036d311a22ee9d2a,inventory_only,,,,False,,,NO
backend/uploads/kn7/rnd_samples/c8c67011c9604f2ab306c6bbe2ac5e1f.png,ebf4f635a17d10d6eb46ba680b70142419aa3220f228001a036d311a22ee9d2a,inventory_only,,,,False,,,NO
backend/uploads/kn7/rnd_samples/c9086308f69e408cac6149e03a5f5dfb.png,ebf4f635a17d10d6eb46ba680b70142419aa3220f228001a036d311a22ee9d2a,inventory_only,,,,False,,,NO
backend/uploads/kn7/rnd_samples/c916c9f882fd4458b8b46823313a2f23.png,ebf4f635a17d10d6eb46ba680b70142419aa3220f228001a036d311a22ee9d2a,inventory_only,,,,False,,,NO
backend/uploads/kn7/rnd_samples/c91a11d9d6024eb2bbee00fe27df12ab.png,ebf4f635a17d10d6eb46ba680b70142419aa3220f228001a036d311a22ee9d2a,inventory_only,,,,False,,,NO
backend/uploads/kn7/rnd_samples/c953c5430ff7414ca8211c11675668cb.png,ebf4f635a17d10d6eb46ba680b70142419aa3220f228001a036d311a22ee9d2a,inventory_only,,,,False,,,NO
backend/uploads/kn7/rnd_samples/c956b1a6d2f9486faf0519fbcbf85dc4.png,ebf4f635a17d10d6eb46ba680b70142419aa3220f228001a036d311a22ee9d2a,inventory_only,,,,False,,,NO
backend/uploads/kn7/rnd_samples/c96b67a94ac641bf89d7678c8b661cbc.png,ebf4f635a17d10d6eb46ba680b70142419aa3220f228001a036d311a22ee9d2a,inventory_only,,,,False,,,NO
backend/uploads/kn7/rnd_samples/c9e04678759f475da3a0c3ae816f15f1.png,ebf4f635a17d10d6eb46ba680b70142419aa3220f228001a036d311a22ee9d2a,inventory_only,,,,False,,,NO
backend/uploads/kn7/rnd_samples/c9f01d9803e04d7291acefbc4ba08c67.png,ebf4f635a17d10d6eb46ba680b70142419aa3220f228001a036d311a22ee9d2a,inventory_only,,,,False,,,NO
backend/uploads/kn7/rnd_samples/c9f1edb2640e4bc791166c9d322cf680.png,ebf4f635a17d10d6eb46ba680b70142419aa3220f228001a036d311a22ee9d2a,inventory_only,,,,False,,,NO
backend/uploads/kn7/rnd_samples/c9f6d87e5f4941cbb1790e1b24a4b37a.png,ebf4f635a17d10d6eb46ba680b70142419aa3220f228001a036d311a22ee9d2a,inventory_only,,,,False,,,NO
backend/uploads/kn7/rnd_samples/ca6e6a2279e1447ab4cfcf3c4cb4f9dd.png,ebf4f635a17d10d6eb46ba680b70142419aa3220f228001a036d311a22ee9d2a,inventory_only,,,,False,,,NO
backend/uploads/kn7/rnd_samples/cacc15df1afe41b3b272a87d3f5cff85.png,ebf4f635a17d10d6eb46ba680b70142419aa3220f228001a036d311a22ee9d2a,inventory_only,,,,False,,,NO
backend/uploads/kn7/rnd_samples/cace18478a9d45ff83283863bf87abab.png,ebf4f635a17d10d6eb46ba680b70142419aa3220f228001a036d311a22ee9d2a,inventory_only,,,,False,,,NO
backend/uploads/kn7/rnd_samples/caf3a04350d44487bfbceb98e57791c6.png,ebf4f635a17d10d6eb46ba680b70142419aa3220f228001a036d311a22ee9d2a,inventory_only,,,,False,,,NO
backend/uploads/kn7/rnd_samples/cb7c5bafd47e44ec87f39c5d3a0e127f.png,ebf4f635a17d10d6eb46ba680b70142419aa3220f228001a036d311a22ee9d2a,inventory_only,,,,False,,,NO
backend/uploads/kn7/rnd_samples/cbc4bbe148b549169f32af57dd3f0a74.png,1b1aae7a4f03a6bdbe79272acf6b03dfe234729e442150a0f4dd58294d27df3a,inventory_only,,,,False,,,NO
backend/uploads/kn7/rnd_samples/cc1f8636ee16404ba18079f372ad1565.png,ebf4f635a17d10d6eb46ba680b70142419aa3220f228001a036d311a22ee9d2a,inventory_only,,,,False,,,NO
backend/uploads/kn7/rnd_samples/cc31b5d59534466b835f843b70495331.png,ebf4f635a17d10d6eb46ba680b70142419aa3220f228001a036d311a22ee9d2a,inventory_only,,,,False,,,NO
backend/uploads/kn7/rnd_samples/cc397d6ba15d43699b51e13aff944bb0.png,ebf4f635a17d10d6eb46ba680b70142419aa3220f228001a036d311a22ee9d2a,inventory_only,,,,False,,,NO
backend/uploads/kn7/rnd_samples/cc5327b689804fd791bc6b5217ce272d.png,ebf4f635a17d10d6eb46ba680b70142419aa3220f228001a036d311a22ee9d2a,inventory_only,,,,False,,,NO
backend/uploads/kn7/rnd_samples/cc58256559e640668e34022b59f43c17.png,ebf4f635a17d10d6eb46ba680b70142419aa3220f228001a036d311a22ee9d2a,inventory_only,,,,False,,,NO
backend/uploads/kn7/rnd_samples/cc846f5380d2419ba969a49e280d6bdc.png,ebf4f635a17d10d6eb46ba680b70142419aa3220f228001a036d311a22ee9d2a,inventory_only,,,,False,,,NO
backend/uploads/kn7/rnd_samples/ccc88e9557bf49a5984908b2074d3506.png,ebf4f635a17d10d6eb46ba680b70142419aa3220f228001a036d311a22ee9d2a,inventory_only,,,,False,,,NO
backend/uploads/kn7/rnd_samples/ccca0e5a2284481f9a270dbef00d859c.png,ebf4f635a17d10d6eb46ba680b70142419aa3220f228001a036d311a22ee9d2a,inventory_only,,,,False,,,NO
backend/uploads/kn7/rnd_samples/ccd5c049f8b54608aff0f222d83871c3.png,ebf4f635a17d10d6eb46ba680b70142419aa3220f228001a036d311a22ee9d2a,inventory_only,,,,False,,,NO
backend/uploads/kn7/rnd_samples/ccf3f304bd4e46faa9ef13ba0b9a37a4.png,ebf4f635a17d10d6eb46ba680b70142419aa3220f228001a036d311a22ee9d2a,inventory_only,,,,False,,,NO
backend/uploads/kn7/rnd_samples/cd1fdb80a4194d05b728d442ba8c05db.png,ebf4f635a17d10d6eb46ba680b70142419aa3220f228001a036d311a22ee9d2a,inventory_only,,,,False,,,NO
backend/uploads/kn7/rnd_samples/cd39660fa39445308f31cc25c1840bf1.png,ebf4f635a17d10d6eb46ba680b70142419aa3220f228001a036d311a22ee9d2a,inventory_only,,,,False,,,NO
backend/uploads/kn7/rnd_samples/cd3999e9e7a44deb9835895f39de9eb5.png,ebf4f635a17d10d6eb46ba680b70142419aa3220f228001a036d311a22ee9d2a,inventory_only,,,,False,,,NO
backend/uploads/kn7/rnd_samples/cd836461913a496a96251473cd99fec2.png,ebf4f635a17d10d6eb46ba680b70142419aa3220f228001a036d311a22ee9d2a,inventory_only,,,,False,,,NO
backend/uploads/kn7/rnd_samples/cdb8fa8ce8cc4c64bd7d63bce5bad838.png,1b1aae7a4f03a6bdbe79272acf6b03dfe234729e442150a0f4dd58294d27df3a,inventory_only,,,,False,,,NO
backend/uploads/kn7/rnd_samples/cde7d4a803354b9f9d7996b54e545ef5.png,ebf4f635a17d10d6eb46ba680b70142419aa3220f228001a036d311a22ee9d2a,inventory_only,,,,False,,,NO
backend/uploads/kn7/rnd_samples/cdfb6d8bca2f4881b43cded5c0fafcc9.png,ebf4f635a17d10d6eb46ba680b70142419aa3220f228001a036d311a22ee9d2a,inventory_only,,,,False,,,NO
backend/uploads/kn7/rnd_samples/ce05c1ff589447fa9ecceb82015232e2.png,ebf4f635a17d10d6eb46ba680b70142419aa3220f228001a036d311a22ee9d2a,inventory_only,,,,False,,,NO
backend/uploads/kn7/rnd_samples/ce74185245024dbba646553fda2b4ac8.png,ebf4f635a17d10d6eb46ba680b70142419aa3220f228001a036d311a22ee9d2a,inventory_only,,,,False,,,NO
backend/uploads/kn7/rnd_samples/ce8cce40f02446a49489d59c70908d25.png,ebf4f635a17d10d6eb46ba680b70142419aa3220f228001a036d311a22ee9d2a,inventory_only,,,,False,,,NO
backend/uploads/kn7/rnd_samples/ce99d7e6ec294393b5bd1279be4b7917.png,ebf4f635a17d10d6eb46ba680b70142419aa3220f228001a036d311a22ee9d2a,inventory_only,,,,False,,,NO
backend/uploads/kn7/rnd_samples/ceffe03fd19c41159857a52aca1714aa.png,ebf4f635a17d10d6eb46ba680b70142419aa3220f228001a036d311a22ee9d2a,inventory_only,,,,False,,,NO
backend/uploads/kn7/rnd_samples/cf090d22d877498695c8ee52c81c0f32.png,ebf4f635a17d10d6eb46ba680b70142419aa3220f228001a036d311a22ee9d2a,inventory_only,,,,False,,,NO
backend/uploads/kn7/rnd_samples/cf32739ac33743f0af6e7840c2374e7b.png,ebf4f635a17d10d6eb46ba680b70142419aa3220f228001a036d311a22ee9d2a,inventory_only,,,,False,,,NO
backend/uploads/kn7/rnd_samples/cf3f641ca6844100ad1e18e520328688.png,ebf4f635a17d10d6eb46ba680b70142419aa3220f228001a036d311a22ee9d2a,inventory_only,,,,False,,,NO
backend/uploads/kn7/rnd_samples/cf8390090e9a4a9b9fb99c020b0ff178.png,ebf4f635a17d10d6eb46ba680b70142419aa3220f228001a036d311a22ee9d2a,inventory_only,,,,False,,,NO
backend/uploads/kn7/rnd_samples/cfb08bcacf634e26b04ea2d5e32eaec9.png,ebf4f635a17d10d6eb46ba680b70142419aa3220f228001a036d311a22ee9d2a,inventory_only,,,,False,,,NO
backend/uploads/kn7/rnd_samples/cffa4df409f948b2bc80ef7be28433ac.png,ebf4f635a17d10d6eb46ba680b70142419aa3220f228001a036d311a22ee9d2a,inventory_only,,,,False,,,NO
backend/uploads/kn7/rnd_samples/d006c23f9c2646f9bcb7c50d2036dbfa.png,ebf4f635a17d10d6eb46ba680b70142419aa3220f228001a036d311a22ee9d2a,inventory_only,,,,False,,,NO
backend/uploads/kn7/rnd_samples/d02bd937960641d0a89b532d9d290a9c.png,ebf4f635a17d10d6eb46ba680b70142419aa3220f228001a036d311a22ee9d2a,inventory_only,,,,False,,,NO
backend/uploads/kn7/rnd_samples/d08866d9abb24c50981e586ecd0bcf28.png,ebf4f635a17d10d6eb46ba680b70142419aa3220f228001a036d311a22ee9d2a,inventory_only,,,,False,,,NO
backend/uploads/kn7/rnd_samples/d08a557f76f2420bb9f12f325547b3dc.png,ebf4f635a17d10d6eb46ba680b70142419aa3220f228001a036d311a22ee9d2a,inventory_only,,,,False,,,NO
backend/uploads/kn7/rnd_samples/d08eabf5c2bf48b0ba4354b8a30679ec.png,ebf4f635a17d10d6eb46ba680b70142419aa3220f228001a036d311a22ee9d2a,inventory_only,,,,False,,,NO
backend/uploads/kn7/rnd_samples/d0923c03162e4d80aa7c4a72f0773260.png,ebf4f635a17d10d6eb46ba680b70142419aa3220f228001a036d311a22ee9d2a,inventory_only,,,,False,,,NO
backend/uploads/kn7/rnd_samples/d16aa59982d14445932850e3f1c34a8b.png,ebf4f635a17d10d6eb46ba680b70142419aa3220f228001a036d311a22ee9d2a,inventory_only,,,,False,,,NO
backend/uploads/kn7/rnd_samples/d17fe9a5ea8843818a137d91563666ce.png,ebf4f635a17d10d6eb46ba680b70142419aa3220f228001a036d311a22ee9d2a,inventory_only,,,,False,,,NO
backend/uploads/kn7/rnd_samples/d19fc623f2624bd491989aaeffef13d2.png,ebf4f635a17d10d6eb46ba680b70142419aa3220f228001a036d311a22ee9d2a,inventory_only,,,,False,,,NO
backend/uploads/kn7/rnd_samples/d242e990fe2d4408b71e4434994f22d9.png,ebf4f635a17d10d6eb46ba680b70142419aa3220f228001a036d311a22ee9d2a,inventory_only,,,,False,,,NO
backend/uploads/kn7/rnd_samples/d25d3dcc861a42e09c9f03a9506c46b3.png,ebf4f635a17d10d6eb46ba680b70142419aa3220f228001a036d311a22ee9d2a,inventory_only,,,,False,,,NO
backend/uploads/kn7/rnd_samples/d27e4dcb71eb44109eca789a8e891fe8.png,ebf4f635a17d10d6eb46ba680b70142419aa3220f228001a036d311a22ee9d2a,inventory_only,,,,False,,,NO
backend/uploads/kn7/rnd_samples/d2d297c3322c40da89ede1a11fe8d2e8.png,ebf4f635a17d10d6eb46ba680b70142419aa3220f228001a036d311a22ee9d2a,inventory_only,,,,False,,,NO
backend/uploads/kn7/rnd_samples/d2d4d234f10e429c92f8972c4c4f041b.png,ebf4f635a17d10d6eb46ba680b70142419aa3220f228001a036d311a22ee9d2a,inventory_only,,,,False,,,NO
backend/uploads/kn7/rnd_samples/d2f3aa201e49456b9f762fa3e677904a.png,ebf4f635a17d10d6eb46ba680b70142419aa3220f228001a036d311a22ee9d2a,inventory_only,,,,False,,,NO
backend/uploads/kn7/rnd_samples/d335a3d93c2342e3a69ae3a544803d16.png,ebf4f635a17d10d6eb46ba680b70142419aa3220f228001a036d311a22ee9d2a,inventory_only,,,,False,,,NO
backend/uploads/kn7/rnd_samples/d33b4a05e1cb4b0b854ce2101550cd66.png,ebf4f635a17d10d6eb46ba680b70142419aa3220f228001a036d311a22ee9d2a,inventory_only,,,,False,,,NO
backend/uploads/kn7/rnd_samples/d3ca80bc43ea4332b289ca0021b666bc.png,ebf4f635a17d10d6eb46ba680b70142419aa3220f228001a036d311a22ee9d2a,inventory_only,,,,False,,,NO
backend/uploads/kn7/rnd_samples/d3cafa4895ba4a2891a1e523e1af9fb1.png,ebf4f635a17d10d6eb46ba680b70142419aa3220f228001a036d311a22ee9d2a,inventory_only,,,,False,,,NO
backend/uploads/kn7/rnd_samples/d3ff6dda15114585a71abf7a9b71d4d4.png,ebf4f635a17d10d6eb46ba680b70142419aa3220f228001a036d311a22ee9d2a,inventory_only,,,,False,,,NO
backend/uploads/kn7/rnd_samples/d401fa263c574d00948c2b821c4a7a05.png,ebf4f635a17d10d6eb46ba680b70142419aa3220f228001a036d311a22ee9d2a,inventory_only,,,,False,,,NO
backend/uploads/kn7/rnd_samples/d446a869c7f244f99a2646034230b281.png,ebf4f635a17d10d6eb46ba680b70142419aa3220f228001a036d311a22ee9d2a,inventory_only,,,,False,,,NO
backend/uploads/kn7/rnd_samples/d460861a6c8c48b3b99790a2296685f1.png,ebf4f635a17d10d6eb46ba680b70142419aa3220f228001a036d311a22ee9d2a,inventory_only,,,,False,,,NO
backend/uploads/kn7/rnd_samples/d49b3a8e62494df29b3bbcdc73984eca.png,ebf4f635a17d10d6eb46ba680b70142419aa3220f228001a036d311a22ee9d2a,inventory_only,,,,False,,,NO
backend/uploads/kn7/rnd_samples/d49e23eb400c4b758cfe91f39caa0473.png,ebf4f635a17d10d6eb46ba680b70142419aa3220f228001a036d311a22ee9d2a,inventory_only,,,,False,,,NO
backend/uploads/kn7/rnd_samples/d4b7b9d0afbe448a9c65e8bfa61552d1.png,ebf4f635a17d10d6eb46ba680b70142419aa3220f228001a036d311a22ee9d2a,inventory_only,,,,False,,,NO
backend/uploads/kn7/rnd_samples/d503b02980164afab280d01b530c524f.png,ebf4f635a17d10d6eb46ba680b70142419aa3220f228001a036d311a22ee9d2a,inventory_only,,,,False,,,NO
backend/uploads/kn7/rnd_samples/d57f6d0c13f14d7ea24e144e1a256b38.png,ebf4f635a17d10d6eb46ba680b70142419aa3220f228001a036d311a22ee9d2a,inventory_only,,,,False,,,NO
backend/uploads/kn7/rnd_samples/d5ab2f96e1fc4ae795799c831622d1ca.png,ebf4f635a17d10d6eb46ba680b70142419aa3220f228001a036d311a22ee9d2a,inventory_only,,,,False,,,NO
backend/uploads/kn7/rnd_samples/d5bee82f037e4e63bf1573fdc193c511.png,ebf4f635a17d10d6eb46ba680b70142419aa3220f228001a036d311a22ee9d2a,inventory_only,,,,False,,,NO
backend/uploads/kn7/rnd_samples/d5ee2293ec1448d39b7ecc60ded55306.png,ebf4f635a17d10d6eb46ba680b70142419aa3220f228001a036d311a22ee9d2a,inventory_only,,,,False,,,NO
backend/uploads/kn7/rnd_samples/d611b6a15349420cb0e1183aff3fdbcf.png,ebf4f635a17d10d6eb46ba680b70142419aa3220f228001a036d311a22ee9d2a,inventory_only,,,,False,,,NO
backend/uploads/kn7/rnd_samples/d61650df973945189a89ebec48f38a5f.png,ebf4f635a17d10d6eb46ba680b70142419aa3220f228001a036d311a22ee9d2a,inventory_only,,,,False,,,NO
backend/uploads/kn7/rnd_samples/d618a327b4e04fcba113eb919540174a.png,ebf4f635a17d10d6eb46ba680b70142419aa3220f228001a036d311a22ee9d2a,inventory_only,,,,False,,,NO
backend/uploads/kn7/rnd_samples/d653b222464e43e4903382b5507a9527.png,ebf4f635a17d10d6eb46ba680b70142419aa3220f228001a036d311a22ee9d2a,inventory_only,,,,False,,,NO
backend/uploads/kn7/rnd_samples/d6742bb0ad8347639bc879c632c505cd.png,ebf4f635a17d10d6eb46ba680b70142419aa3220f228001a036d311a22ee9d2a,inventory_only,,,,False,,,NO
backend/uploads/kn7/rnd_samples/d67dd2c1f480479fa22f01ba39906b6e.png,ebf4f635a17d10d6eb46ba680b70142419aa3220f228001a036d311a22ee9d2a,inventory_only,,,,False,,,NO
backend/uploads/kn7/rnd_samples/d68044a0997f44419e54c04ebc8095ea.png,ebf4f635a17d10d6eb46ba680b70142419aa3220f228001a036d311a22ee9d2a,inventory_only,,,,False,,,NO
backend/uploads/kn7/rnd_samples/d6858aff80064d2fbe0706b0fc7ad20b.png,ebf4f635a17d10d6eb46ba680b70142419aa3220f228001a036d311a22ee9d2a,inventory_only,,,,False,,,NO
backend/uploads/kn7/rnd_samples/d68ebc4dcbc743629ccef01461d5ae8c.png,ebf4f635a17d10d6eb46ba680b70142419aa3220f228001a036d311a22ee9d2a,inventory_only,,,,False,,,NO
backend/uploads/kn7/rnd_samples/d69cb365e06a4cbe9152c19fb1924341.png,ebf4f635a17d10d6eb46ba680b70142419aa3220f228001a036d311a22ee9d2a,inventory_only,,,,False,,,NO
backend/uploads/kn7/rnd_samples/d6b0d88bec0547cabb952f63e93cee03.png,ebf4f635a17d10d6eb46ba680b70142419aa3220f228001a036d311a22ee9d2a,inventory_only,,,,False,,,NO
backend/uploads/kn7/rnd_samples/d6fac1000ac644928d53b6c2bd551a9e.png,ebf4f635a17d10d6eb46ba680b70142419aa3220f228001a036d311a22ee9d2a,inventory_only,,,,False,,,NO
backend/uploads/kn7/rnd_samples/d74ba65bd9274f1598c10dd88fac258a.png,ebf4f635a17d10d6eb46ba680b70142419aa3220f228001a036d311a22ee9d2a,inventory_only,,,,False,,,NO
backend/uploads/kn7/rnd_samples/d76c19007a844e49af087e4c74994b31.png,ebf4f635a17d10d6eb46ba680b70142419aa3220f228001a036d311a22ee9d2a,inventory_only,,,,False,,,NO
backend/uploads/kn7/rnd_samples/d7cc3019cfae40ae87ea129e728e6ee0.png,ebf4f635a17d10d6eb46ba680b70142419aa3220f228001a036d311a22ee9d2a,inventory_only,,,,False,,,NO
backend/uploads/kn7/rnd_samples/d7db64123d314c4497610fb2b3b055d8.png,ebf4f635a17d10d6eb46ba680b70142419aa3220f228001a036d311a22ee9d2a,inventory_only,,,,False,,,NO
backend/uploads/kn7/rnd_samples/d7fde26cbd644430b04add39bc99efc5.png,ebf4f635a17d10d6eb46ba680b70142419aa3220f228001a036d311a22ee9d2a,inventory_only,,,,False,,,NO
backend/uploads/kn7/rnd_samples/d7ff1c342e824c11b80e17c514dba34f.png,ebf4f635a17d10d6eb46ba680b70142419aa3220f228001a036d311a22ee9d2a,inventory_only,,,,False,,,NO
backend/uploads/kn7/rnd_samples/d814eab755e449ebb407b9c19f5d28a1.png,ebf4f635a17d10d6eb46ba680b70142419aa3220f228001a036d311a22ee9d2a,inventory_only,,,,False,,,NO
backend/uploads/kn7/rnd_samples/d8250e1ccb9b42a28fe48d2105a7555b.png,ebf4f635a17d10d6eb46ba680b70142419aa3220f228001a036d311a22ee9d2a,inventory_only,,,,False,,,NO
backend/uploads/kn7/rnd_samples/d85bddfaeb794d458a2035b82b0bf9b0.png,ebf4f635a17d10d6eb46ba680b70142419aa3220f228001a036d311a22ee9d2a,inventory_only,,,,False,,,NO
backend/uploads/kn7/rnd_samples/d864413f062d47ebb555d30d13c8a770.png,ebf4f635a17d10d6eb46ba680b70142419aa3220f228001a036d311a22ee9d2a,inventory_only,,,,False,,,NO
backend/uploads/kn7/rnd_samples/d86524f330994938a77ad09b9059d645.png,ebf4f635a17d10d6eb46ba680b70142419aa3220f228001a036d311a22ee9d2a,inventory_only,,,,False,,,NO
backend/uploads/kn7/rnd_samples/d86fff791803474fbc0ffd2dfc490883.png,ebf4f635a17d10d6eb46ba680b70142419aa3220f228001a036d311a22ee9d2a,inventory_only,,,,False,,,NO
backend/uploads/kn7/rnd_samples/d870fb8f85be433e97ac6faa9fd9e317.png,ebf4f635a17d10d6eb46ba680b70142419aa3220f228001a036d311a22ee9d2a,inventory_only,,,,False,,,NO
backend/uploads/kn7/rnd_samples/d8769264920f495d87bb931d5f0ed750.png,ebf4f635a17d10d6eb46ba680b70142419aa3220f228001a036d311a22ee9d2a,inventory_only,,,,False,,,NO
backend/uploads/kn7/rnd_samples/d878f325d6df4b48b78ce2440070cfa0.png,ebf4f635a17d10d6eb46ba680b70142419aa3220f228001a036d311a22ee9d2a,inventory_only,,,,False,,,NO
backend/uploads/kn7/rnd_samples/d896b6e6bc244896a6f10625b3ca40f3.png,ebf4f635a17d10d6eb46ba680b70142419aa3220f228001a036d311a22ee9d2a,inventory_only,,,,False,,,NO
backend/uploads/kn7/rnd_samples/d8ccb12365b34e5ab08c5f4a8c8385ac.png,ebf4f635a17d10d6eb46ba680b70142419aa3220f228001a036d311a22ee9d2a,inventory_only,,,,False,,,NO
backend/uploads/kn7/rnd_samples/d8ea7ab1010a426196fcf3cce57bef8e.png,ebf4f635a17d10d6eb46ba680b70142419aa3220f228001a036d311a22ee9d2a,inventory_only,,,,False,,,NO
backend/uploads/kn7/rnd_samples/d8ee00f2ff4144dc9d18d852d734931d.png,ebf4f635a17d10d6eb46ba680b70142419aa3220f228001a036d311a22ee9d2a,inventory_only,,,,False,,,NO
backend/uploads/kn7/rnd_samples/d8fa4a82b2294275b8b79816fe3fb316.png,ebf4f635a17d10d6eb46ba680b70142419aa3220f228001a036d311a22ee9d2a,inventory_only,,,,False,,,NO
backend/uploads/kn7/rnd_samples/d90ad998c3ca436bb2b83cf2597b7437.png,ebf4f635a17d10d6eb46ba680b70142419aa3220f228001a036d311a22ee9d2a,inventory_only,,,,False,,,NO
backend/uploads/kn7/rnd_samples/d92690e69a8f4cbc9d868e53e1940d7b.png,ebf4f635a17d10d6eb46ba680b70142419aa3220f228001a036d311a22ee9d2a,inventory_only,,,,False,,,NO
backend/uploads/kn7/rnd_samples/d92c6813a2aa4acba63e64f40d9c0f20.png,ebf4f635a17d10d6eb46ba680b70142419aa3220f228001a036d311a22ee9d2a,inventory_only,,,,False,,,NO
backend/uploads/kn7/rnd_samples/d9d517eec6cf4ab297a2ebd81b54780f.png,ebf4f635a17d10d6eb46ba680b70142419aa3220f228001a036d311a22ee9d2a,inventory_only,,,,False,,,NO
backend/uploads/kn7/rnd_samples/d9e1b1c4465e421a84870dc15dfc1800.png,ebf4f635a17d10d6eb46ba680b70142419aa3220f228001a036d311a22ee9d2a,inventory_only,,,,False,,,NO
backend/uploads/kn7/rnd_samples/d9fa0903a8a945609539bd2d1ed4c001.png,ebf4f635a17d10d6eb46ba680b70142419aa3220f228001a036d311a22ee9d2a,inventory_only,,,,False,,,NO
backend/uploads/kn7/rnd_samples/da71851917d34a6081400351b28fec57.png,ebf4f635a17d10d6eb46ba680b70142419aa3220f228001a036d311a22ee9d2a,inventory_only,,,,False,,,NO
backend/uploads/kn7/rnd_samples/da7d675bef734b679e0de81991668faf.png,ebf4f635a17d10d6eb46ba680b70142419aa3220f228001a036d311a22ee9d2a,inventory_only,,,,False,,,NO
backend/uploads/kn7/rnd_samples/da8306af1bb940faadf44396e0ca00f8.png,ebf4f635a17d10d6eb46ba680b70142419aa3220f228001a036d311a22ee9d2a,inventory_only,,,,False,,,NO
backend/uploads/kn7/rnd_samples/dac9fa0109c94288bf18516926aed8e9.png,ebf4f635a17d10d6eb46ba680b70142419aa3220f228001a036d311a22ee9d2a,inventory_only,,,,False,,,NO
backend/uploads/kn7/rnd_samples/dae524dad562481fbd744dc5a2a16541.png,ebf4f635a17d10d6eb46ba680b70142419aa3220f228001a036d311a22ee9d2a,inventory_only,,,,False,,,NO
backend/uploads/kn7/rnd_samples/db10ca4ebf1e436b847da71d345d54bf.png,ebf4f635a17d10d6eb46ba680b70142419aa3220f228001a036d311a22ee9d2a,inventory_only,,,,False,,,NO
backend/uploads/kn7/rnd_samples/dbbf1e583217484c9f51598c47255026.png,ebf4f635a17d10d6eb46ba680b70142419aa3220f228001a036d311a22ee9d2a,inventory_only,,,,False,,,NO
backend/uploads/kn7/rnd_samples/dc763e6d2bed412a88d8d4531448b7dc.png,ebf4f635a17d10d6eb46ba680b70142419aa3220f228001a036d311a22ee9d2a,inventory_only,,,,False,,,NO
backend/uploads/kn7/rnd_samples/dcc9be614e0a4c119997ceaa2c6aacd8.png,ebf4f635a17d10d6eb46ba680b70142419aa3220f228001a036d311a22ee9d2a,inventory_only,,,,False,,,NO
backend/uploads/kn7/rnd_samples/dcf48478b98b4ae8bcbca3e94683f747.png,ebf4f635a17d10d6eb46ba680b70142419aa3220f228001a036d311a22ee9d2a,inventory_only,,,,False,,,NO
backend/uploads/kn7/rnd_samples/dcfd5cc1047246858b76e4e467d1efa3.png,ebf4f635a17d10d6eb46ba680b70142419aa3220f228001a036d311a22ee9d2a,inventory_only,,,,False,,,NO
backend/uploads/kn7/rnd_samples/dd4a9145d45545fdaac1ecfd64911aa0.png,ebf4f635a17d10d6eb46ba680b70142419aa3220f228001a036d311a22ee9d2a,inventory_only,,,,False,,,NO
backend/uploads/kn7/rnd_samples/dd8661b65a674a778d655ff1e977414d.png,ebf4f635a17d10d6eb46ba680b70142419aa3220f228001a036d311a22ee9d2a,inventory_only,,,,False,,,NO
backend/uploads/kn7/rnd_samples/de29cee7359d4132b887880dbf8e38f5.png,ebf4f635a17d10d6eb46ba680b70142419aa3220f228001a036d311a22ee9d2a,inventory_only,,,,False,,,NO
backend/uploads/kn7/rnd_samples/de854a1cab384e90a8c94a7879731d94.png,ebf4f635a17d10d6eb46ba680b70142419aa3220f228001a036d311a22ee9d2a,inventory_only,,,,False,,,NO
backend/uploads/kn7/rnd_samples/dedca33a561d4bc5ac75cd26dd699dcd.png,ebf4f635a17d10d6eb46ba680b70142419aa3220f228001a036d311a22ee9d2a,inventory_only,,,,False,,,NO
backend/uploads/kn7/rnd_samples/df8b42401a1143f3871b6a6e105d0f9e.png,ebf4f635a17d10d6eb46ba680b70142419aa3220f228001a036d311a22ee9d2a,inventory_only,,,,False,,,NO
backend/uploads/kn7/rnd_samples/dfb12c3633fe430a92c37f2d2038783f.png,ebf4f635a17d10d6eb46ba680b70142419aa3220f228001a036d311a22ee9d2a,inventory_only,,,,False,,,NO
backend/uploads/kn7/rnd_samples/dfb5135c129942ed8638f660a03b491d.png,ebf4f635a17d10d6eb46ba680b70142419aa3220f228001a036d311a22ee9d2a,inventory_only,,,,False,,,NO
backend/uploads/kn7/rnd_samples/dfdb83c6c4964bfc9293045d341edf75.png,ebf4f635a17d10d6eb46ba680b70142419aa3220f228001a036d311a22ee9d2a,inventory_only,,,,False,,,NO
backend/uploads/kn7/rnd_samples/e01c45e2264c454f82170fc4aeedecf8.png,ebf4f635a17d10d6eb46ba680b70142419aa3220f228001a036d311a22ee9d2a,inventory_only,,,,False,,,NO
backend/uploads/kn7/rnd_samples/e0289145196446e8bc02bdfcdc42aef1.png,ebf4f635a17d10d6eb46ba680b70142419aa3220f228001a036d311a22ee9d2a,inventory_only,,,,False,,,NO
backend/uploads/kn7/rnd_samples/e047f307dfc24156b427c224cce07ac7.png,ebf4f635a17d10d6eb46ba680b70142419aa3220f228001a036d311a22ee9d2a,inventory_only,,,,False,,,NO
backend/uploads/kn7/rnd_samples/e0673e9c9ef642c9b719ff11bbc9fba3.png,ebf4f635a17d10d6eb46ba680b70142419aa3220f228001a036d311a22ee9d2a,inventory_only,,,,False,,,NO
backend/uploads/kn7/rnd_samples/e0b45fd759e74a259218c4a77a531392.png,ebf4f635a17d10d6eb46ba680b70142419aa3220f228001a036d311a22ee9d2a,inventory_only,,,,False,,,NO
backend/uploads/kn7/rnd_samples/e0bca69dba9e4c6ea9861fab2e89b77f.png,ebf4f635a17d10d6eb46ba680b70142419aa3220f228001a036d311a22ee9d2a,inventory_only,,,,False,,,NO
backend/uploads/kn7/rnd_samples/e0d832d2827b4173aa0a3cd25c42773b.png,ebf4f635a17d10d6eb46ba680b70142419aa3220f228001a036d311a22ee9d2a,inventory_only,,,,False,,,NO
backend/uploads/kn7/rnd_samples/e0df716f68704b63950f8e572fc28ec2.png,ebf4f635a17d10d6eb46ba680b70142419aa3220f228001a036d311a22ee9d2a,inventory_only,,,,False,,,NO
backend/uploads/kn7/rnd_samples/e107895cfd5142e2903bd79a8ca4d7d0.png,ebf4f635a17d10d6eb46ba680b70142419aa3220f228001a036d311a22ee9d2a,inventory_only,,,,False,,,NO
backend/uploads/kn7/rnd_samples/e110198636974011a73b8f59885237e9.png,ebf4f635a17d10d6eb46ba680b70142419aa3220f228001a036d311a22ee9d2a,inventory_only,,,,False,,,NO
backend/uploads/kn7/rnd_samples/e153356473944eb7a23fbae2a93f7563.png,ebf4f635a17d10d6eb46ba680b70142419aa3220f228001a036d311a22ee9d2a,inventory_only,,,,False,,,NO
backend/uploads/kn7/rnd_samples/e15ed96bec6f40d28f817dabd345f171.png,ebf4f635a17d10d6eb46ba680b70142419aa3220f228001a036d311a22ee9d2a,inventory_only,,,,False,,,NO
backend/uploads/kn7/rnd_samples/e16d1c8bc3c2466d9177be7fe59bdf3a.png,ebf4f635a17d10d6eb46ba680b70142419aa3220f228001a036d311a22ee9d2a,inventory_only,,,,False,,,NO
backend/uploads/kn7/rnd_samples/e212401b40a84d1b8298241f2e96c3f1.png,ebf4f635a17d10d6eb46ba680b70142419aa3220f228001a036d311a22ee9d2a,inventory_only,,,,False,,,NO
backend/uploads/kn7/rnd_samples/e219fb3aac9f443884f965f2fa5bad95.png,ebf4f635a17d10d6eb46ba680b70142419aa3220f228001a036d311a22ee9d2a,inventory_only,,,,False,,,NO
backend/uploads/kn7/rnd_samples/e23afe5d8efc4a35ab2c050e164a0815.png,1b1aae7a4f03a6bdbe79272acf6b03dfe234729e442150a0f4dd58294d27df3a,inventory_only,,,,False,,,NO
backend/uploads/kn7/rnd_samples/e277c9fcf0f44d1b9976f2ee2a61724d.png,ebf4f635a17d10d6eb46ba680b70142419aa3220f228001a036d311a22ee9d2a,inventory_only,,,,False,,,NO
backend/uploads/kn7/rnd_samples/e27e76ef5dd145ac949b8fed6d79c2df.png,ebf4f635a17d10d6eb46ba680b70142419aa3220f228001a036d311a22ee9d2a,inventory_only,,,,False,,,NO
backend/uploads/kn7/rnd_samples/e30917a4ec8b4041ab507c563059d914.png,ebf4f635a17d10d6eb46ba680b70142419aa3220f228001a036d311a22ee9d2a,inventory_only,,,,False,,,NO
backend/uploads/kn7/rnd_samples/e360b867e8c54a9dbc392a8fd597207b.png,ebf4f635a17d10d6eb46ba680b70142419aa3220f228001a036d311a22ee9d2a,inventory_only,,,,False,,,NO
backend/uploads/kn7/rnd_samples/e393938e704345f4b48fb5bc226c71da.png,ebf4f635a17d10d6eb46ba680b70142419aa3220f228001a036d311a22ee9d2a,inventory_only,,,,False,,,NO
backend/uploads/kn7/rnd_samples/e3d9b47222304ac88c2c3708f8c2f0a1.png,ebf4f635a17d10d6eb46ba680b70142419aa3220f228001a036d311a22ee9d2a,inventory_only,,,,False,,,NO
backend/uploads/kn7/rnd_samples/e44d3afe8d654e93b50aec2f30ae44fd.png,ebf4f635a17d10d6eb46ba680b70142419aa3220f228001a036d311a22ee9d2a,inventory_only,,,,False,,,NO
backend/uploads/kn7/rnd_samples/e4603e17fc7f4564853363b727f5891e.png,ebf4f635a17d10d6eb46ba680b70142419aa3220f228001a036d311a22ee9d2a,inventory_only,,,,False,,,NO
backend/uploads/kn7/rnd_samples/e481180516d44c7184bc78ee782f363d.png,ebf4f635a17d10d6eb46ba680b70142419aa3220f228001a036d311a22ee9d2a,inventory_only,,,,False,,,NO
backend/uploads/kn7/rnd_samples/e53b1ffdc7104029b3b4a59ed2deef87.png,ebf4f635a17d10d6eb46ba680b70142419aa3220f228001a036d311a22ee9d2a,inventory_only,,,,False,,,NO
backend/uploads/kn7/rnd_samples/e55c6ba9ff314b95b93e153dcbf7c25b.png,ebf4f635a17d10d6eb46ba680b70142419aa3220f228001a036d311a22ee9d2a,inventory_only,,,,False,,,NO
backend/uploads/kn7/rnd_samples/e57f94818f634a949812e65d0ffbe378.png,e5c6d93687ceccd5ea1a057cfa35799800e651a34c519d4d73580b80a14cbd86,inventory_only,,,,False,,,NO
backend/uploads/kn7/rnd_samples/e58dbaf3d8ed40a49443d314259a8e68.png,ebf4f635a17d10d6eb46ba680b70142419aa3220f228001a036d311a22ee9d2a,inventory_only,,,,False,,,NO
backend/uploads/kn7/rnd_samples/e616a19d68114c219db75ba47184bed8.png,ebf4f635a17d10d6eb46ba680b70142419aa3220f228001a036d311a22ee9d2a,inventory_only,,,,False,,,NO
backend/uploads/kn7/rnd_samples/e637dafcc26f4b828b0effb2e1142a74.png,ebf4f635a17d10d6eb46ba680b70142419aa3220f228001a036d311a22ee9d2a,inventory_only,,,,False,,,NO
backend/uploads/kn7/rnd_samples/e64b45808e9345f09f34e14477656b8c.png,ebf4f635a17d10d6eb46ba680b70142419aa3220f228001a036d311a22ee9d2a,inventory_only,,,,False,,,NO
backend/uploads/kn7/rnd_samples/e64bc96cd6e842b6a43e63ab76221ab3.png,ebf4f635a17d10d6eb46ba680b70142419aa3220f228001a036d311a22ee9d2a,inventory_only,,,,False,,,NO
backend/uploads/kn7/rnd_samples/e6bf29395f9c4ff2a686c4d10d09b899.png,ebf4f635a17d10d6eb46ba680b70142419aa3220f228001a036d311a22ee9d2a,inventory_only,,,,False,,,NO
backend/uploads/kn7/rnd_samples/e6c760a648f24b7ca4d5498a18f84a7d.png,ebf4f635a17d10d6eb46ba680b70142419aa3220f228001a036d311a22ee9d2a,inventory_only,,,,False,,,NO
backend/uploads/kn7/rnd_samples/e6e1b6695f9847758aa5581610886265.png,ebf4f635a17d10d6eb46ba680b70142419aa3220f228001a036d311a22ee9d2a,inventory_only,,,,False,,,NO
backend/uploads/kn7/rnd_samples/e6e25fcd09ef42d58a36a8485a223971.png,ebf4f635a17d10d6eb46ba680b70142419aa3220f228001a036d311a22ee9d2a,inventory_only,,,,False,,,NO
backend/uploads/kn7/rnd_samples/e6f411d9344346ffbb83856467cefdf5.png,ebf4f635a17d10d6eb46ba680b70142419aa3220f228001a036d311a22ee9d2a,inventory_only,,,,False,,,NO
backend/uploads/kn7/rnd_samples/e70f15b7ee294ea4bf9752852595e121.png,ebf4f635a17d10d6eb46ba680b70142419aa3220f228001a036d311a22ee9d2a,inventory_only,,,,False,,,NO
backend/uploads/kn7/rnd_samples/e7747b985750458f8fb32c1db7c71817.png,ebf4f635a17d10d6eb46ba680b70142419aa3220f228001a036d311a22ee9d2a,inventory_only,,,,False,,,NO
backend/uploads/kn7/rnd_samples/e7e01e93186c4988bddba5efc97b76e9.png,ebf4f635a17d10d6eb46ba680b70142419aa3220f228001a036d311a22ee9d2a,inventory_only,,,,False,,,NO
backend/uploads/kn7/rnd_samples/e7e051ab68e3421d8bac53d3b91b18a4.png,ebf4f635a17d10d6eb46ba680b70142419aa3220f228001a036d311a22ee9d2a,inventory_only,,,,False,,,NO
backend/uploads/kn7/rnd_samples/e7f6404cf27c4789b7a7eb6d92b41d27.png,ebf4f635a17d10d6eb46ba680b70142419aa3220f228001a036d311a22ee9d2a,inventory_only,,,,False,,,NO
backend/uploads/kn7/rnd_samples/e80decf807e74d5a8776cb4588297d53.png,ebf4f635a17d10d6eb46ba680b70142419aa3220f228001a036d311a22ee9d2a,inventory_only,,,,False,,,NO
backend/uploads/kn7/rnd_samples/e818f6bea23440e1b9bf73fece83d455.png,ebf4f635a17d10d6eb46ba680b70142419aa3220f228001a036d311a22ee9d2a,inventory_only,,,,False,,,NO
backend/uploads/kn7/rnd_samples/e832d7d5a3674cdcab4eae75f6c33fa6.png,ebf4f635a17d10d6eb46ba680b70142419aa3220f228001a036d311a22ee9d2a,inventory_only,,,,False,,,NO
backend/uploads/kn7/rnd_samples/e84e27cf0da746059b0741c6be8f9423.png,ebf4f635a17d10d6eb46ba680b70142419aa3220f228001a036d311a22ee9d2a,inventory_only,,,,False,,,NO
backend/uploads/kn7/rnd_samples/e866b7a879c2411693b59638ccf2b780.png,ebf4f635a17d10d6eb46ba680b70142419aa3220f228001a036d311a22ee9d2a,inventory_only,,,,False,,,NO
backend/uploads/kn7/rnd_samples/e879e697e4fd455eabfa1bbcaea62f9f.png,ebf4f635a17d10d6eb46ba680b70142419aa3220f228001a036d311a22ee9d2a,inventory_only,,,,False,,,NO
backend/uploads/kn7/rnd_samples/e89a4d43865f4b1fad3a5749c8e61b1b.png,ebf4f635a17d10d6eb46ba680b70142419aa3220f228001a036d311a22ee9d2a,inventory_only,,,,False,,,NO
backend/uploads/kn7/rnd_samples/e8b72ad471e4414fb3396c83af5a2f76.png,ebf4f635a17d10d6eb46ba680b70142419aa3220f228001a036d311a22ee9d2a,inventory_only,,,,False,,,NO
backend/uploads/kn7/rnd_samples/e8c7d6e0df4548da9c5443ded759ceed.png,ebf4f635a17d10d6eb46ba680b70142419aa3220f228001a036d311a22ee9d2a,inventory_only,,,,False,,,NO
backend/uploads/kn7/rnd_samples/e8e16dae29734635b6683cb6d34278b3.png,ebf4f635a17d10d6eb46ba680b70142419aa3220f228001a036d311a22ee9d2a,inventory_only,,,,False,,,NO
backend/uploads/kn7/rnd_samples/e8f4e094c7d54022b47bce721d32358c.png,010e6c994d12e7734fa9a87c1a27cc53bf5b8905e171a94a89cbb6266f3bfb9b,inventory_only,,,,False,,,NO
backend/uploads/kn7/rnd_samples/e944dfeadbd440c39110947030507749.png,ebf4f635a17d10d6eb46ba680b70142419aa3220f228001a036d311a22ee9d2a,inventory_only,,,,False,,,NO
backend/uploads/kn7/rnd_samples/e961d88cc46046dda5af7e38de5c9fe4.png,ebf4f635a17d10d6eb46ba680b70142419aa3220f228001a036d311a22ee9d2a,inventory_only,,,,False,,,NO
backend/uploads/kn7/rnd_samples/e99205aefae842d4aa78c47ac6b7a950.png,ebf4f635a17d10d6eb46ba680b70142419aa3220f228001a036d311a22ee9d2a,inventory_only,,,,False,,,NO
backend/uploads/kn7/rnd_samples/e9bf69bc49824ec3a619d0a4fbd02a9d.png,ebf4f635a17d10d6eb46ba680b70142419aa3220f228001a036d311a22ee9d2a,inventory_only,,,,False,,,NO
backend/uploads/kn7/rnd_samples/e9c141c6ef614251a81e41529eb5636f.png,ebf4f635a17d10d6eb46ba680b70142419aa3220f228001a036d311a22ee9d2a,inventory_only,,,,False,,,NO
backend/uploads/kn7/rnd_samples/e9d69efcabbb4c2db99d38d27110a913.png,ebf4f635a17d10d6eb46ba680b70142419aa3220f228001a036d311a22ee9d2a,inventory_only,,,,False,,,NO
backend/uploads/kn7/rnd_samples/e9de7cfc017645dd9ba01d05722c3a68.png,ebf4f635a17d10d6eb46ba680b70142419aa3220f228001a036d311a22ee9d2a,inventory_only,,,,False,,,NO
backend/uploads/kn7/rnd_samples/ea8ea46cf9d04fe491c0f2ebe3d2ab2f.png,ebf4f635a17d10d6eb46ba680b70142419aa3220f228001a036d311a22ee9d2a,inventory_only,,,,False,,,NO
backend/uploads/kn7/rnd_samples/eaba403bfcb246119939bc530f0b941d.png,ebf4f635a17d10d6eb46ba680b70142419aa3220f228001a036d311a22ee9d2a,inventory_only,,,,False,,,NO
backend/uploads/kn7/rnd_samples/eac98607168547a58f5c05907fa92f02.png,ebf4f635a17d10d6eb46ba680b70142419aa3220f228001a036d311a22ee9d2a,inventory_only,,,,False,,,NO
backend/uploads/kn7/rnd_samples/eae652de3e3b4f05bee69705b3c2c2f6.png,ebf4f635a17d10d6eb46ba680b70142419aa3220f228001a036d311a22ee9d2a,inventory_only,,,,False,,,NO
backend/uploads/kn7/rnd_samples/eb1fd47839dd488bb2497bd23a9962f7.png,ebf4f635a17d10d6eb46ba680b70142419aa3220f228001a036d311a22ee9d2a,inventory_only,,,,False,,,NO
backend/uploads/kn7/rnd_samples/eb231a22deaf4c27b20baea7250f9f6a.png,ebf4f635a17d10d6eb46ba680b70142419aa3220f228001a036d311a22ee9d2a,inventory_only,,,,False,,,NO
backend/uploads/kn7/rnd_samples/eb34dada19e14ce992ca7b8009ee0fc5.png,ebf4f635a17d10d6eb46ba680b70142419aa3220f228001a036d311a22ee9d2a,inventory_only,,,,False,,,NO
backend/uploads/kn7/rnd_samples/eb35341a584548358a013eec5cde9a60.png,ebf4f635a17d10d6eb46ba680b70142419aa3220f228001a036d311a22ee9d2a,inventory_only,,,,False,,,NO
backend/uploads/kn7/rnd_samples/eb4cee8364d741218db8bb0828cd5226.png,ebf4f635a17d10d6eb46ba680b70142419aa3220f228001a036d311a22ee9d2a,inventory_only,,,,False,,,NO
backend/uploads/kn7/rnd_samples/ebf4770e2045432fb84b7821608339ce.png,ebf4f635a17d10d6eb46ba680b70142419aa3220f228001a036d311a22ee9d2a,inventory_only,,,,False,,,NO
backend/uploads/kn7/rnd_samples/ec4d61babe6947d4b55ec4995b6852d6.png,ebf4f635a17d10d6eb46ba680b70142419aa3220f228001a036d311a22ee9d2a,inventory_only,,,,False,,,NO
backend/uploads/kn7/rnd_samples/ec98a74c881448febab906218ba56255.png,ebf4f635a17d10d6eb46ba680b70142419aa3220f228001a036d311a22ee9d2a,inventory_only,,,,False,,,NO
backend/uploads/kn7/rnd_samples/ed2b511987a0478f8ccc92d192f4c224.png,ebf4f635a17d10d6eb46ba680b70142419aa3220f228001a036d311a22ee9d2a,inventory_only,,,,False,,,NO
backend/uploads/kn7/rnd_samples/ed6bb129dd2647948c2bc7095631ab1e.png,ebf4f635a17d10d6eb46ba680b70142419aa3220f228001a036d311a22ee9d2a,inventory_only,,,,False,,,NO
backend/uploads/kn7/rnd_samples/ed82752ff1b04313882d3715342bb704.png,ebf4f635a17d10d6eb46ba680b70142419aa3220f228001a036d311a22ee9d2a,inventory_only,,,,False,,,NO
backend/uploads/kn7/rnd_samples/ed83821776394d9fadbf270b033bee6f.png,ebf4f635a17d10d6eb46ba680b70142419aa3220f228001a036d311a22ee9d2a,inventory_only,,,,False,,,NO
backend/uploads/kn7/rnd_samples/edac622012b945649d8cd331c87795b1.png,ebf4f635a17d10d6eb46ba680b70142419aa3220f228001a036d311a22ee9d2a,inventory_only,,,,False,,,NO
backend/uploads/kn7/rnd_samples/edba26393ec94e75ad2a8b97022936b1.png,ebf4f635a17d10d6eb46ba680b70142419aa3220f228001a036d311a22ee9d2a,inventory_only,,,,False,,,NO
backend/uploads/kn7/rnd_samples/edc590a5c5d44e4d8a420b6706945e04.png,ebf4f635a17d10d6eb46ba680b70142419aa3220f228001a036d311a22ee9d2a,inventory_only,,,,False,,,NO
backend/uploads/kn7/rnd_samples/edcc65889cf54cb5ac514f8e7f281fd4.png,ebf4f635a17d10d6eb46ba680b70142419aa3220f228001a036d311a22ee9d2a,inventory_only,,,,False,,,NO
backend/uploads/kn7/rnd_samples/edcd1fd9f02e40a6949850e7c01c095b.png,ebf4f635a17d10d6eb46ba680b70142419aa3220f228001a036d311a22ee9d2a,inventory_only,,,,False,,,NO
backend/uploads/kn7/rnd_samples/edd71c524d554b4abd8736e0e939aa8e.png,ebf4f635a17d10d6eb46ba680b70142419aa3220f228001a036d311a22ee9d2a,inventory_only,,,,False,,,NO
backend/uploads/kn7/rnd_samples/ee343e112b5f442da3846695e63ec5c3.png,ebf4f635a17d10d6eb46ba680b70142419aa3220f228001a036d311a22ee9d2a,inventory_only,,,,False,,,NO
backend/uploads/kn7/rnd_samples/ee92e3dd9e584fcdaa1eba562fb9a937.png,1b1aae7a4f03a6bdbe79272acf6b03dfe234729e442150a0f4dd58294d27df3a,inventory_only,,,,False,,,NO
backend/uploads/kn7/rnd_samples/eece8919b91f487a9fe6f0329f7350d8.png,ebf4f635a17d10d6eb46ba680b70142419aa3220f228001a036d311a22ee9d2a,inventory_only,,,,False,,,NO
backend/uploads/kn7/rnd_samples/ef59c7e7f6b8473383ff35e7ff4ecdb9.png,ebf4f635a17d10d6eb46ba680b70142419aa3220f228001a036d311a22ee9d2a,inventory_only,,,,False,,,NO
backend/uploads/kn7/rnd_samples/ef8f5f1e17cb4961aeb76d2c151f1f0a.png,ebf4f635a17d10d6eb46ba680b70142419aa3220f228001a036d311a22ee9d2a,inventory_only,,,,False,,,NO
backend/uploads/kn7/rnd_samples/effd2b4a2911464d80eb8bd6e3d120ff.png,ebf4f635a17d10d6eb46ba680b70142419aa3220f228001a036d311a22ee9d2a,inventory_only,,,,False,,,NO
backend/uploads/kn7/rnd_samples/f02fd8b438894b0fa7046f0f9399adae.png,ebf4f635a17d10d6eb46ba680b70142419aa3220f228001a036d311a22ee9d2a,inventory_only,,,,False,,,NO
backend/uploads/kn7/rnd_samples/f030774c2c1442abbf4cf57c0eca05c7.png,ebf4f635a17d10d6eb46ba680b70142419aa3220f228001a036d311a22ee9d2a,inventory_only,,,,False,,,NO
backend/uploads/kn7/rnd_samples/f03969a10fdc478d8cd24ba40f900cf0.png,ebf4f635a17d10d6eb46ba680b70142419aa3220f228001a036d311a22ee9d2a,inventory_only,,,,False,,,NO
backend/uploads/kn7/rnd_samples/f046873b7ca347609b400ab6b6b73228.png,ebf4f635a17d10d6eb46ba680b70142419aa3220f228001a036d311a22ee9d2a,inventory_only,,,,False,,,NO
backend/uploads/kn7/rnd_samples/f050acf6f2bc4b59b37c745582aebd32.png,ebf4f635a17d10d6eb46ba680b70142419aa3220f228001a036d311a22ee9d2a,inventory_only,,,,False,,,NO
backend/uploads/kn7/rnd_samples/f065f190bb464931ab1895ac2b256561.png,ebf4f635a17d10d6eb46ba680b70142419aa3220f228001a036d311a22ee9d2a,inventory_only,,,,False,,,NO
backend/uploads/kn7/rnd_samples/f06a2e4e0df44fefa06c9777449be89b.png,ebf4f635a17d10d6eb46ba680b70142419aa3220f228001a036d311a22ee9d2a,inventory_only,,,,False,,,NO
backend/uploads/kn7/rnd_samples/f093ca3c9a224db3a8e2bf373480b1f1.png,ebf4f635a17d10d6eb46ba680b70142419aa3220f228001a036d311a22ee9d2a,inventory_only,,,,False,,,NO
backend/uploads/kn7/rnd_samples/f0dd9e1d5e874d299390913eeb85de88.png,ebf4f635a17d10d6eb46ba680b70142419aa3220f228001a036d311a22ee9d2a,inventory_only,,,,False,,,NO
backend/uploads/kn7/rnd_samples/f0e29db3fcfc4af5ac2f488ca8287396.png,ebf4f635a17d10d6eb46ba680b70142419aa3220f228001a036d311a22ee9d2a,inventory_only,,,,False,,,NO
backend/uploads/kn7/rnd_samples/f0f35e30578141acad6691879dce7782.png,ebf4f635a17d10d6eb46ba680b70142419aa3220f228001a036d311a22ee9d2a,inventory_only,,,,False,,,NO
backend/uploads/kn7/rnd_samples/f1151eb5b82049f1bdf219b7f3d3a71f.png,ebf4f635a17d10d6eb46ba680b70142419aa3220f228001a036d311a22ee9d2a,inventory_only,,,,False,,,NO
backend/uploads/kn7/rnd_samples/f1644d436a2944438f32242a89e8b5fe.png,ebf4f635a17d10d6eb46ba680b70142419aa3220f228001a036d311a22ee9d2a,inventory_only,,,,False,,,NO
backend/uploads/kn7/rnd_samples/f185f45440c44ec7acf1c4121fa8e172.png,ebf4f635a17d10d6eb46ba680b70142419aa3220f228001a036d311a22ee9d2a,inventory_only,,,,False,,,NO
backend/uploads/kn7/rnd_samples/f198c14a909a4a6da51a9cf1dd5c7e10.png,ebf4f635a17d10d6eb46ba680b70142419aa3220f228001a036d311a22ee9d2a,inventory_only,,,,False,,,NO
backend/uploads/kn7/rnd_samples/f1d14e01dd964564aa1398ae58679f92.png,ebf4f635a17d10d6eb46ba680b70142419aa3220f228001a036d311a22ee9d2a,inventory_only,,,,False,,,NO
backend/uploads/kn7/rnd_samples/f1d195a69e9e48179c77240d96e246c3.png,ebf4f635a17d10d6eb46ba680b70142419aa3220f228001a036d311a22ee9d2a,inventory_only,,,,False,,,NO
backend/uploads/kn7/rnd_samples/f1d2879798254670b1d7daa08105fec3.png,ebf4f635a17d10d6eb46ba680b70142419aa3220f228001a036d311a22ee9d2a,inventory_only,,,,False,,,NO
backend/uploads/kn7/rnd_samples/f1e1f53e702045b7ba539f5e17400722.png,ebf4f635a17d10d6eb46ba680b70142419aa3220f228001a036d311a22ee9d2a,inventory_only,,,,False,,,NO
backend/uploads/kn7/rnd_samples/f23bdc1f76fd4a1da0e83bbc3d36cbb9.png,ebf4f635a17d10d6eb46ba680b70142419aa3220f228001a036d311a22ee9d2a,inventory_only,,,,False,,,NO
backend/uploads/kn7/rnd_samples/f24705aa386449edb7aa450224ac619f.png,ebf4f635a17d10d6eb46ba680b70142419aa3220f228001a036d311a22ee9d2a,inventory_only,,,,False,,,NO
backend/uploads/kn7/rnd_samples/f293c3fd1aa34adb8053324483473e3e.png,ebf4f635a17d10d6eb46ba680b70142419aa3220f228001a036d311a22ee9d2a,inventory_only,,,,False,,,NO
backend/uploads/kn7/rnd_samples/f295698d02cc4a66be8efc0ac6870c7d.png,ebf4f635a17d10d6eb46ba680b70142419aa3220f228001a036d311a22ee9d2a,inventory_only,,,,False,,,NO
backend/uploads/kn7/rnd_samples/f2ab104c59d440c79a32d8ca08379f28.png,ebf4f635a17d10d6eb46ba680b70142419aa3220f228001a036d311a22ee9d2a,inventory_only,,,,False,,,NO
backend/uploads/kn7/rnd_samples/f2feb86610844eb6b32a2524e9c823b7.png,ebf4f635a17d10d6eb46ba680b70142419aa3220f228001a036d311a22ee9d2a,inventory_only,,,,False,,,NO
backend/uploads/kn7/rnd_samples/f304a737f9e24727a8c6b657c739c51f.png,ebf4f635a17d10d6eb46ba680b70142419aa3220f228001a036d311a22ee9d2a,inventory_only,,,,False,,,NO
backend/uploads/kn7/rnd_samples/f305f2a0044d4459afd4385e9e195207.png,ebf4f635a17d10d6eb46ba680b70142419aa3220f228001a036d311a22ee9d2a,inventory_only,,,,False,,,NO
backend/uploads/kn7/rnd_samples/f35480c464914198af82479e9f5c9617.png,ebf4f635a17d10d6eb46ba680b70142419aa3220f228001a036d311a22ee9d2a,inventory_only,,,,False,,,NO
backend/uploads/kn7/rnd_samples/f3d7380668b144ce844dd85d571d46c3.png,ebf4f635a17d10d6eb46ba680b70142419aa3220f228001a036d311a22ee9d2a,inventory_only,,,,False,,,NO
backend/uploads/kn7/rnd_samples/f466cf040b224fc9974152bfe32cf549.png,ebf4f635a17d10d6eb46ba680b70142419aa3220f228001a036d311a22ee9d2a,inventory_only,,,,False,,,NO
backend/uploads/kn7/rnd_samples/f48462b4bce84002bf81309b87386d19.png,ebf4f635a17d10d6eb46ba680b70142419aa3220f228001a036d311a22ee9d2a,inventory_only,,,,False,,,NO
backend/uploads/kn7/rnd_samples/f48fb6dc720c48069c4e2f9faa49f7e3.png,ebf4f635a17d10d6eb46ba680b70142419aa3220f228001a036d311a22ee9d2a,inventory_only,,,,False,,,NO
backend/uploads/kn7/rnd_samples/f4a3907612b4471fbba846692cc17f62.png,1b1aae7a4f03a6bdbe79272acf6b03dfe234729e442150a0f4dd58294d27df3a,inventory_only,,,,False,,,NO
backend/uploads/kn7/rnd_samples/f4ab15fc612b4a65883496a5f227df66.png,ebf4f635a17d10d6eb46ba680b70142419aa3220f228001a036d311a22ee9d2a,inventory_only,,,,False,,,NO
backend/uploads/kn7/rnd_samples/f4c61adc1f8d477b892276c78703a570.png,ebf4f635a17d10d6eb46ba680b70142419aa3220f228001a036d311a22ee9d2a,inventory_only,,,,False,,,NO
backend/uploads/kn7/rnd_samples/f4d9be1c8cc34c9ea4b69be26f8860a8.png,ebf4f635a17d10d6eb46ba680b70142419aa3220f228001a036d311a22ee9d2a,inventory_only,,,,False,,,NO
backend/uploads/kn7/rnd_samples/f538810809ea4407aacd75d558734ef7.png,ebf4f635a17d10d6eb46ba680b70142419aa3220f228001a036d311a22ee9d2a,inventory_only,,,,False,,,NO
backend/uploads/kn7/rnd_samples/f54b01f03ef64fd0984b65fa38e05790.png,ebf4f635a17d10d6eb46ba680b70142419aa3220f228001a036d311a22ee9d2a,inventory_only,,,,False,,,NO
backend/uploads/kn7/rnd_samples/f568c128b3bb48bf8d426a36b3eb8ece.png,ebf4f635a17d10d6eb46ba680b70142419aa3220f228001a036d311a22ee9d2a,inventory_only,,,,False,,,NO
backend/uploads/kn7/rnd_samples/f582b4e3031b4458bb4a943626095f90.png,ebf4f635a17d10d6eb46ba680b70142419aa3220f228001a036d311a22ee9d2a,inventory_only,,,,False,,,NO
backend/uploads/kn7/rnd_samples/f590b9c8473441d9a78d7baac6ff1b1c.png,ebf4f635a17d10d6eb46ba680b70142419aa3220f228001a036d311a22ee9d2a,inventory_only,,,,False,,,NO
backend/uploads/kn7/rnd_samples/f5a3506920854d74af299a3b304ecfdd.png,ebf4f635a17d10d6eb46ba680b70142419aa3220f228001a036d311a22ee9d2a,inventory_only,,,,False,,,NO
backend/uploads/kn7/rnd_samples/f5b9b1d5b576484b9d853f155672763e.png,ebf4f635a17d10d6eb46ba680b70142419aa3220f228001a036d311a22ee9d2a,inventory_only,,,,False,,,NO
backend/uploads/kn7/rnd_samples/f5c3c69fd67b443eae84a824b6160402.png,ebf4f635a17d10d6eb46ba680b70142419aa3220f228001a036d311a22ee9d2a,inventory_only,,,,False,,,NO
backend/uploads/kn7/rnd_samples/f60528b062094d5aa712ffc2567057ee.png,ebf4f635a17d10d6eb46ba680b70142419aa3220f228001a036d311a22ee9d2a,inventory_only,,,,False,,,NO
backend/uploads/kn7/rnd_samples/f62f6b38356d4374b51a345b84e721ea.png,ebf4f635a17d10d6eb46ba680b70142419aa3220f228001a036d311a22ee9d2a,inventory_only,,,,False,,,NO
backend/uploads/kn7/rnd_samples/f6611829cb6949278c2d64ea0ae7a5ab.png,ebf4f635a17d10d6eb46ba680b70142419aa3220f228001a036d311a22ee9d2a,inventory_only,,,,False,,,NO
backend/uploads/kn7/rnd_samples/f68ec8d18bd745998548e6b7cd74fafb.png,ebf4f635a17d10d6eb46ba680b70142419aa3220f228001a036d311a22ee9d2a,inventory_only,,,,False,,,NO
backend/uploads/kn7/rnd_samples/f74aa840a9204370834a459b1106701f.png,ebf4f635a17d10d6eb46ba680b70142419aa3220f228001a036d311a22ee9d2a,inventory_only,,,,False,,,NO
backend/uploads/kn7/rnd_samples/f76092903465496b90cb115ae028dea9.png,ebf4f635a17d10d6eb46ba680b70142419aa3220f228001a036d311a22ee9d2a,inventory_only,,,,False,,,NO
backend/uploads/kn7/rnd_samples/f766608628cd4b44bb97a11e5bf35e47.png,1b1aae7a4f03a6bdbe79272acf6b03dfe234729e442150a0f4dd58294d27df3a,inventory_only,,,,False,,,NO
backend/uploads/kn7/rnd_samples/f7acbaf0f1a94a3a94f182015be667f9.png,ebf4f635a17d10d6eb46ba680b70142419aa3220f228001a036d311a22ee9d2a,inventory_only,,,,False,,,NO
backend/uploads/kn7/rnd_samples/f7e764d8e63b4a198070c0691089fa13.png,ebf4f635a17d10d6eb46ba680b70142419aa3220f228001a036d311a22ee9d2a,inventory_only,,,,False,,,NO
backend/uploads/kn7/rnd_samples/f820d7814d0042babf6e29ebff0f319c.png,1b1aae7a4f03a6bdbe79272acf6b03dfe234729e442150a0f4dd58294d27df3a,inventory_only,,,,False,,,NO
backend/uploads/kn7/rnd_samples/f82dbdfdc8a04fd693a561768639efc9.png,ebf4f635a17d10d6eb46ba680b70142419aa3220f228001a036d311a22ee9d2a,inventory_only,,,,False,,,NO
backend/uploads/kn7/rnd_samples/f867c905e30c4953904e707aa08c4e51.png,ebf4f635a17d10d6eb46ba680b70142419aa3220f228001a036d311a22ee9d2a,inventory_only,,,,False,,,NO
backend/uploads/kn7/rnd_samples/f87a4d77dc7748a8aa8d5a98ed6f2ca3.png,ebf4f635a17d10d6eb46ba680b70142419aa3220f228001a036d311a22ee9d2a,inventory_only,,,,False,,,NO
backend/uploads/kn7/rnd_samples/f889ea4bc9944d77b1d3402dc55d67a2.png,ebf4f635a17d10d6eb46ba680b70142419aa3220f228001a036d311a22ee9d2a,inventory_only,,,,False,,,NO
backend/uploads/kn7/rnd_samples/f90ccfbbcfbf488cbacd571df09c3acc.png,ebf4f635a17d10d6eb46ba680b70142419aa3220f228001a036d311a22ee9d2a,inventory_only,,,,False,,,NO
backend/uploads/kn7/rnd_samples/f943f399ff1146428bc1ec66cda81c04.png,ebf4f635a17d10d6eb46ba680b70142419aa3220f228001a036d311a22ee9d2a,inventory_only,,,,False,,,NO
backend/uploads/kn7/rnd_samples/f947a0450fd94decb395d04dae29ec78.png,ebf4f635a17d10d6eb46ba680b70142419aa3220f228001a036d311a22ee9d2a,inventory_only,,,,False,,,NO
backend/uploads/kn7/rnd_samples/f96d00fc7ab84ff393295d98cc214e0c.png,ebf4f635a17d10d6eb46ba680b70142419aa3220f228001a036d311a22ee9d2a,inventory_only,,,,False,,,NO
backend/uploads/kn7/rnd_samples/f9caabd67ebf4716904eef5c05e7843d.png,ebf4f635a17d10d6eb46ba680b70142419aa3220f228001a036d311a22ee9d2a,inventory_only,,,,False,,,NO
backend/uploads/kn7/rnd_samples/f9d53964883e495abcf6af1cb9035aae.png,ebf4f635a17d10d6eb46ba680b70142419aa3220f228001a036d311a22ee9d2a,inventory_only,,,,False,,,NO
backend/uploads/kn7/rnd_samples/f9de3431bb3b4834bd35570a24fabfc4.png,ebf4f635a17d10d6eb46ba680b70142419aa3220f228001a036d311a22ee9d2a,inventory_only,,,,False,,,NO
backend/uploads/kn7/rnd_samples/fa1702f05a1542169494b28a365cb2a2.png,ebf4f635a17d10d6eb46ba680b70142419aa3220f228001a036d311a22ee9d2a,inventory_only,,,,False,,,NO
backend/uploads/kn7/rnd_samples/fa30e311e5ea4a39a057a35146c7ac9a.png,ebf4f635a17d10d6eb46ba680b70142419aa3220f228001a036d311a22ee9d2a,inventory_only,,,,False,,,NO
backend/uploads/kn7/rnd_samples/fa38867b0a994faabc5b50759dccdfa3.png,ebf4f635a17d10d6eb46ba680b70142419aa3220f228001a036d311a22ee9d2a,inventory_only,,,,False,,,NO
backend/uploads/kn7/rnd_samples/fa4e35987f914188ad24716320959f66.png,ebf4f635a17d10d6eb46ba680b70142419aa3220f228001a036d311a22ee9d2a,inventory_only,,,,False,,,NO
backend/uploads/kn7/rnd_samples/fac4ac1d4bf943f18f25683a72b32c48.png,ebf4f635a17d10d6eb46ba680b70142419aa3220f228001a036d311a22ee9d2a,inventory_only,,,,False,,,NO
backend/uploads/kn7/rnd_samples/faf34ec99a0a4db7a6badb784ad43d2d.png,ebf4f635a17d10d6eb46ba680b70142419aa3220f228001a036d311a22ee9d2a,inventory_only,,,,False,,,NO
backend/uploads/kn7/rnd_samples/fb0097a9380240f999731ca118fa4202.png,ebf4f635a17d10d6eb46ba680b70142419aa3220f228001a036d311a22ee9d2a,inventory_only,,,,False,,,NO
backend/uploads/kn7/rnd_samples/fb4d3ac9e3a04cea9dfdaa03824f2f63.png,ebf4f635a17d10d6eb46ba680b70142419aa3220f228001a036d311a22ee9d2a,inventory_only,,,,False,,,NO
backend/uploads/kn7/rnd_samples/fb574ae925b3417da6224acb6e3933ea.png,ebf4f635a17d10d6eb46ba680b70142419aa3220f228001a036d311a22ee9d2a,inventory_only,,,,False,,,NO
backend/uploads/kn7/rnd_samples/fbaf556f27ab4831a32eb6987fdc1c91.png,ebf4f635a17d10d6eb46ba680b70142419aa3220f228001a036d311a22ee9d2a,inventory_only,,,,False,,,NO
backend/uploads/kn7/rnd_samples/fc1dae9a776649de8f44ece4b55e46cd.png,ebf4f635a17d10d6eb46ba680b70142419aa3220f228001a036d311a22ee9d2a,inventory_only,,,,False,,,NO
backend/uploads/kn7/rnd_samples/fc308f782142493e80ec0fda759f1cbb.png,ebf4f635a17d10d6eb46ba680b70142419aa3220f228001a036d311a22ee9d2a,inventory_only,,,,False,,,NO
backend/uploads/kn7/rnd_samples/fc58be7fc55a4a5fab4670ab293003d7.png,ebf4f635a17d10d6eb46ba680b70142419aa3220f228001a036d311a22ee9d2a,inventory_only,,,,False,,,NO
backend/uploads/kn7/rnd_samples/fc97a8dae79a4535aaae24a41ad8858e.png,ebf4f635a17d10d6eb46ba680b70142419aa3220f228001a036d311a22ee9d2a,inventory_only,,,,False,,,NO
backend/uploads/kn7/rnd_samples/fc9b0572976e4222b71e8be3061ed503.png,ebf4f635a17d10d6eb46ba680b70142419aa3220f228001a036d311a22ee9d2a,inventory_only,,,,False,,,NO
backend/uploads/kn7/rnd_samples/fca271b8468b411ba089b7bf0db38cd6.png,ebf4f635a17d10d6eb46ba680b70142419aa3220f228001a036d311a22ee9d2a,inventory_only,,,,False,,,NO
backend/uploads/kn7/rnd_samples/fcfe9b4dac7d44aabf255c4a71154a96.png,ebf4f635a17d10d6eb46ba680b70142419aa3220f228001a036d311a22ee9d2a,inventory_only,,,,False,,,NO
backend/uploads/kn7/rnd_samples/fd0ecc512eda4d98bfe1e4b97519a7eb.png,ebf4f635a17d10d6eb46ba680b70142419aa3220f228001a036d311a22ee9d2a,inventory_only,,,,False,,,NO
backend/uploads/kn7/rnd_samples/fd22803e943d49ffb19416fd4f4f343b.png,ebf4f635a17d10d6eb46ba680b70142419aa3220f228001a036d311a22ee9d2a,inventory_only,,,,False,,,NO
backend/uploads/kn7/rnd_samples/fd69018bad244c219ba952411fcd4c23.png,ebf4f635a17d10d6eb46ba680b70142419aa3220f228001a036d311a22ee9d2a,inventory_only,,,,False,,,NO
backend/uploads/kn7/rnd_samples/fd77e086afcf404fb6c92cc5768f2f19.png,ebf4f635a17d10d6eb46ba680b70142419aa3220f228001a036d311a22ee9d2a,inventory_only,,,,False,,,NO
backend/uploads/kn7/rnd_samples/fd91bcb335504cedb793e20e2f461bf9.png,ebf4f635a17d10d6eb46ba680b70142419aa3220f228001a036d311a22ee9d2a,inventory_only,,,,False,,,NO
backend/uploads/kn7/rnd_samples/fd993fff9dba46329a68d930bc78d035.png,ebf4f635a17d10d6eb46ba680b70142419aa3220f228001a036d311a22ee9d2a,inventory_only,,,,False,,,NO
backend/uploads/kn7/rnd_samples/fdc19dbccf1a4a389c0078734f6da89a.png,ebf4f635a17d10d6eb46ba680b70142419aa3220f228001a036d311a22ee9d2a,inventory_only,,,,False,,,NO
backend/uploads/kn7/rnd_samples/fdc63ea0593741cdb190c987af5458ee.png,ebf4f635a17d10d6eb46ba680b70142419aa3220f228001a036d311a22ee9d2a,inventory_only,,,,False,,,NO
backend/uploads/kn7/rnd_samples/fdd49079b5ae4895810d44f0857ca920.png,ebf4f635a17d10d6eb46ba680b70142419aa3220f228001a036d311a22ee9d2a,inventory_only,,,,False,,,NO
backend/uploads/kn7/rnd_samples/fdf2c0620e714f4cab7786f962cb2cce.png,ebf4f635a17d10d6eb46ba680b70142419aa3220f228001a036d311a22ee9d2a,inventory_only,,,,False,,,NO
backend/uploads/kn7/rnd_samples/fe1b37e589e243f8b3eb59219c464c04.png,ebf4f635a17d10d6eb46ba680b70142419aa3220f228001a036d311a22ee9d2a,inventory_only,,,,False,,,NO
backend/uploads/kn7/rnd_samples/fe4dde3732974b7b851a95efc4b22826.png,ebf4f635a17d10d6eb46ba680b70142419aa3220f228001a036d311a22ee9d2a,inventory_only,,,,False,,,NO
backend/uploads/kn7/rnd_samples/fe58582dc60743ccb9b219f0166a4b22.png,ebf4f635a17d10d6eb46ba680b70142419aa3220f228001a036d311a22ee9d2a,inventory_only,,,,False,,,NO
backend/uploads/kn7/rnd_samples/fe69fd98affd4740befb7cedebe6d287.png,ebf4f635a17d10d6eb46ba680b70142419aa3220f228001a036d311a22ee9d2a,inventory_only,,,,False,,,NO
backend/uploads/kn7/rnd_samples/fe7b76a90c634ff5bec86c031be2f093.png,195ea50939f6e26482c30f972b56ad262b5145087f5aab1ab23811ac3b10b865,inventory_only,,,,False,,,NO
backend/uploads/kn7/rnd_samples/fe7fd01afcca4a73b251367b0d4ddd38.png,ebf4f635a17d10d6eb46ba680b70142419aa3220f228001a036d311a22ee9d2a,inventory_only,,,,False,,,NO
backend/uploads/kn7/rnd_samples/fe968788c45f495ebe3a6209d631a3bc.png,ebf4f635a17d10d6eb46ba680b70142419aa3220f228001a036d311a22ee9d2a,inventory_only,,,,False,,,NO
backend/uploads/kn7/rnd_samples/fe96b380793e43549c924e4a1f29d042.png,ebf4f635a17d10d6eb46ba680b70142419aa3220f228001a036d311a22ee9d2a,inventory_only,,,,False,,,NO
backend/uploads/kn7/rnd_samples/fee3c818cb974a4caeb18bf81046337f.png,ebf4f635a17d10d6eb46ba680b70142419aa3220f228001a036d311a22ee9d2a,inventory_only,,,,False,,,NO
backend/uploads/kn7/rnd_samples/fef5da98239e4b3d87d377c2f975ec00.png,ebf4f635a17d10d6eb46ba680b70142419aa3220f228001a036d311a22ee9d2a,inventory_only,,,,False,,,NO
backend/uploads/kn7/rnd_samples/ff2e91336dad41dba942fcd17b9ed3ad.png,ebf4f635a17d10d6eb46ba680b70142419aa3220f228001a036d311a22ee9d2a,inventory_only,,,,False,,,NO
backend/uploads/kn7/rnd_samples/ff40629777434bd0835d5a8f7d4f2b9c.png,ebf4f635a17d10d6eb46ba680b70142419aa3220f228001a036d311a22ee9d2a,inventory_only,,,,False,,,NO
backend/uploads/kn7/rnd_samples/ff53bcccb3a04e608bbc72c1bb9ea1f7.png,ebf4f635a17d10d6eb46ba680b70142419aa3220f228001a036d311a22ee9d2a,inventory_only,,,,False,,,NO
backend/uploads/kn7/rnd_samples/ff69a35d79594e0d99b335ea29694751.png,ebf4f635a17d10d6eb46ba680b70142419aa3220f228001a036d311a22ee9d2a,inventory_only,,,,False,,,NO
backend/uploads/kn7/rnd_samples/ffc217fbdae440afab3fa36fd14b35d2.png,d402d2c25f42d333fea3c9fdaff5e5528de52a89495b31fd40f3969f09a518f1,inventory_only,,,,False,,,NO
backend/uploads/kn7/rnd_samples/ffc9bd8a652f447d8014eb38d0cac43d.png,1b1aae7a4f03a6bdbe79272acf6b03dfe234729e442150a0f4dd58294d27df3a,inventory_only,,,,False,,,NO
backend/uploads/kn7/rnd_samples/ffd13b6b1868413f9137ec6f833bc04a.png,ebf4f635a17d10d6eb46ba680b70142419aa3220f228001a036d311a22ee9d2a,inventory_only,,,,False,,,NO
backend/uploads/kn7/special_orders/07d215290c3444989e392b72ba5c2560.png,63ef318d96b5d0d0ceba6e04a4e622b1158335cdc67c49e27839132c6f655058,inventory_only,,,,False,,,NO
backend/uploads/kn7/special_orders/0f1435d65f5d41f79e50bad86bab87f0.png,63ef318d96b5d0d0ceba6e04a4e622b1158335cdc67c49e27839132c6f655058,inventory_only,,,,False,,,NO
backend/uploads/kn7/special_orders/197d05d83c2a4350869081bc0c78ef03.png,1b1aae7a4f03a6bdbe79272acf6b03dfe234729e442150a0f4dd58294d27df3a,inventory_only,,,,False,,,NO
backend/uploads/kn7/special_orders/2a75f703ab014409ac8f4f304d4ef188.png,cfe84775504b1ec482883c556b4572ddd11430766d35899a339ababfe2c283b9,inventory_only,,,,False,,,NO
backend/uploads/kn7/special_orders/a29ea4f9b3804cc2b28e381b3fe2ccfc.png,63ef318d96b5d0d0ceba6e04a4e622b1158335cdc67c49e27839132c6f655058,inventory_only,,,,False,,,NO
backend/uploads/kn7/special_orders/c7d80d702a894fddb9f540bbbb44af24.png,63ef318d96b5d0d0ceba6e04a4e622b1158335cdc67c49e27839132c6f655058,inventory_only,,,,False,,,NO
backend/uploads/kn7/special_orders/cf30d601aace4c699efe67e06cb8419a.png,63ef318d96b5d0d0ceba6e04a4e622b1158335cdc67c49e27839132c6f655058,inventory_only,,,,False,,,NO
backend/uploads/kn7/special_orders/fa8dd0e6a9b44d6f864808b91b3dfd83.png,63ef318d96b5d0d0ceba6e04a4e622b1158335cdc67c49e27839132c6f655058,inventory_only,,,,False,,,NO
backend/uploads/sales_returns/sret_bf358123bfd0/att_42e60953276c-test_photo.png,d810be3665232ebb7254ce99e9546cb3129221e3adcc96a741e0b6e759f18efb,inventory_only,,,,False,,,NO
backend_test_fase_d.py,144551f6328e7936e9faa5d6d4623038e6f366d8c0ccb0d3112e4fe8d240e2ed,python_ast_syntax_structure,467,,,False,,,NO
backend_test_fase_l.py,0928176c28a05e0341f38f668301054e9e4ae6f93aff569ca055b135e5866c3c,python_ast_syntax_structure,573,,,False,,,NO
deploy/Caddyfile,b80c0cbbd1cd0aa15504ec062771b04bcbae8cba607075bcd4b76dc197bc8c76,inventory_only,,,,False,,,NO
deploy/DEMO_LENGKAP_VPS.md,d17e8728b988b19c7c99ba034ac06351e83d4b84ee379825d898dd2c457f0d4f,inventory_only,,,,False,,,NO
deploy/Dockerfile.backend,8d3a0eb08c8e4e438f5d35850977c4f5db863e01c51e250e4769be341f4c3f97,inventory_only,,,,False,,,NO
deploy/Dockerfile.frontend,7c10a21faf638315ca5d8e70cc2ec62a22bd10095dc02ebac95a87baa0207251,inventory_only,,,,False,,,NO
deploy/IMPORT_MASTER_PRODUK.md,e19345512f234b2a51918e01c5e22b661ec1c880b3253a7583372de0c5769f8e,inventory_only,,,,False,,,NO
deploy/backup.sh,208c932dc27b9708f86403b4f548aab3060386fd4985c69f574a897cfd456642,inventory_only,,,,False,,,NO
deploy/cek_vps.sh,1f2637b30a29cb59eda8790b4664d8b47559b2adb0362caa84f40c4015332217,inventory_only,,,,False,,,NO
deploy/docker-compose.yml,d50255608f2365c7daf3285870adc6d817a4795e9205fae80174899c3161e074,inventory_only,,,,False,,,NO
deploy/edge.sh,659f60afdb78b3004f5c084f4035b29b5c4fac1c3fb6eabaf0747c23a1c79ba5,inventory_only,,,,False,,,NO
deploy/frontend-yarnlock.txt,8a46bd3868563596a4a2a9bff6f4f89a4217381d200c29ded26f4e6b239cba25,inventory_only,,,,False,,,NO
deploy/install_vps.sh,10ece4caf76be7dd0446f49385642e9e1301581c8cbfd39c6725d2a7dc062fe4,inventory_only,,,,False,,,NO
deploy/nginx-web.conf,aa8368f0dc1b23ba07a21dd8a6153c70ef242ed313aadf594758223ba18d610c,inventory_only,,,,False,,,NO
deploy/setup_demo_lengkap.sh,42d8661716c67012428e8c03967a8b7092e708c9daf6c5adfebabb3779b53c7c,inventory_only,,,,False,,,NO
deploy/setup_vps_ai_import.sh,16e67b26fb4cf8136632f50aa3ca35a3594d9151dd9fb5c1edc77e0a53d9e770,inventory_only,,,,False,,,NO
deploy/update.sh,4b83dbb701bb38a3196ff31e43cf93decf751e9aaa5a209d96b3faaa4e7a24ee,inventory_only,,,,False,,,NO
design_guidelines.md,500f28bd4d77eaa5440ac800b41e042ec14bfbca8d2bd518a7e2cd081a0173e1,inventory_only,,,,False,,,NO
docs/COMPREHENSIVE_ERP_ASSESSMENT.md,ef31e9bc17908dc1e0b1d42840b2d30659efad04633a68f74eff225d32c39248,inventory_only,,,,False,,,NO
docs/COMPREHENSIVE_ERP_ASSESSMENT_PART2.md,5514ca791b591b0571b4f2e9dd3a69022f44458faef131e7f43b814438fe576b,inventory_only,,,,False,,,NO
docs/COMPREHENSIVE_ERP_ASSESSMENT_PART3.md,c0f8f3de59db0e71502aa38cc7dbae28ea4e2e3298de389ad2f7da4df3d53c3c,inventory_only,,,,False,,,NO
docs/COMPREHENSIVE_ERP_ASSESSMENT_PART4_FINAL.md,1221ec70f28efff5e7edcb5dbc2f919a3fe3c500f54f024411b3705988fb7034,inventory_only,,,,False,,,NO
docs/DEPLOY_VPS.md,5c6bf239cde047662e2ec639514f69aba1b09f14a308540511df19b88b82d51a,inventory_only,,,,False,,,NO
docs/EXECUTIVE_SUMMARY_DECK.md,e28f40d2e54023d4d0852673ed3919861ffa18c1bc448769c572edc0e997ffd5,inventory_only,,,,False,,,NO
docs/KN_00_AGENT_QUICK_START.md,dab8928b0bd8d8a9a62a0a61b7f9a7d35e1b7d6ce2694ff7050981bf0b12e758,inventory_only,,,,False,,,NO
docs/KN_01_SYSTEM_OVERVIEW.md,84203722e0ee289ff2f1e7535c5c99294533da539c37d949523153e3e74ce8d0,inventory_only,,,,False,,,NO
docs/KN_08_UI_UX_STANDARDS.md,e6b506869c81ac20eb762c5127453e945cf1b8162c2ccd240124450b9659dda3,inventory_only,,,,False,,,NO
docs/KN_12_DEVELOPMENT_PROTOCOLS.md,ca7fff5881d9ea445295f47525fde4359c6394b2eb13328c7b27632df54e61cf,inventory_only,,,,False,,,NO
docs/KN_13_NAVIGATION_MAP.md,5427183c3b04bde2bbfe32f8fb8898abeb778c8bec2287df3ce33f77e206b66b,inventory_only,,,,False,,,NO
docs/KN_14_INFORMATION_ARCHITECTURE.md,feffd9f7cd1b087b98b7ef935eb05e252e5f819a7175850ed7222d3b68fe0694,inventory_only,,,,False,,,NO
docs/KN_15_INVENTORY_OWNERSHIP_LOT.md,d72e52f5fad6168ea9250eb612c783604d5f5b1ccc56f2317f3b7a9e5ff55798,inventory_only,,,,False,,,NO
docs/KN_16_END_TO_END_PROCESS_FLOWS.md,19fffe867c9d662ce7d23c43475961837d2710d2fc5a0ab5ae0183db334f46df,inventory_only,,,,False,,,NO
docs/KN_17_SALES_FORCE_CRM.md,a3933ea0817722524bc68af0024d6dfe472b624c056afa8a994e0814da6bcaf0,inventory_only,,,,False,,,NO
docs/KN_18_TEXTILE_FOUNDATION_PROBLEM_STATEMENT.md,93fd78b522dd6e58963a6de19eef3b8fe30df68cc7264f7b576e570b905e11eb,inventory_only,,,,False,,,NO
docs/KN_19_PLAN_FASE_A_FONDASI_DOMAIN.md,3b480d2576b9913d55f15c406696040580839063e217a24c9b56b0798301e8b7,inventory_only,,,,False,,,NO
docs/KN_21_PLAN_PS21_NOTIFIKASI_OPERASIONAL.md,f801b5b2915bbb7e30b468a808c237787110f7c3a7374691f8a978915471e532,inventory_only,,,,False,,,NO
docs/KN_22_PLAN_FASE_B_UOM.md,13973b9813e70a05df7a5edac1405ea6eae11f60786255229cd9ceaa76d50749,inventory_only,,,,False,,,NO
docs/KN_23_PLAN_FASE_C_LOT.md,2bc32df715370452b08263a726ff4ad2dc2d356b6652fd5701f1d09256b8d3b9,inventory_only,,,,False,,,NO
docs/KN_24_PLAN_FASE_D_MAKLOON.md,7bd676a1d488fabd13b0e7ec3c7d8cb13cf85eea154f46ac22aa1ff597a59658,inventory_only,,,,False,,,NO
docs/KN_25_PLAN_FASE_E_SOURCING_CONTRACTS.md,1afde2fee49cf13edc0adcc234f526ae6b9101f771292855c7a9d873ec63f4ba,inventory_only,,,,False,,,NO
docs/KN_26_PLAN_FASE_F1_RECEIVING_UOM.md,d94f1feede974163a78736acf29b1cbfb8dd3e50d47864e44082c2a5b919bc51,inventory_only,,,,False,,,NO
docs/KN_27_PENUTUPAN_FASE_G0_SATU_SUMBER_KEBENARAN.md,d12cc664daefcd7d91253461c9fa06d6b57fa4367946d8522c5c7cee6ebebac9,inventory_only,,,,False,,,NO
docs/KN_28_PLAN_FASE_G4_RELASI_DOKUMEN.md,9f56b8342f205a1a9378a122441775049e66868e8bcfe33e5bc51a0dd6ee52ee,inventory_only,,,,False,,,NO
docs/KN_29_PLAN_FASE_G2_PEMBAYARAN_DENDA.md,97217f4208183f6c969a0c126c0197612f415905162e1074ea33d11a24f34176,inventory_only,,,,False,,,NO
docs/KN_30_PLAN_FASE_G3_SELISIH_PEMBAYARAN.md,950d3f62078172cbf228968ec27f17f0c45199e4ef03d96386183345f660e274,inventory_only,,,,False,,,NO
docs/KN_31_PLAN_FASE_F_RND_DESIGN.md,b7c323788760895ebc058232ac7b2be38dc80f18356a52febee6ad1b52aed655,inventory_only,,,,False,,,NO
docs/KN_32_GLOSARIUM_BAHASA_ANTARMUKA.md,ae8fca8c35d725517be14d3dd211001dbc2767ab9a41af40690c6956f08bcf3d,inventory_only,,,,False,,,NO
docs/KN_33_PLAN_FASE_G8_REKONSILIASI_BANK.md,3cce45974ba7ca44b0df3a766b8e5d82eabf11cd88bb4c59c239d3bbd8f2374e,inventory_only,,,,False,,,NO
docs/KN_34_PLAN_FASE_G9_PUSAT_KASUS_KEUANGAN.md,b3be3ed1ccae4962e521f9c8f1adf0a096684ab9b5804a8d4a4d92dfc32e0ba4,inventory_only,,,,False,,,NO
docs/KN_35_PLAN_FASE_G7_KONTRABON.md,f70ab91c0949611fe980181f92f0ca58e7f81831c08a8b361cbb56104b45abb1,inventory_only,,,,False,,,NO
docs/KN_36_PLAN_FASE_G6_ANTAR_ENTITAS.md,30745528b76c1edf6268e1d284f5a575e2e1ef2fde991c9d8333dedec9bbcc37,inventory_only,,,,False,,,NO
docs/KN_DEVELOPMENT_PLAN_FROM_ASSESSMENT.md,fe81441dcf2091724392c65c4da4923dadd047adb228a544d995c170074df3da,inventory_only,,,,False,,,NO
docs/LAPORAN_MIGRASI_LINI_PRODUK.md,ef4010c00c96ec248519489ac668ea7c877ba16540f9df56964925dbac19a1ec,inventory_only,,,,False,,,NO
docs/README.md,42e3164e328ed955dab50cd5be9c26559bb193a0c76b2aa0e94ac7d7698c46ab,inventory_only,,,,False,,,NO
docs/SYSTEM_ANALYSIS.md,d70253b460d688dd89a95053641c316c1f2cd2fb5004c64f9c07d9512ce534cb,inventory_only,,,,False,,,NO
docs/UX_USABILITY_STANDARD.md,bcb1b8bb5e78774f5c35d400bdfd680392872dfab0940f2dc1f49f4c4cc2255a,inventory_only,,,,False,,,NO
docs/arsip/RENCANA_EKSEKUSI_MD_ERP_v1_2026-08-18.md,5f52fd978d7d85a93e8bac01a173ca1dee221ed064ab5496b7cc20f438455208,inventory_only,,,,False,,,NO
docs/audit/ia/IA_AUDIT_2026-10-04.md,cdf3c4fa877bc17395a2146d2cdc61e3e6694e8513b4af1fea683ae346033e2e,inventory_only,,,,False,,,NO
docs/audit/ia/IA_INVENTORY.json,adcef9a4a8cf6268059e58611914c2997ad39cd81d6262159c6db29432dbdb0a,inventory_only,9305,,,False,,,NO
docs/audit/ia/crawl_1.json,1a254af934db4eff9d9b0f50684730d7300449d1aa2cccd0ae53da37d0d109cc,inventory_only,576,,,False,,,NO
docs/audit/ia/crawl_2.json,685cf82be73f258ca16d6d7881f06039e5d5816bac5324b31e97c1919d76d675,inventory_only,469,,,False,,,NO
docs/audit/ia/crawl_3.json,1c437ad85747a377b10391ead13adc66fc69512111d289abd90fabb901f936e6,inventory_only,452,,,False,,,NO
docs/audit/ia/crawl_all.json,95d21d13aa10d11674d98117783cc66756b8237fb2dd725dac823c4c0e51616a,inventory_only,1493,,,False,,,NO
docs/audit/ia/dialogscan_1.json,8bcb1d2c055e3cf9749f10067b74236c09167ffd1c3fcc70c756adec20f87329,inventory_only,160,,,False,,,NO
docs/audit/ia/dialogscan_2.json,5de45948da6490131b1580b568def00898d8072aca25611551729022e39ff269,inventory_only,97,,,False,,,NO
docs/audit/ia/uiscan_1.json,8705fcc7c669d40aeb5ed442b23d7d9320d58fbce0fe2fdc8ede7820f8514b29,inventory_only,47,,,False,,,NO
docs/audit/ia/uiscan_2.json,ce924c2bddfc46e6f18c08d51231bc793b6ad58a9c6bc0fa7ac317c2616a9a19,inventory_only,53,,,False,,,NO
docs/audit/ia/uiscan_3.json,310274abf505fb55fa9a75651085fbc8836b8e3be80c48c22662d3b993faafb2,inventory_only,47,,,False,,,NO
docs/audit/ia/views.json,967610fb68b1bde6069e35db236ca7abfada5ad5d579e921433031b6a4f5222b,inventory_only,1,,,False,,,NO
docs/audit/ux-2026-10-05/LAPORAN_AUDIT_UX_2026-10-05.md,e91ac01d744f0fb9ca7ff52082b729d01be0612f4b314c7f1817d0211ac0ecce,inventory_only,,,,False,,,NO
docs/audit/ux-2026-10-05/admin/crawl.json,36efdd07a69c0b81daa4523f1519b9c8e27fafda4bf6a61ca4c44ae33d88b6e0,inventory_only,1,,,False,,,NO
docs/audit/ux-2026-10-05/admin/findings.json,d6a4d7d92fd81105426c0b6abb64323089884d0735d348bd6f74a4638eeadde0,inventory_only,6322,,,False,,,NO
docs/audit/ux-2026-10-05/admin/shots/admin.jpg,781573fcc35ef11b0b4436837a56a217b7b6d9eefd0f3303c3d970cb8bfa8f6b,inventory_only,,,,False,,,NO
docs/audit/ux-2026-10-05/admin/shots/admin__admin-tab-audit-button.jpg,4e1974e99ee86ae552314ebe95a8dd41119f5ca9ef2971426074b18b20c7fae5,inventory_only,,,,False,,,NO
docs/audit/ux-2026-10-05/admin/shots/admin__admin-tab-integrations-button.jpg,cc42f2f17fb5ed2bbf184a08b75550dc2883a842f585b2dfac84160e2f3b75da,inventory_only,,,,False,,,NO
docs/audit/ux-2026-10-05/admin/shots/advance-report.jpg,e47b8d2f1215c2dc80cc7ec1127861f93bfe419b88db68eec619f797bc899976,inventory_only,,,,False,,,NO
docs/audit/ux-2026-10-05/admin/shots/amendments.jpg,06020fd18a3a88176af8922fd11181f92b3bea3321d77212452b1a77ebd0e910,inventory_only,,,,False,,,NO
docs/audit/ux-2026-10-05/admin/shots/amendments__amd-tab-alasan.jpg,56b9c018a31b11e7184548c223d7fa4a87049a0afb84e499143f85b813f49e33,inventory_only,,,,False,,,NO
docs/audit/ux-2026-10-05/admin/shots/amendments__amd-tab-daftar.jpg,ff2f6bf51c2af6982d334fa14fb60462e2cc5ec0f64d52c7d47d65b90dbc8789,inventory_only,,,,False,,,NO
docs/audit/ux-2026-10-05/admin/shots/approval-inbox.jpg,bf361a5e7a0e119eab42a3a4db9e2a0e59f7d72f10760b9b7d46386041265c4c,inventory_only,,,,False,,,NO
docs/audit/ux-2026-10-05/admin/shots/approval-inbox__approval-inbox-tab-all.jpg,f76fe3961693565c2dc159a03acc9eea98c8bcce544e71e8dab2089ccc07e257,inventory_only,,,,False,,,NO
docs/audit/ux-2026-10-05/admin/shots/approval-inbox__approval-inbox-tab-amendment.jpg,62596c6b494c602444399935043a4c1aa7885641c19b4212e4f5d06daf7f1e65,inventory_only,,,,False,,,NO
docs/audit/ux-2026-10-05/admin/shots/approval-inbox__approval-inbox-tab-credit.jpg,9ec2c615e067a67a69fdba9ca39d946c0d4262229d73992f16bd531e66898ce2,inventory_only,,,,False,,,NO
docs/audit/ux-2026-10-05/admin/shots/approval-inbox__approval-inbox-tab-cycle.jpg,f666e62981eefb237b531a56457b84d9006d15179970c6ceb338b9ac0ea2d356,inventory_only,,,,False,,,NO
docs/audit/ux-2026-10-05/admin/shots/approval-inbox__approval-inbox-tab-po.jpg,6912084273e8ecf91c8b857fec2889d51fe5faac49a93edc6bbbfd4c7a0062de,inventory_only,,,,False,,,NO
docs/audit/ux-2026-10-05/admin/shots/approval-inbox__approval-inbox-tab-price.jpg,73edd74eccd47647901a1896e86d302cc4a45e55490ad42743d1782726a240ad,inventory_only,,,,False,,,NO
docs/audit/ux-2026-10-05/admin/shots/approval-inbox__approval-inbox-tab-returns.jpg,46d94c0c53aa591bb2ae7ee4bacd4f2447cbe6d15a6dd8d1d2e19733dfc739c4,inventory_only,,,,False,,,NO
docs/audit/ux-2026-10-05/admin/shots/approval-inbox__approval-inbox-tab-sales_order.jpg,62867599841d42662a597b639f9e0f56c331963c8406f57c2349dca2a68d61ee,inventory_only,,,,False,,,NO
docs/audit/ux-2026-10-05/admin/shots/approval-rules.jpg,e82f501c2ae3f30e7fd0aa5a078dc40e818e26311c9ede82947ee8a5ad9ca7f2,inventory_only,,,,False,,,NO
docs/audit/ux-2026-10-05/admin/shots/ar-aging.jpg,e51e5f9b30338cd90e8b0d6fd4209985102098ea107317b9ac59ce52fd68f8a2,inventory_only,,,,False,,,NO
docs/audit/ux-2026-10-05/admin/shots/bank-accounts.jpg,4ab60f94e94abe56e62fc448d00b23a3c31601a4083ceea9fafd89e97d057b00,inventory_only,,,,False,,,NO
docs/audit/ux-2026-10-05/admin/shots/bank-reconciliation.jpg,20ed2b56b0322f9102d15080efb331b9cea89fd75436fe60c5b1b71ebe146e17,inventory_only,,,,False,,,NO
docs/audit/ux-2026-10-05/admin/shots/bank-reconciliation__recon-tab-formats.jpg,fb067bd9f13c7dc167d09080eb0b4c93a8b50a6892e4a52dffb05c2b1d5c7f88,inventory_only,,,,False,,,NO
docs/audit/ux-2026-10-05/admin/shots/bank-reconciliation__recon-tab-holding.jpg,59245c4bc1fcebf3645e74c3a2d233c93976939020da8f856ee7295f4cd201c2,inventory_only,,,,False,,,NO
docs/audit/ux-2026-10-05/admin/shots/bank-reconciliation__recon-tab-lines.jpg,2a9cbe459824df4b872d8700f13498c968b6e1dbe7b47d77c14df9fff23fb1c4,inventory_only,,,,False,,,NO
docs/audit/ux-2026-10-05/admin/shots/bank-reconciliation__recon-tab-rules.jpg,d27d0b2ab79b6117effd82aff4b209531cb2b3184f2850ee2fa5a19aed63f40a,inventory_only,,,,False,,,NO
docs/audit/ux-2026-10-05/admin/shots/bi-finance.jpg,c80f37d5f5c31100c7b33892d52a7928e0f5b19e738d8449e3f254a60d1a4579,inventory_only,,,,False,,,NO
docs/audit/ux-2026-10-05/admin/shots/blanket-po.jpg,e21cf9d282af41679a904e012bbf9c6fb380654093e587747f4b625496dfdf91,inventory_only,,,,False,,,NO
docs/audit/ux-2026-10-05/admin/shots/blanket-po__blanket-tab-active.jpg,7bb01b0817fc6826922714cea23b645965d6c9a9cc2cab562a61f53863eabf45,inventory_only,,,,False,,,NO
docs/audit/ux-2026-10-05/admin/shots/blanket-po__blanket-tab-all.jpg,5d98453d2b2a1e3b66583dc1ba48a9d548990f95e4a154db80d288dcb556e6e3,inventory_only,,,,False,,,NO
docs/audit/ux-2026-10-05/admin/shots/blanket-po__blanket-tab-closed.jpg,16b25ffe261673f0f0b0f56042af81f817240bfd2f907ca44f7f4907995e541d,inventory_only,,,,False,,,NO
docs/audit/ux-2026-10-05/admin/shots/blanket-po__blanket-tab-exhausted.jpg,d099ce1ab9b47a6df4efd953a0a0634b87841b8daf58bd80fe38eb30730627df,inventory_only,,,,False,,,NO
docs/audit/ux-2026-10-05/admin/shots/blanket-po__blanket-tab-expired.jpg,182ba3255fd5bad473d1eae3523c9c0a53a649be3401701ae5c1f23cb85fcc24,inventory_only,,,,False,,,NO
docs/audit/ux-2026-10-05/admin/shots/budget.jpg,35866be1462b19f1e75c332c30d8e38408a3a730fb3e4f60b213e75540653fb9,inventory_only,,,,False,,,NO
docs/audit/ux-2026-10-05/admin/shots/budget__budget-tab-account.jpg,48d3dd54d3a5fb325e294dffa70a8eb47c116229037e253cb8558bc076ae71f5,inventory_only,,,,False,,,NO
docs/audit/ux-2026-10-05/admin/shots/budget__budget-tab-category.jpg,f564f0d19ea86940c22440aba116d98b36f5f540dd79aae64f5311e13df83cc1,inventory_only,,,,False,,,NO
docs/audit/ux-2026-10-05/admin/shots/cash-advances.jpg,bed4822691f8dd0264fe574f4dd195eba6c7a0bc5cfb2ed3520eaa55b722766f,inventory_only,,,,False,,,NO
docs/audit/ux-2026-10-05/admin/shots/cash-advances__ca-tab-all.jpg,09ead8fd08bcda3d7583ade6d8b4442f5e0a933f6ad4df1341a7f896c717103a,inventory_only,,,,False,,,NO
docs/audit/ux-2026-10-05/admin/shots/cash-advances__ca-tab-approved.jpg,949830454f45cd35de4e972fb1b654cf93da2fcce9998e59d6e0f255b6b9176b,inventory_only,,,,False,,,NO
docs/audit/ux-2026-10-05/admin/shots/cash-advances__ca-tab-disbursed.jpg,cafb61d554f4d2f8773731223629402512abb1a3ce6b45c2008e946fb79f4080,inventory_only,,,,False,,,NO
docs/audit/ux-2026-10-05/admin/shots/cash-advances__ca-tab-draft.jpg,c5adad5919d0ab1afa8ef068c996059c38f066c76a95dbbc45227c6a88df498c,inventory_only,,,,False,,,NO
docs/audit/ux-2026-10-05/admin/shots/cash-advances__ca-tab-pending_atasan.jpg,1b5299cb02de422fc2ae2946f7280fc640e5e9a3f94c909ab9b9fd94c5750830,inventory_only,,,,False,,,NO
docs/audit/ux-2026-10-05/admin/shots/cash-advances__ca-tab-rejected.jpg,5a0b8ebc73079622e05d86c2d03162af076b1460e140ee7b1b157189fc562bec,inventory_only,,,,False,,,NO
docs/audit/ux-2026-10-05/admin/shots/cash-advances__ca-tab-settled.jpg,8002c861a61d6705433af0d549e0f05b96a947369b7522e8b05293b9a9b6f831,inventory_only,,,,False,,,NO
docs/audit/ux-2026-10-05/admin/shots/cash-management.jpg,404cd45a2730facf2a9e6d215c22e12242bfb89837f75acc1542dc2a1d1f9b97,inventory_only,,,,False,,,NO
docs/audit/ux-2026-10-05/admin/shots/cashflow-forecast.jpg,dcde1e6c1e04f94890aca6d6093c13d01d40b486cc984bab32e943b29b53535c,inventory_only,,,,False,,,NO
docs/audit/ux-2026-10-05/admin/shots/chart-of-accounts.jpg,e6d7f064a63f805a7c3378c550ecc6255c99ff3ec4ee428810646f58dc059fb8,inventory_only,,,,False,,,NO
docs/audit/ux-2026-10-05/admin/shots/closing.jpg,bc62eb2ec30b36206deed8eaf5df0e47b98607c85c0ac1a952e216224f31322a,inventory_only,,,,False,,,NO
docs/audit/ux-2026-10-05/admin/shots/color-library.jpg,0c6b63642f82c3c3639c75776737796cc1cb784167b6717b0ae787644d5f393f,inventory_only,,,,False,,,NO
docs/audit/ux-2026-10-05/admin/shots/consolidation.jpg,da950e435b9fd0bd38303bb52c9406f20089a4f6d5b825eba0872d69bf86cd36,inventory_only,,,,False,,,NO
docs/audit/ux-2026-10-05/admin/shots/consolidation__cons-tab-bs.jpg,caf596535eb2028c4b40ffd54443d6b06cf506d1768143ec1836edb2b4f8b8e0,inventory_only,,,,False,,,NO
docs/audit/ux-2026-10-05/admin/shots/consolidation__cons-tab-elim.jpg,6f9e59777aba23b1b719616864e78ecdcd9a2c61276a10e98bb4328787d0ec96,inventory_only,,,,False,,,NO
docs/audit/ux-2026-10-05/admin/shots/consolidation__cons-tab-pnl.jpg,78e7794cb937a8844f4fea6645f0ed5e615a53b7021fec90c3827e998b66afb5,inventory_only,,,,False,,,NO
docs/audit/ux-2026-10-05/admin/shots/contra-bons.jpg,5cf81ff1e1888cbbca8af3081c3df78f56cab9fe82265c7d8e952ba97bfd8fb3,inventory_only,,,,False,,,NO
docs/audit/ux-2026-10-05/admin/shots/contra-bons__cb-tab-list.jpg,5270541e094f6f067e99cdce40cd3e3921bfecbc80d532546c16ec9684b8f351,inventory_only,,,,False,,,NO
docs/audit/ux-2026-10-05/admin/shots/contra-bons__cb-tab-schedules.jpg,38731b445b24146d5a01ccd2a269d769245cd7bb49ef93b29755514a892f3f11,inventory_only,,,,False,,,NO
docs/audit/ux-2026-10-05/admin/shots/contra-bons__cb-tab-unbilled.jpg,51d759beaccecc26a5288452f607add03fc6718a247f04db104bf231f116fe98,inventory_only,,,,False,,,NO
docs/audit/ux-2026-10-05/admin/shots/costing.jpg,210a4781d58e8738ff67baed47e4dae7d2b574e223f06f77355a127a7a29617b,inventory_only,,,,False,,,NO
docs/audit/ux-2026-10-05/admin/shots/cs-bi-hrd.jpg,9074ab0e89c3b411adf103d2dc16ca4f79b45b43093a78d3e10eea7c4b1218ef,inventory_only,,,,False,,,NO
docs/audit/ux-2026-10-05/admin/shots/cs-design-gallery.jpg,8d1a32086f176074c573689a5f80d0321c8c5dd8db98c864d027396d686e1c46,inventory_only,,,,False,,,NO
docs/audit/ux-2026-10-05/admin/shots/cs-kpi.jpg,abffbc94ba01bfef41ee5feea87f84191c9d50d6dc577a9b239476257eae6620,inventory_only,,,,False,,,NO
docs/audit/ux-2026-10-05/admin/shots/cs-pajak.jpg,2de03736fd98d3f8dbd1e81f6845342c49af7393e62a9125e923faa91f43cce2,inventory_only,,,,False,,,NO
docs/audit/ux-2026-10-05/admin/shots/cs-pajak__tax-tab-config.jpg,8dada35d8d2f8b5d379d8fbbad679d5c82c4f64510112140dcaaf9b3f7d81063,inventory_only,,,,False,,,NO
docs/audit/ux-2026-10-05/admin/shots/cs-pajak__tax-tab-pph.jpg,1ced85474cc6e71b3c07e956d1afda36c43f6d427ff14cd1aa0279bbeec96904,inventory_only,,,,False,,,NO
docs/audit/ux-2026-10-05/admin/shots/cs-pajak__tax-tab-ppn.jpg,880c956dc65c709a2cb4bd745376d78584c04637fec30695c63b04322f88b3d3,inventory_only,,,,False,,,NO
docs/audit/ux-2026-10-05/admin/shots/cs-price-list.jpg,914f28afd1e025f7393c189e2254d2b4fe002dbc244e53e0fbf9f9977971873d,inventory_only,,,,False,,,NO
docs/audit/ux-2026-10-05/admin/shots/cs-rfid-devices.jpg,a14142796144057f6eabaacddf5a1cc3cf26b82931f875a66313ff728d099c99,inventory_only,,,,False,,,NO
docs/audit/ux-2026-10-05/admin/shots/cs-rfid-gate.jpg,19af0b06c74c0f721046ce62ba57ece449c09aeddac9021bcf7c6f428cf68ee4,inventory_only,,,,False,,,NO
docs/audit/ux-2026-10-05/admin/shots/cs-rfid-gate__gate-tab-monitor.jpg,a523306dcf167c219fe713811ab651211df4889e63ff568ca8bb1bbe2f60fa0e,inventory_only,,,,False,,,NO
docs/audit/ux-2026-10-05/admin/shots/cs-rfid-gate__gate-tab-security.jpg,d425720067d2df504c7a5a136ec3cdc1feb97a25b010c6610d66bedaa07ff36b,inventory_only,,,,False,,,NO
docs/audit/ux-2026-10-05/admin/shots/cs-rfid-lokasi.jpg,a4ca59995dcad5f9e3b6daff28be82f465526c5e547b8fb1eef64273ec30bc0b,inventory_only,,,,False,,,NO
docs/audit/ux-2026-10-05/admin/shots/cs-rfid-lokasi__loc-tab-cc.jpg,effeecebb85e848ee053bb1f5e2b328ec4a46c54b0b3a3d6428f129abe1c9804,inventory_only,,,,False,,,NO
docs/audit/ux-2026-10-05/admin/shots/cs-rfid-lokasi__loc-tab-lokasi.jpg,fa0c3360542825ebc14d97c41f24bb0ee9a90db65f3528d310f9e6cf58fe61fb,inventory_only,,,,False,,,NO
docs/audit/ux-2026-10-05/admin/shots/cs-rfid-tags.jpg,047667e3fbbed1daeaee7fdb0f56e995a719c6ee23e80c47146a27d7697b2bad,inventory_only,,,,False,,,NO
docs/audit/ux-2026-10-05/admin/shots/cs-rfid-tags__rfid-tab-print.jpg,b29c242d309992ae11ef174731144d271570a800d8ccc6e054db6dd4ec850cf4,inventory_only,,,,False,,,NO
docs/audit/ux-2026-10-05/admin/shots/cs-rfid-tags__rfid-tab-tags.jpg,35b82d58a6a1ea61badde435808e7ec7dc1a615ec7d4521777b47c7678e9ab83,inventory_only,,,,False,,,NO
docs/audit/ux-2026-10-05/admin/shots/cs-rfid-tags__rfid-tab-untagged.jpg,cc6e765dfb82140a0df142b4350b3740eace8507c81124145f141dcb1d0be306,inventory_only,,,,False,,,NO
docs/audit/ux-2026-10-05/admin/shots/cs-stock-analytics.jpg,acb3f828918f53e0c7c1b5832e689b4435f3d964545b536f18a4475869166fb0,inventory_only,,,,False,,,NO
docs/audit/ux-2026-10-05/admin/shots/customers-crm.jpg,e2acd869a01c454a5fc5c67ce934f97e7387946f78945f8a84dcfa03120c2d1f,inventory_only,,,,False,,,NO
docs/audit/ux-2026-10-05/admin/shots/customers-crm__crm-tab-approvals.jpg,ecbc1f05ff9acebe863e39f969b7e9ae49442ff9c40bcc4b719542481b747342,inventory_only,,,,False,,,NO
docs/audit/ux-2026-10-05/admin/shots/customers-crm__crm-tab-collection.jpg,4b78a2090ef55f4fc1e4775fa2a88ee461c9d70e8622bc205500771b21abcb2a,inventory_only,,,,False,,,NO
docs/audit/ux-2026-10-05/admin/shots/customers-crm__crm-tab-customers.jpg,eb1307badf0d4b631e41e68dcfe9a127edca32964a39ad8f0647d08da4f1861d,inventory_only,,,,False,,,NO
docs/audit/ux-2026-10-05/admin/shots/customers-crm__crm-tab-interactions.jpg,e4d9c44e54fec18352ae6c413b46fc094776596aa7def4948d3311cc42d352a6,inventory_only,,,,False,,,NO
docs/audit/ux-2026-10-05/admin/shots/customers-crm__crm-tab-leads.jpg,173e97df18345167c963f2b65d93114f0716baaee493c6233ce86925b10be51d,inventory_only,,,,False,,,NO
docs/audit/ux-2026-10-05/admin/shots/customers-crm__crm-tab-rates.jpg,2f4f8b869e57e49041c61cb6a1f65b3a4784b05f5effd0870a272d33c2097b72,inventory_only,,,,False,,,NO
docs/audit/ux-2026-10-05/admin/shots/customers-crm__crm-tab-salesforce.jpg,07be11b0934a74cd72bc6e34e2aa731b12c0c3b5c0d9f0113015970c3c818299,inventory_only,,,,False,,,NO
docs/audit/ux-2026-10-05/admin/shots/customers-crm__crm-tab-schemes.jpg,9be6e675ba8217653ff335cdbcbf82b6e836c79a92406145aa3114e1c79a170d,inventory_only,,,,False,,,NO
docs/audit/ux-2026-10-05/admin/shots/customers-master.jpg,4a83e79b5149396ee586967bc089d3883613ba2756ef6e1bcb3ce1be4ad02294,inventory_only,,,,False,,,NO
docs/audit/ux-2026-10-05/admin/shots/design-requests.jpg,a5fc91eded7896d68731b9a88ec0ad31712ff4fe63f877106b24374ebb93e2a5,inventory_only,,,,False,,,NO
docs/audit/ux-2026-10-05/admin/shots/design-requests__dsr-tab-board.jpg,75a5f0a73e59c50cf1b2a5a00bd0e5c7bd4f2bc304a17bc60ab870ab0d0d8e15,inventory_only,,,,False,,,NO
docs/audit/ux-2026-10-05/admin/shots/design-requests__dsr-tab-list.jpg,140159c46cecd999802d899e8eddfabd6d092f6ff4379d7b245f9c18c0d1beb3,inventory_only,,,,False,,,NO
docs/audit/ux-2026-10-05/admin/shots/design-requests__dsr-tab-report.jpg,f0cb00cb2a8900d9177c9f6e9deb101cb706ddc8ab480662f228da01c8b5538a,inventory_only,,,,False,,,NO
docs/audit/ux-2026-10-05/admin/shots/designer-kpi.jpg,b0d94a3940bf0f03c2de79547e4eb09e47f559f80f1f8fedd79acff46d06af3b,inventory_only,,,,False,,,NO
docs/audit/ux-2026-10-05/admin/shots/doc-templates-basic.jpg,8093d2120ee1a823b2e35ed9b86efc863b82360629478b291be426c224a1d685,inventory_only,,,,False,,,NO
docs/audit/ux-2026-10-05/admin/shots/doc-trace.jpg,30cc05436418dddc2962f8b921617c08ba18a4512fe2e4c359c0b46478de4e88,inventory_only,,,,False,,,NO
docs/audit/ux-2026-10-05/admin/shots/document-center.jpg,3eb1c5436a04ebb8467d816aa630959e9b54a3f7b1be5f706ac6c9d402aedc82,inventory_only,,,,False,,,NO
docs/audit/ux-2026-10-05/admin/shots/documents.jpg,76bfef76ad0baab7f395b3671c3974786eb2dd52cb2dfc2150899707fe31f7f6,inventory_only,,,,False,,,NO
docs/audit/ux-2026-10-05/admin/shots/domain-registry.jpg,b1afb6954d8f6503e75d9a3c8d15e78dfb9bd90c291712047aed23510e3b6942,inventory_only,,,,False,,,NO
docs/audit/ux-2026-10-05/admin/shots/entities-access.jpg,733afb274b7e902907dab66859c9c84ee5d8cf1ca07dbb7380cf58409146bd8d,inventory_only,,,,False,,,NO
docs/audit/ux-2026-10-05/admin/shots/entities-access__entities-access-tab-accounts.jpg,3bbc146862a06c518909117e45db10aa25ed168d1578fdc2094300e9aa235f81,inventory_only,,,,False,,,NO
docs/audit/ux-2026-10-05/admin/shots/entities-access__entities-access-tab-entities.jpg,14c5cf90a56e0ff9f42004625897a5a04ea2d99ebd94ea38ed05a81ff4426309,inventory_only,,,,False,,,NO
docs/audit/ux-2026-10-05/admin/shots/entities-access__entities-access-tab-readiness.jpg,34463cc1d37bd8ee8fb1c40be7639991708c2186a0cb480185b9a2cecca64ece,inventory_only,,,,False,,,NO
docs/audit/ux-2026-10-05/admin/shots/entities-access__entities-access-tab-role-reality.jpg,5479426e270712b63f5e8395e7de5d2cf3bdc9a8da7b53609532087ee7504ba7,inventory_only,,,,False,,,NO
docs/audit/ux-2026-10-05/admin/shots/entities-access__entities-access-tab-roles.jpg,6538a708ba4d6b81ae4e466a6e04d701527eb83be84abdb35164aff8dab43e52,inventory_only,,,,False,,,NO
docs/audit/ux-2026-10-05/admin/shots/entity-masters.jpg,af165bd0e2b9859e07d22f4930686c97a739a4923c366495cf7aa33f4727eb60,inventory_only,,,,False,,,NO
docs/audit/ux-2026-10-05/admin/shots/escalations.jpg,b85dfe51d5378b5fee0e92a885907fefcc1ea941845823079206722266d982b6,inventory_only,,,,False,,,NO
docs/audit/ux-2026-10-05/admin/shots/expense-categories.jpg,ace5e0185b9e8ea747ca6d05e34af74fca4eb0a8d703368e0121de0965428864,inventory_only,,,,False,,,NO
docs/audit/ux-2026-10-05/admin/shots/finance-cases.jpg,b8f50241cb180c17a96a7aa8e5dc8e7568ccd7d827f9c47548e40f485fa4a9dc,inventory_only,,,,False,,,NO
docs/audit/ux-2026-10-05/admin/shots/finance-desk.jpg,2007724e7880ac997e9d2aeef5512479fec9c8b15b5183d47a78e9084ed479b0,inventory_only,,,,False,,,NO
docs/audit/ux-2026-10-05/admin/shots/finance-tower.jpg,b6c4bab823543ec9cfa7d3f82f19ddfd395849cc74b506e0d993522b8046c41e,inventory_only,,,,False,,,NO
docs/audit/ux-2026-10-05/admin/shots/financial-statements.jpg,e18dac88d56624644c32dc39c1fbe336f3864d62f70c8ac7f68ddc1850bb756f,inventory_only,,,,False,,,NO
docs/audit/ux-2026-10-05/admin/shots/financial-statements__fs-tab-bs.jpg,74b83489facb2ff2268a75b678081714d736cd49f913ee0ef47c33905bf86891,inventory_only,,,,False,,,NO
docs/audit/ux-2026-10-05/admin/shots/financial-statements__fs-tab-cf.jpg,88bbc0c6fef68f93def4eed004980c24c864a085da15794e1f101776a5b4c3c8,inventory_only,,,,False,,,NO
docs/audit/ux-2026-10-05/admin/shots/financial-statements__fs-tab-eq.jpg,1e3a74d10617fe0556437f8ece4e46ccd0d225a7cf625e6a3f571463b314d7a8,inventory_only,,,,False,,,NO
docs/audit/ux-2026-10-05/admin/shots/financial-statements__fs-tab-pl.jpg,8ac0a5376f3d8f313c5650851e6faf68a5f8914d2a8851e6ca4dcd705f831fa6,inventory_only,,,,False,,,NO
docs/audit/ux-2026-10-05/admin/shots/fixed-assets.jpg,76c051592ccb1ae9f0eb7a5a6891eaf192e12de83fc5ea329f3883990174bd0f,inventory_only,,,,False,,,NO
docs/audit/ux-2026-10-05/admin/shots/general-ledger.jpg,85bb0f8f8032def12480539abe16e55f440aae1d083e0cb9d76a86e2928a9da8,inventory_only,,,,False,,,NO
docs/audit/ux-2026-10-05/admin/shots/general-ledger__gl-tab-journal.jpg,2e19d0f31f923c7803926bd6b9fe6619afeef77b366490ca69169c54a3d8c405,inventory_only,,,,False,,,NO
docs/audit/ux-2026-10-05/admin/shots/general-ledger__gl-tab-ledger.jpg,bd2b9ff8c51f94f7e1436ed7e0c8c343cde69dc9e216253a7c628ab16c202a5f,inventory_only,,,,False,,,NO
docs/audit/ux-2026-10-05/admin/shots/general-ledger__gl-tab-recon.jpg,3ab121651373e1499005a329ffe93b033ab50efdaae165396fca00be218a4e91,inventory_only,,,,False,,,NO
docs/audit/ux-2026-10-05/admin/shots/general-ledger__gl-tab-suspense.jpg,e172c827cec9cb379e79ac0afd1472049ebc27729e8e509b2764ceaa1f441954,inventory_only,,,,False,,,NO
docs/audit/ux-2026-10-05/admin/shots/general-ledger__gl-tab-trial.jpg,f02af41335deac301a815f897f215f5f9c853708f70b857d9d8d456cb5dbf167,inventory_only,,,,False,,,NO
docs/audit/ux-2026-10-05/admin/shots/goods-receipts.jpg,c327cd6011305f8256e389a51f8c5dcedab5611e884ac99c0cd954bdc5369a44,inventory_only,,,,False,,,NO
docs/audit/ux-2026-10-05/admin/shots/goods-receipts__grn-view-tab-list.jpg,315b257fa439fcb5fc1474eaa065acaec1fd770fdb03a73c33cb3dccb4dfa8f4,inventory_only,,,,False,,,NO
docs/audit/ux-2026-10-05/admin/shots/goods-receipts__grn-view-tab-mode.jpg,ae646c76821d525ff83ef1b09e1291db24b39397d6061efd9ccd2cb03849e5c6,inventory_only,,,,False,,,NO
docs/audit/ux-2026-10-05/admin/shots/goods-receipts__grn-view-tab-profiles.jpg,a3559dace6927f77e3c2919a9897a63a10ce4e2e3e90be7ea9a9800a1f0c02f4,inventory_only,,,,False,,,NO
docs/audit/ux-2026-10-05/admin/shots/goods-receipts__grn-view-tab-samples.jpg,11f9c0f95077d6cd275d76d614d1a75139b0b5d50897fb0ed48ea31523b74d8b,inventory_only,,,,False,,,NO
docs/audit/ux-2026-10-05/admin/shots/goods-receipts__grn-view-tab-usage.jpg,063e964802e28e3325f2aff4b33070b4aaeb773129a8f325395be9da48629aef,inventory_only,,,,False,,,NO
docs/audit/ux-2026-10-05/admin/shots/goods-receipts__grn-view-tab-variance.jpg,096b0a97c1b5ba19f6b92ac48bd35506ff314142c11faba89bd1445d0b703b6f,inventory_only,,,,False,,,NO
docs/audit/ux-2026-10-05/admin/shots/home.jpg,c73f86f3fb4344cbaea8645cea828e8526074a5d8e8124344dd2196c98bf05a4,inventory_only,,,,False,,,NO
docs/audit/ux-2026-10-05/admin/shots/hr-attendance-setup.jpg,fd9e5beaf3f6829fc2307c40bfb6b0740fc210c31a4e76b6e9a06da8fa60a261,inventory_only,,,,False,,,NO
docs/audit/ux-2026-10-05/admin/shots/hr-attendance-setup__setup-tab-device.jpg,5d6145de956ec51e25dd472d7d9ac4bc9ae50ae64a1455d3efd33146c0d6e980,inventory_only,,,,False,,,NO
docs/audit/ux-2026-10-05/admin/shots/hr-attendance-setup__setup-tab-geofence.jpg,d4a56ba7ef07eb1736aef7de8fa0ac525d665fdc85895f3dc3b5473c8e278aa2,inventory_only,,,,False,,,NO
docs/audit/ux-2026-10-05/admin/shots/hr-attendance-setup__setup-tab-shift.jpg,9b6b94e6c068f1a6e1844e318065accbe55b34d96a9dc3e553cd4c965da87fc8,inventory_only,,,,False,,,NO
docs/audit/ux-2026-10-05/admin/shots/hr-attendance.jpg,f1c981896c5c9de83fe3e3d72d1c87d95b3321b89d5cd40fef92ce3c9783ef37,inventory_only,,,,False,,,NO
docs/audit/ux-2026-10-05/admin/shots/hr-attendance__attendance-tab-harian.jpg,3d5d5cec2d35bd678dd39a01d5797bc7516f7e2d0ff9c150b17d04138f21e92e,inventory_only,,,,False,,,NO
docs/audit/ux-2026-10-05/admin/shots/hr-attendance__attendance-tab-import.jpg,79f47553a0500fd99485adddfe14630a587d458838bbd274f3bc4c2d39864726,inventory_only,,,,False,,,NO
docs/audit/ux-2026-10-05/admin/shots/hr-attendance__attendance-tab-rekap.jpg,47a57cd4f68409e3bef4681f4a5a634e689315fe85bd9ad159a499e0d4b2cef8,inventory_only,,,,False,,,NO
docs/audit/ux-2026-10-05/admin/shots/hr-employees.jpg,0b10e0ec4b0deb98101798b6b5f8038993c47ac247a33c3d2981754f26c46fe5,inventory_only,,,,False,,,NO
docs/audit/ux-2026-10-05/admin/shots/hr-leave.jpg,a68a13526e333e84bebd6858363f6f4b40f2b4275a73405bd57a762501e01b64,inventory_only,,,,False,,,NO
docs/audit/ux-2026-10-05/admin/shots/hr-leave__leave-tab-balance.jpg,d0f88a0e7d25bb8e873c85c4108869ebeb46e7dc54d420e33b38e15e8748502e,inventory_only,,,,False,,,NO
docs/audit/ux-2026-10-05/admin/shots/hr-leave__leave-tab-calendar.jpg,8edb66334099d64a021a986eb61f7a1977da9ec3c9f63fdbed4bfe8f1fbef8d6,inventory_only,,,,False,,,NO
docs/audit/ux-2026-10-05/admin/shots/hr-leave__leave-tab-requests.jpg,06b6f1205affa4ac74ce7ae1c79a9c97baab3edff81256e4a03b30a1e14b6bf6,inventory_only,,,,False,,,NO
docs/audit/ux-2026-10-05/admin/shots/hr-live-tracking.jpg,e1b9e70e3ce7301b3253f444d64c9e030a8e73324e73356dd4a350f683512424,inventory_only,,,,False,,,NO
docs/audit/ux-2026-10-05/admin/shots/hr-my-profile.jpg,4cb953393a49947cfda9b75494022cb46517985408763203f514eed873c60c0e,inventory_only,,,,False,,,NO
docs/audit/ux-2026-10-05/admin/shots/hr-org-units.jpg,e6e241804fd448723de6c4b0783ca3552831b11350f6394d2baf7c626310e12c,inventory_only,,,,False,,,NO
docs/audit/ux-2026-10-05/admin/shots/hr-overtime.jpg,a4122eb70134d053e03fcb8c82fc9e16d85fd43268e1b5899aeb64721b968915,inventory_only,,,,False,,,NO
docs/audit/ux-2026-10-05/admin/shots/hr-payroll-runs.jpg,cc85fca2bd002ceeb60e0e402d4b836c0197953f6ecb2d0f0708551a1df13005,inventory_only,,,,False,,,NO
docs/audit/ux-2026-10-05/admin/shots/hr-payslips.jpg,0bf8b383e8d5673225d441e77716c1d56697feade10b1b1596d3f236040432b3,inventory_only,,,,False,,,NO
docs/audit/ux-2026-10-05/admin/shots/hr-visits.jpg,74d5e3b1287082f3758d721b8bf2cdf6406492c8650d4c694548053837b5c208,inventory_only,,,,False,,,NO
docs/audit/ux-2026-10-05/admin/shots/input-tax.jpg,879ef3d41ef9e772f90bd75d37a03ad408a7555b283f60961c1d100aa5ea2a33,inventory_only,,,,False,,,NO
docs/audit/ux-2026-10-05/admin/shots/input-tax__it-tab-all.jpg,0590b0a5f5b74801d4055695f23481bbfc87035008b3c47632887db19a4a1e8c,inventory_only,,,,False,,,NO
docs/audit/ux-2026-10-05/admin/shots/input-tax__it-tab-cancelled.jpg,ed5fdeea312a0dcc65154409a1ad3aa1729f54181d1947a750b10b53deef9626,inventory_only,,,,False,,,NO
docs/audit/ux-2026-10-05/admin/shots/input-tax__it-tab-recorded.jpg,f2d1a8fbe4b75533a7b5ae0b5107da42526ecba5e7339cb03958d329de5686d4,inventory_only,,,,False,,,NO
docs/audit/ux-2026-10-05/admin/shots/inspections.jpg,f73d939b10eedb7e43ffa10ea1ce3222e0062e5f60c21c6eeea4a0f8e6527134,inventory_only,,,,False,,,NO
docs/audit/ux-2026-10-05/admin/shots/interco-transactions.jpg,1345b5adf95116c1637f07e2a18eeee2a23391f51b0d9e6a170c708667d23bca,inventory_only,,,,False,,,NO
docs/audit/ux-2026-10-05/admin/shots/interco-transactions__interco-tab-returns.jpg,6081c5f01d989ac5ed79fb96554b0c24dfeb94680951d89d8b27785beb357185,inventory_only,,,,False,,,NO
docs/audit/ux-2026-10-05/admin/shots/interco-transactions__interco-tab-transactions.jpg,6a3cef0836f5215c5f9a5ca7aa3af9d3df6b94c391e019a663028907a881f2ac,inventory_only,,,,False,,,NO
docs/audit/ux-2026-10-05/admin/shots/interco-transfers.jpg,00501f5d88c7ae844a3be18519f04d7bc5520e248aef81a2125f4c5a5538d08b,inventory_only,,,,False,,,NO
docs/audit/ux-2026-10-05/admin/shots/internal-requests.jpg,fc11d69b2955001229241012119b8349fc31d94b38b92629cfe8eff780ee27f0,inventory_only,,,,False,,,NO
docs/audit/ux-2026-10-05/admin/shots/internal-requests__pin-tab-all.jpg,71d4e21934562dc58a38940eb1763ece018b34d75bd5dcebe4c5583d68574ed0,inventory_only,,,,False,,,NO
docs/audit/ux-2026-10-05/admin/shots/internal-requests__pin-tab-cancelled.jpg,6ce5b49df52490d2d6d5882731c5682ee0713c3f8a8766b60f7326b4176ef782,inventory_only,,,,False,,,NO
docs/audit/ux-2026-10-05/admin/shots/internal-requests__pin-tab-converted.jpg,c6dfb461424563f48b36c55f4af939dacb5460ba4e8a12f0dff211ae7a6bad10,inventory_only,,,,False,,,NO
docs/audit/ux-2026-10-05/admin/shots/internal-requests__pin-tab-rejected.jpg,96b4a56cf430b118e6075ff39b0071099ca5706d2f13a4b261a616924dd9fd09,inventory_only,,,,False,,,NO
docs/audit/ux-2026-10-05/admin/shots/internal-requests__pin-tab-submitted.jpg,59d908b62aca0e2b21798a806a610e9e69bab8439653da755f4e0011baecf0f3,inventory_only,,,,False,,,NO
docs/audit/ux-2026-10-05/admin/shots/inventory-board.jpg,4dc0ea35d2417b99401d6e2b0d14cbed15218ea2e481eb8bc1ebeaefff021b94,inventory_only,,,,False,,,NO
docs/audit/ux-2026-10-05/admin/shots/inventory-lots.jpg,b3394b5ab753e9b06d19aeacfed18b3b7374e6eec084097f91adccad89be05ee,inventory_only,,,,False,,,NO
docs/audit/ux-2026-10-05/admin/shots/landed-cost.jpg,4fe0801a9da5293c74fe41ded0e4722c0a87dd9cc3d051622ae3262d0a3d5b20,inventory_only,,,,False,,,NO
docs/audit/ux-2026-10-05/admin/shots/landed-cost__lc-tab-all.jpg,9996b1bc933587c16cfb0d846dcb8cdf771e571f69a917143fc78d6ae42ccf40,inventory_only,,,,False,,,NO
docs/audit/ux-2026-10-05/admin/shots/landed-cost__lc-tab-applied.jpg,d0e580dc3405b73e7ba2110c95f4ad60c1e84daff4130d7d6614463022b2954c,inventory_only,,,,False,,,NO
docs/audit/ux-2026-10-05/admin/shots/landed-cost__lc-tab-cancelled.jpg,5737ec9d364c51529b0625bad13f2e5b381bf34ecbc978c010158e1e8469446d,inventory_only,,,,False,,,NO
docs/audit/ux-2026-10-05/admin/shots/landed-cost__lc-tab-draft.jpg,cbad2a5a36694a48c402e2fc4601cb7fddc36afbd6ddf261fbf39ac32cbf2be3,inventory_only,,,,False,,,NO
docs/audit/ux-2026-10-05/admin/shots/landed-cost__lc-tab-paid.jpg,0c5e9511fff57f66c2e9f2184b862a35c46cb8b4a2ce8f7efb98776625e675d6,inventory_only,,,,False,,,NO
docs/audit/ux-2026-10-05/admin/shots/landed-cost__lc-tab-pending_approval.jpg,9d2d0de1d6bd76e0c6f685e970b4b0e3b86202848fd6913a7cb75a5b70adbe50,inventory_only,,,,False,,,NO
docs/audit/ux-2026-10-05/admin/shots/logistics.jpg,a4bf9028e218dfde77777217b5ec8091f151d35f263a74e1fa7860e872fa2934,inventory_only,,,,False,,,NO
docs/audit/ux-2026-10-05/admin/shots/logistics__logistics-tab-dashboard.jpg,1ce03356958f1585fd9528c7a0eb1d82f5f819fb0fcdd3bca9369f4079e17f3a,inventory_only,,,,False,,,NO
docs/audit/ux-2026-10-05/admin/shots/logistics__logistics-tab-fleet.jpg,a39f8f5c830990d5c91f79c969aa59389cbd0575be36c557473d81d743012b7f,inventory_only,,,,False,,,NO
docs/audit/ux-2026-10-05/admin/shots/logistics__logistics-tab-history.jpg,e59451c1df397d254922f7639068f765db8f2b7425379745e2b255e256899c57,inventory_only,,,,False,,,NO
docs/audit/ux-2026-10-05/admin/shots/logistics__logistics-tab-list.jpg,4127f5af2fb09aea501a7bc1c6ae60c880f51577087dc34829084f3dad0ceef5,inventory_only,,,,False,,,NO
docs/audit/ux-2026-10-05/admin/shots/makloon-claims.jpg,6ff7db51fd1cf3342f903aecc5afe4adf70332fb162f8865445215a04e9cba60,inventory_only,,,,False,,,NO
docs/audit/ux-2026-10-05/admin/shots/makloon-orders.jpg,2b2e334343fef49b5c71efcf75252c385f8025b413b17d153c1fd5b77e1789f0,inventory_only,,,,False,,,NO
docs/audit/ux-2026-10-05/admin/shots/makloons.jpg,e8fe435be944f0787f8d9398072ba5f311310fbd4076da39111b58d4a059ca90,inventory_only,,,,False,,,NO
docs/audit/ux-2026-10-05/admin/shots/md-categories.jpg,da4e2f1e470f21414353cc5c711e62bb9e224e1a0cfec91e32e24cddebd4499a,inventory_only,,,,False,,,NO
docs/audit/ux-2026-10-05/admin/shots/md-desk.jpg,331b47307a48e8152855665eaab92a81a2085ef3b389a13180232f336f74cd08,inventory_only,,,,False,,,NO
docs/audit/ux-2026-10-05/admin/shots/md-products.jpg,3bc6222cb4bff99ed0ac9733fcdf4f7468db29a1575a626706769de1e69a6d18,inventory_only,,,,False,,,NO
docs/audit/ux-2026-10-05/admin/shots/md-uoms.jpg,2a3505197bf398445956dd7e767a73d9cfd04fbe6ae22a58007b2fb63c5788b8,inventory_only,,,,False,,,NO
docs/audit/ux-2026-10-05/admin/shots/md-warehouses.jpg,17110d978c492c07aca4ff017d5795ee7d91db01e86b613a5eee1f3ee10b56ae,inventory_only,,,,False,,,NO
docs/audit/ux-2026-10-05/admin/shots/mkt-accounts.jpg,ea41b7be049901159bd884afbfeb383b9cba2366bfd1bdc33bc2a3161543f008,inventory_only,,,,False,,,NO
docs/audit/ux-2026-10-05/admin/shots/mkt-analytics.jpg,b1d0d0933aef092c4d518d2ca0e85f77b4b60fdd68d89e814c017dd145b64752,inventory_only,,,,False,,,NO
docs/audit/ux-2026-10-05/admin/shots/mkt-calendar.jpg,411df3e9d04ff23453f602cdc54f303675261bfb1614e545ce9c711fe4fd00dd,inventory_only,,,,False,,,NO
docs/audit/ux-2026-10-05/admin/shots/mkt-campaigns.jpg,e9e48c77fd3accac08183af34ed0bda1583f674727eafde655fda97c4c31bd95,inventory_only,,,,False,,,NO
docs/audit/ux-2026-10-05/admin/shots/my-approvals.jpg,69a77ba00c4168a7f2c582647b7973bb4de30f4c26502994eafb003ab384d96c,inventory_only,,,,False,,,NO
docs/audit/ux-2026-10-05/admin/shots/my-desk.jpg,4002495ece44da193e7e5378403acec82264becfe5fde35644894e6c4008ad17,inventory_only,,,,False,,,NO
docs/audit/ux-2026-10-05/admin/shots/operations.jpg,e4c60e4163341d508ee7c3c5207ce88311878b0aa39b46113a83b16fd875ebdc,inventory_only,,,,False,,,NO
docs/audit/ux-2026-10-05/admin/shots/operations__wms-tab-inbound.jpg,5203b80332e38d05c4711fc3d3a23bc7c2788b493954a7fb85fa45c1db9bdf55,inventory_only,,,,False,,,NO
docs/audit/ux-2026-10-05/admin/shots/operations__wms-tab-stok.jpg,5910c39033b2e102d32dd3a3ffcb838c5ed4c9cfe54a633326123d97e4a6b1bd,inventory_only,,,,False,,,NO
docs/audit/ux-2026-10-05/admin/shots/orders.jpg,e5c051bad3b9214377fff7d0b417e29037ca8760cd17ab98da418f733cae7db9,inventory_only,,,,False,,,NO
docs/audit/ux-2026-10-05/admin/shots/payment-plans.jpg,9aef352eed1e437490712a4e9010d9f1251327850b75102704d7a2207acbcb4c,inventory_only,,,,False,,,NO
docs/audit/ux-2026-10-05/admin/shots/payment-plans__pp-tab-denda.jpg,28390f3403aedbaca19859423393753652f7da517162ab5081ff93f5fc82276c,inventory_only,,,,False,,,NO
docs/audit/ux-2026-10-05/admin/shots/payment-plans__pp-tab-jadwal.jpg,614673b433d913a1b0e2266fcc76a835b5caff08ad3bd3549184ba68fe703357,inventory_only,,,,False,,,NO
docs/audit/ux-2026-10-05/admin/shots/payment-plans__pp-tab-selisih.jpg,b640f06c924f3a17d1bfb9e665ffcaf2c1fc0de88cc80bae786086d89da7338d,inventory_only,,,,False,,,NO
docs/audit/ux-2026-10-05/admin/shots/pdf-templates.jpg,c49d3049bcf9bc8873571e0a5d16e7f2492ad277147686f16615246963ee0e57,inventory_only,,,,False,,,NO
docs/audit/ux-2026-10-05/admin/shots/pdf-templates__pdf-tab-kop.jpg,68cc197fc316a4c0d679f729334743da0f14c1ff6311c8330086c65062a8ffeb,inventory_only,,,,False,,,NO
docs/audit/ux-2026-10-05/admin/shots/pdf-templates__pdf-tab-layout.jpg,7870599849938e12c26650240eb67e5738180e1e5f4eba881cfa688373326c79,inventory_only,,,,False,,,NO
docs/audit/ux-2026-10-05/admin/shots/pdf-templates__pdf-tab-naskah.jpg,dba41c173aa8db54f5c1153ba5e4a785afe7805e3300083f7dc8a6eb833f114e,inventory_only,,,,False,,,NO
docs/audit/ux-2026-10-05/admin/shots/pdf-templates__pdf-tab-typografi.jpg,9286c51ec159c36313d8ed00b4b9ed28981c7aa3f3c8c2cada59b26006dfbdcb,inventory_only,,,,False,,,NO
docs/audit/ux-2026-10-05/admin/shots/period-unlock.jpg,747dcc571157f2467141a1b0c5f4177e909eee8aa5dcc560f1ec389ae0db4dd0,inventory_only,,,,False,,,NO
docs/audit/ux-2026-10-05/admin/shots/permission-matrix.jpg,7f121ca60bb32f697ef24ab9f617031db6364fccdc506bfc85a76e4d99e5de15,inventory_only,,,,False,,,NO
docs/audit/ux-2026-10-05/admin/shots/po-board.jpg,fd1b657ee66add45401f40fb7f0b0536002f7ed42f65eb3055aa151fae7e9ba3,inventory_only,,,,False,,,NO
docs/audit/ux-2026-10-05/admin/shots/po-board__po-board-tab-all.jpg,a7d5cf63a5e789f331f0d2e139faedafdd09a43af5563fcc4aee18411079e0dd,inventory_only,,,,False,,,NO
docs/audit/ux-2026-10-05/admin/shots/po-board__po-board-tab-knit.jpg,1eba1245a38b3dbc6771c25345977ac1957c687d405cc757cd0d0cb18dbff446,inventory_only,,,,False,,,NO
docs/audit/ux-2026-10-05/admin/shots/po-board__po-board-tab-printing.jpg,4bdbbd7d9e17f2c730555bc71cb31d1b5df75b889851e767ef07fe388b5656cb,inventory_only,,,,False,,,NO
docs/audit/ux-2026-10-05/admin/shots/po-board__po-board-tab-woven.jpg,c7326d7073e97f04911bdb353bb77386550d3ed5ff2329a07200bd2aef4d051a,inventory_only,,,,False,,,NO
docs/audit/ux-2026-10-05/admin/shots/posting-failures.jpg,e2c9e52cd835a7b1d138909ddc3e2374505f57e51758e75fc1c54ee580b089dd,inventory_only,,,,False,,,NO
docs/audit/ux-2026-10-05/admin/shots/price-approvals.jpg,33c6711f2381bce2b298dc097be000eceb867791fa4d879682c065a84c5eb6fe,inventory_only,,,,False,,,NO
docs/audit/ux-2026-10-05/admin/shots/pricelist.jpg,7b03e91857c00305535f4af080ef2c6cfc89e15f7773cf4076585c69bcdd2828,inventory_only,,,,False,,,NO
docs/audit/ux-2026-10-05/admin/shots/process-recipes.jpg,ae3eb91e9f0db0ba614fb27bff62351374d92e4968e885688b5cb5b2be7a723e,inventory_only,,,,False,,,NO
docs/audit/ux-2026-10-05/admin/shots/production.jpg,0c100e399e5237082707f25ec96eea6cce3683bb8bc311e72d77efa7c4e6b938,inventory_only,,,,False,,,NO
docs/audit/ux-2026-10-05/admin/shots/production__prod-tab-bom.jpg,42d0d02de0886b435ba9e4fdfb118f02d36324a06b0fcc23a48c3a5a7dc60965,inventory_only,,,,False,,,NO
docs/audit/ux-2026-10-05/admin/shots/production__prod-tab-wo.jpg,0304a202417cfd9a7e92ab8188e027b7f734242d787a69b203b63475945ef14c,inventory_only,,,,False,,,NO
docs/audit/ux-2026-10-05/admin/shots/profitability.jpg,05c0cf4dc61093a14dd7fabb7fb0d87ec6289aacf83f5ceec2143dd357016c93,inventory_only,,,,False,,,NO
docs/audit/ux-2026-10-05/admin/shots/purchase-approval.jpg,e1fb857b32b2cfd4f6c9a52b112ae96a36f910fb2ed8e66701e451f5268ae343,inventory_only,,,,False,,,NO
docs/audit/ux-2026-10-05/admin/shots/purchase-approval__po-approval-tab-approved.jpg,3c1a58978356ade98089b22910ec552698383a1845ea6d327251e7448ec5c964,inventory_only,,,,False,,,NO
docs/audit/ux-2026-10-05/admin/shots/purchase-approval__po-approval-tab-rejected.jpg,bde9476eac16a49216d508068336b94adcfd995d1e0655a677754b72800df578,inventory_only,,,,False,,,NO
docs/audit/ux-2026-10-05/admin/shots/purchase-approval__po-approval-tab-waiting.jpg,55c61f69b580e4f357fe0e6c4fe4ed41c8bc4643af1b69286e5692b4a8d625d5,inventory_only,,,,False,,,NO
docs/audit/ux-2026-10-05/admin/shots/purchase-requisitions.jpg,2a68426136c08cf286813f6ee7c05a8cc6dfb3c4e8e582b33013fbc2dfc9a4e5,inventory_only,,,,False,,,NO
docs/audit/ux-2026-10-05/admin/shots/purchase-requisitions__pr-tab-all.jpg,bbd6d06548d3ed721fea2ccd53636e1b304a3065c1c41b93649882a52a5bd5ec,inventory_only,,,,False,,,NO
docs/audit/ux-2026-10-05/admin/shots/purchase-requisitions__pr-tab-approved.jpg,9978c01c5287122036fe79660226a8cc3c797b6045724fc3d21bb4a24f9d0e12,inventory_only,,,,False,,,NO
docs/audit/ux-2026-10-05/admin/shots/purchase-requisitions__pr-tab-converted.jpg,286bb722bf992077b60624bd819d1c11730482d788e3a2adc0d71aaede07b638,inventory_only,,,,False,,,NO
docs/audit/ux-2026-10-05/admin/shots/purchase-requisitions__pr-tab-draft.jpg,e16fc252abb9b981d41e77e3010f52f2ee8c2c4688974282788437f321826546,inventory_only,,,,False,,,NO
docs/audit/ux-2026-10-05/admin/shots/purchase-requisitions__pr-tab-pending_approval.jpg,251f8bdea5dbc241565db02f83eec60b9261a9231af747ad8e23d67b51f36dae,inventory_only,,,,False,,,NO
docs/audit/ux-2026-10-05/admin/shots/purchase-requisitions__pr-tab-rejected.jpg,90a0aa02f96cb680f35105e21d971b62fd27e855a0b1c4e6bb8c4ac70aa20616,inventory_only,,,,False,,,NO
docs/audit/ux-2026-10-05/admin/shots/purchase-returns.jpg,a678431833a8f4822d8a65f22721c418fabf5dcc57d91527e3f3736ae729c88f,inventory_only,,,,False,,,NO
docs/audit/ux-2026-10-05/admin/shots/purchase-returns__pret-tab-all.jpg,81ea0eb90505a543e73f9504d21b9b206602f2d1bd005d35ddae2288d283cb09,inventory_only,,,,False,,,NO
docs/audit/ux-2026-10-05/admin/shots/purchase-returns__pret-tab-approved.jpg,1d1e3e701d65517444228afa7bdd2cefb0fb3676716c4fa0bcff2bb9dd01f45f,inventory_only,,,,False,,,NO
docs/audit/ux-2026-10-05/admin/shots/purchase-returns__pret-tab-draft.jpg,998e25fcf82dce7d7e46bed7657f35eddae509b80d37661e1cea69ed4a5b11ce,inventory_only,,,,False,,,NO
docs/audit/ux-2026-10-05/admin/shots/purchase-returns__pret-tab-pending_approval.jpg,fde356d3e161d317e4d0159b8cf8602428cc50ca3420f199895f03707ce25da0,inventory_only,,,,False,,,NO
docs/audit/ux-2026-10-05/admin/shots/purchase-returns__pret-tab-rejected.jpg,b568789c05b995d93af08efc94e5507c7b9b8bd3f4072c492118e8b58482ffe2,inventory_only,,,,False,,,NO
docs/audit/ux-2026-10-05/admin/shots/purchasing.jpg,91293b1b3839b5fdaa0e0229224e3a65be91648ad73fce36899cf86d83275ccc,inventory_only,,,,False,,,NO
docs/audit/ux-2026-10-05/admin/shots/purchasing__po-tab-all.jpg,5eda423ecae919880feb3a105bfa92112b49642727652227dec1fc6e982a846a,inventory_only,,,,False,,,NO
docs/audit/ux-2026-10-05/admin/shots/purchasing__po-tab-approval.jpg,4881779494ef6dffbcc9d5738c9925ac784e9083633fbc151d79febb194a5741,inventory_only,,,,False,,,NO
docs/audit/ux-2026-10-05/admin/shots/purchasing__po-tab-closed.jpg,2c5eb69fa5aa238e043d1bc93e163cdab331859eb31686fc788c35b7de72b5b1,inventory_only,,,,False,,,NO
docs/audit/ux-2026-10-05/admin/shots/purchasing__po-tab-done.jpg,3de09e99911b12346fe649ab9843f8d9ca52b36e3d3e62822140a96320ab98dd,inventory_only,,,,False,,,NO
docs/audit/ux-2026-10-05/admin/shots/purchasing__po-tab-inbound.jpg,e33254cec2f93920997a4bca74aff4f4889495806bfc20f3dd2037b017a0ff8e,inventory_only,,,,False,,,NO
docs/audit/ux-2026-10-05/admin/shots/qc-inspection.jpg,f6660deecbcc4ed3e61fb4630d2444283a2701b9c70177ee40d03d87d45f373b,inventory_only,,,,False,,,NO
docs/audit/ux-2026-10-05/admin/shots/reimburse-payables.jpg,e52938d187b94b3a5623dcb760e059977768a6d74ed99d1ce7ca95af852e719c,inventory_only,,,,False,,,NO
docs/audit/ux-2026-10-05/admin/shots/reorder.jpg,a08f15e04a19cf5d643e99b7e26430fe07a0c3675146572c148f090400468ec5,inventory_only,,,,False,,,NO
docs/audit/ux-2026-10-05/admin/shots/reports.jpg,35ea4927e5f45e624de4eaab4b56e0289c4c6ccdd26c3e0d1ed0292a635ee6ce,inventory_only,,,,False,,,NO
docs/audit/ux-2026-10-05/admin/shots/return-policies.jpg,1f44d3e05b059a7ddfaa9354127dd863eed1fff793d58a8f07e9f09f239d3eab,inventory_only,,,,False,,,NO
docs/audit/ux-2026-10-05/admin/shots/returns.jpg,0e241e9f7fd65ceb3128163267e5d9f5874c566c558d93cce9dc4a4f0588530e,inventory_only,,,,False,,,NO
docs/audit/ux-2026-10-05/admin/shots/rfq.jpg,4a0c0efdca29fabc1df6e8f4b6b178ae463a1a1467b8a7d2946d928baf14b19c,inventory_only,,,,False,,,NO
docs/audit/ux-2026-10-05/admin/shots/rfq__rfq-tab-all.jpg,2ec13f2b8d37eab695061484f98964a654ccfeddba6d106f5cf02025274db9a6,inventory_only,,,,False,,,NO
docs/audit/ux-2026-10-05/admin/shots/rfq__rfq-tab-awarded.jpg,00252e7e05b1d1585208704f7084929d37d5c1a3b2360e89a6a8b2d6aa7bbaad,inventory_only,,,,False,,,NO
docs/audit/ux-2026-10-05/admin/shots/rfq__rfq-tab-cancelled.jpg,ec74725ea13d87cce70e1d17465b3d96c1ea1381247b047f4f61621cbc7bc78a,inventory_only,,,,False,,,NO
docs/audit/ux-2026-10-05/admin/shots/rfq__rfq-tab-draft.jpg,fd72ca06cbb2a7408676dba597bef5897934baa7485065d742e96cf52184d634,inventory_only,,,,False,,,NO
docs/audit/ux-2026-10-05/admin/shots/rfq__rfq-tab-open.jpg,c46dc1847f9e31cf624552f69b82804a27492ecb270841c133fc53fcc602a749,inventory_only,,,,False,,,NO
docs/audit/ux-2026-10-05/admin/shots/rnd-designs.jpg,60bb7e95f418317bed712505f606fa6be424802835f7394fd34abd5f186cc2f7,inventory_only,,,,False,,,NO
docs/audit/ux-2026-10-05/admin/shots/rnd-divisions.jpg,859eaddfdbec94e741465eebbcfacee35f6eedd36935a367b37dab24c16c2627,inventory_only,,,,False,,,NO
docs/audit/ux-2026-10-05/admin/shots/rnd-handfeel.jpg,0498007dff658b21370cc2b085f17fdaa6ac4309a1c733d95a1f5fda8385fe7d,inventory_only,,,,False,,,NO
docs/audit/ux-2026-10-05/admin/shots/rnd-labdip.jpg,a3a1eebf8fdec240e403739b41f0973cbd85de0ab85d2ad8ca5294a1741b2a03,inventory_only,,,,False,,,NO
docs/audit/ux-2026-10-05/admin/shots/rnd-proofing.jpg,7219102563ae435208da8c4e2ad34c450bc279ce0f9237c3ef83c9e74fbbcf78,inventory_only,,,,False,,,NO
docs/audit/ux-2026-10-05/admin/shots/rnd-reports.jpg,a2750282b2f7f41a088e0c5269918c4e1269147058e58da4569929465b66c772,inventory_only,,,,False,,,NO
docs/audit/ux-2026-10-05/admin/shots/rnd-samples.jpg,9d82c0baa6b335fd9a2dc3c61229a5a7727a2a5fd0e6751eef011037ba0bf29f,inventory_only,,,,False,,,NO
docs/audit/ux-2026-10-05/admin/shots/sales-admin-desk.jpg,d864700955354ed60bb2d039df0ec7bba4f186681beebca99b0fea745ae15b26,inventory_only,,,,False,,,NO
docs/audit/ux-2026-10-05/admin/shots/sales.jpg,e0e78910a093d95721184f28e84afdb4ae63da701d8d627dcc78be4d26423cf5,inventory_only,,,,False,,,NO
docs/audit/ux-2026-10-05/admin/shots/sample-admin-desk.jpg,fa334bf168ccea8e9d47f787a9a17449a8b4322bed5b904af22f230c64a8f46b,inventory_only,,,,False,,,NO
docs/audit/ux-2026-10-05/admin/shots/sample-orders.jpg,28fcea2ed4e4f7b8357989c95a1a61c32764bcaf50c625fecebe0406a791012d,inventory_only,,,,False,,,NO
docs/audit/ux-2026-10-05/admin/shots/scheduler.jpg,f775c4ac37ee520d9be2e4eba7b0be5364abfae11333a1d084db9f04acfb71dd,inventory_only,,,,False,,,NO
docs/audit/ux-2026-10-05/admin/shots/scheduler__sched-tab-jobs.jpg,8b6e2ad81015164b8e2d113f4fc96f161a400379a261bf2d4f272d931dc49ed7,inventory_only,,,,False,,,NO
docs/audit/ux-2026-10-05/admin/shots/scheduler__sched-tab-runs.jpg,60454ae517009dbc69be8e23d9a16090dff0cc6028176c5c75ba5ec3f0414dea,inventory_only,,,,False,,,NO
docs/audit/ux-2026-10-05/admin/shots/scheduler__sched-tab-wa.jpg,1ce1391fc2855f8bb9d15aa7789a4762ee20b84e0b2860993051473135eeb4fe,inventory_only,,,,False,,,NO
docs/audit/ux-2026-10-05/admin/shots/settings-config.jpg,57e962f0793efcd9153ec8c8a2c176f53decb1bf66d7dca8c134dfe6a7ba24f8,inventory_only,,,,False,,,NO
docs/audit/ux-2026-10-05/admin/shots/settings-config__cfg-tab-health.jpg,eb8e6d9b6ecd38c613037082376fb637c3a57e51d299f37dd312e35284de357e,inventory_only,,,,False,,,NO
docs/audit/ux-2026-10-05/admin/shots/settings-config__cfg-tab-history.jpg,79b742aca6a32b3b3d472c3cfb860985a4d53f0962e00cea2fb7835d13e7d1f8,inventory_only,,,,False,,,NO
docs/audit/ux-2026-10-05/admin/shots/settings-config__cfg-tab-hygiene.jpg,30cc8dd7d5a8591af8ae2a5e970fd5b0204eadd18ed79f814f3ec278cfb1a522,inventory_only,,,,False,,,NO
docs/audit/ux-2026-10-05/admin/shots/settings-config__cfg-tab-impact.jpg,378d8bea507610e296f1c459effccbc6cd3faa60709a47f7f25100360228c14b,inventory_only,,,,False,,,NO
docs/audit/ux-2026-10-05/admin/shots/settings-config__cfg-tab-saga.jpg,11433473029bf03b334331c8da109325133178ac8027c89fae55bc5e81e27500,inventory_only,,,,False,,,NO
docs/audit/ux-2026-10-05/admin/shots/settings-config__cfg-tab-settings.jpg,9286c51ec159c36313d8ed00b4b9ed28981c7aa3f3c8c2cada59b26006dfbdcb,inventory_only,,,,False,,,NO
docs/audit/ux-2026-10-05/admin/shots/settlements.jpg,06ded2e19541d30244d9dde5e303738c245c7d28ce36cbb1dc53d2aee99b6e0b,inventory_only,,,,False,,,NO
docs/audit/ux-2026-10-05/admin/shots/settlements__stl-tab-all.jpg,ec15319a232e393f03df8a23e5ed546c70cca15edc55704783b0f0c1fd19a9e1,inventory_only,,,,False,,,NO
docs/audit/ux-2026-10-05/admin/shots/settlements__stl-tab-draft.jpg,951e50e781fc0249b91ae8d71a0aefd00be8bcb2187844fa2f155a550ad6a958,inventory_only,,,,False,,,NO
docs/audit/ux-2026-10-05/admin/shots/settlements__stl-tab-posted_to_gl.jpg,3646a7eb3c7f0bdd8dfbb5dacd8f8d9c6310e50c0ca94c8b83ae480c4d9faeba,inventory_only,,,,False,,,NO
docs/audit/ux-2026-10-05/admin/shots/settlements__stl-tab-rejected.jpg,1a20523f527ae1a588ddeb639b9378f63245787c3713e04e83e15a7889eb2880,inventory_only,,,,False,,,NO
docs/audit/ux-2026-10-05/admin/shots/settlements__stl-tab-submitted.jpg,680b1490de537ae2b65aedb5d07df58c95990277717d0a7544c96e9d876e74ff,inventory_only,,,,False,,,NO
docs/audit/ux-2026-10-05/admin/shots/special-orders.jpg,193b6697abf99d19e218fd5f6d4492457fb28ce3202045d25f413ead5173acac,inventory_only,,,,False,,,NO
docs/audit/ux-2026-10-05/admin/shots/special-orders__status-tab-all.jpg,a5f9c40cda570d764f3e3c343bb8c462dbd02042cff4fc629d4462f193ade1ec,inventory_only,,,,False,,,NO
docs/audit/ux-2026-10-05/admin/shots/special-orders__status-tab-confirmed.jpg,3c9f8dcb2dde5d7178ffd48659b9d091982df2bfdd3489af1ba212824d303d0d,inventory_only,,,,False,,,NO
docs/audit/ux-2026-10-05/admin/shots/special-orders__status-tab-done.jpg,f8e96c73838476d9cdd99683e41ed315850ea629bd6687e3ea6a9b66a2df0275,inventory_only,,,,False,,,NO
docs/audit/ux-2026-10-05/admin/shots/special-orders__status-tab-draft.jpg,f1ec90129e1c453d76b709dfa1df6848a5ea5fb31cb4def6a9cad8d5970ccae0,inventory_only,,,,False,,,NO
docs/audit/ux-2026-10-05/admin/shots/special-orders__status-tab-in_production.jpg,dcb91b2345be9e68dc777b56ebbd4ec7fc272f41b7e1602e898442e310060cf3,inventory_only,,,,False,,,NO
docs/audit/ux-2026-10-05/admin/shots/special-orders__status-tab-pending_approval.jpg,9bc39f7be044d719e03f5b755416f561fc8137d39a7b51f2922a509a603a07b3,inventory_only,,,,False,,,NO
docs/audit/ux-2026-10-05/admin/shots/special-orders__status-tab-ready.jpg,ea14dcaa6b7fd1ba53c34a58996cfcd4c024f15dc381e2cb51f7450c94a6180c,inventory_only,,,,False,,,NO
docs/audit/ux-2026-10-05/admin/shots/special-orders__status-tab-shipped.jpg,9addbfdef27dd506d147eae440feb12d9d10fc05567317d298ff13398030a6b9,inventory_only,,,,False,,,NO
docs/audit/ux-2026-10-05/admin/shots/stock-buckets.jpg,f538ca532e4f31e9c7c914efecd79f86e0db7eff341325aee3be4cc655368c93,inventory_only,,,,False,,,NO
docs/audit/ux-2026-10-05/admin/shots/stock-buckets__sb-tab-board.jpg,f2241ca2f1316721c1899ddb58ec163024a87a0533db1269bc32fd33fa4a95ab,inventory_only,,,,False,,,NO
docs/audit/ux-2026-10-05/admin/shots/stock-buckets__sb-tab-holds.jpg,62e019f100755b1665d1286f25ae3c38a9b685f49225c7fe70d9a0bdf78712e4,inventory_only,,,,False,,,NO
docs/audit/ux-2026-10-05/admin/shots/stock-buckets__sb-tab-pending.jpg,ffe90d50de9a414a3acb16b6bcfe9535acee6c28bd7d0b6e8dd8fb5e781fea39,inventory_only,,,,False,,,NO
docs/audit/ux-2026-10-05/admin/shots/stock-buckets__sb-tab-wip.jpg,ed8b0bff0a2803cb769afeef90d3dd1630717c91e55588c5b944aa895c222dd4,inventory_only,,,,False,,,NO
docs/audit/ux-2026-10-05/admin/shots/store-credit.jpg,8398721f7fffe3d816ccc61f02730834ac56fac2b838a0bf1fd95fd2c5675c4e,inventory_only,,,,False,,,NO
docs/audit/ux-2026-10-05/admin/shots/supplier-contracts.jpg,064f7c83f7fb1b0cac1f75976dbd794b32019d04198c6cb4266140af6dfdecd1,inventory_only,,,,False,,,NO
docs/audit/ux-2026-10-05/admin/shots/supplier-items.jpg,9c38f623bca3de274588d99c59c6f80c56aba7ccdebc128fea07fded6e8d54c3,inventory_only,,,,False,,,NO
docs/audit/ux-2026-10-05/admin/shots/suppliers.jpg,b00876cd41d4bdbedf01eb9a5fa1ec75aa21b3ce3ce230cfd40e8c6e0a938190,inventory_only,,,,False,,,NO
docs/audit/ux-2026-10-05/admin/shots/tanya-kn.jpg,588120a8e42ad6011bb1a6e516ad23a9bd6ea277427dd6840c1385d343f352d6,inventory_only,,,,False,,,NO
docs/audit/ux-2026-10-05/admin/shots/tanya-kn__tanya-tab-cost.jpg,2a3b311cda17a2a0dea013caca0300ef4910baa07a2dbecde7e6e646aa0866a4,inventory_only,,,,False,,,NO
docs/audit/ux-2026-10-05/admin/shots/tanya-kn__tanya-tab-history.jpg,49acb272cfb87cfe4e2f284355c40418070dd9e70f4bb9e9b0bfc8c819fb3140,inventory_only,,,,False,,,NO
docs/audit/ux-2026-10-05/admin/shots/tanya-kn__tanya-tab-insights.jpg,3017f0e64260785ea50c255b9272fc1c5f7f9f3bcab2509635bada394aaf1dd5,inventory_only,,,,False,,,NO
docs/audit/ux-2026-10-05/admin/shots/tanya-kn__tanya-tab-reports.jpg,c3f8466354a013704e019694679895b7ac5ae9ba390da9a7205d54a2349565b6,inventory_only,,,,False,,,NO
docs/audit/ux-2026-10-05/admin/shots/tanya-kn__tanya-tab-schedules.jpg,a5f7af6f99ee504e03b18b4461ec79294021661ffbb147d7c2aaa63b2758037a,inventory_only,,,,False,,,NO
docs/audit/ux-2026-10-05/admin/shots/tax-invoices.jpg,b22e4788f0a282fc86e84d6fc18340f5faa81b01d912acf29118e48479f516e5,inventory_only,,,,False,,,NO
docs/audit/ux-2026-10-05/admin/shots/vehicle-logs.jpg,fc177fdae6d66057aa0299e15dcb37c8f95efd9c528c8c6f31714663efcaa5d3,inventory_only,,,,False,,,NO
docs/audit/ux-2026-10-05/admin/shots/vehicle-logs__veh-tab-logs.jpg,3fa93605e3404658730efe41ec7b37e596aa17a2111fb518ea4ecbaa9ef8efc5,inventory_only,,,,False,,,NO
docs/audit/ux-2026-10-05/admin/shots/vehicle-logs__veh-tab-recap.jpg,1557e3ff9e17a7bea9179fa5c5c79f3ede43063860abbd5396954f1f687466b9,inventory_only,,,,False,,,NO
docs/audit/ux-2026-10-05/admin/shots/vehicle-logs__veh-tab-vehicles.jpg,55598c3e25cb72cf6b1447a23f28f3346db78b07b7d162f6493e00287729b6a6,inventory_only,,,,False,,,NO
docs/audit/ux-2026-10-05/admin/shots/vendor-bills.jpg,cdcbaee4493f25a7702172a0441940df8ebd4845372c327061dab6736e720f21,inventory_only,,,,False,,,NO
docs/audit/ux-2026-10-05/admin/shots/vendor-bills__vb-tab-all.jpg,a584102b9f5c73c5641557307cf86c48334b4bc20d2358aa9f86df69a52edfc6,inventory_only,,,,False,,,NO
docs/audit/ux-2026-10-05/admin/shots/vendor-bills__vb-tab-cancelled.jpg,cb30955c4177c733aa65e02a884b805eb64ab8787f900855c50fc359e1b5e722,inventory_only,,,,False,,,NO
docs/audit/ux-2026-10-05/admin/shots/vendor-bills__vb-tab-draft.jpg,d5e9dae5802fa5e453f20f075ec4a0e5d19476bc51355d82654dbfdb2f5f61fe,inventory_only,,,,False,,,NO
docs/audit/ux-2026-10-05/admin/shots/vendor-bills__vb-tab-paid.jpg,979c293874cb193ad55c99b9bb92c85c73ca2cfb973745b90c2ce0da92be732e,inventory_only,,,,False,,,NO
docs/audit/ux-2026-10-05/admin/shots/vendor-bills__vb-tab-pending_approval.jpg,743cd087bc243f751248917b4c73327eb244ee8e6d9025b744c270ae04f00071,inventory_only,,,,False,,,NO
docs/audit/ux-2026-10-05/admin/shots/vendor-bills__vb-tab-posted.jpg,1909d34c01f7ba456e08814b2b730f306bd5495c5fb231f9c733c8385cdff5ca,inventory_only,,,,False,,,NO
docs/audit/ux-2026-10-05/admin/shots/warehouse-admin-desk.jpg,97643e69aa5caf7b8ade67f318c65be26edceca1f0e245375417d56f37065562,inventory_only,,,,False,,,NO
docs/audit/ux-2026-10-05/admin/shots/wms-locations.jpg,788bab6f174d49c1f119405526c07ae2b9741dc7e9cbfefc0315052b9065823c,inventory_only,,,,False,,,NO
docs/audit/ux-2026-10-05/admin/shots/wms-locations__lp-tab-cuts.jpg,170f0f4523aa9dade7c3829a660463b53459b1573ce8aaa62cb678f4516dae51,inventory_only,,,,False,,,NO
docs/audit/ux-2026-10-05/admin/shots/wms-locations__lp-tab-pa.jpg,d392fe743ec57fc0526e8419873316fc1014672a6b007a07ced43a90df33bea2,inventory_only,,,,False,,,NO
docs/audit/ux-2026-10-05/admin/shots/wms-locations__lp-tab-putaway.jpg,4df0216f421e9eaf940efdf05b53ac68a9f060a01174ed3b43241148c191bb55,inventory_only,,,,False,,,NO
docs/audit/ux-2026-10-05/admin/shots/wms-locations__lp-tab-structure.jpg,097f19433d2db5e23aef796e3123c44ca6ddb54d51928cab852edcc58716d3dc,inventory_only,,,,False,,,NO
docs/audit/ux-2026-10-05/admin_ops/crawl.json,1b9b7d34e12e2063a57f0da5ae3d20c7f0b0e4a9182183c0de468940b8a963cf,inventory_only,1,,,False,,,NO
docs/audit/ux-2026-10-05/admin_ops/findings.json,ae3b536f942452c5477b78c4aa57e5103cb67e472824b17fd9e8bd3c3d24e8fd,inventory_only,373,,,False,,,NO
docs/audit/ux-2026-10-05/admin_ops/shots/goods-receipts.jpg,4ec8b040c8ed9b3b44066c6ff850e67dce53509ff4043bbfa982f87c06a4a981,inventory_only,,,,False,,,NO
docs/audit/ux-2026-10-05/admin_ops/shots/goods-receipts__grn-view-tab-list.jpg,4331c92aa793ecaf1647f708a352f69a1e0e0e4d415587405c1197c16225513e,inventory_only,,,,False,,,NO
docs/audit/ux-2026-10-05/admin_ops/shots/goods-receipts__grn-view-tab-mode.jpg,532274ec9d3603dd6c12e0d5ab1cd01e309fd1ca60c08b8969db5286ec4eed1d,inventory_only,,,,False,,,NO
docs/audit/ux-2026-10-05/admin_ops/shots/goods-receipts__grn-view-tab-profiles.jpg,5033f2b4dbf39e7d4c4ed50096b7e48f6f00404a53349409711d79cdb0f6a0ae,inventory_only,,,,False,,,NO
docs/audit/ux-2026-10-05/admin_ops/shots/goods-receipts__grn-view-tab-samples.jpg,ace509814b295e6fc504b2f92190a5a69688514f1dbca9694488f55528e1c0a1,inventory_only,,,,False,,,NO
docs/audit/ux-2026-10-05/admin_ops/shots/goods-receipts__grn-view-tab-usage.jpg,75fb5212108963642a3295cb271f1f99f8f75b1fe5cd7ddd169e93bdc8dbf30c,inventory_only,,,,False,,,NO
docs/audit/ux-2026-10-05/admin_ops/shots/goods-receipts__grn-view-tab-variance.jpg,d221be0927af9af45a60e469f5c382cdca75c3716042241c64a12f65b040ffc5,inventory_only,,,,False,,,NO
docs/audit/ux-2026-10-05/admin_ops/shots/inventory-board.jpg,7901026a47a7378500940e4eb2011c6d30b86a86fc39d64b871ee723fac4360a,inventory_only,,,,False,,,NO
docs/audit/ux-2026-10-05/admin_ops/shots/logistics.jpg,d0ed0259a41d47c145af827f8038d971a88f9ed98c2a38197c2736211ec1b123,inventory_only,,,,False,,,NO
docs/audit/ux-2026-10-05/admin_ops/shots/logistics__logistics-tab-dashboard.jpg,2639c53acb53337fc0f605aa1cd3f93b63306f68da1a95f3aea25f37419b27d7,inventory_only,,,,False,,,NO
docs/audit/ux-2026-10-05/admin_ops/shots/logistics__logistics-tab-fleet.jpg,077d3e990836e5b8034851b2cb064f3be6b129a435fd9573bb89ed6749e216a2,inventory_only,,,,False,,,NO
docs/audit/ux-2026-10-05/admin_ops/shots/logistics__logistics-tab-history.jpg,ef6be9f4792399c4929df3ada120f5b18122f30eb16961db327c875925e46a95,inventory_only,,,,False,,,NO
docs/audit/ux-2026-10-05/admin_ops/shots/logistics__logistics-tab-list.jpg,ab0cf4a4b3ddfdd7bc2ccd4c595a158c5bd0658be9e1fa5b1c2a275708c5dd70,inventory_only,,,,False,,,NO
docs/audit/ux-2026-10-05/admin_ops/shots/operations.jpg,f6b63d88915802ee070c2b43c9f62dfabf4bd287b9937ca3d0a27cb55bb7ae13,inventory_only,,,,False,,,NO
docs/audit/ux-2026-10-05/admin_ops/shots/operations__wms-tab-inbound.jpg,3f709f433f3a395b36a94b34e033d2bace4ec822b05495017f57c5808c5f6c8c,inventory_only,,,,False,,,NO
docs/audit/ux-2026-10-05/admin_ops/shots/operations__wms-tab-stok.jpg,9bff1afbf09a8384a6350a435dc879b2a6c5cb80027caf23efed5b2739f69c88,inventory_only,,,,False,,,NO
docs/audit/ux-2026-10-05/finance/crawl.json,411b22d90ae58f38741cdfaa1cc2364d204c378196df50cb943d615b5a16f66f,inventory_only,1,,,False,,,NO
docs/audit/ux-2026-10-05/finance/menu.json,8e2f60d4b6ee6b47ed155270d5f1d8ccc5c222c176ca1401546e614fdf50dc83,inventory_only,123,,,False,,,NO
docs/audit/ux-2026-10-05/finance/shots/advance-report.jpg,bd39cbd0c0518620e8208a063cac0913e42ebd4c9da2fddfb08f5a42436cd07c,inventory_only,,,,False,,,NO
docs/audit/ux-2026-10-05/finance/shots/ar-aging.jpg,86bc3b5b118a6588d2f30d2fa58ce53cd2ca541340349577772da9e9a6aff8c0,inventory_only,,,,False,,,NO
docs/audit/ux-2026-10-05/finance/shots/cash-management.jpg,8db60226b8e380e5b096ae3c31d991640235a56e4177a2b0292be1142f4f8117,inventory_only,,,,False,,,NO
docs/audit/ux-2026-10-05/finance/shots/customers-crm.jpg,9131d64d08f510f907e7f7e02e824cf3b892d08e0f2f2f542150892dc7bdc631,inventory_only,,,,False,,,NO
docs/audit/ux-2026-10-05/finance/shots/customers-crm__crm-tab-collection.jpg,4d165755a29f843396504718318dcd1a88efd66b614d16b52de657271348f7cd,inventory_only,,,,False,,,NO
docs/audit/ux-2026-10-05/finance/shots/customers-crm__crm-tab-customers.jpg,5a13a732cc4e0b6059d0afab5d7dc399a773b1f46dc13d748f25249871e12130,inventory_only,,,,False,,,NO
docs/audit/ux-2026-10-05/finance/shots/customers-crm__crm-tab-interactions.jpg,e541ee1ed079c1371648730b3c3ff90d2475015ed1cc790824f8ef1f76f838c4,inventory_only,,,,False,,,NO
docs/audit/ux-2026-10-05/finance/shots/customers-crm__crm-tab-leads.jpg,97c8914d68d27321e5dc32f1698169ba65947b68151034a9aa7ffe78b3c4854f,inventory_only,,,,False,,,NO
docs/audit/ux-2026-10-05/finance/shots/customers-crm__crm-tab-salesforce.jpg,42de8d86d550ec050ec49bcb850ac5f3243679050a5f55c236f844a6d56ef8c3,inventory_only,,,,False,,,NO
docs/audit/ux-2026-10-05/finance/shots/doc-trace.jpg,a2cc249311e55c768d8ac04086bb48fcf2d9293ce824c6569878a7ee58cdec9d,inventory_only,,,,False,,,NO
docs/audit/ux-2026-10-05/finance/shots/document-center.jpg,5b098bc8c5e11fadc73b3395bc1d2295d7a4e558191f3173e7100b2381609b66,inventory_only,,,,False,,,NO
docs/audit/ux-2026-10-05/finance/shots/documents.jpg,58343ad7224bff0ce6aa84ff9c87ebd7aa865987f38f3cb2a31c5e40c1f64d9a,inventory_only,,,,False,,,NO
docs/audit/ux-2026-10-05/finance/shots/finance-cases.jpg,8478f6d61b67764e854c20737371fd9b74d02cc17fd2552573c21f2a3a1797cb,inventory_only,,,,False,,,NO
docs/audit/ux-2026-10-05/finance/shots/finance-desk.jpg,226b67964d3ac44fb659532a8201aec1f9608240e5d4aa4f72e40651c2ae6218,inventory_only,,,,False,,,NO
docs/audit/ux-2026-10-05/finance/shots/finance-tower.jpg,734989694f419a53ca1f9390e2186b687446e6afe43a80b67e9b02a46323e51c,inventory_only,,,,False,,,NO
docs/audit/ux-2026-10-05/finance/shots/goods-receipts.jpg,c22d0fa422dd4e56be2b397d17906985fff1f6f5c69613c07431111db9341a71,inventory_only,,,,False,,,NO
docs/audit/ux-2026-10-05/finance/shots/goods-receipts__grn-view-tab-list.jpg,3eaf2a2096d7eced3c62dabc4a4c287ddc65c406974d4b10580d7cd25d2986e0,inventory_only,,,,False,,,NO
docs/audit/ux-2026-10-05/finance/shots/goods-receipts__grn-view-tab-variance.jpg,6765d3e2ddceb343f70e21bd0ba4fd4e56abbb02594f241cc7cb6968953163d8,inventory_only,,,,False,,,NO
docs/audit/ux-2026-10-05/finance/shots/hr-my-profile.jpg,94496fad3926e9fd16691663c9ba52ecb083d9a0306f3c73e6f846f4d888b438,inventory_only,,,,False,,,NO
docs/audit/ux-2026-10-05/finance/shots/orders.jpg,5cc1d5703d10ced97615c6a909552ed2e2c92b6276480a3dd7d2e244a6f1728f,inventory_only,,,,False,,,NO
docs/audit/ux-2026-10-05/finance/shots/payment-plans.jpg,ba86c8c33ffca4f2823cec2bc02989f3dd85766dd35f40e3a5eb63db2a00f493,inventory_only,,,,False,,,NO
docs/audit/ux-2026-10-05/finance/shots/payment-plans__pp-tab-denda.jpg,23a9e3ded657bf035d5c9f79e2d3aacbe2fbd5e923c4fc7173e85a836d0e932d,inventory_only,,,,False,,,NO
docs/audit/ux-2026-10-05/finance/shots/payment-plans__pp-tab-jadwal.jpg,599694b5b8a180dfee253b9b1aa346962d455d73f0a269329c81f6dad2e9e35b,inventory_only,,,,False,,,NO
docs/audit/ux-2026-10-05/finance/shots/payment-plans__pp-tab-selisih.jpg,6b04b4f018d00b7e07c2819f18de12c7d015189b41dbb01fb21aeb340f812500,inventory_only,,,,False,,,NO
docs/audit/ux-2026-10-05/finance/shots/purchasing.jpg,58d01e31a392718e1683eaeec818eef95a02671c44d236f070bd03ca1c6c0adf,inventory_only,,,,False,,,NO
docs/audit/ux-2026-10-05/finance/shots/purchasing__po-tab-all.jpg,3463bb8b8d618849eff80aa508dcbfcf61341db6a4215582a92606c081a06b4f,inventory_only,,,,False,,,NO
docs/audit/ux-2026-10-05/finance/shots/purchasing__po-tab-approval.jpg,8617ed2d4538cc532fbb71bf984e83733e58997480488b57cfd3ce9cfd33e322,inventory_only,,,,False,,,NO
docs/audit/ux-2026-10-05/finance/shots/purchasing__po-tab-closed.jpg,04d96788513f952fa4bac7f2581a5cdbf9dd31a5f0760fa93505d0261ceff7e4,inventory_only,,,,False,,,NO
docs/audit/ux-2026-10-05/finance/shots/purchasing__po-tab-done.jpg,5ba611a2b8bae6fd434b90fc57647efec84d17da40322aa1a6cd0b0521fa3384,inventory_only,,,,False,,,NO
docs/audit/ux-2026-10-05/finance/shots/purchasing__po-tab-inbound.jpg,ca4cdd5ca9a78c9bbccdcfa0c8978032baa967c358082fd1e18fb394c76cca66,inventory_only,,,,False,,,NO
docs/audit/ux-2026-10-05/finance/shots/returns.jpg,54d1f7923ad43be0fe5dff8c7ced6cb3bdf8035a608555ce6d28288eb3818bf4,inventory_only,,,,False,,,NO
docs/audit/ux-2026-10-05/finance/shots/sample-orders.jpg,075ab77193cf57f9b4357fc3d5e6b4b07137d9c25119c31d4ff6b84b0796ee49,inventory_only,,,,False,,,NO
docs/audit/ux-2026-10-05/finance/shots/store-credit.jpg,1de831978f21555272a9977b0b05e6c22e05668fc8fffff9cd06f8a0244d2ade,inventory_only,,,,False,,,NO
docs/audit/ux-2026-10-05/finance/shots/tanya-kn.jpg,0891502edc000ab07c1020774b5c7df20e07041c31e24277a94932142479cfd3,inventory_only,,,,False,,,NO
docs/audit/ux-2026-10-05/finance/shots/tanya-kn__tanya-tab-cost.jpg,4ab0c60b93500c307f20e6b6c77bc92e6d710e8064a8659e113441344db9666f,inventory_only,,,,False,,,NO
docs/audit/ux-2026-10-05/finance/shots/tanya-kn__tanya-tab-history.jpg,5dd4eb55febd66e5bacc6cdf89637b4a795c9a0353283a1c95f891d176d055d8,inventory_only,,,,False,,,NO
docs/audit/ux-2026-10-05/finance/shots/tanya-kn__tanya-tab-insights.jpg,d765eacd511c7da9a8c44e254f2a4f9a859772918730007af2f0b1a04a03eb3e,inventory_only,,,,False,,,NO
docs/audit/ux-2026-10-05/finance/shots/tanya-kn__tanya-tab-reports.jpg,10a02571ef29e36c729f900a7bbeff7babe215d83f389ab46aa752945f65b18f,inventory_only,,,,False,,,NO
docs/audit/ux-2026-10-05/finance/shots/tanya-kn__tanya-tab-schedules.jpg,195d36f34096c0d6d2d46b248cb4843c5dc9aa0a137bfff36098c71efcc7b256,inventory_only,,,,False,,,NO
docs/audit/ux-2026-10-05/finance/shots/tax-invoices.jpg,b0891ca33af374eef1291a0aeb6653a52012877b55294afe8786076cabcf5709,inventory_only,,,,False,,,NO
docs/audit/ux-2026-10-05/manager/crawl.json,7776a653faa5d339af838e7f35c11b1b32fab589bdbb80f6f81584c6833d0841,inventory_only,1,,,False,,,NO
docs/audit/ux-2026-10-05/manager/menu.json,0f7b6b702e65fc3b8776a210d203c97e35f64cfbcd1b787bb8dc8d0d887bd800,inventory_only,394,,,False,,,NO
docs/audit/ux-2026-10-05/manager/shots/amendments.jpg,0d3e88b4d8f8ab9fb53eb0cacfcd713677c5340ecd6a36bf3c34c2c9250b82e9,inventory_only,,,,False,,,NO
docs/audit/ux-2026-10-05/manager/shots/amendments__amd-tab-alasan.jpg,220717107a2f34909ca2dcfc3dfb4b43fc2c480abc5233a19d9bf52620430662,inventory_only,,,,False,,,NO
docs/audit/ux-2026-10-05/manager/shots/amendments__amd-tab-daftar.jpg,1041afd4f33eca0ec30f6a63ba12466a10faeddce7d83bbb5b568aa1c27aa384,inventory_only,,,,False,,,NO
docs/audit/ux-2026-10-05/manager/shots/approval-inbox.jpg,f59f6b058aae2c58fa56fb9567533647043d93be57d7740e1369028e1717d1c5,inventory_only,,,,False,,,NO
docs/audit/ux-2026-10-05/manager/shots/approval-inbox__approval-inbox-tab-all.jpg,555485bd21dfc6ab9059b9bea9c70ab237e2e8aa7790f5d69e787513eb3df5b5,inventory_only,,,,False,,,NO
docs/audit/ux-2026-10-05/manager/shots/approval-inbox__approval-inbox-tab-amendment.jpg,e8549cee8d2a9298c1624d2ee9fdf46d9471d387a14fb88bf1abc39dba33a254,inventory_only,,,,False,,,NO
docs/audit/ux-2026-10-05/manager/shots/approval-inbox__approval-inbox-tab-po.jpg,9afcd284f249f1896ea8112533ca3e3294aed12ac98bba6e7d1e35f3124b9c06,inventory_only,,,,False,,,NO
docs/audit/ux-2026-10-05/manager/shots/approval-inbox__approval-inbox-tab-price.jpg,8e7def0e9e508aa81897aaf8d822ec55458c2c4fa109cbe08ec9c89d073665d0,inventory_only,,,,False,,,NO
docs/audit/ux-2026-10-05/manager/shots/approval-inbox__approval-inbox-tab-returns.jpg,c02ad7e02da96eccbcbe7b60b3b79803f464d596086f42a12b79a74645104a39,inventory_only,,,,False,,,NO
docs/audit/ux-2026-10-05/manager/shots/approval-inbox__approval-inbox-tab-sales_order.jpg,9b15677699eae503adecf2ba6530175cce1746bf710f04977f1aa49273c48c6f,inventory_only,,,,False,,,NO
docs/audit/ux-2026-10-05/manager/shots/manager-home.jpg,9a1ee0e003eaeed77fb8c29af08744421c929a6aa4958acfb609b9ba0e6b236f,inventory_only,,,,False,,,NO
docs/audit/ux-2026-10-05/manager/shots/my-approvals.jpg,3d855bd0db48b809a9da54cf1ed8d90b2f75156c2cc38329f0fa52b1f43c9aa0,inventory_only,,,,False,,,NO
docs/audit/ux-2026-10-05/manager/shots/my-desk.jpg,164a3dc76904a9fc1c0c1f4a4753d8ac2601fdf6d986d7329138048683c51d3b,inventory_only,,,,False,,,NO
docs/audit/ux-2026-10-05/manager/shots/orders.jpg,2c621236e92a5b2eb18d6b7e048f86fb39ca6a53ba6de17b405dbad5b1bca462,inventory_only,,,,False,,,NO
docs/audit/ux-2026-10-05/manager/shots/price-approvals.jpg,4ce06ddc1d32c4ff7d2645bf83633ed51af8d89907dee7971b897652efecfa6b,inventory_only,,,,False,,,NO
docs/audit/ux-2026-10-05/manager/shots/purchase-approval.jpg,f1b4da0a7a8f091c480e8c836434e20945b8db9b4685699f88dc0e8b814a0332,inventory_only,,,,False,,,NO
docs/audit/ux-2026-10-05/manager/shots/purchase-approval__po-approval-tab-approved.jpg,dde266a3612f5751559762d9b4b45d64995bfe3172fad2f265587b19174efb0c,inventory_only,,,,False,,,NO
docs/audit/ux-2026-10-05/manager/shots/purchase-approval__po-approval-tab-rejected.jpg,34610388e998352087ec3b8f63bf948bb105a12445f02dbb524e2c37edeeb5e1,inventory_only,,,,False,,,NO
docs/audit/ux-2026-10-05/manager/shots/purchase-approval__po-approval-tab-waiting.jpg,912cfecfd717eaa25dd5d8a28500552f2862cf020139a28cc293458af1e77bf0,inventory_only,,,,False,,,NO
docs/audit/ux-2026-10-05/manager/shots/returns.jpg,42b5d47c46473090cbb0e3e3839117bc9ef393feaf2c4c0e1342ea5de640b145,inventory_only,,,,False,,,NO
docs/audit/ux-2026-10-05/manager/shots/special-orders.jpg,4eb06586f3b1426d59d2b305a1713ad49ba65538fb87a8fe2c50f41abf98e1b0,inventory_only,,,,False,,,NO
docs/audit/ux-2026-10-05/manager/shots/special-orders__status-tab-all.jpg,b36228f8e9ba547478941a748a8d6901a3d46cf9b20870157988213fd9be91f5,inventory_only,,,,False,,,NO
docs/audit/ux-2026-10-05/manager/shots/special-orders__status-tab-confirmed.jpg,3f7301f51ff1344b9a37cc0a38f53cfc963dc7b51194040cddf327205c267cc5,inventory_only,,,,False,,,NO
docs/audit/ux-2026-10-05/manager/shots/special-orders__status-tab-done.jpg,987b827b52468e8cadf32f0632529f83953bd175b6bf57f527fe327efa4a799d,inventory_only,,,,False,,,NO
docs/audit/ux-2026-10-05/manager/shots/special-orders__status-tab-draft.jpg,fccdc99e0377cd3be0c8cef955d279cf3f08a96b836b8f799ca4b0e010e17ccd,inventory_only,,,,False,,,NO
docs/audit/ux-2026-10-05/manager/shots/special-orders__status-tab-in_production.jpg,f19d64fda9bc12d8ef71a4c6cd07b40c521b8c69d18190879a5f5abc94947437,inventory_only,,,,False,,,NO
docs/audit/ux-2026-10-05/manager/shots/special-orders__status-tab-pending_approval.jpg,92f04daf16ddd2aa80a025fbb4012f6e079576a1a0a198d4b3f65125ecc0f0ba,inventory_only,,,,False,,,NO
docs/audit/ux-2026-10-05/manager/shots/special-orders__status-tab-ready.jpg,a7718355ebe87eb06333b6a324cba8ddab6f66c27c8c5fe97c57ed44e096f89b,inventory_only,,,,False,,,NO
docs/audit/ux-2026-10-05/manager/shots/special-orders__status-tab-shipped.jpg,9bd546740371619db2b2de764e8ecf9fdd9de20c9881c23d064eb6488feeb951,inventory_only,,,,False,,,NO
docs/audit/ux-2026-10-05/manager/shots/tanya-kn.jpg,b9e02205b5c41df0797171fc2c396cb043c5bb5019f33ddfe1a6bb4406566047,inventory_only,,,,False,,,NO
docs/audit/ux-2026-10-05/manager/shots/tanya-kn__tanya-tab-cost.jpg,7874d3c21a8566a877e333234180c8fcd53c590ac0f012913e90b42ca2330d31,inventory_only,,,,False,,,NO
docs/audit/ux-2026-10-05/manager/shots/tanya-kn__tanya-tab-history.jpg,d7b25aaaf91e3ed889f814ac42091488a86e09a6a20912db480f352715981439,inventory_only,,,,False,,,NO
docs/audit/ux-2026-10-05/manager/shots/tanya-kn__tanya-tab-insights.jpg,6384c62640feab51b73fcee929b8f52e144f284cb024d0e70b0d373c369628ba,inventory_only,,,,False,,,NO
docs/audit/ux-2026-10-05/manager/shots/tanya-kn__tanya-tab-reports.jpg,84483b03b9d24d757b301bff5f436a296c158003653cd30e40a5875559308b9e,inventory_only,,,,False,,,NO
docs/audit/ux-2026-10-05/manager/shots/tanya-kn__tanya-tab-schedules.jpg,cb0bc4aa612b5cb5c7abf204c5fec83d77dfee57e4a4d0f5fb3873941dfb9ace,inventory_only,,,,False,,,NO
docs/audit/ux-2026-10-05/pola_halaman_daftar.md,e7a92466c0656e3cbf154292331a99c86e1e70f00f01035c49bd6e210166324a,inventory_only,,,,False,,,NO
docs/audit/ux-2026-10-05/sales/crawl.json,eae21cf20390149cf6ae920516c0446e65efc552511064cc7edb880fb64e812f,inventory_only,1,,,False,,,NO
docs/audit/ux-2026-10-05/sales/findings.json,f20ef14493c9dc58b88280ff096a5f87150bfdac86f1fa877a654331ea20b894,inventory_only,1260,,,False,,,NO
docs/audit/ux-2026-10-05/sales/menu.json,595915293fec902db73a7a42de05e01dde4398e49ff0abfa47dcd725e4484c98,inventory_only,140,,,False,,,NO
docs/audit/ux-2026-10-05/sales/shots/cash-advances.jpg,38a584a64f6cbd58ace51bc1cedd60f5c3be79279c41c6a54289d3e70e368fa1,inventory_only,,,,False,,,NO
docs/audit/ux-2026-10-05/sales/shots/cash-advances__ca-tab-all.jpg,329266b19ebec5dd857325be1f368e91d8be0426a0e70bea3b0eee88d8f4dc25,inventory_only,,,,False,,,NO
docs/audit/ux-2026-10-05/sales/shots/cash-advances__ca-tab-approved.jpg,2abeaf763a769f714d616e482661b5490a6aab794200dc2da7d2201d170c2f0c,inventory_only,,,,False,,,NO
docs/audit/ux-2026-10-05/sales/shots/cash-advances__ca-tab-disbursed.jpg,25c5ddd340914b5dbe10530397db7f47e2d7b1e64667dcef196e9dfb3b065e8f,inventory_only,,,,False,,,NO
docs/audit/ux-2026-10-05/sales/shots/cash-advances__ca-tab-draft.jpg,d1752e54f3b81dd2932300749c806992f84c1cfce8134b558d54804a7c7da0da,inventory_only,,,,False,,,NO
docs/audit/ux-2026-10-05/sales/shots/cash-advances__ca-tab-pending_atasan.jpg,b0f3541b38675fddf6e87c925983847250d5a3121041956b66e49b58efe38ee7,inventory_only,,,,False,,,NO
docs/audit/ux-2026-10-05/sales/shots/cash-advances__ca-tab-rejected.jpg,0b6925e29412d6c248f6a0831c3924ba39dadb761adff8bd88f5e9b69c5a7cc6,inventory_only,,,,False,,,NO
docs/audit/ux-2026-10-05/sales/shots/cash-advances__ca-tab-settled.jpg,beff6371a0912289380b6371e6ee1ba15c824d356479114d83075f815e6e4304,inventory_only,,,,False,,,NO
docs/audit/ux-2026-10-05/sales/shots/cs-price-list.jpg,3d23fa373c010e0012e22c050b1ceec984597c505fc0ed454b3d70aa59c9377a,inventory_only,,,,False,,,NO
docs/audit/ux-2026-10-05/sales/shots/customers-crm.jpg,4bb888a110fc73022df2d7dedae8a4b91475046ae6a3ec4df9f6015701a5eaf7,inventory_only,,,,False,,,NO
docs/audit/ux-2026-10-05/sales/shots/customers-crm__crm-tab-collection.jpg,92803206d7b22cf79e53d73206510a76b3b779e9a41e816b2b719bf2cc86646b,inventory_only,,,,False,,,NO
docs/audit/ux-2026-10-05/sales/shots/customers-crm__crm-tab-customers.jpg,21befcc6a2b4428fa8d449019331d41efa460010402c953bf34a9397782a8b1e,inventory_only,,,,False,,,NO
docs/audit/ux-2026-10-05/sales/shots/customers-crm__crm-tab-interactions.jpg,d8aee5faaf79d6bff80ca3f26498ed591b4832079f98756d7deaab3f7b1c3de2,inventory_only,,,,False,,,NO
docs/audit/ux-2026-10-05/sales/shots/customers-crm__crm-tab-leads.jpg,1fabdff7c49489d72b901100a588a39846962c0486e766a6c236bbc15fe3185e,inventory_only,,,,False,,,NO
docs/audit/ux-2026-10-05/sales/shots/customers-crm__crm-tab-salesforce.jpg,8ed9a1e78e17fdf7a7431f1de6d6a939c8b0095b3c0d76f6c15e20a737d5667e,inventory_only,,,,False,,,NO
docs/audit/ux-2026-10-05/sales/shots/doc-trace.jpg,a8911baea2338cc5af08f8f29ddeddbc9bfe33a976cee896eb904be2991fa7ac,inventory_only,,,,False,,,NO
docs/audit/ux-2026-10-05/sales/shots/document-center.jpg,a27a27aaa4776fda6f0e83d8f6bed53c1b832faa863ceacce79545f471a7298f,inventory_only,,,,False,,,NO
docs/audit/ux-2026-10-05/sales/shots/documents.jpg,a92a211a766c04a8d0bbd92dc26f4eecefce0cebcdc6ba585c0c7b72b4f67889,inventory_only,,,,False,,,NO
docs/audit/ux-2026-10-05/sales/shots/hr-my-profile.jpg,5d609fc5a02bd243d0eb8aeff1a2d20f9da0bcda10d6bf57e4ec89afd29d5dc4,inventory_only,,,,False,,,NO
docs/audit/ux-2026-10-05/sales/shots/hr-visits.jpg,73ab5ee3ac285a02cc571f3cef4086fc7890ef897d33f2cc189feb7ebc9b9fd0,inventory_only,,,,False,,,NO
docs/audit/ux-2026-10-05/sales/shots/inventory-board.jpg,e2a3ed16d9b87fc1610e361c992d26ab17ead3ff10943dab35060196ef978c13,inventory_only,,,,False,,,NO
docs/audit/ux-2026-10-05/sales/shots/inventory-lots.jpg,3e86378fddc89a81c11f0aa84b0ec4dce5df847b0ad10e8bbea8436ac1db8845,inventory_only,,,,False,,,NO
docs/audit/ux-2026-10-05/sales/shots/logistics.jpg,8343f736f52ab908b6db783b7a0031455a2b0ac77fad0772c42694efad0db48e,inventory_only,,,,False,,,NO
docs/audit/ux-2026-10-05/sales/shots/logistics__logistics-tab-dashboard.jpg,83105e55a5b34c8efc40fda82b8b2277a603bbe3bf2339cadb3af6f39c448dbf,inventory_only,,,,False,,,NO
docs/audit/ux-2026-10-05/sales/shots/logistics__logistics-tab-fleet.jpg,1d28106768c9cae19b6215bb3560c50f00fca1820fe584cfea80207ef7dcf475,inventory_only,,,,False,,,NO
docs/audit/ux-2026-10-05/sales/shots/logistics__logistics-tab-history.jpg,5eb6bb716ce698f38074fc80440c61f11d9e4b47be613c2ea8cc3d5feea15667,inventory_only,,,,False,,,NO
docs/audit/ux-2026-10-05/sales/shots/logistics__logistics-tab-list.jpg,b10a950893a0c07dbab7164fd78e8f607a39f6223710e529b703046fd8b1372c,inventory_only,,,,False,,,NO
docs/audit/ux-2026-10-05/sales/shots/md-products.jpg,16c57d2774b1ea33716c6d699dd658d6f29d1ac164c6347ef8f5b3e087d63c15,inventory_only,,,,False,,,NO
docs/audit/ux-2026-10-05/sales/shots/mkt-accounts.jpg,9cf308d590b159ee5c8a254034f18773a672e74fee7ad6035176607c1051b5c9,inventory_only,,,,False,,,NO
docs/audit/ux-2026-10-05/sales/shots/mkt-analytics.jpg,86c28b76b325a5a8a56afa7b562da3f16c75b98dcf7f40965168b11e2ab1c668,inventory_only,,,,False,,,NO
docs/audit/ux-2026-10-05/sales/shots/mkt-calendar.jpg,f57840b2a09cb11506efa4d37a28fb37ca7275ed690deed586cb00f1eb007421,inventory_only,,,,False,,,NO
docs/audit/ux-2026-10-05/sales/shots/mkt-campaigns.jpg,49a913cc139d7102f4b737fe3e6e60e2d2d8d1c88833afa47be16b76d0ef635e,inventory_only,,,,False,,,NO
docs/audit/ux-2026-10-05/sales/shots/my-desk.jpg,c8a921c37c5417e18b25394d9b1eddeeda24593bb6ea3dcd19a7568cefed1986,inventory_only,,,,False,,,NO
docs/audit/ux-2026-10-05/sales/shots/price-approvals.jpg,9fffda97a2be460f6760f1f72b7b4ef00deb1e4ebeb997bf6df8f7a9c41e195e,inventory_only,,,,False,,,NO
docs/audit/ux-2026-10-05/sales/shots/rnd-handfeel.jpg,682a294d57c9ac3e0e1d117ade4c03ad34726cc7675878b1fb57d73c0fab44d5,inventory_only,,,,False,,,NO
docs/audit/ux-2026-10-05/sales/shots/rnd-labdip.jpg,d5eee437268744306ee8f11a48ce27fdd554b18536c6c2bd4cb09745b3552051,inventory_only,,,,False,,,NO
docs/audit/ux-2026-10-05/sales/shots/rnd-proofing.jpg,3cf28f0c383dce97190049ce109aa37db511842ee7035c4066d6ca710f94b3ed,inventory_only,,,,False,,,NO
docs/audit/ux-2026-10-05/sales/shots/rnd-samples.jpg,3b060869ea7a1c041e38d7c38133266df9b5f19c3c1651979627ecdbba2180a8,inventory_only,,,,False,,,NO
docs/audit/ux-2026-10-05/sales/shots/sales-home.jpg,16b87747207944c3f489ee6307f319c071e03fd5deff5b6b920068bd7ff643ba,inventory_only,,,,False,,,NO
docs/audit/ux-2026-10-05/sales/shots/sales.jpg,08844b80766502102fa3b04cbfd25b44ae9bc8f6ff05e58fe9fc13eb998f5a2b,inventory_only,,,,False,,,NO
docs/audit/ux-2026-10-05/sales/shots/sample-orders.jpg,39036ca544563924798a7d3ce7608f32e900b782dcb1ea94c17a69b07de3951c,inventory_only,,,,False,,,NO
docs/audit/ux-2026-10-05/sales/shots/settlements.jpg,b721575c47326ea92abd802ba7fd8ece1f1632892cd2dc422f9865776040497f,inventory_only,,,,False,,,NO
docs/audit/ux-2026-10-05/sales/shots/settlements__stl-tab-all.jpg,221a2a24ce34d49f3a29625a1e06a196daaa549f2a0b9f068cae0b985034c2a0,inventory_only,,,,False,,,NO
docs/audit/ux-2026-10-05/sales/shots/settlements__stl-tab-draft.jpg,54e4c08a1746c0e12c6602ea49e4b17ed873e3d506c5369e5cea4263d77cff40,inventory_only,,,,False,,,NO
docs/audit/ux-2026-10-05/sales/shots/settlements__stl-tab-posted_to_gl.jpg,6cfbfdb9b2a07cddf6512c1841b26f5f742d3d57e72022194ab03da64767b9fe,inventory_only,,,,False,,,NO
docs/audit/ux-2026-10-05/sales/shots/settlements__stl-tab-rejected.jpg,89db3c6f6978c5290e0c9a161d0e574083ba5ee3dafbe37b521fccb3872ce7a5,inventory_only,,,,False,,,NO
docs/audit/ux-2026-10-05/sales/shots/settlements__stl-tab-submitted.jpg,cbb18ed771a84a4a01294466bd5c1b7dad644fc5e1f5d35a4e29c863c729abcd,inventory_only,,,,False,,,NO
docs/audit/ux-2026-10-05/sales/shots/tanya-kn.jpg,0ad1da0195a7941b95ef7fe3e49e89d90d22bb1d99e0bfe9917a82e5e8ab0791,inventory_only,,,,False,,,NO
docs/audit/ux-2026-10-05/sales/shots/tanya-kn__tanya-tab-cost.jpg,13df8a0a279aa8b1a8bb8ff19668d924116dc47cbabbeaf7d8fd75a3ad27bbf8,inventory_only,,,,False,,,NO
docs/audit/ux-2026-10-05/sales/shots/tanya-kn__tanya-tab-history.jpg,8b88b352c38311849873723589c8b4b68d197958698c4b3a0b3d995724346cb3,inventory_only,,,,False,,,NO
docs/audit/ux-2026-10-05/sales/shots/tanya-kn__tanya-tab-insights.jpg,70fe5c17c3c9d679e347dae0ab6834c2c9df1f10282327bcd5350dbc227d1c6a,inventory_only,,,,False,,,NO
docs/audit/ux-2026-10-05/sales/shots/tanya-kn__tanya-tab-reports.jpg,6dc77a78daa95e3420875e48a54597299e3ef0b67f9a7f823e34dbfd5ea45686,inventory_only,,,,False,,,NO
docs/audit/ux-2026-10-05/sales/shots/tanya-kn__tanya-tab-schedules.jpg,b596f9452438d2eb4a358476839b88bcf5e7af911fe8f3eb3c2118edd6d31313,inventory_only,,,,False,,,NO
docs/audit/ux-2026-10-05/sales/shots/vehicle-logs.jpg,dfadf2d51c3a504b9783745b5e80088c55ac3a32671d5d8686cb7fa39bbbb7f5,inventory_only,,,,False,,,NO
docs/audit/ux-2026-10-05/sales/shots/vehicle-logs__veh-tab-logs.jpg,9552773ba209e78b1a17ab70e887104231e0e82632dd6cb34a73456b97883b86,inventory_only,,,,False,,,NO
docs/audit/ux-2026-10-05/sales/shots/vehicle-logs__veh-tab-recap.jpg,9d68e9410870f7222348a2018c47443226a0c4a4b573b15778e1e186f79e5d29,inventory_only,,,,False,,,NO
docs/audit/ux-2026-10-05/sales/shots/vehicle-logs__veh-tab-vehicles.jpg,7f2122bbdf41ca5e9959bf260a1f3dd72078f1685e7b443de05fcbffb82c4704,inventory_only,,,,False,,,NO
docs/audit/ux-2026-10-05/salesadmin/crawl.json,2d1dc93be1066638fa8161e687ed2147342d976d12ca1303a415aedd82036af3,inventory_only,1,,,False,,,NO
docs/audit/ux-2026-10-05/salesadmin/findings.json,8b263bd323996c7829e7df2972038b7f29086f689fe008960921a14813a7997f,inventory_only,473,,,False,,,NO
docs/audit/ux-2026-10-05/salesadmin/menu.json,44c13c3f4a9a5c9410b6ae42fc83b1452bbab22c7fdefc93d2d91a5a664bb606,inventory_only,168,,,False,,,NO
docs/audit/ux-2026-10-05/salesadmin/shots/amendments.jpg,fbe6ac1f8830c89dd747993b67f8d6d30b2ee1b5872881a19e103f9ed7444bbb,inventory_only,,,,False,,,NO
docs/audit/ux-2026-10-05/salesadmin/shots/amendments__amd-tab-daftar.jpg,ee6b6f398d302ab9176c572f103b47f229ded799b507511ee8c8d69aef8480d7,inventory_only,,,,False,,,NO
docs/audit/ux-2026-10-05/salesadmin/shots/approval-inbox.jpg,5d2db7c1837b232d48203ee0ac0f8ecd40561db0d32c04792e42866fbacfa2d5,inventory_only,,,,False,,,NO
docs/audit/ux-2026-10-05/salesadmin/shots/approval-inbox__approval-inbox-tab-all.jpg,68d64ee6248a204dbf31ec09c5191868c00f0ebc92f8d252892acc45e46b157a,inventory_only,,,,False,,,NO
docs/audit/ux-2026-10-05/salesadmin/shots/approval-inbox__approval-inbox-tab-amendment.jpg,6c57aa314e3cae1acac86f372b1c335b2d4daf12c3ee12cb4d84b83767f4a2da,inventory_only,,,,False,,,NO
docs/audit/ux-2026-10-05/salesadmin/shots/approval-inbox__approval-inbox-tab-credit.jpg,f0271b7e0fb21170e209e44472a50ef3792e17ff65459601d89836d295109f1b,inventory_only,,,,False,,,NO
docs/audit/ux-2026-10-05/salesadmin/shots/approval-inbox__approval-inbox-tab-cycle.jpg,d35e27f2d2bbb923699abb2d216feada4c05b8f7e64c36c7459326506979ea65,inventory_only,,,,False,,,NO
docs/audit/ux-2026-10-05/salesadmin/shots/approval-inbox__approval-inbox-tab-po.jpg,e40b00f575b3cf411538feb69665a93b10b830f60a02f9cd4333508cd6fe7958,inventory_only,,,,False,,,NO
docs/audit/ux-2026-10-05/salesadmin/shots/approval-inbox__approval-inbox-tab-price.jpg,3f845b6bbfb664bd168e626ce4ae36796a550eb4776299ea1df0fc7481176629,inventory_only,,,,False,,,NO
docs/audit/ux-2026-10-05/salesadmin/shots/approval-inbox__approval-inbox-tab-returns.jpg,66a65143c86ef2447cad90510077089566e43d68f403d808987bf9b35f163cac,inventory_only,,,,False,,,NO
docs/audit/ux-2026-10-05/salesadmin/shots/approval-inbox__approval-inbox-tab-sales_order.jpg,ba45c69e5ccb11b4204300a496c4de377d3d42a2539e548b2d7e5df403146f84,inventory_only,,,,False,,,NO
docs/audit/ux-2026-10-05/salesadmin/shots/cash-advances.jpg,b9ed3b688834127493554f819195a529c6310a3f4440e62b145155bcc819173c,inventory_only,,,,False,,,NO
docs/audit/ux-2026-10-05/salesadmin/shots/cash-advances__ca-tab-all.jpg,58adde5e98b65fe8e61a83c0dbea1f56d20dc8bcdfdf692c3ef9191439965c52,inventory_only,,,,False,,,NO
docs/audit/ux-2026-10-05/salesadmin/shots/cash-advances__ca-tab-approved.jpg,c7d8e6f8ce12ea6dea47ede9aeefef8fdf4c0c43d0a52312b924d080c6ca054d,inventory_only,,,,False,,,NO
docs/audit/ux-2026-10-05/salesadmin/shots/cash-advances__ca-tab-disbursed.jpg,42624ad4425fb04a76ffd1bbd72ee1f58cf09d501b7775ae239e4c274ea16434,inventory_only,,,,False,,,NO
docs/audit/ux-2026-10-05/salesadmin/shots/cash-advances__ca-tab-draft.jpg,c8eff7c51cac6db8acae2a8e3a401f9cf1b19d6be4318235a029a6728ccdf200,inventory_only,,,,False,,,NO
docs/audit/ux-2026-10-05/salesadmin/shots/cash-advances__ca-tab-pending_atasan.jpg,b04e8145f2393d5adba68328e99123cbcde7735721483a4b43c2e2e92a38bde6,inventory_only,,,,False,,,NO
docs/audit/ux-2026-10-05/salesadmin/shots/cash-advances__ca-tab-rejected.jpg,5df5bb81748cb98f8ae7393ed36200432f1e3eb5af3ba37ea37e258268c46d82,inventory_only,,,,False,,,NO
docs/audit/ux-2026-10-05/salesadmin/shots/cash-advances__ca-tab-settled.jpg,52dd6a3f94b6559ad98bc9803ff18e3315ff6ab707249b39488a03c65d026226,inventory_only,,,,False,,,NO
docs/audit/ux-2026-10-05/salesadmin/shots/cs-price-list.jpg,abd1169cf6275a010da030a7aa08a3a983775088f862d22c0fef6387913e87d3,inventory_only,,,,False,,,NO
docs/audit/ux-2026-10-05/salesadmin/shots/customers-crm.jpg,fa46474fd3ae5b38637edcf073b8089b69c93502436ab8d3cc9975445445795a,inventory_only,,,,False,,,NO
docs/audit/ux-2026-10-05/salesadmin/shots/customers-crm__crm-tab-collection.jpg,09dc35d3ec26420a83f996072a2eae8637f13285609680801b5d198f8e9039ef,inventory_only,,,,False,,,NO
docs/audit/ux-2026-10-05/salesadmin/shots/customers-crm__crm-tab-customers.jpg,df2a5e179319370ef38ccbe0a83187d39e8481baf462495573e26e995b500e98,inventory_only,,,,False,,,NO
docs/audit/ux-2026-10-05/salesadmin/shots/customers-crm__crm-tab-interactions.jpg,d9a37714a8208c2b294fcf98c42bc520435f17488562ead9b7b4398f61f1a3ac,inventory_only,,,,False,,,NO
docs/audit/ux-2026-10-05/salesadmin/shots/customers-crm__crm-tab-leads.jpg,306b66025b981d469f4dbf4bfb8b549e30cefa9ebab7a1b31399753fa47856a3,inventory_only,,,,False,,,NO
docs/audit/ux-2026-10-05/salesadmin/shots/customers-crm__crm-tab-salesforce.jpg,6fed0618432c463dd2bfdd39d5ab152c695af1ba9955485f3c56690e35fe485c,inventory_only,,,,False,,,NO
docs/audit/ux-2026-10-05/salesadmin/shots/doc-trace.jpg,968055832987c4bdc7178d731a7e15adc0f39508fa11a6b06f333a4413bc7804,inventory_only,,,,False,,,NO
docs/audit/ux-2026-10-05/salesadmin/shots/document-center.jpg,bc48f50a34eda671a52f79e133cf8c78c9aab5499a0e6cfc7df8fdeda329f852,inventory_only,,,,False,,,NO
docs/audit/ux-2026-10-05/salesadmin/shots/documents.jpg,ec921d28abb48d98d81547f25aa099c567c1de5a7064ab72b23c9894ec56d4d2,inventory_only,,,,False,,,NO
docs/audit/ux-2026-10-05/salesadmin/shots/hr-my-profile.jpg,6c3cd077f59bef118f3997ff8fa9cce3a25f96369844a60112d5a39c04f10f61,inventory_only,,,,False,,,NO
docs/audit/ux-2026-10-05/salesadmin/shots/interco-transactions.jpg,2e2f545208748acf31df86f7d03ed9df03b11d4ea795cbe1c1897091ead8287c,inventory_only,,,,False,,,NO
docs/audit/ux-2026-10-05/salesadmin/shots/interco-transactions__interco-tab-returns.jpg,d1e5f0c69db0a2dc699586e31553afede7c38992abd868b7fe712acee74fc997,inventory_only,,,,False,,,NO
docs/audit/ux-2026-10-05/salesadmin/shots/interco-transactions__interco-tab-transactions.jpg,0b0c0f188969017ec0238cb6b1ec4bd88a4d2fb20103505f488fcced59344951,inventory_only,,,,False,,,NO
docs/audit/ux-2026-10-05/salesadmin/shots/internal-requests.jpg,eccefdd45cba514bb6f1bbf823c69e820b114091dfb316ba62295642d322ca0d,inventory_only,,,,False,,,NO
docs/audit/ux-2026-10-05/salesadmin/shots/internal-requests__pin-tab-all.jpg,0965da39dad9b1e9fc8a9190c669eff48a850fe036b74f62999f4826037adc82,inventory_only,,,,False,,,NO
docs/audit/ux-2026-10-05/salesadmin/shots/internal-requests__pin-tab-cancelled.jpg,01356c972b70f2822bdb2b1bfb970ce7775a0bebab04d0ab2bdb053f619b27d3,inventory_only,,,,False,,,NO
docs/audit/ux-2026-10-05/salesadmin/shots/internal-requests__pin-tab-converted.jpg,1cfe4def475990c28893ca6c2cbd3bd8cc9bfce503254f18ecdd34763f90ae73,inventory_only,,,,False,,,NO
docs/audit/ux-2026-10-05/salesadmin/shots/internal-requests__pin-tab-rejected.jpg,9479fba1653f17034ea0f6932764857afc6bfb92602002d9e9c5d72a1ef607e9,inventory_only,,,,False,,,NO
docs/audit/ux-2026-10-05/salesadmin/shots/internal-requests__pin-tab-submitted.jpg,d4839df6399d9496791f350ba6ceea5d7309affbc043aee543eae0fda33421f6,inventory_only,,,,False,,,NO
docs/audit/ux-2026-10-05/salesadmin/shots/inventory-board.jpg,114228a92b9f9d53c5fb247f27af8b869b9dfbf1c5e48b15cf63900abb301f50,inventory_only,,,,False,,,NO
docs/audit/ux-2026-10-05/salesadmin/shots/inventory-lots.jpg,55d4aa52f79ddca9f62a928d45fb3e1f6572aa8100afc48458858a0870fd348a,inventory_only,,,,False,,,NO
docs/audit/ux-2026-10-05/salesadmin/shots/logistics.jpg,81e661562e4602f679b24d4a7ec8c494d019bd00cebfd7e972a33438de5aa157,inventory_only,,,,False,,,NO
docs/audit/ux-2026-10-05/salesadmin/shots/logistics__logistics-tab-dashboard.jpg,5c3948f7149e67b44ea366afac1cebf1d9c02ec2443b4488b0c06bb932792c7a,inventory_only,,,,False,,,NO
docs/audit/ux-2026-10-05/salesadmin/shots/logistics__logistics-tab-fleet.jpg,24812aeb76f606f5a74c56b3317daa34e7069675d0dbc5e876afef7feec05117,inventory_only,,,,False,,,NO
docs/audit/ux-2026-10-05/salesadmin/shots/logistics__logistics-tab-history.jpg,73ae94aa7a7e61753c80f0e3fb91c1700d91172d61ffe51fe67668b4306702e9,inventory_only,,,,False,,,NO
docs/audit/ux-2026-10-05/salesadmin/shots/logistics__logistics-tab-list.jpg,f14dc482a2c94ba9123eebdbe661788cec98850ee64ac6da4025e5fce3056143,inventory_only,,,,False,,,NO
docs/audit/ux-2026-10-05/salesadmin/shots/md-products.jpg,05c40317cc6df1a6cef0bdcad97773a017fdcdf0c93e04bcc50e44d07ac46e31,inventory_only,,,,False,,,NO
docs/audit/ux-2026-10-05/salesadmin/shots/mkt-accounts.jpg,a0929e74ddf02b4c9f07111e35c59a570094ed83ecf09f8df296b3921459825e,inventory_only,,,,False,,,NO
docs/audit/ux-2026-10-05/salesadmin/shots/mkt-analytics.jpg,877e2ed74c89eaa174ec3b07f0f0e766fa31145e887c72d912cc9329889c8e84,inventory_only,,,,False,,,NO
docs/audit/ux-2026-10-05/salesadmin/shots/mkt-calendar.jpg,69ad6a3314b904232be786a55cfa5ca15eddfd46547033522a17babccdae225b,inventory_only,,,,False,,,NO
docs/audit/ux-2026-10-05/salesadmin/shots/mkt-campaigns.jpg,724ded5e7613b121b927ab4f97cf93beda8cbb10b2dabaa3fbf5f2d971c876b6,inventory_only,,,,False,,,NO
docs/audit/ux-2026-10-05/salesadmin/shots/my-desk.jpg,64fb994e00314d7285520a7465d22db95fff217df3242c7e48159896cba7fe0a,inventory_only,,,,False,,,NO
docs/audit/ux-2026-10-05/salesadmin/shots/operations.jpg,596288c95e76d86227b96655decd174637b350db6d2d2f696da81d3e7c5f87c7,inventory_only,,,,False,,,NO
docs/audit/ux-2026-10-05/salesadmin/shots/operations__wms-tab-health.jpg,1344ec0352bced505ddfc982a8395d32eef1f33013595deaa9dbafe9f9cc5861,inventory_only,,,,False,,,NO
docs/audit/ux-2026-10-05/salesadmin/shots/operations__wms-tab-inbound.jpg,ed8515be82dea3fc9e5448c6a8d41c9e7f04e4c2157e0bbfc5f9bc29ca93e37b,inventory_only,,,,False,,,NO
docs/audit/ux-2026-10-05/salesadmin/shots/operations__wms-tab-outbound.jpg,155c694da8438bbb27554770297488c5b8b7ed12a24e7e92b17be424b1516c6a,inventory_only,,,,False,,,NO
docs/audit/ux-2026-10-05/salesadmin/shots/operations__wms-tab-stok.jpg,bc2c2551d3346223898f7888a5b791dfcdb639b172fe9f85c8575da44e5d5cb9,inventory_only,,,,False,,,NO
docs/audit/ux-2026-10-05/salesadmin/shots/operations__wms-tab-transfer.jpg,0ff941301818d8a3db456481ea3520b2dd698b3152fd4a07c21da4433d34a512,inventory_only,,,,False,,,NO
docs/audit/ux-2026-10-05/salesadmin/shots/orders.jpg,1cd44395dd7453ff5f23b1612677cf0082e292c838f2f106cb46c7af2428dd91,inventory_only,,,,False,,,NO
docs/audit/ux-2026-10-05/salesadmin/shots/price-approvals.jpg,a01d7db0e347d8ff88ebfae9e8b6898858433bee45eb7fdb6fddb402179981fa,inventory_only,,,,False,,,NO
docs/audit/ux-2026-10-05/salesadmin/shots/purchase-requisitions.jpg,13f9daec1102d318dc39f9a148e38e7988908de4dab3a91995d1bee31fc95696,inventory_only,,,,False,,,NO
docs/audit/ux-2026-10-05/salesadmin/shots/purchase-requisitions__pr-tab-all.jpg,63feade9e04a1ed2318c3103b6708fad09915eee5fdcf7a8ccdfc8f08e2a2a55,inventory_only,,,,False,,,NO
docs/audit/ux-2026-10-05/salesadmin/shots/purchase-requisitions__pr-tab-approved.jpg,8a9993aa9df785c7f9b21910da4ce0b25601344b966f3ffa603592fd18f1b6c2,inventory_only,,,,False,,,NO
docs/audit/ux-2026-10-05/salesadmin/shots/purchase-requisitions__pr-tab-converted.jpg,d6bab5eb8724d678bb3cf4dca580f46fbf8a27649fa076dae7bf1a5f507cbc04,inventory_only,,,,False,,,NO
docs/audit/ux-2026-10-05/salesadmin/shots/purchase-requisitions__pr-tab-draft.jpg,9d7dc8e7b8d1fc45d09dd06aa9ee2959cf8ba0a87b48545a6c43ec9720523256,inventory_only,,,,False,,,NO
docs/audit/ux-2026-10-05/salesadmin/shots/purchase-requisitions__pr-tab-pending_approval.jpg,eee996b501563332e3a97ff80bc7bd9e60aa5b9c97cd6f741f8393282dd7032d,inventory_only,,,,False,,,NO
docs/audit/ux-2026-10-05/salesadmin/shots/purchase-requisitions__pr-tab-rejected.jpg,e4e2cd1c4e598a1429f948affb888cb6a2d8f65a3ac62b85d428ef4d50c955f5,inventory_only,,,,False,,,NO
docs/audit/ux-2026-10-05/salesadmin/shots/return-policies.jpg,44941bd4dadf0ea5fbbe6f759ecd88413de1ecfa601588f8a85961be2629bb36,inventory_only,,,,False,,,NO
docs/audit/ux-2026-10-05/salesadmin/shots/returns.jpg,6bda923e57d74f9a525feb02ed883dae980c2694ad8b382ac1a22f755405e016,inventory_only,,,,False,,,NO
docs/audit/ux-2026-10-05/salesadmin/shots/rnd-handfeel.jpg,2621a5edb28727b1dfb5b4d21c94e5cba1a95dd3fcbb4a89a29d885c5bcd9895,inventory_only,,,,False,,,NO
docs/audit/ux-2026-10-05/salesadmin/shots/rnd-labdip.jpg,9e45d89323fa5c944b0fed1f86f6f20fbdd056e0adc95765f79ce16a3cb16b11,inventory_only,,,,False,,,NO
docs/audit/ux-2026-10-05/salesadmin/shots/rnd-proofing.jpg,6b753e2c650f5a72eb2892ace2c1d585ce873f5ac4d9920ad389c6668de0bce3,inventory_only,,,,False,,,NO
docs/audit/ux-2026-10-05/salesadmin/shots/rnd-samples.jpg,cfae28553937952771aed44858fe209d1598dcb88c6d90c1e2df2ca6cb36df95,inventory_only,,,,False,,,NO
docs/audit/ux-2026-10-05/salesadmin/shots/sales-admin-desk.jpg,7fac29a6b9472d45b259a3369095cac4921a9e97a2c66c38ae369f73ed00d57b,inventory_only,,,,False,,,NO
docs/audit/ux-2026-10-05/salesadmin/shots/sales.jpg,28e9529e9ca49c728e4473466625542d5928df20f26fbfe25c98a6ef4a21155c,inventory_only,,,,False,,,NO
docs/audit/ux-2026-10-05/salesadmin/shots/sample-orders.jpg,913d99886efe8ec48e18d93e886773a4c7c598711909181ccaa3046999bfd4ed,inventory_only,,,,False,,,NO
docs/audit/ux-2026-10-05/salesadmin/shots/settlements.jpg,62cd50e7aae5f07d0b143568a1edbda2c663b3f5c4e1e732976549f4c1f211fc,inventory_only,,,,False,,,NO
docs/audit/ux-2026-10-05/salesadmin/shots/settlements__stl-tab-all.jpg,6275856ea59757129145f0eb29b6b188d11f39a496c857805ac8e84039bab285,inventory_only,,,,False,,,NO
docs/audit/ux-2026-10-05/salesadmin/shots/settlements__stl-tab-draft.jpg,c1ee8d5c6e7c8a2fb54869e33e37192c94e6905e6054d41c807f87fe78602f80,inventory_only,,,,False,,,NO
docs/audit/ux-2026-10-05/salesadmin/shots/settlements__stl-tab-posted_to_gl.jpg,75da8549267b29e843081237b4d59a3be824634bf32451184be38ff7c5e5d4bc,inventory_only,,,,False,,,NO
docs/audit/ux-2026-10-05/salesadmin/shots/settlements__stl-tab-rejected.jpg,40ab700afa14508841176c3d95034a0918b035fb52f64982e89f4b6e4a583047,inventory_only,,,,False,,,NO
docs/audit/ux-2026-10-05/salesadmin/shots/settlements__stl-tab-submitted.jpg,538751464d31d4d2749996e9f55ec6e03eba83fd9eaed8e78c4679fa9d91ad75,inventory_only,,,,False,,,NO
docs/audit/ux-2026-10-05/salesadmin/shots/special-orders.jpg,7ca4b3c237af9c6a4d6abcff010219dee2f6f09c84db0160b5cf1b2ed3c8c2a7,inventory_only,,,,False,,,NO
docs/audit/ux-2026-10-05/salesadmin/shots/special-orders__status-tab-all.jpg,02bda5ba7eeee59ef02ddd10813df890f351e98207c0809e412c0f1f347c1f68,inventory_only,,,,False,,,NO
docs/audit/ux-2026-10-05/salesadmin/shots/special-orders__status-tab-confirmed.jpg,3f6d519252a4854638defb63f77c804bcdcee1af42cd251b2e9f1d91fddcc357,inventory_only,,,,False,,,NO
docs/audit/ux-2026-10-05/salesadmin/shots/special-orders__status-tab-done.jpg,444f002e82f13de36cf636a09d99a41b9db427f36685fc0ec44327b27090b392,inventory_only,,,,False,,,NO
docs/audit/ux-2026-10-05/salesadmin/shots/special-orders__status-tab-draft.jpg,86d54275c7a7fa675a30fd523f6a647da9f33b51d5ab0d1b5e7e3778193cbc53,inventory_only,,,,False,,,NO
docs/audit/ux-2026-10-05/salesadmin/shots/special-orders__status-tab-in_production.jpg,b122cea4c9a8f843f3ded798c61c6eea7856db7c361d8ab0bc34c65031238aea,inventory_only,,,,False,,,NO
docs/audit/ux-2026-10-05/salesadmin/shots/special-orders__status-tab-pending_approval.jpg,f63fcab63fcfe3c836740cb75371e9907dfc54df119a000c82092daa28642c98,inventory_only,,,,False,,,NO
docs/audit/ux-2026-10-05/salesadmin/shots/special-orders__status-tab-ready.jpg,fdcefd8349545eb11dd0dacf5e5a12de3235b4557a54d45d1d59e1d6b9c57221,inventory_only,,,,False,,,NO
docs/audit/ux-2026-10-05/salesadmin/shots/special-orders__status-tab-shipped.jpg,6e9a7812838f3c9dc26a6b960ece5ce59e11193c43a4c679075495800d6a3cc2,inventory_only,,,,False,,,NO
docs/audit/ux-2026-10-05/salesadmin/shots/tanya-kn.jpg,7b74d3f1e7ec940c9f40e82e3e32dca93c5e7e524e52cbaa815ada753e35350c,inventory_only,,,,False,,,NO
docs/audit/ux-2026-10-05/salesadmin/shots/tanya-kn__tanya-tab-cost.jpg,d1212d0467ba73870731858fbd13b1b73c1d6ba2fa20a731e4edf7fd8964dba2,inventory_only,,,,False,,,NO
docs/audit/ux-2026-10-05/salesadmin/shots/tanya-kn__tanya-tab-history.jpg,aa2e62448b0417c23448cc771730a2b19cc3d050e8282aabe33824b597b2cd45,inventory_only,,,,False,,,NO
docs/audit/ux-2026-10-05/salesadmin/shots/tanya-kn__tanya-tab-insights.jpg,d457c68d3b925843540f6a6ce3e0c5201585bde957fdefd305d5a3676846094e,inventory_only,,,,False,,,NO
docs/audit/ux-2026-10-05/salesadmin/shots/tanya-kn__tanya-tab-reports.jpg,9d56cc0d0480b109a651a16917c1a277c3d03598d852bee79c81d1f887f9ef89,inventory_only,,,,False,,,NO
docs/audit/ux-2026-10-05/salesadmin/shots/tanya-kn__tanya-tab-schedules.jpg,17aae2e0db5259ce15ab6d184e2458a32538413f2cbe7b6089400a45f060ed8f,inventory_only,,,,False,,,NO
docs/audit/ux-2026-10-05/salesadmin/shots/vehicle-logs.jpg,920df0e932cc49798cf214bb126794731df7a97378d313d3350ba45f0842bcff,inventory_only,,,,False,,,NO
docs/audit/ux-2026-10-05/salesadmin/shots/vehicle-logs__veh-tab-logs.jpg,7c74fce3e8b300602a864e6802195cd02c8f7081b0c610c8b43cab55bdfe40af,inventory_only,,,,False,,,NO
docs/audit/ux-2026-10-05/salesadmin/shots/vehicle-logs__veh-tab-recap.jpg,78033cbb60a0a01698bcf7429956c003151db749f160826aca842f087e992ccd,inventory_only,,,,False,,,NO
docs/audit/ux-2026-10-05/salesadmin/shots/vehicle-logs__veh-tab-vehicles.jpg,20f309160f686cb3f9845bc623619bdc9c41ad25a197d8ce7e5d114461c7a67a,inventory_only,,,,False,,,NO
docs/audit/ux-2026-10-05/verify/inputs.json,24ad552a7bcf035afb6a89fae320bfd52779703049d45fc9231e3a98055059cd,inventory_only,136,,,False,,,NO
docs/audit/ux-2026-10-05/verify/po_tab_Menunggu.jpg,f9f8b01e3073078f7a972c98d63ebf0ccd468c26974b3717e2382564df93082b,inventory_only,,,,False,,,NO
docs/audit/ux-2026-10-05/verify/po_tab_Selesai.jpg,f5741f8b7f6b4d4bd191e1a1a236b9a413dc7d057da3d3d75c75956798cb29da,inventory_only,,,,False,,,NO
docs/audit/ux-2026-10-05/verify/sales_orders.jpg,d8dfa54b7a46bd95bd615dc58988191430d2896ddc34e5d6ad49369438917a82,inventory_only,,,,False,,,NO
docs/audit/ux-2026-10-05/verify/sales_special-orders.jpg,89f0997b473361bc057a905b308ae9145a11037dd85228399ae666fd8a116207,inventory_only,,,,False,,,NO
docs/audit/ux-2026-10-05/verify/selects.json,96a5694ecb2bd4942d27dab121fdfd2fc363fe7fc9d99d34d3355ec6d4410885,inventory_only,1370,,,False,,,NO
docs/audit/ux-2026-10-05/verify/verify.json,b307cd0dbc90a9dc82e65be3eb831919c13f97ad667c2b36193fa2ea107ac91f,inventory_only,83,,,False,,,NO
docs/audit/ux-2026-10-05/verify/verify_design-requests_Revisi_ge_1.jpg,95463b30f79d9e6fd572439bb7155c43bf97ee063a197503943c772d7b8449e6,inventory_only,,,,False,,,NO
docs/audit/ux-2026-10-05/verify/verify_operations_Bandung.jpg,88969fca3bd7389d09425864354fb3ec4021b9d9a06bd0e6b9188a55a880068e,inventory_only,,,,False,,,NO
docs/audit/ux-2026-10-05/verify/verify_operations_Jakarta.jpg,5875fc1bda84789ae8fd5600048d4a3676b46b51e699aebca308fd5047468129,inventory_only,,,,False,,,NO
docs/audit/ux-2026-10-05/verify/verify_returns_Barang_Sisa_(BS).jpg,d6f3209fc4e177da25ff40f8e1e9f4b9a8afbf0a81bb68c799b378d2ba2ef717,inventory_only,,,,False,,,NO
docs/audit/ux-2026-10-05/verify/verify_returns_Retur.jpg,3cc117158650ea8ce3a355a7aef9d0846da8fa480cc6079ed1101fa7b346b8f2,inventory_only,,,,False,,,NO
docs/audit/ux-2026-10-05/verify/verify_rnd-samples_Handfeel.jpg,f6ac48e4ea85bdbaeea729a5b35011ac3cac86e421f739c8d6b16151a8931ace,inventory_only,,,,False,,,NO
docs/audit/ux-2026-10-05/verify/verify_rnd-samples_Labdip.jpg,90c50952431c054e1da86a33f0efffa0ff9d496748d86fc8bfdffe9c90fe1b4c,inventory_only,,,,False,,,NO
docs/audit/ux-2026-10-05/verify/verify_sales_B.jpg,3d55fdc70673e80617eb9068ce9626f931caa57a7dd31c0861e73b68f85c86ad,inventory_only,,,,False,,,NO
docs/audit/ux-2026-10-05/verify/verify_sales_Batik.jpg,af05bfa87accca01051023e2edc4f80bcd41bf7634fb2e10ff95e14ab36895ff,inventory_only,,,,False,,,NO
docs/audit/ux-2026-10-05/warehouse/crawl.json,f57d861a0a074c4cddadb32ecfc6356194e3da2c34af3ee6c87ee6eeb4bb9e39,inventory_only,1,,,False,,,NO
docs/audit/ux-2026-10-05/warehouse/findings.json,efc0eda8bd077c05a4e413be6fa6048c267d9cf7672b69440426a3dcb8e76550,inventory_only,1491,,,False,,,NO
docs/audit/ux-2026-10-05/warehouse/menu.json,f9df337f0bd6057fe1577e500bb374523b0764c5948f612f6b4ca68ef9d7d667,inventory_only,158,,,False,,,NO
docs/audit/ux-2026-10-05/warehouse/shots/contra-bons.jpg,da12f061199e94b4ddc16d0319f0e28b9f1cc5422456172a153ff804856b323b,inventory_only,,,,False,,,NO
docs/audit/ux-2026-10-05/warehouse/shots/contra-bons__cb-tab-list.jpg,a0bbc66c89e1089b276c67192d196bae65d8627b77683ece7b48a0637e495e79,inventory_only,,,,False,,,NO
docs/audit/ux-2026-10-05/warehouse/shots/contra-bons__cb-tab-schedules.jpg,84182ba18d7c4de0bb124634bd5d6006a2b0c67eb3ffe2dc4d85936193ee1e92,inventory_only,,,,False,,,NO
docs/audit/ux-2026-10-05/warehouse/shots/contra-bons__cb-tab-unbilled.jpg,f6395facaf953a8b1db382ac17c3c3c75ce255e0b7205aadeebfbb13778721f6,inventory_only,,,,False,,,NO
docs/audit/ux-2026-10-05/warehouse/shots/cs-rfid-gate.jpg,a82178daeeba6eacfa014908c0093dcfb9b36402442d82e16cf216165e10d566,inventory_only,,,,False,,,NO
docs/audit/ux-2026-10-05/warehouse/shots/cs-rfid-gate__gate-tab-monitor.jpg,597aa433da41cd16b124751bb9dafda4f2b0a112ea00d44af90d6d3c09525012,inventory_only,,,,False,,,NO
docs/audit/ux-2026-10-05/warehouse/shots/cs-rfid-gate__gate-tab-security.jpg,0a0463875ea5cd63d5ab092d558e58d7a97b0837b930a608fff13f6b01f9df4a,inventory_only,,,,False,,,NO
docs/audit/ux-2026-10-05/warehouse/shots/cs-rfid-lokasi.jpg,64514ac2c31812b8f01b5451b263ab72d98c292ec870b7c426622e05163199b8,inventory_only,,,,False,,,NO
docs/audit/ux-2026-10-05/warehouse/shots/cs-rfid-lokasi__loc-tab-cc.jpg,a6bf40140f3ef3cba814efc935b3dbf7d57b16d23720d6575f2c90538091e5b4,inventory_only,,,,False,,,NO
docs/audit/ux-2026-10-05/warehouse/shots/cs-rfid-lokasi__loc-tab-lokasi.jpg,2ec523d3c68b6782094228c3be2801910f9dd8b15fe416c1429d214700cb6e56,inventory_only,,,,False,,,NO
docs/audit/ux-2026-10-05/warehouse/shots/cs-rfid-tags.jpg,3f9f736c840c1a997e352022236a1849fc00276196217ff24b44339850e14a1b,inventory_only,,,,False,,,NO
docs/audit/ux-2026-10-05/warehouse/shots/cs-rfid-tags__rfid-tab-print.jpg,6ddde480679ddd12987ea6dd1f1082c4fea64153814f4afc733152856135d40b,inventory_only,,,,False,,,NO
docs/audit/ux-2026-10-05/warehouse/shots/cs-rfid-tags__rfid-tab-tags.jpg,16d02f843ff58fba6ba3b7f5fb641c4f944bbcc30b6aa44ae637a22ec003c8dc,inventory_only,,,,False,,,NO
docs/audit/ux-2026-10-05/warehouse/shots/cs-rfid-tags__rfid-tab-untagged.jpg,708fef93256f0a9435bc2dd78ec481943d0ae91e2fe43a58133c0e3b8da2ff71,inventory_only,,,,False,,,NO
docs/audit/ux-2026-10-05/warehouse/shots/doc-trace.jpg,c4ffd267803879f7c18b343dada9c97f3cc8824832abff3f077c68161985eb3a,inventory_only,,,,False,,,NO
docs/audit/ux-2026-10-05/warehouse/shots/document-center.jpg,c0e8fd936788c1e6985036c3ac5f414d024945e554e16d896ebe736806d5e4aa,inventory_only,,,,False,,,NO
docs/audit/ux-2026-10-05/warehouse/shots/documents.jpg,bb057e689320cca392dfb5b378f7ac98d5b3c096cf668dfef403eb2ecf1e5000,inventory_only,,,,False,,,NO
docs/audit/ux-2026-10-05/warehouse/shots/escalations.jpg,f17d78ed48cee4bf75d9efee1b289957407140685c4dd3f2fd1af0982eedd65c,inventory_only,,,,False,,,NO
docs/audit/ux-2026-10-05/warehouse/shots/goods-receipts.jpg,972274fd1e4709b057539f205aa73c1c52c15848bcadad9f4bd19dc60a9ce1c7,inventory_only,,,,False,,,NO
docs/audit/ux-2026-10-05/warehouse/shots/goods-receipts__grn-view-tab-list.jpg,37af325a787e3e9c33e11ef78ab0d8d608099f76be8a759324e4307b40de69fe,inventory_only,,,,False,,,NO
docs/audit/ux-2026-10-05/warehouse/shots/goods-receipts__grn-view-tab-variance.jpg,e3dbe14e0711a83b911c4f186ba7a981d9081bee221ef4fc885052314e6579dd,inventory_only,,,,False,,,NO
docs/audit/ux-2026-10-05/warehouse/shots/hr-my-profile.jpg,77514630cbba38539c90ac43afb450721bde61c9206cecb40ab88c11531b4a23,inventory_only,,,,False,,,NO
docs/audit/ux-2026-10-05/warehouse/shots/inspections.jpg,8996bd32f6c1d0dd023cf31fe3550f935165272f87c234184fd1fcf15dae8519,inventory_only,,,,False,,,NO
docs/audit/ux-2026-10-05/warehouse/shots/interco-transactions.jpg,4e5d731c42a2ae9ba32f520ba6fc14c563a9f1409f5a14052fb00bb962d5cfb9,inventory_only,,,,False,,,NO
docs/audit/ux-2026-10-05/warehouse/shots/interco-transactions__interco-tab-returns.jpg,f938e433c6d93cfd9e3a905c0d07aa383b1e03552e2f71c8c56940f7df6b2c71,inventory_only,,,,False,,,NO
docs/audit/ux-2026-10-05/warehouse/shots/interco-transactions__interco-tab-transactions.jpg,a5fcb722914f447e5a40781c45af203d1217bee5d84bcd7c04720a7a3b5b5978,inventory_only,,,,False,,,NO
docs/audit/ux-2026-10-05/warehouse/shots/interco-transfers.jpg,127b749377ad61946ca25dc43eecc037455a767e332e1aa01f9c8eb1a0f6e359,inventory_only,,,,False,,,NO
docs/audit/ux-2026-10-05/warehouse/shots/inventory-board.jpg,5fe7adca988306ea24530f6a0de3ad56d26d1a1372715d36d6d7b3149aebb5da,inventory_only,,,,False,,,NO
docs/audit/ux-2026-10-05/warehouse/shots/inventory-lots.jpg,726726540a168cb0d1f5af3db034f6d00b2d7a85495b873209902d739d7d59fb,inventory_only,,,,False,,,NO
docs/audit/ux-2026-10-05/warehouse/shots/logistics.jpg,8b9e60b21fb228701ed26fae857d3d555e2a233f9f513810f2e7ad86f877621f,inventory_only,,,,False,,,NO
docs/audit/ux-2026-10-05/warehouse/shots/logistics__logistics-tab-dashboard.jpg,45cdcdf4291a628bcf3ecc5c704a31ae7117753158bc345671fcb061b4f9f392,inventory_only,,,,False,,,NO
docs/audit/ux-2026-10-05/warehouse/shots/logistics__logistics-tab-fleet.jpg,b044055a15ce179f175a3a8f4801d7b5dd99d6092a490003c0b024666a089c73,inventory_only,,,,False,,,NO
docs/audit/ux-2026-10-05/warehouse/shots/logistics__logistics-tab-history.jpg,0427a96d84517cf984c359d2075fd08a44ba62b1f348e63012b576d80b2deebf,inventory_only,,,,False,,,NO
docs/audit/ux-2026-10-05/warehouse/shots/logistics__logistics-tab-list.jpg,d8b2ae5cc629a5011d882ee7da508c5e2fd132b263332fc676385eee264af85a,inventory_only,,,,False,,,NO
docs/audit/ux-2026-10-05/warehouse/shots/md-warehouses.jpg,24945be37f6d4770cdb6cd0f8186ddf0661163ff341bc9f5166a694125057291,inventory_only,,,,False,,,NO
docs/audit/ux-2026-10-05/warehouse/shots/my-desk.jpg,642e43702bdb251e24b66f4e2b3859464d747a035896b422c7ef8004ace56a4c,inventory_only,,,,False,,,NO
docs/audit/ux-2026-10-05/warehouse/shots/operations.jpg,ef0cc65d14ed603f4211e323cef7df3ccbb82ff6e946ec06666f12893430699c,inventory_only,,,,False,,,NO
docs/audit/ux-2026-10-05/warehouse/shots/operations__wms-tab-inbound.jpg,f850bb09b8cf6b2bc1f9b9828b67f6dcd65fabd4007e98c8375ebb335876bf33,inventory_only,,,,False,,,NO
docs/audit/ux-2026-10-05/warehouse/shots/operations__wms-tab-stok.jpg,b5240550727872fa6e3b506b8a4b852c04266ff2d01864b3ae9cf2ceda070ea6,inventory_only,,,,False,,,NO
docs/audit/ux-2026-10-05/warehouse/shots/production.jpg,e131aae98823829fa53a09670dcf806f531bb7aab12baf6d55e07b146a2cba8a,inventory_only,,,,False,,,NO
docs/audit/ux-2026-10-05/warehouse/shots/production__prod-tab-bom.jpg,91582c98e46ce1026825fd56830c036e62b1c9699238899978aedfa137be7553,inventory_only,,,,False,,,NO
docs/audit/ux-2026-10-05/warehouse/shots/production__prod-tab-wo.jpg,c6b2f5220829f9271e84fec99d114cca6656d6cc446df3828779162ab32dbdcb,inventory_only,,,,False,,,NO
docs/audit/ux-2026-10-05/warehouse/shots/purchase-requisitions.jpg,5a1fe2fc089e584f3445a47b680ffd838bf2d12a9c6322c7f59cf1b09f242737,inventory_only,,,,False,,,NO
docs/audit/ux-2026-10-05/warehouse/shots/purchase-requisitions__pr-tab-all.jpg,285d00b4e7aeb4be9cbb019ef5e1c73b29d2d3f5660e18521bf3ccbde483fa3c,inventory_only,,,,False,,,NO
docs/audit/ux-2026-10-05/warehouse/shots/purchase-requisitions__pr-tab-approved.jpg,21dfbb689da0eee031d1880c050336157bbff0e8cd5bf14eaf2b73a22bc2f23a,inventory_only,,,,False,,,NO
docs/audit/ux-2026-10-05/warehouse/shots/purchase-requisitions__pr-tab-converted.jpg,015ce0e9742d935f7352d057a2248dcad6e2970f952d248353f443598eeabdd5,inventory_only,,,,False,,,NO
docs/audit/ux-2026-10-05/warehouse/shots/purchase-requisitions__pr-tab-draft.jpg,1cf6629ae9ed82e9ecb02ff7f73838cebe11cccb131a744cc5695e2524de9696,inventory_only,,,,False,,,NO
docs/audit/ux-2026-10-05/warehouse/shots/purchase-requisitions__pr-tab-pending_approval.jpg,003cfa39039b3d9f5fa964839022dd48093696e5c9a680a96e47e833662b0694,inventory_only,,,,False,,,NO
docs/audit/ux-2026-10-05/warehouse/shots/purchase-requisitions__pr-tab-rejected.jpg,2df4769d3a9fcbdc548700b3a80ec1237c10ab8558b3799145674a73da9c8510,inventory_only,,,,False,,,NO
docs/audit/ux-2026-10-05/warehouse/shots/purchase-returns.jpg,535b4df37632cc0e150a2800fe6f31cf5eb0843540c913a72e9a6070cda00bcf,inventory_only,,,,False,,,NO
docs/audit/ux-2026-10-05/warehouse/shots/purchase-returns__pret-tab-all.jpg,183b8559e8d59f6c6cbc25f570272dbaa207cc3009cf983f62874e129f01d6e2,inventory_only,,,,False,,,NO
docs/audit/ux-2026-10-05/warehouse/shots/purchase-returns__pret-tab-approved.jpg,0fea9807478fd07150ced7ea1e4f06293c967b988f3981c144cc13babcd90392,inventory_only,,,,False,,,NO
docs/audit/ux-2026-10-05/warehouse/shots/purchase-returns__pret-tab-draft.jpg,c9cdbc28889a6962bc097fc66431ddc843b24ce121ee31bfc0b77753f2800c31,inventory_only,,,,False,,,NO
docs/audit/ux-2026-10-05/warehouse/shots/purchase-returns__pret-tab-pending_approval.jpg,7f153eaee4e71a70d38caaab20df8952f5ba774f3b91010ee27e7da9f8863e04,inventory_only,,,,False,,,NO
docs/audit/ux-2026-10-05/warehouse/shots/purchase-returns__pret-tab-rejected.jpg,2ee5f150162e90912e96a2c9772e15c8006979b6a5bc28b147e599c3eede4faa,inventory_only,,,,False,,,NO
docs/audit/ux-2026-10-05/warehouse/shots/qc-inspection.jpg,48c6cacfc944566927bbfc235d5c69baa0b998e3071188272311c6838ca8645e,inventory_only,,,,False,,,NO
docs/audit/ux-2026-10-05/warehouse/shots/rfq.jpg,91aa144d22bd4a92ec2587dd7df199c426efc5ec01e2bb56e1b7d4396a9914d0,inventory_only,,,,False,,,NO
docs/audit/ux-2026-10-05/warehouse/shots/rfq__rfq-tab-all.jpg,aa8fe65d381872f0e81e39dc07f3d5c1a25a87e29480a386af8df799e7a72fc8,inventory_only,,,,False,,,NO
docs/audit/ux-2026-10-05/warehouse/shots/rfq__rfq-tab-awarded.jpg,0b49eb2dcee119685beac984bac0bb7175eacf0fb35b16c20ca182b1f595c5ff,inventory_only,,,,False,,,NO
docs/audit/ux-2026-10-05/warehouse/shots/rfq__rfq-tab-cancelled.jpg,bb5d2b509d440b284260c6e145e033498ccaf1d1445c01d9e1db89befbc6b885,inventory_only,,,,False,,,NO
docs/audit/ux-2026-10-05/warehouse/shots/rfq__rfq-tab-draft.jpg,57adccab1a2f4c6c35c5399ef88dadcba0923de2b49d7e590dbf1f1be2661684,inventory_only,,,,False,,,NO
docs/audit/ux-2026-10-05/warehouse/shots/rfq__rfq-tab-open.jpg,e59ca3133f773f7273e3c08d33ff85482ac5797de8ad3686476cd57f510fbd98,inventory_only,,,,False,,,NO
docs/audit/ux-2026-10-05/warehouse/shots/rnd-handfeel.jpg,f72e3d0a947d01b09f3f0d9fc1c9af8d34ea2761b97aafeeb3d804e8379d575a,inventory_only,,,,False,,,NO
docs/audit/ux-2026-10-05/warehouse/shots/rnd-labdip.jpg,2e4c0ced79887ccb20fe53ca9c84b505ba27a93c0cb5b3b6f0e9bffa351439a7,inventory_only,,,,False,,,NO
docs/audit/ux-2026-10-05/warehouse/shots/rnd-proofing.jpg,610d8a8e6f640fa5f00f363ae8660a999eeae4dd06654ef38c61122aac09e354,inventory_only,,,,False,,,NO
docs/audit/ux-2026-10-05/warehouse/shots/rnd-samples.jpg,627895a2adfe14605039c7bf1a404a0696a284efa6a1863c100be3fd5c6d88e5,inventory_only,,,,False,,,NO
docs/audit/ux-2026-10-05/warehouse/shots/stock-buckets.jpg,61b0571450f846630c3943e8ad9925119ec4ebefaf6c5a3caa4ced24db5d4927,inventory_only,,,,False,,,NO
docs/audit/ux-2026-10-05/warehouse/shots/stock-buckets__sb-tab-board.jpg,d21ece71f1389fad8d27d01c56f853b783ed7cbbc025a0565483bd835077dbf0,inventory_only,,,,False,,,NO
docs/audit/ux-2026-10-05/warehouse/shots/stock-buckets__sb-tab-holds.jpg,4c1860728dfee404cb16993199444b48da6ab5e8b6d31810c5514e06ade1a2b5,inventory_only,,,,False,,,NO
docs/audit/ux-2026-10-05/warehouse/shots/stock-buckets__sb-tab-pending.jpg,6c36c7baafbe5ca312e5e0246f1a8611c162e69e587716e0f3ed7b7bac5934bb,inventory_only,,,,False,,,NO
docs/audit/ux-2026-10-05/warehouse/shots/stock-buckets__sb-tab-wip.jpg,499a9c2cf57a354af948f9ec43ca2e422630c16c5639b83a653defe2bbb143a2,inventory_only,,,,False,,,NO
docs/audit/ux-2026-10-05/warehouse/shots/vehicle-logs.jpg,4f1752ab82db35f944d54ba67fb1c5225fe49c16b6ff988460da12568eb87150,inventory_only,,,,False,,,NO
docs/audit/ux-2026-10-05/warehouse/shots/vehicle-logs__veh-tab-logs.jpg,535847019589b9fdebe54cd64d8b0892e24d62d5583240da8a03e63ccf95d3ac,inventory_only,,,,False,,,NO
docs/audit/ux-2026-10-05/warehouse/shots/vehicle-logs__veh-tab-recap.jpg,dcee374ca495c8551b82121ccc5de7e6484c2bed0e2fef335ff422f4911ddb82,inventory_only,,,,False,,,NO
docs/audit/ux-2026-10-05/warehouse/shots/vehicle-logs__veh-tab-vehicles.jpg,d55aad028506d99a7a3d7e72205454446616a9a0a91e7b1b884ed9142a608e8d,inventory_only,,,,False,,,NO
docs/audit/ux-2026-10-05/warehouse/shots/wms-locations.jpg,4f09503bc426576059ae5ce78aa91337d3eb9e1dbb4fad0436f07c4093906980,inventory_only,,,,False,,,NO
docs/audit/ux-2026-10-05/warehouse/shots/wms-locations__lp-tab-cuts.jpg,4f15fc84f511cc8d3d5c5278fea5d36433b7c7aa5ef010ac3e8fe3299156e232,inventory_only,,,,False,,,NO
docs/audit/ux-2026-10-05/warehouse/shots/wms-locations__lp-tab-pa.jpg,e0ad7b2762bc36dc78a6ad1b2018d63eb989bb1fe0c3ab0d4d652fc4c041b27e,inventory_only,,,,False,,,NO
docs/audit/ux-2026-10-05/warehouse/shots/wms-locations__lp-tab-putaway.jpg,78ad19b1ea2fbb35f368beed65ae7e1ce72c3ad8a2a1c7ee0669fe4c8cef1ee4,inventory_only,,,,False,,,NO
docs/audit/ux-2026-10-05/warehouse/shots/wms-locations__lp-tab-structure.jpg,d48396c569ff57b9c2de7f345cf41c1e098f54588dc144b31d2d1ce4583d85ef,inventory_only,,,,False,,,NO
docs/audit/wave-2/.gitignore,93d5ce513f400c148e253a9406be07846c754ad1cf4f805a0df29cf0d8560e88,inventory_only,,,,False,,,NO
docs/audit/wave-2/FINDINGS_INDEX.md,9c10b5dce5538787b6b864ba8d097832ebef1aa378755b6babf457be63258643,inventory_only,,,,False,,,NO
docs/audit/wave-2/PROMPT_MULAI.md,f4538882321d582e3891b5a010fa227bc40eb5b87996d6085ca1b5ba4cbfced0,inventory_only,,,,False,,,NO
docs/audit/wave-2/PROMPT_VALIDASI.md,427b756e45455d9b5c3f69109d5a7c1a172f9f977bf2928cf5695bed8c7c5760,inventory_only,,,,False,,,NO
docs/audit/wave-2/README.md,b8122fded7a620bbcbd926493828e509b8e5782961a749bd1243201e13e24bc1,inventory_only,,,,False,,,NO
docs/audit/wave-2/TEST_PLAN.md,e70d90047487d96908f6b90c66417c775d17828fe9dbfbf3a8f28da33c932204,inventory_only,,,,False,,,NO
docs/audit/wave-2/UAT.md,ed6a323fcf46be6d6b50b07eae111a927b76afc0baf96405f54894c48ba8c969,inventory_only,,,,False,,,NO
docs/audit/wave-2/WAVE1_COORDINATION.md,7bdd7a8bbc5469fa9de615dec5cb3dbc6376a357c01851af069a28fbc4aa6da3,inventory_only,,,,False,,,NO
docs/audit/wave-2/WORKFLOW.md,2e3c7d0dc30122b2fbd1be9c064c1ec051c0981323ededc2a9e4e7a98e12a98c,inventory_only,,,,False,,,NO
docs/audit/wave-2/baseline-manifest.json,184169f1b0103abac7f8d23c2a8ea6a0291633eeda14739e041737bb4ca704e5,inventory_only,96,,,False,,,NO
docs/audit/wave-2/baseline/01_TEMUAN_MAKLOON.md,3ba51c540f8579f091f6562d232d588643dcc8d08c3f95528662d93ad14d4a25,inventory_only,,,,False,,,NO
docs/audit/wave-2/baseline/02_PROMPT_PERBAIKAN.md,09c7f1ccc8365719706b2be65319d1e074b437fcc79e90450aa03f0685a566e4,inventory_only,,,,False,,,NO
docs/audit/wave-2/baseline/03_CAKUPAN.md,1a02f962bc1a804c8f73b4805078c9e34f92ae45407420a33465343568ee1a53,inventory_only,,,,False,,,NO
docs/audit/wave-2/baseline/04_TEMUAN_KLAIM_DAN_PEMBAYARAN.md,eb048d503a0312082b26e16496974100b6de03b2b9929495cad498da568cf7c0,inventory_only,,,,False,,,NO
docs/audit/wave-2/baseline/05_PROMPT_KLAIM_DAN_PEMBAYARAN.md,8b7dc797818763f8224fa21773c171311dd3871110f375a35f601a85d2cd84f0,inventory_only,,,,False,,,NO
docs/audit/wave-2/baseline/06_TEMUAN_CYCLE_COUNT.md,06ce0ab2fc4ff56bd2b448d7180bf330ea1721b244d663149cba1c1c64898659,inventory_only,,,,False,,,NO
docs/audit/wave-2/baseline/07_PROMPT_CYCLE_COUNT.md,7887213ec790420379218c27fbc5a056ea51077d54000935303ddf202884140d,inventory_only,,,,False,,,NO
docs/audit/wave-2/baseline/08_TEMUAN_TRANSFER_STOK.md,64dbb8c4bfe3b7aa4203a7d35bec90601b9ee452714733ac7507fb2be6a2902d,inventory_only,,,,False,,,NO
docs/audit/wave-2/baseline/09_PROMPT_TRANSFER_STOK.md,d6d6553f8174fa37468a54afd08f33889a87dfa3398c2e9ed69aa489ceffd895,inventory_only,,,,False,,,NO
docs/audit/wave-2/baseline/10_TEMUAN_RFID_GATE_DAN_INSIDEN.md,e2b77527aa103f978d8e8f645560757c9e4a424da189ca83174c90f71887ae3c,inventory_only,,,,False,,,NO
docs/audit/wave-2/baseline/11_PROMPT_RFID_GATE_DAN_INSIDEN.md,5a0d298765267818050947c3360248906927af62412c3a650adef432361e5dab,inventory_only,,,,False,,,NO
docs/audit/wave-2/baseline/12_VALIDASI_ULANG_W2_05.md,6b5bdcaff6cd37531f1a1dcae0cb885530dd9a048097d8bad992711382ef561f,inventory_only,,,,False,,,NO
docs/audit/wave-2/baseline/13_UJI_WMS_UOM.md,06d27781fdf50a0fa64f899f232467ad150c595615d3c910b27fdcd681cc9955,inventory_only,,,,False,,,NO
docs/audit/wave-2/baseline/14_UJI_GRN_PARSIAL_KAPASITAS_RECOVERY.md,6ecee36b17de2d1f9d8e2172549a5115410bfdd5b5c57ce697bb7befca4a066c,inventory_only,,,,False,,,NO
docs/audit/wave-2/baseline/15_PROMPT_GRN_KAPASITAS_RECOVERY.md,a60abaa471938c1009569c97f62bf649183286bae852c915554c43c04f609320,inventory_only,,,,False,,,NO
docs/audit/wave-2/baseline/16_AUDIT_LINTAS_FLOW_QC_SALES_STOK_AR.md,0f4bd36fbfb6a313361977df6889d5e63849f24e2b485210858cdf3678f23202,inventory_only,,,,False,,,NO
docs/audit/wave-2/baseline/17_PROMPT_LINTAS_FLOW.md,ff0c16c476dcf0e7fda86ae03e2b930b565bbbb987a21c22dfebeb5a848240b1,inventory_only,,,,False,,,NO
docs/audit/wave-2/baseline/18_MATRIKS_FLOW_KRITIS.md,471b458437a030cde3db69000cbc2d4c4c250cdb79f6bbe7c2593499fbe3bf36,inventory_only,,,,False,,,NO
docs/audit/wave-2/baseline/19_AUDIT_REFUND_ADVANCE_MULTI_PO_GL.md,6706db27768cef8c75c41294e96f9462d9f94097074c1a8c2d543840c1342b53,inventory_only,,,,False,,,NO
docs/audit/wave-2/baseline/20_PROMPT_REFUND_LAPORAN_DAN_PENDALAMAN.md,cb9479d3afdbe34cb705bc2f674df3f396dae2dc8f08968c1dbfd693ba4e93a6,inventory_only,,,,False,,,NO
docs/audit/wave-2/baseline/21_AUDIT_PRODUKSI_PAYROLL_BANK.md,586fe733b0140e9ee91da380a7dfbd498f7dd90e457627996dd0de8693e24c86,inventory_only,,,,False,,,NO
docs/audit/wave-2/baseline/22_PROMPT_PRODUKSI_PAYROLL_BANK.md,f0ccc60fd5fa918dfc3553236752a95a2fb817d17139775544838ea5ebbaa0d7,inventory_only,,,,False,,,NO
docs/audit/wave-2/baseline/23_AUDIT_RECOVERY_DAN_KAPASITAS_PRODUKSI.md,6ad5fc767ce39523b5a91d4cafe84e472657ebbbec34328fcbe10939939e7598,inventory_only,,,,False,,,NO
docs/audit/wave-2/baseline/24_PROMPT_RECOVERY_PRODUKSI.md,d0541f0c8bdcf9ec3ba0d8316554e93aa3a60a645c0ccded7dc78b3cf93d1ca9,inventory_only,,,,False,,,NO
docs/audit/wave-2/baseline/25_MEMO_JAWABAN_KEBUTUHAN_KLIEN.md,79a8f2c3d026c5d805b458158d200d9b574341a2c632a9df7cd8397b5b76697c,inventory_only,,,,False,,,NO
docs/audit/wave-2/baseline/26_TAMBAHAN_KLIEN_DAN_W2_025.md,ec6056a6a801a6e0931582c6237d3bc84c9e7a0b6f78a5fa3f75f0710252ac98,inventory_only,,,,False,,,NO
docs/audit/wave-2/baseline/27_PROMPT_TINDAK_LANJUT_KEBUTUHAN_KLIEN.md,ef28df716f714170c7525b261893801cc15318ca17b1b961bff5123a2028750a,inventory_only,,,,False,,,NO
docs/audit/wave-2/baseline/README.md,c792d03ebb9fcd23629ba811d39198fe4eef721f7eb81c8c3dfcb1fc484b8ab7,inventory_only,,,,False,,,NO
docs/audit/wave-2/baseline/advance-results.json,f334fe4d884d006c036777632ffdb81255ac82962ff52c108a96ae47d9dcf0ed,inventory_only,145,,,False,,,NO
docs/audit/wave-2/baseline/ar-results.json,8ed6a7b2c9915a7a788ed084ec7b432afdd11b0931807a8680cc214a660736a3,inventory_only,504,,,False,,,NO
docs/audit/wave-2/baseline/bank-flow-results.json,e8c80a45aeb96304f92fad065492b8474559e165d6c2c869cd81a66e36e860f4,inventory_only,95,,,False,,,NO
docs/audit/wave-2/baseline/cash-refund-results.json,25f1a09a21ac4480cd50990da32f2a5290b95bf935804cb98353cc51b67ddb41,inventory_only,580,,,False,,,NO
docs/audit/wave-2/baseline/claim-payment-results.json,61ecaaf4002817ca49f2fcc0dff0bfc41d019920e38a77bb56f646f66bed124c,inventory_only,190,,,False,,,NO
docs/audit/wave-2/baseline/client-requirements-probes.json,496af7f41b7ea5f409adb4cdae9a3254e2cf20c84a0a30fd520c97d83ec25d8f,inventory_only,57,,,False,,,NO
docs/audit/wave-2/baseline/client-requirements-tracker.json,f872d22d4fe9eac17059e7457746781d1c1d27a7ced642c08d4a8bf400dc07e3,inventory_only,137,,,False,,,NO
docs/audit/wave-2/baseline/count-results.json,d5a6cfdda64d68074bc052f96f2d75330aa07bec9c965d08112e6d509e72f8f4,inventory_only,102,,,False,,,NO
docs/audit/wave-2/baseline/coverage-summary.json,90666bf6f5a88263118d9a10892d4d40926e8f2bf3555277a4d037e6235cc08e,inventory_only,42,,,False,,,NO
docs/audit/wave-2/baseline/gl-capacity-results.json,2fdf3e4f6b2f5853abb40a4ba953bff33a37f459000711ac3c6efcfe51702e54,inventory_only,76,,,False,,,NO
docs/audit/wave-2/baseline/gl-close-results.json,bb493c275dcb5d1a1c30b4ca1049e96096fe26f1acd38ddd20e341d0ad290195,inventory_only,127,,,False,,,NO
docs/audit/wave-2/baseline/grn-capacity-results.json,fcd716d99a24477dd1c7115aa39984c8c616ef81ae6c77fe2a9ff1750bf549e0,inventory_only,66,,,False,,,NO
docs/audit/wave-2/baseline/grn-partial-results.json,d4dffad1dec3ea52f9eb1ca0379c8489a53f34a3d348ef84e1db3d1f696a6118,inventory_only,180,,,False,,,NO
docs/audit/wave-2/baseline/grn-recovery-results.json,c030462e0fec6ee7f4c1213c6bf19acbce67e2643338b7e5cb4c5d5f7b57d5c4,inventory_only,76,,,False,,,NO
docs/audit/wave-2/baseline/makloon-results.json,1a9bf6c1fceef1a720c150f50281991e79a188a0409cd39bf3a60e2c26816be9,inventory_only,129,,,False,,,NO
docs/audit/wave-2/baseline/multi-po-results.json,1529cf0278ec1ef3933220f85ac223094187c5cef989cabdad38e7f0d4d19a2b,inventory_only,153,,,False,,,NO
docs/audit/wave-2/baseline/payroll-flow-results.json,009e60d0954d525bf2dc9e7ac14c5387e0d6b7eb407c9ba8122d8eb6b6071b61,inventory_only,142,,,False,,,NO
docs/audit/wave-2/baseline/production-capacity-results.json,89b8dbb530a0d257caa4ab489e31efabbfd254a3a6363df89fdf27386aa64dbb,inventory_only,72,,,False,,,NO
docs/audit/wave-2/baseline/production-flow-results.json,ffdf3dae62bce3a5c3ed64eea4c86f2e411dce64aaa9dca1f0973eec99bc0a5f,inventory_only,150,,,False,,,NO
docs/audit/wave-2/baseline/production-recovery-results.json,3977213e32fa5f12ef7d66bc327feaee03b8724ca33376b603b41088dcff6294,inventory_only,125,,,False,,,NO
docs/audit/wave-2/baseline/projection-results.json,fb720669cab781e1d2dc3fc5179512e78860504d95dd9816b963ca91c32e9a24,inventory_only,193,,,False,,,NO
docs/audit/wave-2/baseline/qc-flow-results.json,de6ffc2995a1c2c042b784405909867cbf24e717772ce7103eb88673830fe57e,inventory_only,255,,,False,,,NO
docs/audit/wave-2/baseline/repro/README.md,498e09a092507ea9aedee63702864fe9b7c6d44029b36cba0dcf73d5bb0f3845,inventory_only,,,,False,,,NO
docs/audit/wave-2/baseline/repro/client_requirements_probes.py,e55f5f61f3e8e238d9b64e1e115eb923559c7fba90ed6afce6a5d5ae4de34478,python_ast_syntax_structure,36,,,False,,,NO
docs/audit/wave-2/baseline/repro/historical-environment-dependencies.json,76e2bec7cdad1d4d1d2260eb88d1d1fb8a3b009a5f9be570bd500f561f5985f9,inventory_only,260,,,False,,,NO
docs/audit/wave-2/baseline/repro/validate_w2_rfid.py,b4f41783328581997b2cc6be605936556bdefb9cc986b6087541da89897e3f8a,python_ast_syntax_structure,166,,,False,,,NO
docs/audit/wave-2/baseline/repro/wave2_advance.py,50cdc02a5a26226ea4f6d2637c87948505ac890383f44af27528805988b57ebe,python_ast_syntax_structure,66,,,False,,,NO
docs/audit/wave-2/baseline/repro/wave2_ar.py,bfbb450255192415669b545f985426ecad93dbf7b2c308265ce1cee32618008c,python_ast_syntax_structure,139,,,False,,,NO
docs/audit/wave-2/baseline/repro/wave2_bank_flow.py,9fb29c22bedc5739b84c0e422085d3371f74075908104b5a8a500f9293313dd2,python_ast_syntax_structure,39,,,False,,,NO
docs/audit/wave-2/baseline/repro/wave2_cash_refund.py,615c67db162c77be0c2e0bfab948770598eebde514fd8a0414ba3d66555bb253,python_ast_syntax_structure,55,,,False,,,NO
docs/audit/wave-2/baseline/repro/wave2_claim_payment.py,835b7922e66b2490e13f08914c6062c273a617d845cd2d991b0934d08c042e20,python_ast_syntax_structure,125,,,False,,,NO
docs/audit/wave-2/baseline/repro/wave2_count.py,da8bfbd39a0219d6bf4fceb8f36672c6ff065547d658a68ff87b59662be56c76,python_ast_syntax_structure,96,,,False,,,NO
docs/audit/wave-2/baseline/repro/wave2_env.py,e59b9a4d6d08397fa2ac7ec77f47a6119698d5dac238c9f73d69a67d3c93ce03,python_ast_syntax_structure,33,,,False,,,NO
docs/audit/wave-2/baseline/repro/wave2_gl_capacity.py,6bb95055b25684d211899e9f85a450bee65e93bb475c6f2a6b66a2f9974d7775,python_ast_syntax_structure,35,,,False,,,NO
docs/audit/wave-2/baseline/repro/wave2_gl_close.py,a4540f18435dd5fd1df732df27abf46a6d2a857ec5a5519e312765e48859cf91,python_ast_syntax_structure,56,,,False,,,NO
docs/audit/wave-2/baseline/repro/wave2_grn_capacity.py,80e0618a64b8cc9df7ccf298bcdf633ee9c0d0c79b56e6b5a99a86505cea628e,python_ast_syntax_structure,33,,,False,,,NO
docs/audit/wave-2/baseline/repro/wave2_grn_partial.py,b4dc77a8069110cef6a1e31db153c2216633866300def7a9d3499d54eb27c7a6,python_ast_syntax_structure,99,,,False,,,NO
docs/audit/wave-2/baseline/repro/wave2_grn_recovery.py,bca27dd429869e65df77ae67fe948b863ea87561b18654979afefc05f3c3b4d0,python_ast_syntax_structure,54,,,False,,,NO
docs/audit/wave-2/baseline/repro/wave2_makloon.py,fe415baa3e66a82294e569c3e8b9d8203790640dcb5e24a43dff8153db2dfc25,python_ast_syntax_structure,79,,,False,,,NO
docs/audit/wave-2/baseline/repro/wave2_multi_po.py,b7d2bdb9353ff30e2110f2bd633c92cff1eb44e5501935a1368c78bf535932f3,python_ast_syntax_structure,47,,,False,,,NO
docs/audit/wave-2/baseline/repro/wave2_payroll_flow.py,ad02e91955e206e36f856e87da8a45853debc6162e1d4ae16632ac9974ebd562,python_ast_syntax_structure,50,,,False,,,NO
docs/audit/wave-2/baseline/repro/wave2_production_capacity.py,46fb2e7c88fca02f2cd64025517a4acfea6ccd88efa2b0c7e3d3592e2f8c6599,python_ast_syntax_structure,32,,,False,,,NO
docs/audit/wave-2/baseline/repro/wave2_production_flow.py,105919ad9f9e2ab146526338ab4ee24d36c4edaf6caca47cd5cc7457d215d013,python_ast_syntax_structure,62,,,False,,,NO
docs/audit/wave-2/baseline/repro/wave2_production_recovery.py,275c086085757ceebc3a06df67af6d56b110d41acfd62cbc1a4ccb12b0b498ba,python_ast_syntax_structure,59,,,False,,,NO
docs/audit/wave-2/baseline/repro/wave2_projection.py,6542ebf7f0b2c8ce67fe0a44b8bc08404dcabdaa57cd9df64e212d9b613766ef,python_ast_syntax_structure,58,,,False,,,NO
docs/audit/wave-2/baseline/repro/wave2_qc_flow.py,04a06af0af88b19977af6721865ec8e4f8aad87183dfd1247f45d50d0784b760,python_ast_syntax_structure,76,,,False,,,NO
docs/audit/wave-2/baseline/repro/wave2_rfid.py,cae62f7fc6feed3b0ac84064996fe8242b80ec950b5ef25371d8c125473255cf,python_ast_syntax_structure,290,,,False,,,NO
docs/audit/wave-2/baseline/repro/wave2_rnd_line_scope.py,47244159e2e9c5c07f5fac3e54f8f50220f5acd3b6c1bea166ebe983dce35576,python_ast_syntax_structure,27,,,False,,,NO
docs/audit/wave-2/baseline/repro/wave2_sales_flow.py,9bfe667994c8f142c1766841461ad2fe662ee509ae0aad2d5304f2835c099054,python_ast_syntax_structure,87,,,False,,,NO
docs/audit/wave-2/baseline/repro/wave2_transfer.py,56a321bf754c2c393923729cef3f650110b82b7e8e2d9d4ebf28a16c6c10c498,python_ast_syntax_structure,64,,,False,,,NO
docs/audit/wave-2/baseline/repro/wave2_wms_uom.py,b90172f5a6526f4f48783ab063693dac1ce4d379e800d7ab0bca94112ee193fb,python_ast_syntax_structure,51,,,False,,,NO
docs/audit/wave-2/baseline/rfid-results.json,c393965df61e91897efdb7945ebb1e96ba4ab61f61063d57d9ca564d13f6eea2,inventory_only,241,,,False,,,NO
docs/audit/wave-2/baseline/rnd-line-scope-results.json,2334d5e92312c7a834be4653c191148cd7c956ea86265197a1e1a42ab4eba77f,inventory_only,44,,,False,,,NO
docs/audit/wave-2/baseline/sales-flow-results.json,a65f95fdcb9161b3bf4105ec77818dfa1d27ec36b0666a005d1afde2ac2ed212,inventory_only,2654,,,False,,,NO
docs/audit/wave-2/baseline/tracker.json,00343acc6ccb2e085d25ccf428d5f5cc5eb07335d4bbbec45fd6a85834479c78,inventory_only,792,,,False,,,NO
docs/audit/wave-2/baseline/transfer-results.json,e445fe24c32ad36bbf030b562e9a8ecaeae8ad611990aaa2c9a83de1c75520b3,inventory_only,99,,,False,,,NO
docs/audit/wave-2/baseline/validation/AR-review/original-results.json,abc4e7d88d679fc61f498b375b3080b0a450169ac40c70d3874b8eec753fca3d,inventory_only,504,,,False,,,NO
docs/audit/wave-2/baseline/validation/W2-05-review/classification.json,6533e77c86ac5ab04322543ae253a481775bdc6cd7d54598c7c73a4b2a15d5e2,inventory_only,52,,,False,,,NO
docs/audit/wave-2/baseline/validation/W2-05-review/replay-original-results.json,36b0cc2d83e32adda0b186582db253f17c065206308c12f877ffcd538fa9844e,inventory_only,241,,,False,,,NO
docs/audit/wave-2/baseline/validation/W2-05-review/results.json,64632c3d2606679e640fa1f5b0f2e2697c1534dc9cc97d8a0dd62c1dbfd4a7f4,inventory_only,125,,,False,,,NO
docs/audit/wave-2/baseline/validation/sales-setup-history/README.md,f7c814818b7ee31c4dff362065bf20861908404ebd7a5bd2b498005fbad9fb43,inventory_only,,,,False,,,NO
docs/audit/wave-2/baseline/validation/sales-setup-history/incomplete-probe-not-counted.json,37d230af7197e5b650169f134080ebfec8fab1a0f87dc02202604508f0b46b49,inventory_only,852,,,False,,,NO
docs/audit/wave-2/baseline/wms-uom-results.json,a05cbe0009ea7120b445bf87bc3a0fb0061fc317bdcc256810456456cdf91d4f,inventory_only,130,,,False,,,NO
docs/audit/wave-2/findings/W2-001.md,6f776f52eda1ee87a836b49c5f5e498c7159e55d87bd4eb2919c13041ec12108,inventory_only,,,,False,,,NO
docs/audit/wave-2/findings/W2-002.md,f66da9a879ab1e763865811490881ed2c793e1680e08b21ec2533fa65ea572e8,inventory_only,,,,False,,,NO
docs/audit/wave-2/findings/W2-003.md,945148ad4fcdcc30e715ed6a7e6d4b65be9c61ab5f00e2be7e5b39b95652b5e2,inventory_only,,,,False,,,NO
docs/audit/wave-2/findings/W2-004.md,f59bc6ed1cf1f791ea1f30ab44bbe866824d7864087a496aac68c8b1c78ff1a7,inventory_only,,,,False,,,NO
docs/audit/wave-2/findings/W2-005.md,4c8824974adc3f3da9e3745a4b52c3f32920c0b4fa51cd476a1c07ebf0b0da71,inventory_only,,,,False,,,NO
docs/audit/wave-2/findings/W2-006.md,4966aa25b57e2306ce410466d8d2781febdcc024a7007afddd0e5f273f234012,inventory_only,,,,False,,,NO
docs/audit/wave-2/findings/W2-007.md,2f93dea3d9cbddccbafe787976b025d9c6a5cd495d9cebe19a65a04e94c7919b,inventory_only,,,,False,,,NO
docs/audit/wave-2/findings/W2-008.md,b6b53893256ec7fbe142a203d7994b3e1662309ae1c366b9d02908d24080df72,inventory_only,,,,False,,,NO
docs/audit/wave-2/findings/W2-009.md,d73fbee478703d94b595c519b9c039c7760f35a13c147018bbba20a534504e10,inventory_only,,,,False,,,NO
docs/audit/wave-2/findings/W2-010.md,7dd549fd9914d0126ee2491691615645125670bc9c6e610bff56c5dce92938a3,inventory_only,,,,False,,,NO
docs/audit/wave-2/findings/W2-011.md,75ecd5758474806f17e891c45ef72e4c3c5b5b588f739fba787c787fe4663509,inventory_only,,,,False,,,NO
docs/audit/wave-2/findings/W2-012.md,ad6d9bfaea063639f0d44e4d76d937340d8ebd625c02ba9e6ba390e379c8fbe0,inventory_only,,,,False,,,NO
docs/audit/wave-2/findings/W2-013.md,55aa7405d1a89d88192d11ca7dca577bdd64c8e47a138721912fa2e797447f29,inventory_only,,,,False,,,NO
docs/audit/wave-2/findings/W2-014.md,0166a1283258af4e2c28c5b0636195a03f77af53e8e5a52f68dc996ac141a5b9,inventory_only,,,,False,,,NO
docs/audit/wave-2/findings/W2-015.md,de5d86bc2a7baaa36b4dcbb9e056b3e5b73e69673c36d4710a01a00b9c58a077,inventory_only,,,,False,,,NO
docs/audit/wave-2/findings/W2-016.md,37d9b103d7a1fe067f6bce1eb95d6a48c528814006e171e36500f45b4a39c9f0,inventory_only,,,,False,,,NO
docs/audit/wave-2/findings/W2-017.md,b1250f44098c20f0b12a9de182fd96716951cc56a15fcbdfd25a730702c70540,inventory_only,,,,False,,,NO
docs/audit/wave-2/findings/W2-018.md,26b2737122a96e8bec122fec6dcedc6baadd550610915933fb11cc596e72780c,inventory_only,,,,False,,,NO
docs/audit/wave-2/findings/W2-019.md,c12ed60fad56b0c9688a6af9b4d7a59ea42d8eb7bc33e288c08bb2340beed929,inventory_only,,,,False,,,NO
docs/audit/wave-2/findings/W2-020.md,ef0989bcba919b9d82f042a85405c5db7ea35752fa70a6e80817cf846f806c90,inventory_only,,,,False,,,NO
docs/audit/wave-2/findings/W2-021.md,a3fcb263a683abe7f948e70a70663438471370e7d4685cc636de8901f99cc13d,inventory_only,,,,False,,,NO
docs/audit/wave-2/findings/W2-022.md,b8eaeec261eac5b2b8e8f0e2ede3f2013d0ed08540cd5c5085a80839522fa42f,inventory_only,,,,False,,,NO
docs/audit/wave-2/findings/W2-023.md,070cc4fb764b9c84265cb076897984699621073ce2d439c4483566e67d961168,inventory_only,,,,False,,,NO
docs/audit/wave-2/findings/W2-024.md,367455b1697ad417c7339dc738f2936601bd97947d942a1e2e5a1993fa7256d4,inventory_only,,,,False,,,NO
docs/audit/wave-2/findings/W2-025.md,1d222fbac9b98d94149979f1c9911f763fc8a32ab559e0077a5861a19109991f,inventory_only,,,,False,,,NO
docs/audit/wave-2/iterations/2026-10-04-W2-P00-P07/HANDOFF.md,9628ded0abdc60777d05dc0d70934ef148ea2bf156b401bd2d99fb0a12c6731b,inventory_only,,,,False,,,NO
docs/audit/wave-2/iterations/2026-10-04-W2-P00-P07/IMPLEMENTATION.md,08f53a94f7d0ff5b964da27a215d2418bfc09defa8e970cafb26fbfd715daf26,inventory_only,,,,False,,,NO
docs/audit/wave-2/iterations/2026-10-04-W2-P00-P07/regression_http_results.json,d76937600f759d2d340443de5522ed66d5f472940b344ef20e918c29d74c09b6,inventory_only,43,,,False,,,NO
docs/audit/wave-2/iterations/2026-10-04-W2-P00-P07/regression_results.json,a9a4370c91e8674e0b008a6e08efeb966028042ebce0957eb172785a0dc29568,inventory_only,157,,,False,,,NO
docs/audit/wave-2/iterations/2026-10-04-W2-P00-P07/regression_w2.py,19f1e09285287d8e29ae8a5e3e5b8695334c128c2c72973aceaad9c19d47f998,python_ast_syntax_structure,232,,,False,,,NO
docs/audit/wave-2/iterations/2026-10-04-W2-P00-P07/regression_w2_http.py,ec4207abc08269bf5cdc7f3546163ffd4bb1a6e1b1c6231b0c8b705ace2c5778,python_ast_syntax_structure,101,,,False,,,NO
docs/audit/wave-2/iterations/2026-10-04-W2-P00-P07/replay_obs/wave2_ar.fixture_blocked.txt,8f41c31d34afd23fbfda9dcd399425594f8facbdb586e8f4c5b27ff6413dfe92,inventory_only,,,,False,,,NO
docs/audit/wave-2/iterations/2026-10-04-W2-P00-P07/replay_obs/wave2_cash_refund.fixture_blocked.txt,1d44bc585ab9a3a0f0226b19667f8f6030179ae454e262a6ef5ac48e4eef1b7e,inventory_only,,,,False,,,NO
docs/audit/wave-2/iterations/2026-10-04-W2-P00-P07/replay_obs/wave2_claim_payment.obs.txt,c0d9856a155ea55b81b235f7695d83683c45db2812bb75009c51daa96404d47e,inventory_only,,,,False,,,NO
docs/audit/wave-2/iterations/2026-10-04-W2-P00-P07/replay_obs/wave2_grn_capacity.obs.txt,4ee9ed5a08da2ab59c7127955ff9a8902fd62de59d96a25be14255857086754e,inventory_only,,,,False,,,NO
docs/audit/wave-2/iterations/2026-10-04-W2-P00-P07/replay_obs/wave2_makloon.obs.txt,f808578f4bf4a211f9b8fc5edc284b9197a329c00c67a6e793e1531843e3d708,inventory_only,,,,False,,,NO
docs/audit/wave-2/iterations/2026-10-04-W2-P00-P07/replay_obs/wave2_production_capacity.obs.txt,ef9cb42d73e4cbfdbde9de545039b0b41a0da53ab0ae86fc4aa1ba84f43f6acb,inventory_only,,,,False,,,NO
docs/audit/wave-2/iterations/2026-10-04-W2-P00-P07/replay_obs/wave2_qc_flow.fixture_blocked.txt,dae354f852de778880eb47b47722b9cd416baa21183b630cd822d03db2117f20,inventory_only,,,,False,,,NO
docs/audit/wave-2/iterations/2026-10-04-W2-P00-P07/test_w2_targeted.py,42575a11aec9f1ac1746cd74438a0a052036cd1d6881846f9e0c4cd07da04cba,python_ast_syntax_structure,429,,,False,,,NO
docs/audit/wave-2/iterations/2026-10-04-W2-P00-P07/testing_agent_iteration_140.json,3780a27a141c3d8282c6614d39aae65d7bd60ca6e5da857d5560bfc5c375c1ed,inventory_only,34,,,False,,,NO
docs/audit/wave-2/iterations/2026-10-04-W2-P08-decisions/DECISIONS.md,50bd45e87ffdc163b8b7c4477bbe80612bd5ce8f19ed1adbf7c02149afb606d7,inventory_only,,,,False,,,NO
docs/audit/wave-2/iterations/2026-10-04-W2-P08-decisions/IMPLEMENTATION.md,decff1e81f89f4f29a8a20ce84dc94e7b81a8e5a0f78758cb7f463a0ded2b7ef,inventory_only,,,,False,,,NO
docs/audit/wave-2/iterations/2026-10-04-W2-P08-decisions/regression_p08_fase1.py,94c3332a8e2b8a28cf20d5de69ecd5d2d0891173111d620676f4b9669ecc1025,python_ast_syntax_structure,157,,,False,,,NO
docs/audit/wave-2/iterations/2026-10-04-W2-P08-decisions/regression_p08_fase1_results.json,9b1edb522ab8d2c985909b686193f03044b4bbf8381269e3923c23f18f9655e6,inventory_only,95,,,False,,,NO
docs/audit/wave-2/iterations/2026-10-04-W2-P08-decisions/regression_p08_fase2_6.py,cff7e3da3e8bc0423b8d278f9d3a37ed9c73edf726ba992cb4fd994663d8fc3b,python_ast_syntax_structure,255,,,False,,,NO
docs/audit/wave-2/iterations/2026-10-04-W2-P08-decisions/regression_p08_fase2_6_results.json,c1fdbc9ccb468e8297a13407cbffeef995cd33c6dcab3af1c49e5eb883abbe86,inventory_only,223,,,False,,,NO
docs/audit/wave-2/iterations/2026-10-04-W2-P08-decisions/testing_agent_iteration_141.json,f3e9a5b14c6f29536e59e1466986383988882cf4f5969961119b852e94b0d2cf,inventory_only,29,,,False,,,NO
docs/audit/wave-2/iterations/2026-10-04-W2-replay/IMPLEMENTATION.md,31595bcda0f9d5f851e56551cb88ede568c1917b89ddcda760f7fa563f948489,inventory_only,,,,False,,,NO
docs/audit/wave-2/iterations/2026-10-04-W2-replay/replay/01_TEMUAN_MAKLOON.md,3ba51c540f8579f091f6562d232d588643dcc8d08c3f95528662d93ad14d4a25,inventory_only,,,,False,,,NO
docs/audit/wave-2/iterations/2026-10-04-W2-replay/replay/02_PROMPT_PERBAIKAN.md,09c7f1ccc8365719706b2be65319d1e074b437fcc79e90450aa03f0685a566e4,inventory_only,,,,False,,,NO
docs/audit/wave-2/iterations/2026-10-04-W2-replay/replay/03_CAKUPAN.md,1a02f962bc1a804c8f73b4805078c9e34f92ae45407420a33465343568ee1a53,inventory_only,,,,False,,,NO
docs/audit/wave-2/iterations/2026-10-04-W2-replay/replay/04_TEMUAN_KLAIM_DAN_PEMBAYARAN.md,eb048d503a0312082b26e16496974100b6de03b2b9929495cad498da568cf7c0,inventory_only,,,,False,,,NO
docs/audit/wave-2/iterations/2026-10-04-W2-replay/replay/05_PROMPT_KLAIM_DAN_PEMBAYARAN.md,8b7dc797818763f8224fa21773c171311dd3871110f375a35f601a85d2cd84f0,inventory_only,,,,False,,,NO
docs/audit/wave-2/iterations/2026-10-04-W2-replay/replay/06_TEMUAN_CYCLE_COUNT.md,06ce0ab2fc4ff56bd2b448d7180bf330ea1721b244d663149cba1c1c64898659,inventory_only,,,,False,,,NO
docs/audit/wave-2/iterations/2026-10-04-W2-replay/replay/07_PROMPT_CYCLE_COUNT.md,7887213ec790420379218c27fbc5a056ea51077d54000935303ddf202884140d,inventory_only,,,,False,,,NO
docs/audit/wave-2/iterations/2026-10-04-W2-replay/replay/08_TEMUAN_TRANSFER_STOK.md,64dbb8c4bfe3b7aa4203a7d35bec90601b9ee452714733ac7507fb2be6a2902d,inventory_only,,,,False,,,NO
docs/audit/wave-2/iterations/2026-10-04-W2-replay/replay/09_PROMPT_TRANSFER_STOK.md,d6d6553f8174fa37468a54afd08f33889a87dfa3398c2e9ed69aa489ceffd895,inventory_only,,,,False,,,NO
docs/audit/wave-2/iterations/2026-10-04-W2-replay/replay/10_TEMUAN_RFID_GATE_DAN_INSIDEN.md,e2b77527aa103f978d8e8f645560757c9e4a424da189ca83174c90f71887ae3c,inventory_only,,,,False,,,NO
docs/audit/wave-2/iterations/2026-10-04-W2-replay/replay/11_PROMPT_RFID_GATE_DAN_INSIDEN.md,5a0d298765267818050947c3360248906927af62412c3a650adef432361e5dab,inventory_only,,,,False,,,NO
docs/audit/wave-2/iterations/2026-10-04-W2-replay/replay/12_VALIDASI_ULANG_W2_05.md,6b5bdcaff6cd37531f1a1dcae0cb885530dd9a048097d8bad992711382ef561f,inventory_only,,,,False,,,NO
docs/audit/wave-2/iterations/2026-10-04-W2-replay/replay/13_UJI_WMS_UOM.md,06d27781fdf50a0fa64f899f232467ad150c595615d3c910b27fdcd681cc9955,inventory_only,,,,False,,,NO
docs/audit/wave-2/iterations/2026-10-04-W2-replay/replay/14_UJI_GRN_PARSIAL_KAPASITAS_RECOVERY.md,6ecee36b17de2d1f9d8e2172549a5115410bfdd5b5c57ce697bb7befca4a066c,inventory_only,,,,False,,,NO
docs/audit/wave-2/iterations/2026-10-04-W2-replay/replay/15_PROMPT_GRN_KAPASITAS_RECOVERY.md,a60abaa471938c1009569c97f62bf649183286bae852c915554c43c04f609320,inventory_only,,,,False,,,NO
docs/audit/wave-2/iterations/2026-10-04-W2-replay/replay/16_AUDIT_LINTAS_FLOW_QC_SALES_STOK_AR.md,0f4bd36fbfb6a313361977df6889d5e63849f24e2b485210858cdf3678f23202,inventory_only,,,,False,,,NO
docs/audit/wave-2/iterations/2026-10-04-W2-replay/replay/17_PROMPT_LINTAS_FLOW.md,ff0c16c476dcf0e7fda86ae03e2b930b565bbbb987a21c22dfebeb5a848240b1,inventory_only,,,,False,,,NO
docs/audit/wave-2/iterations/2026-10-04-W2-replay/replay/18_MATRIKS_FLOW_KRITIS.md,471b458437a030cde3db69000cbc2d4c4c250cdb79f6bbe7c2593499fbe3bf36,inventory_only,,,,False,,,NO
docs/audit/wave-2/iterations/2026-10-04-W2-replay/replay/19_AUDIT_REFUND_ADVANCE_MULTI_PO_GL.md,6706db27768cef8c75c41294e96f9462d9f94097074c1a8c2d543840c1342b53,inventory_only,,,,False,,,NO
docs/audit/wave-2/iterations/2026-10-04-W2-replay/replay/20_PROMPT_REFUND_LAPORAN_DAN_PENDALAMAN.md,cb9479d3afdbe34cb705bc2f674df3f396dae2dc8f08968c1dbfd693ba4e93a6,inventory_only,,,,False,,,NO
docs/audit/wave-2/iterations/2026-10-04-W2-replay/replay/21_AUDIT_PRODUKSI_PAYROLL_BANK.md,586fe733b0140e9ee91da380a7dfbd498f7dd90e457627996dd0de8693e24c86,inventory_only,,,,False,,,NO
docs/audit/wave-2/iterations/2026-10-04-W2-replay/replay/22_PROMPT_PRODUKSI_PAYROLL_BANK.md,f0ccc60fd5fa918dfc3553236752a95a2fb817d17139775544838ea5ebbaa0d7,inventory_only,,,,False,,,NO
docs/audit/wave-2/iterations/2026-10-04-W2-replay/replay/23_AUDIT_RECOVERY_DAN_KAPASITAS_PRODUKSI.md,6ad5fc767ce39523b5a91d4cafe84e472657ebbbec34328fcbe10939939e7598,inventory_only,,,,False,,,NO
docs/audit/wave-2/iterations/2026-10-04-W2-replay/replay/24_PROMPT_RECOVERY_PRODUKSI.md,d0541f0c8bdcf9ec3ba0d8316554e93aa3a60a645c0ccded7dc78b3cf93d1ca9,inventory_only,,,,False,,,NO
docs/audit/wave-2/iterations/2026-10-04-W2-replay/replay/25_MEMO_JAWABAN_KEBUTUHAN_KLIEN.md,79a8f2c3d026c5d805b458158d200d9b574341a2c632a9df7cd8397b5b76697c,inventory_only,,,,False,,,NO
docs/audit/wave-2/iterations/2026-10-04-W2-replay/replay/26_TAMBAHAN_KLIEN_DAN_W2_025.md,ec6056a6a801a6e0931582c6237d3bc84c9e7a0b6f78a5fa3f75f0710252ac98,inventory_only,,,,False,,,NO
docs/audit/wave-2/iterations/2026-10-04-W2-replay/replay/27_PROMPT_TINDAK_LANJUT_KEBUTUHAN_KLIEN.md,ef28df716f714170c7525b261893801cc15318ca17b1b961bff5123a2028750a,inventory_only,,,,False,,,NO
docs/audit/wave-2/iterations/2026-10-04-W2-replay/replay/README.md,c792d03ebb9fcd23629ba811d39198fe4eef721f7eb81c8c3dfcb1fc484b8ab7,inventory_only,,,,False,,,NO
docs/audit/wave-2/iterations/2026-10-04-W2-replay/replay/advance-results.json,f334fe4d884d006c036777632ffdb81255ac82962ff52c108a96ae47d9dcf0ed,inventory_only,145,,,False,,,NO
docs/audit/wave-2/iterations/2026-10-04-W2-replay/replay/ar-results.json,45069e53942ad715c5cadf7742f1d41bb871bfd884a3a3e8766f4c53900f72d0,inventory_only,7,,,False,,,NO
docs/audit/wave-2/iterations/2026-10-04-W2-replay/replay/bank-flow-results.json,e8c80a45aeb96304f92fad065492b8474559e165d6c2c869cd81a66e36e860f4,inventory_only,95,,,False,,,NO
docs/audit/wave-2/iterations/2026-10-04-W2-replay/replay/cash-refund-results.json,7f0c008f43efbc1870b734dfaaf1fc2ceb8cab61820575748bb6687eea0311a3,inventory_only,7,,,False,,,NO
docs/audit/wave-2/iterations/2026-10-04-W2-replay/replay/claim-payment-results.json,991fd6ed9d5b1e5ea89854840b97610858d26dcbe4118258478c9c898952ba96,inventory_only,188,,,False,,,NO
docs/audit/wave-2/iterations/2026-10-04-W2-replay/replay/client-requirements-probes.json,496af7f41b7ea5f409adb4cdae9a3254e2cf20c84a0a30fd520c97d83ec25d8f,inventory_only,57,,,False,,,NO
docs/audit/wave-2/iterations/2026-10-04-W2-replay/replay/client-requirements-tracker.json,f872d22d4fe9eac17059e7457746781d1c1d27a7ced642c08d4a8bf400dc07e3,inventory_only,137,,,False,,,NO
docs/audit/wave-2/iterations/2026-10-04-W2-replay/replay/count-results.json,d5a6cfdda64d68074bc052f96f2d75330aa07bec9c965d08112e6d509e72f8f4,inventory_only,102,,,False,,,NO
docs/audit/wave-2/iterations/2026-10-04-W2-replay/replay/coverage-summary.json,90666bf6f5a88263118d9a10892d4d40926e8f2bf3555277a4d037e6235cc08e,inventory_only,42,,,False,,,NO
docs/audit/wave-2/iterations/2026-10-04-W2-replay/replay/gl-capacity-results.json,2fdf3e4f6b2f5853abb40a4ba953bff33a37f459000711ac3c6efcfe51702e54,inventory_only,76,,,False,,,NO
docs/audit/wave-2/iterations/2026-10-04-W2-replay/replay/gl-close-results.json,bb493c275dcb5d1a1c30b4ca1049e96096fe26f1acd38ddd20e341d0ad290195,inventory_only,127,,,False,,,NO
docs/audit/wave-2/iterations/2026-10-04-W2-replay/replay/grn-capacity-results.json,3bf9147f40448fd1ee0e9a3310fc27162821b65a8e06015f1a782c36482e8894,inventory_only,66,,,False,,,NO
docs/audit/wave-2/iterations/2026-10-04-W2-replay/replay/grn-partial-results.json,d4dffad1dec3ea52f9eb1ca0379c8489a53f34a3d348ef84e1db3d1f696a6118,inventory_only,180,,,False,,,NO
docs/audit/wave-2/iterations/2026-10-04-W2-replay/replay/grn-recovery-results.json,c030462e0fec6ee7f4c1213c6bf19acbce67e2643338b7e5cb4c5d5f7b57d5c4,inventory_only,76,,,False,,,NO
docs/audit/wave-2/iterations/2026-10-04-W2-replay/replay/makloon-results.json,67ef2b0ba4411806993157cca3aea2b6512ef8a1081276c3fac679a0d8f5b185,inventory_only,74,,,False,,,NO
docs/audit/wave-2/iterations/2026-10-04-W2-replay/replay/multi-po-results.json,1529cf0278ec1ef3933220f85ac223094187c5cef989cabdad38e7f0d4d19a2b,inventory_only,153,,,False,,,NO
docs/audit/wave-2/iterations/2026-10-04-W2-replay/replay/payroll-flow-results.json,009e60d0954d525bf2dc9e7ac14c5387e0d6b7eb407c9ba8122d8eb6b6071b61,inventory_only,142,,,False,,,NO
docs/audit/wave-2/iterations/2026-10-04-W2-replay/replay/production-capacity-results.json,513903db6022d1f94f31ecc76824ac0a913f3ea7a80b158832440c12fc78ac31,inventory_only,72,,,False,,,NO
docs/audit/wave-2/iterations/2026-10-04-W2-replay/replay/production-flow-results.json,ffdf3dae62bce3a5c3ed64eea4c86f2e411dce64aaa9dca1f0973eec99bc0a5f,inventory_only,150,,,False,,,NO
docs/audit/wave-2/iterations/2026-10-04-W2-replay/replay/production-recovery-results.json,3977213e32fa5f12ef7d66bc327feaee03b8724ca33376b603b41088dcff6294,inventory_only,125,,,False,,,NO
docs/audit/wave-2/iterations/2026-10-04-W2-replay/replay/projection-results.json,fb720669cab781e1d2dc3fc5179512e78860504d95dd9816b963ca91c32e9a24,inventory_only,193,,,False,,,NO
docs/audit/wave-2/iterations/2026-10-04-W2-replay/replay/qc-flow-results.json,ca51ac0bca13cac823021761fba3d17f57ac46fb0c7f23b4609458120b238a3b,inventory_only,6,,,False,,,NO
docs/audit/wave-2/iterations/2026-10-04-W2-replay/replay/repro/README.md,498e09a092507ea9aedee63702864fe9b7c6d44029b36cba0dcf73d5bb0f3845,inventory_only,,,,False,,,NO
docs/audit/wave-2/iterations/2026-10-04-W2-replay/replay/repro/client_requirements_probes.py,e55f5f61f3e8e238d9b64e1e115eb923559c7fba90ed6afce6a5d5ae4de34478,python_ast_syntax_structure,36,,,False,,,NO
docs/audit/wave-2/iterations/2026-10-04-W2-replay/replay/repro/historical-environment-dependencies.json,76e2bec7cdad1d4d1d2260eb88d1d1fb8a3b009a5f9be570bd500f561f5985f9,inventory_only,260,,,False,,,NO
docs/audit/wave-2/iterations/2026-10-04-W2-replay/replay/repro/validate_w2_rfid.py,b4f41783328581997b2cc6be605936556bdefb9cc986b6087541da89897e3f8a,python_ast_syntax_structure,166,,,False,,,NO
docs/audit/wave-2/iterations/2026-10-04-W2-replay/replay/repro/wave2_advance.py,50cdc02a5a26226ea4f6d2637c87948505ac890383f44af27528805988b57ebe,python_ast_syntax_structure,66,,,False,,,NO
docs/audit/wave-2/iterations/2026-10-04-W2-replay/replay/repro/wave2_ar.py,bfbb450255192415669b545f985426ecad93dbf7b2c308265ce1cee32618008c,python_ast_syntax_structure,139,,,False,,,NO
docs/audit/wave-2/iterations/2026-10-04-W2-replay/replay/repro/wave2_bank_flow.py,9fb29c22bedc5739b84c0e422085d3371f74075908104b5a8a500f9293313dd2,python_ast_syntax_structure,39,,,False,,,NO
docs/audit/wave-2/iterations/2026-10-04-W2-replay/replay/repro/wave2_cash_refund.py,615c67db162c77be0c2e0bfab948770598eebde514fd8a0414ba3d66555bb253,python_ast_syntax_structure,55,,,False,,,NO
docs/audit/wave-2/iterations/2026-10-04-W2-replay/replay/repro/wave2_claim_payment.py,d9a2e59a180287175d810e34f98da1f1af18a1a74a1c39ba8a4fe50b0049615a,python_ast_syntax_structure,125,,,False,,,NO
docs/audit/wave-2/iterations/2026-10-04-W2-replay/replay/repro/wave2_count.py,da8bfbd39a0219d6bf4fceb8f36672c6ff065547d658a68ff87b59662be56c76,python_ast_syntax_structure,96,,,False,,,NO
docs/audit/wave-2/iterations/2026-10-04-W2-replay/replay/repro/wave2_env.py,e59b9a4d6d08397fa2ac7ec77f47a6119698d5dac238c9f73d69a67d3c93ce03,python_ast_syntax_structure,33,,,False,,,NO
docs/audit/wave-2/iterations/2026-10-04-W2-replay/replay/repro/wave2_gl_capacity.py,6bb95055b25684d211899e9f85a450bee65e93bb475c6f2a6b66a2f9974d7775,python_ast_syntax_structure,35,,,False,,,NO
docs/audit/wave-2/iterations/2026-10-04-W2-replay/replay/repro/wave2_gl_close.py,a4540f18435dd5fd1df732df27abf46a6d2a857ec5a5519e312765e48859cf91,python_ast_syntax_structure,56,,,False,,,NO
docs/audit/wave-2/iterations/2026-10-04-W2-replay/replay/repro/wave2_grn_capacity.py,59e172c012f7b6de039a208e6424c94c2c7a3fb1a73515ce6ac68bbcb3ee4644,python_ast_syntax_structure,33,,,False,,,NO
docs/audit/wave-2/iterations/2026-10-04-W2-replay/replay/repro/wave2_grn_partial.py,b4dc77a8069110cef6a1e31db153c2216633866300def7a9d3499d54eb27c7a6,python_ast_syntax_structure,99,,,False,,,NO
docs/audit/wave-2/iterations/2026-10-04-W2-replay/replay/repro/wave2_grn_recovery.py,bca27dd429869e65df77ae67fe948b863ea87561b18654979afefc05f3c3b4d0,python_ast_syntax_structure,54,,,False,,,NO
docs/audit/wave-2/iterations/2026-10-04-W2-replay/replay/repro/wave2_makloon.py,ecb8838d223e3b8c477b185df24523d7afe1164204db6964f7ecc8947897251d,python_ast_syntax_structure,80,,,False,,,NO
docs/audit/wave-2/iterations/2026-10-04-W2-replay/replay/repro/wave2_multi_po.py,b7d2bdb9353ff30e2110f2bd633c92cff1eb44e5501935a1368c78bf535932f3,python_ast_syntax_structure,47,,,False,,,NO
docs/audit/wave-2/iterations/2026-10-04-W2-replay/replay/repro/wave2_payroll_flow.py,ad02e91955e206e36f856e87da8a45853debc6162e1d4ae16632ac9974ebd562,python_ast_syntax_structure,50,,,False,,,NO
docs/audit/wave-2/iterations/2026-10-04-W2-replay/replay/repro/wave2_production_capacity.py,ae4e13651fab957ca067340d272f655654d936feb63cadbc7bbf270d81cd2484,python_ast_syntax_structure,32,,,False,,,NO
docs/audit/wave-2/iterations/2026-10-04-W2-replay/replay/repro/wave2_production_flow.py,105919ad9f9e2ab146526338ab4ee24d36c4edaf6caca47cd5cc7457d215d013,python_ast_syntax_structure,62,,,False,,,NO
docs/audit/wave-2/iterations/2026-10-04-W2-replay/replay/repro/wave2_production_recovery.py,275c086085757ceebc3a06df67af6d56b110d41acfd62cbc1a4ccb12b0b498ba,python_ast_syntax_structure,59,,,False,,,NO
docs/audit/wave-2/iterations/2026-10-04-W2-replay/replay/repro/wave2_projection.py,6542ebf7f0b2c8ce67fe0a44b8bc08404dcabdaa57cd9df64e212d9b613766ef,python_ast_syntax_structure,58,,,False,,,NO
docs/audit/wave-2/iterations/2026-10-04-W2-replay/replay/repro/wave2_qc_flow.py,ab0e6fedb676d5161f37a94ee687dfbeb6ae8b2c789337589f4929d4310eeb5f,python_ast_syntax_structure,77,,,False,,,NO
docs/audit/wave-2/iterations/2026-10-04-W2-replay/replay/repro/wave2_rfid.py,cae62f7fc6feed3b0ac84064996fe8242b80ec950b5ef25371d8c125473255cf,python_ast_syntax_structure,290,,,False,,,NO
docs/audit/wave-2/iterations/2026-10-04-W2-replay/replay/repro/wave2_rnd_line_scope.py,47244159e2e9c5c07f5fac3e54f8f50220f5acd3b6c1bea166ebe983dce35576,python_ast_syntax_structure,27,,,False,,,NO
docs/audit/wave-2/iterations/2026-10-04-W2-replay/replay/repro/wave2_sales_flow.py,9bfe667994c8f142c1766841461ad2fe662ee509ae0aad2d5304f2835c099054,python_ast_syntax_structure,87,,,False,,,NO
docs/audit/wave-2/iterations/2026-10-04-W2-replay/replay/repro/wave2_transfer.py,56a321bf754c2c393923729cef3f650110b82b7e8e2d9d4ebf28a16c6c10c498,python_ast_syntax_structure,64,,,False,,,NO
docs/audit/wave-2/iterations/2026-10-04-W2-replay/replay/repro/wave2_wms_uom.py,b90172f5a6526f4f48783ab063693dac1ce4d379e800d7ab0bca94112ee193fb,python_ast_syntax_structure,51,,,False,,,NO
docs/audit/wave-2/iterations/2026-10-04-W2-replay/replay/rfid-results.json,c393965df61e91897efdb7945ebb1e96ba4ab61f61063d57d9ca564d13f6eea2,inventory_only,241,,,False,,,NO
docs/audit/wave-2/iterations/2026-10-04-W2-replay/replay/rnd-line-scope-results.json,2334d5e92312c7a834be4653c191148cd7c956ea86265197a1e1a42ab4eba77f,inventory_only,44,,,False,,,NO
docs/audit/wave-2/iterations/2026-10-04-W2-replay/replay/sales-flow-results.json,a65f95fdcb9161b3bf4105ec77818dfa1d27ec36b0666a005d1afde2ac2ed212,inventory_only,2654,,,False,,,NO
docs/audit/wave-2/iterations/2026-10-04-W2-replay/replay/tracker.json,00343acc6ccb2e085d25ccf428d5f5cc5eb07335d4bbbec45fd6a85834479c78,inventory_only,792,,,False,,,NO
docs/audit/wave-2/iterations/2026-10-04-W2-replay/replay/transfer-results.json,e445fe24c32ad36bbf030b562e9a8ecaeae8ad611990aaa2c9a83de1c75520b3,inventory_only,99,,,False,,,NO
docs/audit/wave-2/iterations/2026-10-04-W2-replay/replay/validation/AR-review/original-results.json,abc4e7d88d679fc61f498b375b3080b0a450169ac40c70d3874b8eec753fca3d,inventory_only,504,,,False,,,NO
docs/audit/wave-2/iterations/2026-10-04-W2-replay/replay/validation/W2-05-review/classification.json,6533e77c86ac5ab04322543ae253a481775bdc6cd7d54598c7c73a4b2a15d5e2,inventory_only,52,,,False,,,NO
docs/audit/wave-2/iterations/2026-10-04-W2-replay/replay/validation/W2-05-review/replay-original-results.json,36b0cc2d83e32adda0b186582db253f17c065206308c12f877ffcd538fa9844e,inventory_only,241,,,False,,,NO
docs/audit/wave-2/iterations/2026-10-04-W2-replay/replay/validation/W2-05-review/results.json,64632c3d2606679e640fa1f5b0f2e2697c1534dc9cc97d8a0dd62c1dbfd4a7f4,inventory_only,125,,,False,,,NO
docs/audit/wave-2/iterations/2026-10-04-W2-replay/replay/validation/sales-setup-history/README.md,f7c814818b7ee31c4dff362065bf20861908404ebd7a5bd2b498005fbad9fb43,inventory_only,,,,False,,,NO
docs/audit/wave-2/iterations/2026-10-04-W2-replay/replay/validation/sales-setup-history/incomplete-probe-not-counted.json,37d230af7197e5b650169f134080ebfec8fab1a0f87dc02202604508f0b46b49,inventory_only,852,,,False,,,NO
docs/audit/wave-2/iterations/2026-10-04-W2-replay/replay/wms-uom-results.json,a05cbe0009ea7120b445bf87bc3a0fb0061fc317bdcc256810456456cdf91d4f,inventory_only,130,,,False,,,NO
docs/audit/wave-2/iterations/README.md,bebe6419f654e65b14ddf0d1044042826af2291df6677b55d3ec98dfcd469b4e,inventory_only,,,,False,,,NO
docs/audit/wave-2/phase-tracker.json,73551397c2774291f2d4848f5bac300e81b6e72260a28611fab237d109d4b864,inventory_only,172,,,False,,,NO
docs/audit/wave-2/phases/P00.md,108525ae1f07a89a735907e6810b99739e6987355de83738b24ba0cf7c6971bf,inventory_only,,,,False,,,NO
docs/audit/wave-2/phases/P01.md,47c6393ac92a10635a132dd6907eef5c45d72ac5f820ff50252dbb133a3c8ec5,inventory_only,,,,False,,,NO
docs/audit/wave-2/phases/P02.md,f4c35921849c37241c0845255207f048fc33b6c2eea7d62559b66e428c38c06a,inventory_only,,,,False,,,NO
docs/audit/wave-2/phases/P03.md,4bcf5594c2af56b59223144de980f527f47d3e49122e95f3787a76a345ac9da1,inventory_only,,,,False,,,NO
docs/audit/wave-2/phases/P04.md,6390d853db6998f09662471282e677d88e3250ecfb7108ad31154e4355666d53,inventory_only,,,,False,,,NO
docs/audit/wave-2/phases/P05.md,87c613b1bd262e0d3c75e25ba5ab00c516a233f79037f6c0314facc4b9a7c39d,inventory_only,,,,False,,,NO
docs/audit/wave-2/phases/P06.md,bb09c5a7451e03a7c2951e7877a0f1b6e753795f54e87388fbe2b451a00900d3,inventory_only,,,,False,,,NO
docs/audit/wave-2/phases/P07.md,8f14d59dacb5baa80b54ee463199982304c61e28e72e45a515b4d5bbb4750f48,inventory_only,,,,False,,,NO
docs/audit/wave-2/phases/P08.md,408c02ffcfc58be64e73851e9901241258d65f3a7ffb2f8377f81d313f128ee1,inventory_only,,,,False,,,NO
docs/audit/wave-2/phases/P09.md,252a3901b36a502a2eef5984f674bd3e2ff581e31dbc876f3cbe828d3a05dfbf,inventory_only,,,,False,,,NO
docs/audit/wave-2/requirements-tracker.json,9d1012f69c7251dbb8af53821d2a95d86368087d73561f067033b0d87ba373e2,inventory_only,263,,,False,,,NO
docs/audit/wave-2/templates/HANDOFF.md,db867af8be0ed4a1f6f3c392f72339c2ba85dcb39bd0dcce725088cce1da3cd5,inventory_only,,,,False,,,NO
docs/audit/wave-2/templates/IMPLEMENTATION.md,31595bcda0f9d5f851e56551cb88ede568c1917b89ddcda760f7fa563f948489,inventory_only,,,,False,,,NO
docs/audit/wave-2/templates/VALIDATION.md,f9c2feb054f562c3617aefb52b46e9d47e55c05d445e75deb55d75d2265c1f95,inventory_only,,,,False,,,NO
docs/audit/wave-2/tools/check_package.py,326861185d22ec2df27b20b6f5151dd18b18124220c1945cecd2bb17111a5946,python_ast_syntax_structure,30,,,False,,,NO
docs/audit/wave-2/tools/prepare_iteration.py,85fe3275dd35d24102affe331f4f0df1e253e896f5887110c93a38578c6a487d,python_ast_syntax_structure,12,,,False,,,NO
docs/audit/wave-2/tools/set_req_status.py,a9358ac28b83e6cd9894c49f9ccdd16511b022b755eba3d4be1e9b2488f33951,python_ast_syntax_structure,32,,,False,,,NO
docs/audit/wave-2/tools/set_status.py,c5d1e81ecdee6fde3b902fc09d0a21f489e5cbf45bcb09b909ae2d554a8e3733,python_ast_syntax_structure,46,,,False,,,NO
docs/audit/wave-2/tracker.json,033ff47076aca8dff2a20f4db2f80aa291b5b90e548dea12a69ae66394a6e8b3,inventory_only,1115,,,False,,,NO
docs/audit/wave-2/wave1-extensions.json,7384fe637817c646a506a84042ff508b08e04c6402f7726102ba90128330b645,inventory_only,239,,,False,,,NO
frontend/.gitignore,fc13a1af062a7660374f5816d5317ceac9a205958298b51003d85027da4e82ee,inventory_only,,,,False,,,NO
frontend/README.md,328d4eaeb55df732890a8fd7843e164c9b456337c6fbfc69d1bc17d28d62ecb4,inventory_only,,,,False,,,NO
frontend/components.json,1bcf280d0dab9e7ac5e7b4f9efafe896ca68c03e38c00ea22d565297074b97a0,inventory_only,21,,,False,,,NO
frontend/craco.config.js,b2e65159ef968f78cf36d0fd51cde963aceb0f1deddf74487560ad6613cd5b83,javascript_ast_syntax,125,,,False,,,NO
frontend/eslint.config.mjs,dbd1d6956a6c1cbb807f016acf177418f808270a24a619a6cdb4c685b3798076,inventory_only,,,,False,,,NO
frontend/jsconfig.json,3ae3d6364676556fd0488a86cf4c0ccdcb07188bedca3abbb26cc2e3cb2adb3e,inventory_only,9,,,False,,,NO
frontend/package.json,b08d415f7f953bc3baee5778ee7b2d458a049c3411a8abfb71512fc34ee38bf2,inventory_only,152,,,True,,,NO
frontend/plugins/health-check/health-endpoints.js,0c4192caccb74a80645c9a9c6ae6312e6761d678a46f68bd85d3c7ff918d1708,javascript_ast_syntax,213,,38;156;190;191;200;201;202,False,,,NO
frontend/plugins/health-check/webpack-health-plugin.js,be5184d199c0c74742574c38e18b9e233938708eb9af73f11b39e8356e9d8fda,javascript_ast_syntax,120,,,False,,,NO
frontend/postcss.config.js,54a758307a2ce79551eac8e5a0646f6a291b4e5e81e498b07a5d89329c5dd068,javascript_ast_syntax,6,,,False,,,NO
frontend/public/apple-touch-icon.png,5282dc6fb64a401bed7ab8c8dd1033c85c322d9903b8f09d1b158893e581c3c5,inventory_only,,,,False,,,NO
frontend/public/favicon.png,a762ef94ae0e018163dbee82f4aa04837739b0f9d3b5c3d00c66493d90c41c9e,inventory_only,,,,False,,,NO
frontend/public/icon-192.png,a208ba15e01f20648f1035cfd7d4037627332378a59bf926059bc2fb9e96d0cc,inventory_only,,,,False,,,NO
frontend/public/icon-512.png,cdef8fa6dd8f73471c27b22d8265d012e9eff8cc8e16bcd151f48bf876a284fa,inventory_only,,,,False,,,NO
frontend/public/icon-maskable-512.png,1c3a6b8a3e3d2976f2cfb2255df824a6ad7e9eee77616c1a602ac47e7c3b48bb,inventory_only,,,,False,,,NO
frontend/public/index.html,63ef04efb00c7a0df5dcb198b16e6a0aa0710ea2a5363dc099ea143e2d4c15b2,inventory_only,,,,False,,,NO
frontend/public/leaflet/images/layers-2x.png,066daca850d8ffbef007af00b06eac0015728dee279c51f3cb6c716df7c42edf,inventory_only,,,,False,,,NO
frontend/public/leaflet/images/layers.png,1dbbe9d028e292f36fcba8f8b3a28d5e8932754fc2215b9ac69e4cdecf5107c6,inventory_only,,,,False,,,NO
frontend/public/leaflet/images/marker-icon-2x.png,00179c4c1ee830d3a108412ae0d294f55776cfeb085c60129a39aa6fc4ae2528,inventory_only,,,,False,,,NO
frontend/public/leaflet/images/marker-icon.png,574c3a5cca85f4114085b6841596d62f00d7c892c7b03f28cbfa301deb1dc437,inventory_only,,,,False,,,NO
frontend/public/leaflet/images/marker-shadow.png,264f5c640339f042dd729062cfc04c17f8ea0f29882b538e3848ed8f10edb4da,inventory_only,,,,False,,,NO
frontend/public/leaflet/leaflet.css,a7837102824184820dfa198d1ebcd109ff6d0ff9a2672a074b9a1b4d147d04c6,inventory_only,661,,,False,,,NO
frontend/public/manifest.json,817899f323ae02c0f4cd1493892b4fb39f1b3d1083f9fc356f9d1d8b6ec1caeb,inventory_only,23,,,False,,,NO
frontend/public/sw.js,1c6e6f6fdf38c3a46ed68f943b0dd3d02907d0aecebf694b1a8060716e60ccc0,javascript_ast_syntax,99,,,False,,,NO
frontend/src/App.css,fc825142ad720eb510dc0786a02f7f520c85d56b0c207c0a2348b665818daef3,inventory_only,15,,,False,,,NO
frontend/src/App.js,af921a1f3567dfeccd1d2ba1d9252ae11464cbbd101ddc0e2a4c920cb62bb999,javascript_ast_syntax,618,,,False,,,NO
frontend/src/AppViewRouter.jsx,c59b39c7cf14e95ac791e0509eaa7343b9012e0c49bec0d8cfb19b4684b12aa1,javascript_ast_syntax,477,,,True,,,NO
frontend/src/components/ArchivedReadOnlyBanner.jsx,f7275a849cc2fcdc44d8d810f9b3c112307aa3147a76cf4d3355439e6a935536,javascript_ast_syntax,25,,,False,,,NO
frontend/src/components/AskKnButton.jsx,99842a8e4f2b18bdc9ae83e05946657f65c42d31214662b1a99959b4adb35c14,javascript_ast_syntax,48,,,False,,,NO
frontend/src/components/AuditHistoryPanel.jsx,8cf1393567de311a0f68ec9499c119354ed839d3ac505e22edbc6cbe51965f28,javascript_ast_syntax,139,,,False,,,NO
frontend/src/components/BaseFabricPicker.jsx,fdf1f656a057741ce7a5d65a99b3633e8929a9e95ac627bfd02c3327acf0bbdc,javascript_ast_syntax,77,,,False,,,NO
frontend/src/components/CartPanel.jsx,fd58e6e64aa0a7f3552947ff543fe537e7d99fe00882116c8dfd1404100c951f,javascript_ast_syntax,442,,50;51;78;90;103;109;110;111;142;146;174;176;177;182;337,False,,,NO
frontend/src/components/CartPanelBanners.jsx,58520f7f979742d49722952134db2acb8552f602891586d2fd19308bf7b7211b,javascript_ast_syntax,83,,,False,,,NO
frontend/src/components/Collapse.jsx,9fe9184057610943eb465c286d118aba139fefe9696026c2cf7fc9eae4631889,javascript_ast_syntax,19,,,False,,,NO
frontend/src/components/CommandPalette.jsx,86651ca6ae823963998c69b68641c1c51e512ba4b725c0d1e29290554469099b,javascript_ast_syntax,65,,,False,,,NO
frontend/src/components/ConfirmHost.jsx,49ae69bbb0567ed98e79f27d6aadbc3ec80f33747e324c970df3dbd5568df38d,javascript_ast_syntax,50,,,False,,,NO
frontend/src/components/ConfirmModal.jsx,1e304b19585bbdbd5457cb8ba6a8787eb7c2e2ecae3e761d55dfccaaf999614f,javascript_ast_syntax,230,,104;171;174;176;178;179,False,,,NO
frontend/src/components/CoreWidgets.jsx,b36fbc3d9b648b913762fd81aa169e7b2374aeb556bd07e9d288403f9f427785,javascript_ast_syntax,378,,14,False,,,NO
frontend/src/components/CustomerPanel.jsx,4a73877abba647a613b01e8bc18fbfadb0546082a88324e787566bc8ae85e105,javascript_ast_syntax,183,,,False,,,NO
frontend/src/components/DecimalInput.jsx,00a6219e20ce3a737935093530f4fbe7d7b9460765921c3db56aabbcbc7e0558,javascript_ast_syntax,48,,,False,,,NO
frontend/src/components/DetailDrawer.jsx,43e9cf204008ea66fa52d33d9a8d16a1518955ba1e2148e87a00d22e80607a97,javascript_ast_syntax,23,,,False,,,NO
frontend/src/components/DetailModal.jsx,096ed871aa426181535a1d8a38cd61fa3241ae89b14c5e2154c0ef89982ec6a0,javascript_ast_syntax,92,,,False,,,NO
frontend/src/components/DetailParts.jsx,dc5f4fafc3a117c65f800aea4ecee0277eca449a619f3639087e070b59b780a1,javascript_ast_syntax,73,,,False,,,NO
frontend/src/components/DetailPopup.jsx,8562c387d8e0339ede2ca6da6ee12b8ba6858da678604e76b5f209350b746840,javascript_ast_syntax,43,,,False,,,NO
frontend/src/components/DualName.jsx,d3cca0e9d6730bc7d7ba0e35a2fabf0d1451c3c05d1f60e43bd2bb6e3ff2d780,javascript_ast_syntax,24,,,False,,,NO
frontend/src/components/EntityBadge.jsx,fb4bb314d82e7671755af2e2d0e0f9f0a73ed1feffaf480538b69f47e4af5140,javascript_ast_syntax,57,,,False,,,NO
frontend/src/components/EntitySwitcher.jsx,af41f34cefbedb11f4bfeefb81854d20f5590770f7e5b81ad87b5598ef0c1277,javascript_ast_syntax,190,,,False,,,NO
frontend/src/components/ErrorBoundary.jsx,2e642bc5ea2d49cb7703bcf543285b7baebe41a6929cb173fae26d58e278247e,javascript_ast_syntax,42,,,False,,,NO
frontend/src/components/ErrorNotice.jsx,bfd2970415b76e7f3d2391c5ce8ddbd3d99d1ef50f76c9d474f1e26fd820649e,javascript_ast_syntax,63,,,False,,,NO
frontend/src/components/FormModal.jsx,0cbd1c5a11b351c21f0eb980d02d6e6e7187b47a5216efa79f1631c8613432b5,javascript_ast_syntax,171,,,False,,,NO
frontend/src/components/FulfillmentInfo.jsx,e6d99e967b84e1455edf428d0a3b0dab7962e2ab5f43284de60cd4bfc3e7596b,javascript_ast_syntax,84,,,False,,,NO
frontend/src/components/GroupEntityBadge.jsx,76522a2687bd896ad405af4b85b956b8d16dcb2871efcf06fa268bbac1f31208,javascript_ast_syntax,89,,,False,,,NO
frontend/src/components/GuidedActionPanel.jsx,adac435f07146e41b988cc3b7fbf8fda24c9aac38ecf404209ca7685edcbfe10,javascript_ast_syntax,23,,,False,,,NO
frontend/src/components/GuidedTour.jsx,9be4de684181783b27f8a07d667cc81e77c3182e74bc3b26777e5a83fa6e9d1b,javascript_ast_syntax,415,,,False,,,NO
frontend/src/components/HubTabs.jsx,e0224dd39462bcf81df59acef58f18810ebe039135949dca901e2952e3ffb2f2,javascript_ast_syntax,38,,,False,,,NO
frontend/src/components/KNDatePicker.jsx,950deccd1c72545de1f1d66da64952ea55c7450bd0f119f0510c45ea9ce06c78,javascript_ast_syntax,50,,,False,,,NO
frontend/src/components/KNDateTimePicker.jsx,c0530b3c737e833fcf9b9dcd5b0138666c810567dcbdeba8269f98772a10d1eb,javascript_ast_syntax,64,,,False,,,NO
frontend/src/components/KNMonthPicker.jsx,e23476194aee239ff509e9a9bab483cac6d8bc7ffd64d66b27dc66e5efd87682,javascript_ast_syntax,52,,11;17;18;19,False,,,NO
frontend/src/components/KNPager.jsx,f341af26135d275a42f39927dc9dcf7b9cd0a7b87fb71c5a1b2448a386decb96,javascript_ast_syntax,14,,3,False,,,NO
frontend/src/components/KNSelect.jsx,ac40205b76e470b685209a16173dec6c7b15d438ba773a5a965c0a154412594b,javascript_ast_syntax,221,,,False,,,NO
frontend/src/components/KNTimePicker.jsx,bef0ff3e28e57efa7deaebaaa4d30b50d6c6f11c09503750fee3f043e10823d6,javascript_ast_syntax,67,,,False,,,NO
frontend/src/components/LabelPrinterModal.jsx,5368a5ded7412f08092d983e6ed7cdc4526512784902dbe4bc2dbf386c458b9a,javascript_ast_syntax,235,,,False,,,NO
frontend/src/components/LineFilter.jsx,d89bb0c8f784b139ee17afd33c50e9d38b3c2add74c1e51d15aceec43daaec1e,javascript_ast_syntax,162,,,False,,,NO
frontend/src/components/ListControls.jsx,c79112415853b8559bd79d85e89a6e7d5ce5ca3e76f2ff6c06d5b94ba86609cc,javascript_ast_syntax,35,,,False,,,NO
frontend/src/components/ListPageParts.jsx,58927a3cc8f7118ff67f3c0a8389c2385394d2744522963fd0b3407b56668cd0,javascript_ast_syntax,60,,,False,,,NO
frontend/src/components/LocationFields.jsx,f654abad1973d73767798c4c763e290c7fa32be66ade7ea241aecb0276a209ce,javascript_ast_syntax,120,,,False,,,NO
frontend/src/components/LoginScreen.jsx,09e15fe0a91dac22f9721c1393f83d94d41675323495b41f687eb5245ebc454d,javascript_ast_syntax,58,,,False,,,NO
frontend/src/components/MakloonSelect.jsx,cca616f02cd012687ba98bdeb10faf3a608bc8b48c97eeeb22643e870cc2358b,javascript_ast_syntax,147,,,False,,,NO
frontend/src/components/MixedLotConfirmModal.jsx,3bd6e6ef5a51c9122bc50b4119797c9020fe33040b05bbf31bee4661c3ba2db6,javascript_ast_syntax,56,,38,False,,,NO
frontend/src/components/MoneyInput.jsx,e041b9a665a68d325d8f4fffc8ece27469a8c04e8e29948e238de6e58b3f5419,javascript_ast_syntax,26,,,False,,,NO
frontend/src/components/NotificationCenter.jsx,6fe62ff3223d08f77e23dd9506c8a4fe0d15c30129aa8622fd8231cb3894e719,javascript_ast_syntax,319,,57;58;59,False,,,NO
frontend/src/components/OnboardingPanel.jsx,853eb46fa819ee7d7dc4aa4c416aff7c60a78edfd270b93e056407b23414894a,javascript_ast_syntax,63,,,False,,,NO
frontend/src/components/OpeningCostBanner.jsx,9ac50afcb7c40b41d85243ce13778ecbd42f940bdeee3c6b3e2c4bae8ccc57fb,javascript_ast_syntax,25,,,False,,,NO
frontend/src/components/PagedRows.jsx,62fef44df432ca7cda17697261f9c27a459268ba9681936893bd08f258b39510,javascript_ast_syntax,18,,7,False,,,NO
frontend/src/components/PaginationBar.jsx,c5a6608d0f75af152bfa03dde36aa420231c6c6f2e0189720036986748ab9804,javascript_ast_syntax,242,,65,False,,,NO
frontend/src/components/PantoneFinder.jsx,8a426ad37b3d77db460beb4c498efd6db9ef8dcc524bd44fafd1f2fcac8afd0b,javascript_ast_syntax,263,,,False,,,NO
frontend/src/components/PaymentBadge.jsx,dbf833f55e21356150e7fd709e848f89ec768a030c24fa14197b70a7f39df147,javascript_ast_syntax,36,,9;10,False,,,NO
frontend/src/components/PeggingModal.jsx,36aabcf6660c14764534e80852fb1fe0dd76bc27cae238f5166d8946b2b190bd,javascript_ast_syntax,71,,,False,,,NO
frontend/src/components/PeriodUnlockBanner.jsx,b64b06b73749b97c5aafdb443c0360ecd5a4e28664f8b47e763998c45a4740dc,javascript_ast_syntax,73,,,False,,,NO
frontend/src/components/PeriodUnlockCard.jsx,1c519538ef407fbe638ce43cd713f5f84d142f08494a6c7528d9710561d4ef6c,javascript_ast_syntax,106,,12;13,False,,,NO
frontend/src/components/PrinterStatusWidget.jsx,4b7570918587e5779d0a2b31759db5b53c4a7a2180c1f71372094f11c0d84966,javascript_ast_syntax,43,,5,False,,,NO
frontend/src/components/ProductCard.jsx,afe513756fd6520881fb8ef1659dbd18590ea8352661a4d9d6b2fe6bf57dcad3,javascript_ast_syntax,91,,,False,,,NO
frontend/src/components/ProductColorChip.jsx,f2ef52b9bfacc95672294d02373428960624b21167df613239489a82a241a17d,javascript_ast_syntax,42,,,False,,,NO
frontend/src/components/ProductDetail.jsx,f6ca307963ccfaa2c03d0c82181b7ca5a7166448efa2a4f0417dc9aa05c00172,javascript_ast_syntax,211,,,False,,,NO
frontend/src/components/ProductGallery.jsx,e32b731ecbeaa63f535c65ebcd03ba12a58968170f7fc264cc7d0c70e77210a1,javascript_ast_syntax,33,,,False,,,NO
frontend/src/components/ProductQuickView.jsx,1a157919fd0a33b37b2b52cc50b3fe6e85cef1365d4ca2a4f53ba0ed2d6dd35b,javascript_ast_syntax,315,,41;62;64;65;66;72;76;120;133;154;232;299,False,,,NO
frontend/src/components/ProductSelect.jsx,c0c9c28f2917a047c050a5ba395f4897fd828f3fc69e51f9dd0e819abb2dac55,javascript_ast_syntax,110,,,False,,,NO
frontend/src/components/QtyDual.jsx,8c3e5cc846b315d836fd66fbcdec0a12fa6ae5fdba0d732d5eb5ba2c63b87492,javascript_ast_syntax,80,,53,False,,,NO
frontend/src/components/ReturnPolicyEditor.jsx,0c8e30e432a8faa4d62be57948bd9f174875c50b1d89256a0f90a39bf21ee383,javascript_ast_syntax,147,,77,False,,,NO
frontend/src/components/ReturnTimeline.jsx,d1e849abaf1e0371b01c3d9e879210bb7715dab717c328ead5db7233a4909d4f,javascript_ast_syntax,165,,,False,,,NO
frontend/src/components/RevisionProgress.jsx,528ccc410863e6ab845652451623d202d89c41629b7c72f3bb506c4c27cf817e,javascript_ast_syntax,116,,17;21;79,False,,,NO
frontend/src/components/RollLabelActions.jsx,3861e9203f607f1c972ac74f9e28bd59a25df4655a62d3d6d573f1357ba21628,javascript_ast_syntax,33,,,False,,,NO
frontend/src/components/RollPicker.jsx,cfe732edbaebfe5cb3df52275e72aa327b3443f92a24a736824f96bcb4ab1d25,javascript_ast_syntax,183,,7;18;51;53;54;67;70;74;172,False,,,NO
frontend/src/components/RollReconcileSheet.jsx,ddea1b0f70e7be31d70ce4046daf2c7e51070b3ccbf21f3813aea246f6e5754b,javascript_ast_syntax,121,,33;53;76,False,,,NO
frontend/src/components/ScopeReadOnlyBanner.jsx,4d2869595e9cb336a411cb48160493f95129a73af29296349e3322038196ab1b,javascript_ast_syntax,50,,,False,,,NO
frontend/src/components/SeeAllModal.jsx,1c392e848f0f658bfd9bf2a3be88eb910ea34302e46d2ccd23f348b3cac18e16,javascript_ast_syntax,175,,66,False,,,NO
frontend/src/components/SoStatusBadges.jsx,a7deb219047e4dbf73aa8b5968b8b1f751fe8d19cf76ede45dcc854630a50f83,javascript_ast_syntax,98,,,False,,,NO
frontend/src/components/StarRating.jsx,e763ee61beec0e7ad86f759ebc14c601a6da93ffcd5971a935b05bfa31511266,javascript_ast_syntax,88,,30;33;38;71;74,False,,,NO
frontend/src/components/StoreCreditBadge.jsx,d71e493bc3999a760a7e069191c7ad71dd49c922832d8b97494822d7b7da93f1,javascript_ast_syntax,37,,21,False,,,NO
frontend/src/components/TourMenu.jsx,067bdaaca163199af170a4933d024772fb0d5a6e07eba811f38486d38c83bcf1,javascript_ast_syntax,91,,,False,,,NO
frontend/src/components/UomConvertHint.jsx,74e460995d6bb08b815913a744c4c9ae26298c21ed7e19d19b281f4d0ac10b69,javascript_ast_syntax,64,,59,False,,,NO
frontend/src/components/UomInputConvert.jsx,cb7871fc42655a85be2aa9531415f3d36a253e7e7cef9473fccd30d2d40c39e8,javascript_ast_syntax,129,,101;118;119,False,,,NO
frontend/src/components/VariantAxisPicker.jsx,407cb5f8e83e0c17138b704ec0e6f2090fe35bfc5dbd8aa3d0b01caa79150855,javascript_ast_syntax,37,,,False,,,NO
frontend/src/components/WaitingBoardsStrip.jsx,0b64767645b6504e5e0350e3791223431a996ab3c12499942204a97de8a9fb00,javascript_ast_syntax,65,,,False,,,NO
frontend/src/components/WaitingQueueBoard.jsx,9ec48796b76217fa9df395e6857afefa611ab39951390d3e0fa40518b64ea619,javascript_ast_syntax,272,,24,False,,,NO
frontend/src/components/WarehouseModeBadge.jsx,c749eefc8239958aa5dff01258e71ad152aefa78df9752a680affc14cd1da274,javascript_ast_syntax,29,,,False,,,NO
frontend/src/components/ui/accordion.jsx,478490060e2a3d511e1b5d1a7d65439bbb992e4e1e99d5f0709f325173453156,javascript_ast_syntax,41,,,False,,,NO
frontend/src/components/ui/alert-dialog.jsx,fe21928546b77773543f93d7c4382094fd771403cf9b3d3928c572e72d9ece97,javascript_ast_syntax,97,,,False,,,NO
frontend/src/components/ui/alert.jsx,809a0b3300cf85221cd2e667e2cd1970a138bdaa57ef512c81a39a2188dfc13d,javascript_ast_syntax,47,,,False,,,NO
frontend/src/components/ui/aspect-ratio.jsx,62f29cd87c19f52d403dc2d17823849db2c8cbd541c9f96de20ef13e58d379db,javascript_ast_syntax,5,,,False,,,NO
frontend/src/components/ui/avatar.jsx,48963e22726413987e817f5c6f0b0f64438f87667de6a2154841aa8a4ce2b395,javascript_ast_syntax,33,,,False,,,NO
frontend/src/components/ui/badge.jsx,fc8b4e031c04004ec0b19cdb90efcadfb26f2287c8d6798523c271bf96e090cf,javascript_ast_syntax,34,,,False,,,NO
frontend/src/components/ui/breadcrumb.jsx,f7aa1d9b30ba04d766f3f510b58eb3d129258970c234e58eba325487b2908da9,javascript_ast_syntax,92,,,False,,,NO
frontend/src/components/ui/button.jsx,9a5e2baa508c14319ece6be710b57554f9990a10682724b2cc15bb75b951fa3c,javascript_ast_syntax,48,,,False,,,NO
frontend/src/components/ui/calendar.jsx,6e2ba6f3863bbab51e7d03b642f99545bd811185cb77541f9e00972e5afd1b3f,javascript_ast_syntax,71,,,False,,,NO
frontend/src/components/ui/card.jsx,93f9674c69410d360fbba260dce1f63f987624b08a8dd39c999e4ca81740a548,javascript_ast_syntax,50,,,False,,,NO
frontend/src/components/ui/carousel.jsx,b5239eb5e9ac5d362c0ed75e3fbd553d0857427e63e930721380614890678eef,javascript_ast_syntax,193,,,False,,,NO
frontend/src/components/ui/checkbox.jsx,b2b6819b326af045bedca84f081de6e49c7bf086110835b5b893d903ef0ec44b,javascript_ast_syntax,22,,,False,,,NO
frontend/src/components/ui/collapsible.jsx,a204a41111b93ca714e5e0a84e7ea09520f7783f2706bf00ecb2bcad5a0659fd,javascript_ast_syntax,9,,,False,,,NO
frontend/src/components/ui/command.jsx,2dfcd2b74e94a85fdbb55e1850550ae5004ef610445cd16d99b373c466771724,javascript_ast_syntax,116,,,False,,,NO
frontend/src/components/ui/context-menu.jsx,587e0f7d27e102b3f0282ec7baec9a0344d514c67528b64f1044deb9e32b4a7b,javascript_ast_syntax,156,,,False,,,NO
frontend/src/components/ui/dialog.jsx,10567035831494c6e92c74ed48a0bfe683cb3797f0725a6b3c54b922e7a96fac,javascript_ast_syntax,95,,,False,,,NO
frontend/src/components/ui/drawer.jsx,5ae93a913a1ee49637ce59dee3999ffb373fd6a24771683a3f920248ee21da66,javascript_ast_syntax,90,,,False,,,NO
frontend/src/components/ui/dropdown-menu.jsx,4f892e24916a2a06cff498a2d5e05956cede191e6fde3d336839f7f2388d3bce,javascript_ast_syntax,156,,,False,,,NO
frontend/src/components/ui/form.jsx,781561c6eb18bd70c6e895f859c3c9d53836d418c36a793d5d13f89bc9a177f1,javascript_ast_syntax,133,,,False,,,NO
frontend/src/components/ui/hover-card.jsx,bd8408b2be5056a240820a7c9a53a8e43e85a74a3ffe2b98e8e97556cc724926,javascript_ast_syntax,23,,,False,,,NO
frontend/src/components/ui/input-otp.jsx,510554e342e49fc2bf6390562d9d40bc72edad4713bd5d1fc005f5aab1c43d9c,javascript_ast_syntax,53,,,False,,,NO
frontend/src/components/ui/input.jsx,afd413939ddd20870e82644da3dd108411cff0ae34b627a2882270429ce78004,javascript_ast_syntax,19,,,False,,,NO
frontend/src/components/ui/label.jsx,6a429ead60a45fa3705de0bd705d4ca08c77009ab4fbfefbb321b40b4b7ce86d,javascript_ast_syntax,16,,,False,,,NO
frontend/src/components/ui/menubar.jsx,29d774c1e564b3519d40e992f723ce4d2d48b1d0bef829c6a38f6165e79eade6,javascript_ast_syntax,198,,,False,,,NO
frontend/src/components/ui/navigation-menu.jsx,81483c2593765f074cbc31f8983b88fc7dd1cbb3ce54241411922e21e4166309,javascript_ast_syntax,104,,,False,,,NO
frontend/src/components/ui/pagination.jsx,30c62c8579e0661792bdfec1967bd815be4a70af3d45ec5e507275f9dbe34a4e,javascript_ast_syntax,100,,,False,,,NO
frontend/src/components/ui/popover.jsx,a16cd981fe0dacaeca2fbcf00f67cbe1cd0e1caf7b2b551a5540da3b4caf10f9,javascript_ast_syntax,33,,,False,,,NO
frontend/src/components/ui/progress.jsx,7da5154a7206c7763053dd4482a08ae483797b2ccb51250df3f70505d6c0907c,javascript_ast_syntax,21,,,False,,,NO
frontend/src/components/ui/radio-group.jsx,b1ea1a9edd7e8f6247beac7e569c1b75cf1dd604d47e1a0ef3d646cdd9f61a38,javascript_ast_syntax,29,,,False,,,NO
frontend/src/components/ui/resizable.jsx,64761fc12edebe9f485d9e930e4110e71f684b372ab5b9b6c995a5f51a036ba7,javascript_ast_syntax,40,,,False,,,NO
frontend/src/components/ui/scroll-area.jsx,deac8e89bafcdedeb795ed43a524e70cef654978102b0c854b75f9826f524520,javascript_ast_syntax,38,,,False,,,NO
frontend/src/components/ui/select.jsx,36e7d8e3fe1d333bbd60b89765642b4fd6605fb2483a597501a3e8ba75082068,javascript_ast_syntax,122,,,False,,,NO
frontend/src/components/ui/separator.jsx,0e01021eb735c6f4f8c0c6b3a9f99dd8428fe837c1a12b7d8be441e5a7d53030,javascript_ast_syntax,23,,,False,,,NO
frontend/src/components/ui/sheet.jsx,1725e0d455087c10ad67ddece7bd525f740cadf8f701a6ea4aa342c566434ebd,javascript_ast_syntax,108,,,False,,,NO
frontend/src/components/ui/skeleton.jsx,fb061446b99d1f3a987eaf3920df0dabeed019dad4207dc7bb2159a6244a697c,javascript_ast_syntax,14,,,False,,,NO
frontend/src/components/ui/slider.jsx,13a9ab62370c58be57848de7100de3e5bbfcdf4a669bbfb635b7ccb11c6b1de1,javascript_ast_syntax,21,,,False,,,NO
frontend/src/components/ui/sonner.jsx,22ab21fc297bdedbaf1e13fb53df055187b8586c4570155212c6c0d35582a719,javascript_ast_syntax,28,,,False,,,NO
frontend/src/components/ui/switch.jsx,d3692433ca2fcb3bd74b587cd096942c5582452a6a95ddaf1806dceda899d592,javascript_ast_syntax,22,,,False,,,NO
frontend/src/components/ui/table.jsx,5a64292b865d5fc40675f65c5a84122f17e0719602f5737fbda01a4d529a9a2d,javascript_ast_syntax,86,,,False,,,NO
frontend/src/components/ui/tabs.jsx,efefae7020ecab8eac458a60b684569f0b1c7adac0e8622fbe9b9cec9ef588cf,javascript_ast_syntax,41,,,False,,,NO
frontend/src/components/ui/textarea.jsx,3fa248f1e4af834a9d217efbc2be23a7f195b6411b70188e0c92954834323a30,javascript_ast_syntax,18,,,False,,,NO
frontend/src/components/ui/toast.jsx,77290f60c82034ae63f2edef1c8c2c467cf7bf3c44181e9e85c378278fb1ed3d,javascript_ast_syntax,85,,,False,,,NO
frontend/src/components/ui/toaster.jsx,a32aa37772c4cedc304e436c215b746492e80fe9098b5a808f427d7dcf203130,javascript_ast_syntax,33,,,False,,,NO
frontend/src/components/ui/toggle-group.jsx,ff3e08fcf41370780949dc71e40e535775f198a8c711330da391cd038be419fb,javascript_ast_syntax,43,,,False,,,NO
frontend/src/components/ui/toggle.jsx,9ce1d15274ca504b0e93869893327fe6d86b8d2938f53367e6ceabd5bd9adb49,javascript_ast_syntax,40,,,False,,,NO
frontend/src/components/ui/tooltip.jsx,208e3ae984234a9ce5086689b3862b1741c3c7044e64b55d4d6a84c960d5015e,javascript_ast_syntax,26,,,False,,,NO
frontend/src/config/auditLabels.js,08df44d8517ac50208dcf4e6d39ab7146f9ad6d976634e3b2bd2de602a2dab69,javascript_ast_syntax,73,,,False,,,NO
frontend/src/config/hubTabs.js,069b2ed41559be9417dfd874ebbebceb82f780336a7d1cfd9fbc80e3c0e49766,javascript_ast_syntax,217,Chart,,False,,,NO
frontend/src/config/navMeta.js,ee602c97dbd6f219cf1d6cc8139533a6b4a09bcab4e69184025b26f7504647d3,javascript_ast_syntax,223,Chart,,False,,,NO
frontend/src/config/navStructure.js,967dc51e4ec49566e5e2b1977f7891283e92d578fdf26b76dee316d1a3410996,javascript_ast_syntax,374,PieChart,,False,,,NO
frontend/src/config/navigationConfig.js,ffa539863baf44285161848df5b04a1efa1b7a762493b6aa0fa175428707a316,javascript_ast_syntax,225,,,False,,,NO
frontend/src/config/roles.js,807d5abeb7cfcd935b36f8ece1583a2e1d9840206dc9fe3d105d42c87ddd3409,javascript_ast_syntax,365,,,False,,,NO
frontend/src/config/waitingBoards.js,8d9a9b92ecf978389c8bfe231f3df81a5db27fc1ce8483d1c5822daa688746e3,javascript_ast_syntax,116,,,False,,,NO
frontend/src/constants/makloonVocab.js,5aa8173cf085f14475448812589b9270662d4060bc366227f9feb998b0bc197e,javascript_ast_syntax,63,,,False,,,NO
frontend/src/constants/testIds/auth.js,e500da34723934ce59ec785638ca422159265b5a33b611d017cba7d64ecbda05,javascript_ast_syntax,33,,,False,,,NO
frontend/src/constants/testIds/home.js,7ee369534400e583036d16ccc08c71e2afd30486f283ecef4a7d4b80b12cb7b3,javascript_ast_syntax,6,,,False,,,NO
frontend/src/constants/testIds/index.js,5d2db8255dd6fc0fd745bef97f52a3de41c616b087c1f1d44985a1f3646d7ceb,javascript_ast_syntax,15,,,False,,,NO
frontend/src/context/EntityScopeContext.jsx,8af2953fcf1d7477f8d1e1b481d1d5f6deaaa5ce409762e6d7455a4fab45cfef,javascript_ast_syntax,46,,,False,,,NO
frontend/src/data/tourDefinitions.js,5245db941ecf93a77b568835e49e06b6ffb93f6df59ccda6da9c5d222d681a31,javascript_ast_syntax,55,,,False,,,NO
frontend/src/data/tours/adminTours.js,637e79b61c8e7cf6fe8eb05e3ba1d8ff6d6fd84f812c0178a81a6ae297a5cc71,javascript_ast_syntax,48,,,False,,,NO
frontend/src/data/tours/operationsTours.js,f91c0c2bf23f5dca9481fd5f2b1b9c4c2d610e2d4f552295c122d98ac632cb95,javascript_ast_syntax,115,,,False,,,NO
frontend/src/data/tours/salesTours.js,584063923a68fb47674a7dd46221d65089632092bf423beb610fd70fb5dd4d36,javascript_ast_syntax,128,,,False,,,NO
frontend/src/features/ComingSoon.jsx,92578a50d018de1a15eea683346bcc816bcbfb77001c62cafea29fff9be00afd,javascript_ast_syntax,73,,,False,,,NO
frontend/src/features/admin/AdminView.jsx,607cb62ace76a6657dbe8cd46f02c4dfe3d4fe5866cd3128b70c2e8d797497b5,javascript_ast_syntax,561,,128;157;158;343;359;361;378;493;494;498;524,True,,,NO
frontend/src/features/admin/CategoryManager.jsx,03997f520cd5fb80ec33d928fc4c8a1b410385e05f527e7189c56d50ffdf0781,javascript_ast_syntax,228,,137,False,,,NO
frontend/src/features/admin/GeminiIntegrationPanel.jsx,6679220857adf47e96a8df75d6130afa74d39fe5cbd80e246c242ec0a54d0525,javascript_ast_syntax,97,,37;51;80,False,,,NO
frontend/src/features/admin/IntegrationsPanel.jsx,dd9987568302d61b29a91ec75248a9fed00b86cd01f46d4bde19429d573d098b,javascript_ast_syntax,89,,,False,,,NO
frontend/src/features/admin/OpenAiIntegrationPanel.jsx,a34ebc1c9ac6dbedd3b7e74d9d307b0414707bdf4313fe14f44b85e5f19c6c20,javascript_ast_syntax,52,,,False,,,NO
frontend/src/features/admin/PermissionMatrixRecords.jsx,44347d0aa6cef408e8d84c299967cf835489a7adf54afc5353d1080bce077ae7,javascript_ast_syntax,76,,,False,,,NO
frontend/src/features/admin/PurchaseOrderManagement.jsx,a03bd75c23102640dc7a54a14c42dc71a2b11f88e675523db964abaf7ef57d68,javascript_ast_syntax,556,,40;106;164;355;422;423;446,False,,,NO
frontend/src/features/admin/domain/DomainRegistryParts.jsx,3668d025e14e3f8e48b5039d818060df272b6ba8385ab8c7aa83aa19f7da14cf,javascript_ast_syntax,223,,,False,,,NO
frontend/src/features/admin/domain/DomainRegistryView.jsx,08a6fc2f74a31d9c01f7ca11a29a750886ee0a7d781876f5e18c3e2281c3293f,javascript_ast_syntax,224,,,False,,,NO
frontend/src/features/admin/po/POAmendModal.jsx,7941452a249cea8792226cfc03f697b3e91b6a5de5d5101a67af094f3a5493d2,javascript_ast_syntax,314,,41;54;58;59;60;65;66;80;90;97;104;105;121;128;131;137;138;158;233;240;248;270;276;286,False,,,NO
frontend/src/features/admin/po/POBudgetPanel.jsx,ac110e0eb7813f0651d5aa471139fbad0e3bb5b0ad6d14382144910587c6837b,javascript_ast_syntax,104,,,False,,,NO
frontend/src/features/admin/po/POBuyerEntitySwitch.jsx,4c2b288a433c9f8144a783ed2b14f5954b7d08e3aaeff9a30bd7170ac5049d75,javascript_ast_syntax,39,,,False,,,NO
frontend/src/features/admin/po/POCompactPanel.jsx,d806b68f66a4e7cc4295010692099df78586cafabda0f1d66e01f4fc8e4c2ac2,javascript_ast_syntax,169,,33;34;35;36;42;43;44,False,,,NO
frontend/src/features/admin/po/POCreateForm.jsx,77eb78e2f041582dc6fa124aef79439e2925154d0221048aecac93e68edabcc5,javascript_ast_syntax,452,,66;79;123;158;159;160;297;389,False,,,NO
frontend/src/features/admin/po/PODetailPanel.jsx,39e517595c6e276c60da3ff2b4703ac78c299eac226437b4c6fc09db607c792e,javascript_ast_syntax,400,,92;95;96;97;98;193;194;195;249;251;252,False,,,NO
frontend/src/features/admin/po/PODeviationBanner.jsx,54bf464c4bd8bde382b237329e60ec6be36e6ad032813d6a70992f7764a5b83f,javascript_ast_syntax,25,,,False,,,NO
frontend/src/features/admin/po/POPaymentChips.jsx,b73c269664a30d8d04fa609e3a58d1eec58a96d0fcf0b8ba148db73a1ed86c32,javascript_ast_syntax,34,,13,False,,,NO
frontend/src/features/admin/po/POReceiptVariancePanel.jsx,8f62a414634bab3fdf692b9e2ca1dcd9f46e788e24773d8df7b6d20222cd9eb4,javascript_ast_syntax,50,,3;9;10,False,,,NO
frontend/src/features/admin/po/POTimeline.jsx,102e58b3d2a48d3d17f3badaa852494cf5985d86a332181a856d361a17db1052,javascript_ast_syntax,109,,,False,,,NO
frontend/src/features/admin/po/POVarianceTasksPanel.jsx,47828e59ede45e2a80e147ec2ac781b7d435c031d0275dafa04b882ae99012c6,javascript_ast_syntax,58,,,False,,,NO
frontend/src/features/admin/po/POVersionHistory.jsx,de332507629ab75effeb552d355fcf6584dd2aa422dfc8c9e7cd1e3aabd46ca0,javascript_ast_syntax,103,,25,False,,,NO
frontend/src/features/admin/po/poUtils.jsx,3da52491a3c98a3a2d18c90dcfa07eee7f49a63431028bad199a0aa95778c647,javascript_ast_syntax,66,,30;31;32;47,False,,,NO
frontend/src/features/admin/products/ProductMasterForm.jsx,e189cfae030a98a5d430ed3eb432b94a1d99241de2b0cfd092a5e1c041736c86,javascript_ast_syntax,440,,118;365,False,,,NO
frontend/src/features/admin/scheduler/SchedulerParts.jsx,f919b3e5dcdfddd037c38fc51a703e6b497dfd8d4e164c77ac840bb28c42d5c6,javascript_ast_syntax,295,,92;93,False,,,NO
frontend/src/features/admin/scheduler/SchedulerPolicy.jsx,5629ddefbd52943dafe75b6070fc1ed3687095d22825e23291b824de2d9e72eb,javascript_ast_syntax,186,,51;53,False,,,NO
frontend/src/features/admin/scheduler/SchedulerView.jsx,3764870b8752fc228f353c3d7a287d01045aee4cec7eddb8ddb6eb98f6fd66c1,javascript_ast_syntax,351,,,False,,,NO
frontend/src/features/admin/scheduler/SchedulerWa.jsx,6b335428a6f4396770319fd0c0baf8eea8d83654c6a1e936b8a72b98a76bb003,javascript_ast_syntax,313,,,False,,,NO
frontend/src/features/admin/uom/UomConversionParts.jsx,6e8aa478af03b86d0a5c010cb9191c0ce8b6487c4e5794be5f672d6c11b2061a,javascript_ast_syntax,186,,20;82;159;170,False,,,NO
frontend/src/features/admin/uom/UomConversionView.jsx,b8ed8c4e32cd3723b3544974200b3d985e53fcd6b71abe4ed2a9d28ec19920e3,javascript_ast_syntax,327,,,False,,,NO
frontend/src/features/approvals/ApprovalDecisionModal.jsx,1c48da0ffa9a59062c7cc31b6d8b25078322b859934e931778c9be7accc140e1,javascript_ast_syntax,417,,23;143;164;225;226;246;247,False,,,NO
frontend/src/features/approvals/ApprovalInbox.jsx,54c18089d16d484915c668be5c739c3e0226f3f28d080f10ce39d569d3f75136,javascript_ast_syntax,509,,69;70;71;206;229;234;249,False,,,NO
frontend/src/features/approvals/MyApprovalsView.jsx,c685e127f4561a10c998e51bcc26ed2e14110bcb588446e181bd4b24c044f2b3,javascript_ast_syntax,522,,,False,,,NO
frontend/src/features/approvals/approvalsMatrixApi.js,c4fc9a83d34143d54a9a205848e7ab2798a0d1aa849741fc3fd89532d7619d32,javascript_ast_syntax,52,,,False,,,NO
frontend/src/features/catalog/AxisEditor.jsx,59143f8cc1bee387a2f9868356920c98abb8f843bf905a1d12a2b326a3426a78,javascript_ast_syntax,73,,67,False,,,NO
frontend/src/features/catalog/CatalogDialog.jsx,b84629242323ef66cf06603d8a3b484776920e4bc723aa7b10539fbaf3c3e9b7,javascript_ast_syntax,9,,,False,,,NO
frontend/src/features/catalog/CatalogWorkspace.jsx,07d46412780e46d05fe1517f2e131018f59d7a84a924ca8ce85458eecb08456b,javascript_ast_syntax,80,,63,False,,,NO
frontend/src/features/catalog/DesignMediaImport.jsx,d4a32401eba766dc0044bf606334bb0b001c5af0af93d58cbed34051c6defc55,javascript_ast_syntax,17,,,False,,,NO
frontend/src/features/catalog/FamilyForm.jsx,8cc07e689f3148e1ccb822ebde8710b59f910270f32778c33233099f72348174,javascript_ast_syntax,47,,24,False,,,NO
frontend/src/features/catalog/FamilyHero.jsx,a4500cbbeee23a9ae54e7e2b0a1b18601a3aef32fc024efa7a15d7a1d7a7c1bb,javascript_ast_syntax,50,,13;14;16;17;18,False,,,NO
frontend/src/features/catalog/FamilyInfoTab.jsx,08bd19849d398302d7773e5bec1a3e20473e97ae550e446d76a25fe622589c19,javascript_ast_syntax,45,,,False,,,NO
frontend/src/features/catalog/GenerateVariants.jsx,e400c37d01e92fa9fb72f72d7bfe474d80ae2ae7ac0ae854b1789f36ac238733,javascript_ast_syntax,26,,11;15,False,,,NO
frontend/src/features/catalog/LinkExistingVariant.jsx,72695abcbbee72c53c9a7a7ff415b0cd6be4a90402bdde97ef9759661ada5506,javascript_ast_syntax,19,,,False,,,NO
frontend/src/features/catalog/MasterGovernancePanel.jsx,aa9dba838f60134aa7c7ce60944fcd2b4c7fc41d830ce9c135df9360ee02d1f7,javascript_ast_syntax,70,,,False,,,NO
frontend/src/features/catalog/ProductRelations.jsx,932ac4a9186a70716d1118e1e04449f8377c2e28f18b905159a0c07e71b1528b,javascript_ast_syntax,36,,,False,,,NO
frontend/src/features/catalog/SpecVariantFields.jsx,0f8642c63ba649206519621a147f6015746e69e51b64b45f49161788fb893621,javascript_ast_syntax,92,,46;63,False,,,NO
frontend/src/features/catalog/VariantCard.jsx,44fa766f1202618b1df61f2e74b2e9e2a492dda0dcc7c47b6d111295f90fbee7,javascript_ast_syntax,35,,15,False,,,NO
frontend/src/features/catalog/VariantEditor.jsx,9a8d14449d11a4c04bf8cd60580b3a3131b6baef868d7b95368ac83aac17a808,javascript_ast_syntax,36,,,False,,,NO
frontend/src/features/catalog/VariantMedia.jsx,1fe24e5d0ccfc011f5668996857d9af2fbb54c27d2c9138bd0ebe663fbaac152,javascript_ast_syntax,72,,23,False,,,NO
frontend/src/features/catalog/catalog.css,bade3c42332bbb9ef6418661739c96ea282234a3329b8ecf1a785e49fa352cc0,inventory_only,12,,,False,,,NO
frontend/src/features/catalog/catalogApi.js,d62db929e74507fb5293f9418e4f0b626a4bd6e57d79e57ca44505e04884ebd7,javascript_ast_syntax,24,,,False,,,NO
frontend/src/features/costing/CostingView.jsx,b784652c7eac110c6c69e8bcd9fbae3f586969d98be8f176c11f84c0e65716a4,javascript_ast_syntax,146,,53,False,,,NO
frontend/src/features/crm/ARReceiptModal.jsx,9bf4c8a9c62c44e484561e6b34c1e6d2c5fa323f0d9e072680c5711046b6cf14,javascript_ast_syntax,334,,59;66;85;88;89;104;105;119;141;142;196;261;262;269,False,,,NO
frontend/src/features/crm/ARReceiptsHistory.jsx,465ec29e4dd07bf39621df3e66041c028e96af9958d5f8205357d61b41b061d7,javascript_ast_syntax,165,,,False,,,NO
frontend/src/features/crm/CollectionWorklist.jsx,7ffafe20de23e3e78f2b37c7bc2be3206bcb7881769f2fcf905b182ba5176755,javascript_ast_syntax,177,,59;60,False,,,NO
frontend/src/features/crm/CreditOverridesPanel.jsx,993dd397fa96db59f1af3ae1ac8db3b7fa630307f12c09b09f77913e57ce33d3,javascript_ast_syntax,112,,,False,,,NO
frontend/src/features/crm/CrmView.jsx,7b0c8c87e9cc382d085ae4f7035acab369a50e7863acb3b38b15650c8c1d4887,javascript_ast_syntax,56,,,False,,,NO
frontend/src/features/crm/Customer360Panel.jsx,b2c2eb09be51e9a2b58b4c8666d13279d8f76afdf82dd262ace42ac57535604b,javascript_ast_syntax,350,,54;88;302,False,,,NO
frontend/src/features/crm/CustomerColorsSection.jsx,751d75f00778212a1652458b8bf9cf5a06bc14d87a1266956207a9a24ca978e7,javascript_ast_syntax,69,,,False,,,NO
frontend/src/features/crm/CustomerFormModal.jsx,fe7390fffc337863ca98ac8a13f151446a607ba0e1082eaa891fa3c70a92cd8d,javascript_ast_syntax,297,,98;99;109;120,False,,,NO
frontend/src/features/crm/CustomerList.jsx,1f82090ebe4b780a8998f31a9f41b9edc6ba0a4afeeaebced833e4e362706864,javascript_ast_syntax,200,,19;21;22;154;155;172,False,,,NO
frontend/src/features/crm/CustomerMergeSection.jsx,7a1eac9a0d167ca5357763b1ce12fd1e81d6c941bc4288dafbf32a3f327ffac6,javascript_ast_syntax,63,,,False,,,NO
frontend/src/features/crm/CustomerSalesTeam.jsx,1e47004766878669aea19d1f935d3e26a7ab28b2a695b756597dd8e57b8e35d2,javascript_ast_syntax,133,,10;12;29;32;33;40;42;111,False,,,NO
frontend/src/features/crm/IncentiveRatesEditor.jsx,13f3e590fa1d9213868d0b20b0cff3ff8321a0ab6b2d65450095dd688a538bd6,javascript_ast_syntax,247,,90;91;92;93;94,False,,,NO
frontend/src/features/crm/IncentiveSchemeEditor.jsx,bf592a37f337f64ca19b8abbcbc2abb45599128a57cc04fec8ee890d8d883c15,javascript_ast_syntax,341,,68;88;89;90;103;111;116;117,False,,,NO
frontend/src/features/crm/LeadsPipeline.jsx,94f154cf5f93eed86d4a567a7809f6de19c0c97077c9f6228300cb7dddd6879c,javascript_ast_syntax,274,,114;215,False,,,NO
frontend/src/features/crm/OmnichannelInteractions.jsx,951be6907211ed2742e46d2a562222581137fe1139d43e19b8456c99b18a7cac,javascript_ast_syntax,206,,,False,,,NO
frontend/src/features/crm/SalesForceDashboard.jsx,d6971bcb9895a65e03fb8fd6fc13762ffc773ffb76c3049cef412a8454e5512a,javascript_ast_syntax,308,,209;212;231;276;277,False,,,NO
frontend/src/features/crm/crmUtils.jsx,a0bf04ec2a99b0b112004e03df0760862eccee1e1f8de42193e8215a5c6bcb14,javascript_ast_syntax,58,,12;57,False,,,NO
frontend/src/features/design/DesignRequestCreateModal.jsx,3ab1c4ab44d5eb50fe377a2cc481f4a21128df3f29b4aa9e74348eafa7c07b01,javascript_ast_syntax,175,,,False,,,NO
frontend/src/features/design/DesignRequestDetailPanel.jsx,e1fb9f249d17677e55a65347c379d898b51c06dcec98cd8fcff2af5d2a3538aa,javascript_ast_syntax,285,,,False,,,NO
frontend/src/features/design/DesignRequestsView.jsx,7d2066710290aea5e81446dcf7b6a928ab807a9d790234a6b4ea022ff2770475,javascript_ast_syntax,377,,129,False,,,NO
frontend/src/features/design/DesignerReportPanel.jsx,d6fa8e78d1772c36d8dc1bbb6ec4a6c0469de14bf2af8205e280c2cef0077fe5,javascript_ast_syntax,134,,,False,,,NO
frontend/src/features/design/LinkedDesignsPanel.jsx,ecefa50dc8c93504a6fd7016c073ae2e9eaafb16c6782742731169b5482d9e6f,javascript_ast_syntax,129,,,False,,,NO
frontend/src/features/design/MyDesignerReportPanel.jsx,06aa99d812fcc19c8ed7bd79ddea41653553722f9464617526263a3b2a634b1e,javascript_ast_syntax,162,,,False,,,NO
frontend/src/features/design/ReferenceGallery.jsx,8b08e9fcd249aa884f8894bd35949d265e4d29d461a0d917fcd3ca89552dd85a,javascript_ast_syntax,62,,,False,,,NO
frontend/src/features/design/designRequestsApi.js,425e525a2795b77893776a6cc6a26d0ea0bb7d384824967a6f6077b424770239,javascript_ast_syntax,169,,,False,,,NO
frontend/src/features/designer/DesignScoreTrendChart.jsx,37197209281d0d38fa9294b6f17d26c5894008e8a4781b6f29765ad4fbe42f33,javascript_ast_syntax,129,LineChart;ResponsiveContainer,37,False,,,NO
frontend/src/features/designer/DesignerKpiTable.jsx,4f25bac13c71848a2057db09bea05e127d61f9b31abd0bc07a8854acf171507a,javascript_ast_syntax,216,,52;53,False,,,NO
frontend/src/features/designer/DesignerKpiTrendChart.jsx,26f9b9df4161ee19f8bfec8216687b5a2512095668353a90693dada4db802f34,javascript_ast_syntax,167,LineChart;ResponsiveContainer,40,False,,,NO
frontend/src/features/designer/DesignerKpiView.jsx,682875e69b7e9315e0c186f3dd8a4ec61fbe86b35b3702cc421d050d7e6a224e,javascript_ast_syntax,380,,109,False,,,NO
frontend/src/features/designer/DesignerSlaPanel.jsx,cf2ff993e2581d293676f5bad2f7d6d3f75d52333a853bcc52ecd78f9c17f490,javascript_ast_syntax,129,,,False,,,NO
frontend/src/features/designer/DivisionsView.jsx,bccaad2b38fc8818d13e440034b0f0c8eb6709fceeb2c24dbebb97f3077fe554,javascript_ast_syntax,301,,,False,,,NO
frontend/src/features/designer/designerApi.js,811bb81ca3ff73a4f4bf2df436055309ee46223b3384b8cd257a01172d3d501d,javascript_ast_syntax,59,,,False,,,NO
frontend/src/features/designer/designerMeta.js,7d5f80f68b057a2b478f9a2a439085c4d977bd68078be8f3ac059b29c9586c7a,javascript_ast_syntax,66,,,False,,,NO
frontend/src/features/desks/RoleDesk.jsx,80dc2a3cd8eb0b3c25cd5c1a9c5af082b18119330bccc46a0b828a9f92b8c02c,javascript_ast_syntax,134,,75,False,,,NO
frontend/src/features/documents/DocumentActionsBar.jsx,24c4f93b17a32a4af088c42ba16600dc227d3083c0b39d79a07140e6215da038,javascript_ast_syntax,165,,,False,,,NO
frontend/src/features/documents/DocumentCenter.jsx,aa633c7dd521081adae2a6c835c22e619785cd2dd3acbf80e08390e36d63510b,javascript_ast_syntax,268,,17,False,,,NO
frontend/src/features/documents/DocumentsView.jsx,7712b6269b0c186e8c76c4daa505f043dbaf2c2b134b8f451c844017b698b06c,javascript_ast_syntax,87,,,False,,,NO
frontend/src/features/documents/ESignModal.jsx,d72729b23cb8e72beb53ceb1b19097567e3bc4711c253997bba83a4413adbc17,javascript_ast_syntax,215,,,False,,,NO
frontend/src/features/documents/ProcessTimeline.jsx,234429cb93f50688c6b38bb79d75be48cf67b7717da4ec2b9dae5829a3a8a3f8,javascript_ast_syntax,185,,,False,,,NO
frontend/src/features/documents/PublicVerify.jsx,08d3a634295f22fbc6cf043a1438aaa055b9732a7e81cbfed5bad601f05e5e8f,javascript_ast_syntax,105,,,False,,,NO
frontend/src/features/documents/RecordDetailModal.jsx,363978e9fe1a69407b2d8f957f180303f82d83684d131c04965bbeb047aa6b12,javascript_ast_syntax,115,,,False,,,NO
frontend/src/features/documents/RelatedDocsPanel.jsx,0ed73bc1ae326a546611bfcb7894073595736f8404294d5af2f3a0a673f158b7,javascript_ast_syntax,52,,,False,,,NO
frontend/src/features/documents/WhatsAppModal.jsx,157c86b514690a78038768d64761f569ba0950194eaa6a466010b81c54159d17,javascript_ast_syntax,147,,,False,,,NO
frontend/src/features/documents/WhatsAppRules.jsx,2ccf9a71cdb5aa2c590901e5eaabad321a7d0f1fee2f66c47b59b32d14d10d10,javascript_ast_syntax,184,,,False,,,NO
frontend/src/features/documents/WhatsAppSettings.jsx,2ed20cf3d4aba506007258a945f06351332bd6f293ecb76634f99f94d87bc41b,javascript_ast_syntax,121,,,False,,,NO
frontend/src/features/documents/trace/DocRefsPanel.jsx,ffb8b986ced5e81f240aa88598559af0599e94f529e9ef7a0eb0f42a0f299a2c,javascript_ast_syntax,133,,,False,,,NO
frontend/src/features/documents/trace/DocTraceView.jsx,1691f197b0041e9c135f60c93d1e0b076f2d9f8c489367ec91bf0c5aff419b15,javascript_ast_syntax,291,,226;250;267,False,,,NO
frontend/src/features/documents/trace/TraceBackfill.jsx,96509b61905b0a80a2ad6b3c6c40196e88528c008e549eb702d2d6d713e2e909,javascript_ast_syntax,98,,59;78,False,,,NO
frontend/src/features/documents/trace/TraceGraph.jsx,d4b544adc8b3ee452955e09818bf5f459e8cfc141287f7cdc1f49aa46840ba85,javascript_ast_syntax,154,,53,False,,,NO
frontend/src/features/documents/trace/TraceSearch.jsx,36d3038692872971297d56505cdd4b27a56e82ce837f24be7db6ee56b124a2bd,javascript_ast_syntax,101,,89,False,,,NO
frontend/src/features/documents/trace/traceApi.js,9055f5cd37042619c4eabfdb6fe7d2023941f949bc5e8be9752a16f33031247b,javascript_ast_syntax,92,,,False,,,NO
frontend/src/features/documents/trace/traceDeepLink.js,6ec27584ecce85cd9cdb29598507293c9a69a6885d43862dbc888bccd7fc5a08,javascript_ast_syntax,39,,,False,,,NO
frontend/src/features/finance/ARAgingView.jsx,07ce076c0974bd8602758d8623740ed3cd81774e54eaa8103aea6a9fc48d986d,javascript_ast_syntax,502,,131;313,False,,,NO
frontend/src/features/finance/AdvanceReportView.jsx,72ee8ffcc47a77aa9e89ed8ef82ee1118ae3f7f94e7a9f6860fa888bf3ace118,javascript_ast_syntax,194,,,False,,,NO
frontend/src/features/finance/BankAccountsView.jsx,0e1744ed45030f23669e9c08eb0206576f874e9437fe16b595eaf6063c71b6a2,javascript_ast_syntax,314,,90;103;104;105;106,False,,,NO
frontend/src/features/finance/BankReconciliationView.jsx,cfe8eb38b2b9d60e5280525e1acd0e362cdc262fba7f6b81bda9c8cfe74df2ec,javascript_ast_syntax,330,,,False,,,NO
frontend/src/features/finance/BiFinanceView.jsx,9c9ebf57e6f704235a8242cd0050c2f9716aee9a476326613a0e468758b03da1,javascript_ast_syntax,259,BarChart;Chart;ResponsiveContainer,34;37;38;39;74;78;88;150;151;153;156;215,False,,,NO
frontend/src/features/finance/BudgetParts.jsx,6018198007e80e7ea617b83c9bd96b7790a15338adc387a0a5222a82eade308c,javascript_ast_syntax,312,,229,False,,,NO
frontend/src/features/finance/BudgetView.jsx,d800325c2cd420638855ebfd57050beac5c1af34b96174a5e1989e60cd5588eb,javascript_ast_syntax,237,BarChart;ResponsiveContainer,78;79;92,False,,,NO
frontend/src/features/finance/CashFlowForecastView.jsx,f50152b08a57dda2378acda4dc4c28eb5a6ab1cd2647a804e1a29663cf7ece3c,javascript_ast_syntax,126,LineChart;ResponsiveContainer,,False,,,NO
frontend/src/features/finance/CashFlowTab.jsx,17768ca1cb9fa018131f527765f24f7a2605d8c3610630496c39ae958524a61d,javascript_ast_syntax,169,BarChart;ResponsiveContainer,,False,,,NO
frontend/src/features/finance/ChartOfAccounts.jsx,4595e9d9a906e7070b9cda6ecc4c87db402601c5bed5bf0d9d803e8448348657,javascript_ast_syntax,492,Chart,,False,,,NO
frontend/src/features/finance/ClosingView.jsx,2f56fb0b003321b82e2d17dc83a7b7268ec65937479da3009e2ec217fe6eb814,javascript_ast_syntax,367,,,True,,,NO
frontend/src/features/finance/EquityChangesTab.jsx,d2de74304dae7713c7f4e4a6796b5e19282efcb1dd5a7cf1ed602056403da87e,javascript_ast_syntax,158,BarChart;ResponsiveContainer,,True,,,NO
frontend/src/features/finance/FinanceDesk.jsx,8afe0d92587f021f83eb57cc439b900b8c454e869ed14ed72a2f0943d7ee6d1e,javascript_ast_syntax,182,,69;70,False,,,NO
frontend/src/features/finance/FinanceTowerParts.jsx,f4796188871636540dc57599fb7ca3982fd8db9ce2610ed5531e84187900f574,javascript_ast_syntax,157,BarChart;PieChart;ResponsiveContainer,43;44,False,,,NO
frontend/src/features/finance/FinanceTowerView.jsx,43140f4ce4ec54f94b29c6c03940b9c776bb50f4303c77ea2c38b6ab70fa13e8,javascript_ast_syntax,101,,,False,,,NO
frontend/src/features/finance/FinancialStatementsParts.jsx,bfdb59eec7eda9527199282aa69d8400d4892ec87c2ebca17919a2b6f768b9af,javascript_ast_syntax,127,,7;65,False,,,NO
frontend/src/features/finance/FinancialStatementsView.jsx,9603bdcfc78bf19b3fc990168c5ade38bbf094defa92c184ca2c543de556722a,javascript_ast_syntax,387,,37;49;157;235;236,False,,,NO
frontend/src/features/finance/FixedAssetsParts.jsx,55002b8c742468c68160369843c88f00368f34b27884db854faff9db2f075b6e,javascript_ast_syntax,350,,76;77;79;285;286;287,False,,,NO
frontend/src/features/finance/FixedAssetsView.jsx,c33c00013eb403518605bc295c6aa7d4a7adf18a69648457b16032ca1718cdb4,javascript_ast_syntax,417,,49,False,,,NO
frontend/src/features/finance/GeneralLedger.jsx,3d8cb8c729b34eebc5f3969517f7b567ead39ac1578674b75649ceb926e311b8,javascript_ast_syntax,511,,,True,,,NO
frontend/src/features/finance/GeneralLedgerParts.jsx,be845a2879d1dcee2066f45da2e47b8c46a2abe4f6795d5645e9fbe31b049744,javascript_ast_syntax,34,,,False,,,NO
frontend/src/features/finance/GroupConsolidationView.jsx,98a7e7fc12e14716579964d1e66a0f1fc158a24ffaa534c3845de6ef367e87af,javascript_ast_syntax,468,,356;357;361;367,False,,,NO
frontend/src/features/finance/InventoryReconTab.jsx,b19129fefac8cf50238ff99dc3e2f72d745a86732e0dc248db7d0250ac3999a3,javascript_ast_syntax,420,,,False,,,NO
frontend/src/features/finance/JournalEntryModal.jsx,4ba501d8ca95b74f4db8fe7febdc8ecc40c19f2a39367ad55a99d0ae5d1eda2f,javascript_ast_syntax,163,,43;44;45;50;62;63,False,,,NO
frontend/src/features/finance/PeriodUnlockView.jsx,439e24ea5d7cd9944a1b92be22135b97f4aedc605a359e114cc9c2f1a46d9f59,javascript_ast_syntax,349,,32;33,False,,,NO
frontend/src/features/finance/PostingFailuresView.jsx,af4691ce0f463f919888f6b1e6675f91598ddb05a0ad76b8d3fa63d2fcd16c24,javascript_ast_syntax,85,,70,False,,,NO
frontend/src/features/finance/ProfitabilityView.jsx,d69850db6ca7cac6203481c3b73299ee7b56afeea97b4a8ea5b285989f0183c4,javascript_ast_syntax,174,BarChart;ResponsiveContainer,65;162,False,,,NO
frontend/src/features/finance/StoreCreditView.jsx,cc15a9a2576722fc08dd01a4d13a27182850011d1e42b3efbe2829581ee167dc,javascript_ast_syntax,471,,79;80;295;335;359,False,,,NO
frontend/src/features/finance/SuspensePanel.jsx,617b3a278c5cdeaa4fa05e29bccef852e320e8bb70a1d8d755a3bb92d9d5f3d5,javascript_ast_syntax,186,,65,False,,,NO
frontend/src/features/finance/TaxCenterView.jsx,a25b88400fe134af2f285f1989f8b85dcbc23b315ca512ee3a1191b36e079e09,javascript_ast_syntax,424,,359;366;400,False,,,NO
frontend/src/features/finance/TaxInvoices.jsx,3d32248941d9e1f0344250a1176a1fbeea5536c40e74033e3db8f105d72bba4e,javascript_ast_syntax,325,,,False,,,NO
frontend/src/features/finance/amendments/AmendmentCenterView.jsx,b4803a714dca732eda0a77f683a4f1179b954fb88742b9412ae0ce50172c7108,javascript_ast_syntax,234,,87;186,False,,,NO
frontend/src/features/finance/amendments/AmendmentChangeList.jsx,1cc60de027326004ddd0ff748120cf39505d0874b38b53f6d238033c5d76af83,javascript_ast_syntax,47,,13,False,,,NO
frontend/src/features/finance/amendments/AmendmentDetailPanel.jsx,ee16e44fe02f2670e4ef2a4d9f12d48036781da6aa3a0f41679dff8a58d5105a,javascript_ast_syntax,230,,,False,,,NO
frontend/src/features/finance/amendments/AmendmentImpactCard.jsx,847d14d41c957362bb05cd3b83ac9ee4ce03cb90ec80e9e03759cd1e8c265b5a,javascript_ast_syntax,82,,16;17;18;19;46,False,,,NO
frontend/src/features/finance/amendments/AmendmentProposeModal.jsx,3e9b3d72930fb61909aab545e635dfac81a0ed8985185bbeb819789d34393805,javascript_ast_syntax,417,,41;42;50;51;52;54;55;56;62;93;94;143;144;205;303,False,,,NO
frontend/src/features/finance/amendments/AmendmentReasonsPanel.jsx,05a699e277dd205cb273fa9707e700ffec52d5561a8188641324667d1957ef98,javascript_ast_syntax,190,,,False,,,NO
frontend/src/features/finance/amendments/AmendmentTrailPanel.jsx,debca20d8bcbaeb512a88d53f19dcc45832afe46e904c16a6a7fbd4d06cc5f02,javascript_ast_syntax,152,,93,False,,,NO
frontend/src/features/finance/amendments/amendmentApi.js,1967a5ef27f3419ca1c3e0610a67d7fc1a54153b0817305d14c1e9553a983a72,javascript_ast_syntax,121,,,False,,,NO
frontend/src/features/finance/bank/ReconContraBonModal.jsx,635e5e8db154f79eae5bfa567cd806dbe33132d22210c381261fdcb76776c29d,javascript_ast_syntax,131,,,False,,,NO
frontend/src/features/finance/bank/ReconFormatsPanel.jsx,f279c4f71a5239d66593c6d9d17dde9a5b848d2e69dd56039e575df86befa74e,javascript_ast_syntax,291,,67,False,,,NO
frontend/src/features/finance/bank/ReconHoldingPanel.jsx,b697d0bc1bd435b29bd74c833777488c8008a9e21a431626e22400f213560b26,javascript_ast_syntax,341,,80;81;107;129;130;205;213;220,False,,,NO
frontend/src/features/finance/bank/ReconImportPanel.jsx,02b9075eadac2dcb79fd53e0adbdd5f23f5e31ad465eedc6b1ce6299bb518cd6,javascript_ast_syntax,160,,,False,,,NO
frontend/src/features/finance/bank/ReconLinesTable.jsx,fd2ce14513d80e7a67eb377db1f5a347812a11b11d011587821110f0bd4779e5,javascript_ast_syntax,345,,39;46;58;83;111;182;323,False,,,NO
frontend/src/features/finance/bank/ReconMatchModal.jsx,006a40d5aa3ac040026af53a570648fbfce016f3b2ae288d6ad19d8fb7a65910,javascript_ast_syntax,189,,43;44;46;52;58;59;92;93;148;157;167,False,,,NO
frontend/src/features/finance/bank/ReconRulesPanel.jsx,ebb9a61234e3e08c76318873cac41742c56ab907afad9efc37ee6e8dce4c9ff6,javascript_ast_syntax,109,,,False,,,NO
frontend/src/features/finance/cases/CaseCreateModal.jsx,e2fc71382463a6aa6d6f0eb089a84bca1ea1900ec12f2b7503c02779c69197a4,javascript_ast_syntax,146,,45,False,,,NO
frontend/src/features/finance/cases/CaseDetailPanel.jsx,8f645a1b3ce5f9edf3096608942bcad92fc4c62e137e24b310dd673846aded8b,javascript_ast_syntax,358,,,False,,,NO
frontend/src/features/finance/cases/CaseInboxTable.jsx,55c134f86861e18b7565f7e573e8f03f16b1c989d24ca6703881d0e70b887197,javascript_ast_syntax,105,,,False,,,NO
frontend/src/features/finance/cases/CasePlaybookWizard.jsx,d0753e64098b160ac4b4c88863c02ab89f4cb4797d1e278839d7f9b3061a3d49,javascript_ast_syntax,383,,92;93;94;95;100;121;129;130,False,,,NO
frontend/src/features/finance/cases/FinanceCasesView.jsx,0013f4d3a53963d6192fa15384cc75a1ba4ff5fafdb14115ed83a51db5d893f7,javascript_ast_syntax,374,,,False,,,NO
frontend/src/features/finance/cases/caseApi.js,3bc1d4ab1dce997fcce3488c2cfe540fdfff8d85ff6340b3824e60835f50f811,javascript_ast_syntax,84,,71;73;74;75;82,False,,,NO
frontend/src/features/finance/cases/caseDeepLink.js,5e69179da11f806c66c9b16b130955c1d56ac710290b69e5c0fb1bbcaa422cab,javascript_ast_syntax,46,,,False,,,NO
frontend/src/features/finance/financeShared.jsx,5e8fafb7d691eb5b65facb94c89d90f0dfd3c448964b5e53abe81d5518fb35ef,javascript_ast_syntax,117,,27;30;31;32;37;97,False,,,NO
frontend/src/features/finance/interco/IntercoCancelModal.jsx,82abaa3cbb5550e55a3749a81c8e7397fbd70ed69b200c3ed8b3006694e7f1d2,javascript_ast_syntax,110,,,False,,,NO
frontend/src/features/finance/interco/IntercoCreateModal.jsx,cddad8b14a317a643c78ac9a48bcf87888196d70532f720b4c38a422a063a514,javascript_ast_syntax,228,,59;60;67;70;71,False,,,NO
frontend/src/features/finance/interco/IntercoDetailPanel.jsx,67bef6a589479ad8847eab8195644a5c74813ba6bf036d4814dd37713920a99a,javascript_ast_syntax,402,,,False,,,NO
frontend/src/features/finance/interco/IntercoDetailParts.jsx,088ef96dceaf3c46e48e1ef2fb2dc8f7c00f69f001cd81c298e0c1df8fae6899,javascript_ast_syntax,217,,147;148;171;174,False,,,NO
frontend/src/features/finance/interco/IntercoLoansPanel.jsx,cebc1efcc0153f5ab3adff6ab57f170451d866b377caf55bef0cea11386363fd,javascript_ast_syntax,305,,197;198;199;236;242,False,,,NO
frontend/src/features/finance/interco/IntercoMarginPanel.jsx,f33d6aa994112fc9ba78fe42dd2498dbf98e0262795f6c3d1795f6cd76bdf6d3,javascript_ast_syntax,344,,228,False,,,NO
frontend/src/features/finance/interco/IntercoPanels.jsx,990a435fac4be8e9fd437e6da18dea007bdad1b2e96e2f1453f8b725a14a187c,javascript_ast_syntax,327,,59,False,,,NO
frontend/src/features/finance/interco/IntercoReturnModal.jsx,b2f929502e4eceb90909495c6177b1b9b5eefcace5d663bc239d00267af26f7f,javascript_ast_syntax,271,,42;43;45;46;49;51;64;65;77;137,False,,,NO
frontend/src/features/finance/interco/IntercoReturnsPanel.jsx,416977d1b750ce6811e60dee5a666fe4522941f000a121071a8c3ecc6e8560cf,javascript_ast_syntax,222,,95,False,,,NO
frontend/src/features/finance/interco/IntercoSettlementModal.jsx,3201f12e360aaaaddafc9030b599c59fba4269011c6512d64974f2c754cd87a9,javascript_ast_syntax,213,,53;58;65;66,False,,,NO
frontend/src/features/finance/interco/IntercoTaxModal.jsx,71a787efc05e6dad35ee82c991ff433907033ca1aa3012ae74393267bf83b6df,javascript_ast_syntax,231,,,False,,,NO
frontend/src/features/finance/interco/IntercoView.jsx,92693988abddf28c118e05469f70f94ee1d7e321e1f653f125f7dbeb726035c1,javascript_ast_syntax,361,,,False,,,NO
frontend/src/features/finance/interco/InternalContractWizardModal.jsx,7e10756ef3a74015af0abe0c40bc330042d11b490a6fcb2ffaa6a9a42b07fb4d,javascript_ast_syntax,164,,52,False,,,NO
frontend/src/features/finance/interco/intercoApi.js,0c9fefc53996f440d7aa9b8013e3bee7e79a558df8a652061d3abe0d0cec2999,javascript_ast_syntax,177,,,False,,,NO
frontend/src/features/finance/payments/PaymentPlanBuilder.jsx,a03f81a69219ee7a93ef4268df24dc230ae1347abc0b09fcfcae0b29d81d2c1d,javascript_ast_syntax,237,,42;43;44;51;52;64;72,False,,,NO
frontend/src/features/finance/payments/PaymentPlansView.jsx,a1454924c50c8e9f872e90add93c11010899c8ee1636d6eae5095abec9b19df7,javascript_ast_syntax,261,,,False,,,NO
frontend/src/features/finance/payments/PaymentVarianceDialog.jsx,13a259be441f49e3e060b7537965ad0a8881c03cc63f36b124bba08a1aa55186,javascript_ast_syntax,306,,36;37;69;70;81;82;93;108;109;239;240;278,False,,,NO
frontend/src/features/finance/payments/PaymentVarianceQueue.jsx,b4d390f0588bba8d69722c31733de8008051369a253e15027a56c148bdb27df6,javascript_ast_syntax,332,,205,False,,,NO
frontend/src/features/finance/payments/PenaltyPanel.jsx,1e7c76e518cd89b349986cfeaa40621303dec1ab7e4a63bf4733da6a9e8908cc,javascript_ast_syntax,187,,42;43,False,,,NO
frontend/src/features/finance/payments/SoPaymentPanel.jsx,932b5c0efd745b474e2701350e315c2b3c578236b6c3a88f9e3689cf62ccf57b,javascript_ast_syntax,154,,23;35;111,False,,,NO
frontend/src/features/finance/payments/paymentApi.js,464ba6f763c04928e5e0eddcec794f3c9888fd3390a05125218c2f861b662877,javascript_ast_syntax,176,,36,False,,,NO
frontend/src/features/home/AdminHome.jsx,2fdee4b5065d9ed43816c488a484e86f29e35c0521ad85b54688ffbc80b26bf6,javascript_ast_syntax,300,,15;246,False,,,NO
frontend/src/features/home/ManagerHome.jsx,b4cbb68b95956597bf22f5dd8e8b582427eb617d66cd5c38513902d069ebf814,javascript_ast_syntax,464,,66;67;72,False,,,NO
frontend/src/features/home/SalesHome.jsx,67b38f6b03a5e7e5792cc7e4e070cf0c8041315979925698cc773b246ec7d534,javascript_ast_syntax,260,LineChart;ResponsiveContainer,15;118;139,False,,,NO
frontend/src/features/hr/AiIllustrationPanel.jsx,d654d9d85a0a66e6d9a000d96a7815fb506fcf567305f2036278d59150b46009,javascript_ast_syntax,180,,,False,,,NO
frontend/src/features/hr/AttendanceSetupView.jsx,484da9db36e08c583642575ad47ff0cc15c16ef0ef875b884bfc6c8653f1b8c4,javascript_ast_syntax,211,,79;87;138,False,,,NO
frontend/src/features/hr/AttendanceView.jsx,82703225ed46cca1b8d9b0162362a192edb99f54ccee601f407025b677ca413f,javascript_ast_syntax,345,,27;29;100,False,,,NO
frontend/src/features/hr/DesignGalleryView.jsx,58fb337b0afd673a4b1474bfba4b3c0a8dd9fd1a5d881ee1632452e3ff99f00b,javascript_ast_syntax,163,,,False,,,NO
frontend/src/features/hr/DesignShowcaseModal.jsx,36160f32dfa12701744a629697263d10fa942c7ae2331d0014f7823249569529,javascript_ast_syntax,205,,12,False,,,NO
frontend/src/features/hr/Employee360Panel.jsx,db74a4e416aee37d818a55c27531a0514c6671ee5ef9b6b04131f3ad7346ab1a,javascript_ast_syntax,234,,9;10,False,,,NO
frontend/src/features/hr/EmployeeFormDrawer.jsx,1d43e084ea498a7352a9c27db1baafea05fa7d57a8d2378ee68be272f7a94859,javascript_ast_syntax,264,,75;85;86,False,,,NO
frontend/src/features/hr/EmployeeSelfService.jsx,3e6f29e106aac7bd6ae93815f9a9eaeba857bafb2e457f6897a69119a46d99b4,javascript_ast_syntax,231,,157,False,,,NO
frontend/src/features/hr/EmployeesView.jsx,440fe8d6e15fe1d5414163ccd52cb8aed5515f8e019df9572077836da25aa27a,javascript_ast_syntax,233,,,False,,,NO
frontend/src/features/hr/GalleryImage.jsx,f399bde7be3ac907b472934f7bf8062ebbec17f83d2ad1e4545dadf16c606bcf,javascript_ast_syntax,17,,,False,,,NO
frontend/src/features/hr/HrAnalyticsView.jsx,c3fd03b13a29f655b12f3de3254aff10805c990e591b017e63f6dd4573f6ca18,javascript_ast_syntax,233,BarChart;LineChart;PieChart;ResponsiveContainer,16;18;19;20;21;172,False,,,NO
frontend/src/features/hr/KpiView.jsx,ed65d3dee19594aae212b1d469044a332424adb62b41a6d852dc8caa7cdc27a1,javascript_ast_syntax,232,,72;73;75,False,,,NO
frontend/src/features/hr/LeaveView.jsx,156eafbdae1a5aea16dc0af83e8a15ffc38e50daf2632642f784b1523f3baf92,javascript_ast_syntax,285,,239,False,,,NO
frontend/src/features/hr/LiveTrackingView.jsx,71f958030670a6e0b2f43185cf1ee2971080e5e5e55ed5c8b1d1b727268586f9,javascript_ast_syntax,243,,147;213;214,False,,,NO
frontend/src/features/hr/MyDesignerKpiCard.jsx,151675aee7abad679f6ed1a1a8e3bbc57834273b11048bd3235758271726333d,javascript_ast_syntax,217,,,False,,,NO
frontend/src/features/hr/MyKpiCard.jsx,a85fef32352f11abef3b7f8dc9c41fef2b82e6652011ed23e2734025f80ad359,javascript_ast_syntax,66,,27;28,False,,,NO
frontend/src/features/hr/MyLeaveCard.jsx,c76dc43bfe47e37c58d736d55a5df223e406fac2dd2834691aea726d010bbfb1,javascript_ast_syntax,163,,54,False,,,NO
frontend/src/features/hr/MyPayslipCard.jsx,6f2f4cb56e936f1d8f5ff50811f13b25373620305356921e1855c22b7ffddc53,javascript_ast_syntax,44,,,False,,,NO
frontend/src/features/hr/MyVisitsHistory.jsx,dbafd110f0652c4740da6e0ed5d7d86ea9c5e1e98ef21f52e89ed56d58e6753b,javascript_ast_syntax,121,,,False,,,NO
frontend/src/features/hr/MyVisitsPanel.jsx,48fdf1b1d3035fea54264e5845fd1dc0bf3f0057a409ee4c42bd4739a599550e,javascript_ast_syntax,173,,39;49;50;54;66;67,False,,,NO
frontend/src/features/hr/OrgUnitsView.jsx,7b7d59a6bc3a61af9e89f801dcd9293926e7ab2105ccf3820bf11402c746156e,javascript_ast_syntax,227,,,False,,,NO
frontend/src/features/hr/OvertimeView.jsx,c38273e81e4653bbc84166626c4b23cc781e5003809617d84a13a5e2824794e5,javascript_ast_syntax,158,,29,False,,,NO
frontend/src/features/hr/PayrollRunsView.jsx,c6a13668837bb79dd08be32d0b3ea44922877b14e03bbe020605246f51324bbd,javascript_ast_syntax,202,,,False,,,NO
frontend/src/features/hr/PayslipsView.jsx,e56bb966e568dd8682027e1d448530ef65dff792a86750a0c959fe530765b7c1,javascript_ast_syntax,115,,,False,,,NO
frontend/src/features/hr/VisitsView.jsx,c1b8e837c85a2aee965a4cac0c2a2cf5f3184125acbaa9568d115570d6cead6c,javascript_ast_syntax,179,,60,False,,,NO
frontend/src/features/hr/galleryUtils.js,6649c277a172d1267b64c3ec74c150f59310ec4486b6ac022b1dc8e6fec2abea,javascript_ast_syntax,30,,26;28;29,False,,,NO
frontend/src/features/hr/kpiUtils.js,781725ae74a2008de262ed9710c422878a7899ed3343192700ad80378776e836,javascript_ast_syntax,42,,21;29;39;40;41,False,,,NO
frontend/src/features/hr/leaveUtils.js,5a2d901309569be7ac7303cc83b73735a258623e1d49d8296ad91ec88c9391cc,javascript_ast_syntax,57,,,False,,,NO
frontend/src/features/hr/payrollUtils.js,98d70a1aa81344e4ff7abc54055352c50976eb6943fedeea36dc3b31add5806d,javascript_ast_syntax,35,,6,False,,,NO
frontend/src/features/hr/trackingUtils.js,1a7151fe8e70d786795829687e2acd074267c0bbd41eddc5846557f4016a31be,javascript_ast_syntax,82,,12;14;22;24;26;28;36;80,False,,,NO
frontend/src/features/inspections/InspectLineModal.jsx,5afc6d2c139a5d1ca6ecb8508d11b617ccf9c1a8934b93b5c8edc2d471e04897,javascript_ast_syntax,215,,60;82;83;86;87;90;91,False,,,NO
frontend/src/features/inspections/InspectionDetailPanel.jsx,f332712cbb0644dae8a38e2ec7f00d4813b395b0c01a4e290025e674ad755830,javascript_ast_syntax,406,,61,False,,,NO
frontend/src/features/inspections/InspectionFormModal.jsx,3e48235c555f79f9916a0a2b6c5bd441d3895dd175ea50c11ed02187f0fa7fb4,javascript_ast_syntax,171,,,False,,,NO
frontend/src/features/inspections/InspectionsView.jsx,205c380dc32e583799e652e50554c1d20ebcd454b7845e4634baa419b26e0a4e,javascript_ast_syntax,351,,,False,,,NO
frontend/src/features/inspections/inspectionsApi.js,5c83b4ec95fd0232ed7c20af5671b533ff9daab09633a17087b911df67856182,javascript_ast_syntax,162,,,False,,,NO
frontend/src/features/internal_requests/InternalRequestCreateModal.jsx,d0a5c83a12344afd5f27c5c0e1de5f321d3ea5e14e6630c3e89f7a43e15ca6da,javascript_ast_syntax,248,,93;95;100;105;171,False,,,NO
frontend/src/features/internal_requests/InternalRequestsView.jsx,a64a2542d9493bdcb4c947723bbb7af732112910cd793a082d4c48825930fcd3,javascript_ast_syntax,535,,,False,,,NO
frontend/src/features/internal_requests/internalRequestsApi.js,4d838fefaaf806fb66d5951998b89cf6e5e5549eee4c48c685432b114a5eb3be,javascript_ast_syntax,53,,,False,,,NO
frontend/src/features/inventory/AtpDetailPanel.jsx,615f3f91e14a1e46fb718202a28a059f124f678d27fd51dd0f49148496889b31,javascript_ast_syntax,112,,,False,,,NO
frontend/src/features/inventory/CycleCount.jsx,3cd16e202a02d0fe9648a659f72484a215399b58663cd0041603a0ff938734e2,javascript_ast_syntax,463,,113,False,,,NO
frontend/src/features/inventory/InventoryStatusBoard.jsx,4bd042ac47ad491cef8861f654af394395aeac8616df9202672576519f313c4a,javascript_ast_syntax,357,,16;75;76,False,,,NO
frontend/src/features/inventory/PendingSoTab.jsx,41afcb3eba9a2ba6b915e313a85774088ee82e325ad7aa321718715b8e560c1d,javascript_ast_syntax,107,,,False,,,NO
frontend/src/features/inventory/ProductPurchaseHistory.jsx,cddbfcdf997f7f650dfe336e0aa2a77884ef31d6e587cc083336f7fa0cfe0471,javascript_ast_syntax,149,,21,False,,,NO
frontend/src/features/inventory/StockAnalyticsView.jsx,e20638355e9839e66589cb762b33ed6b2940f4474646b083ab9008893a99bacb,javascript_ast_syntax,279,BarChart;PieChart;ResponsiveContainer,14;16;17;18;19;22,False,,,NO
frontend/src/features/inventory/StockBucketsView.jsx,893d99607bdecfc05dee8c5c9ffc7cbb8c1baf178d3ef90e88ff10cb6885e528,javascript_ast_syntax,376,,82;102;288,False,,,NO
frontend/src/features/inventory/lots/LotActionModals.jsx,ae0cb439e9168c334a54569f17363898f4965026aba5adcadd1e6d9877362382,javascript_ast_syntax,452,,385,False,,,NO
frontend/src/features/inventory/lots/LotDetailPanel.jsx,895c5f9b77feab88c66ef1bbe2a2ddf06e9fa23cf4622492d9c4ab24a6c101f0,javascript_ast_syntax,308,,,False,,,NO
frontend/src/features/inventory/lots/LotGenealogyTree.jsx,9c560fd2d982d65e8c151af1e6006058465590585ed26a475f365da63a23e9ae,javascript_ast_syntax,120,,,False,,,NO
frontend/src/features/inventory/lots/LotParts.jsx,650fc6dfb8951385ed36f98de5038cfa91e6e3805b98e6dde5a008aa11adb7ac,javascript_ast_syntax,199,,,False,,,NO
frontend/src/features/inventory/lots/LotRecallPanel.jsx,9f7b709bf684017de948d1b239c1b2fd0fbdb44c54f7e5d49c6fe8db11aa3038,javascript_ast_syntax,117,,,False,,,NO
frontend/src/features/inventory/lots/LotsView.jsx,01ec46fb9be711168b891abbe869099136534f5b80e30c76ff2fba970ab1f6fe,javascript_ast_syntax,343,,,False,,,NO
frontend/src/features/inventory/lots/lotApi.js,a8cff431164c51b50a411e007bd73fd02506c69a89fb02a2226eb091ed909851,javascript_ast_syntax,67,,,False,,,NO
frontend/src/features/logistics/DeliveryCreateModal.jsx,4aa32f5c1998a60456f3789f3ca143521eb3f4e1f5c0cdf1b0fb5f77f4534fc7,javascript_ast_syntax,143,,61,False,,,NO
frontend/src/features/logistics/DeliveryDetailModal.jsx,6d2c74b18fe6f30c6be8995834be3160c5b67429d72bc5a998008c32b4ee5d31,javascript_ast_syntax,245,,27;200,False,,,NO
frontend/src/features/logistics/DeliveryPhoto.jsx,d4f9bf178fd39be8d181d08d42ab89a3b083e5105779d6c8406408b3ad8aad27,javascript_ast_syntax,19,,,False,,,NO
frontend/src/features/logistics/DeliveryTable.jsx,55003bc03863abf2c12d67aaaf381d4bfd0f8c8938eaf1209304b8abaa059b8f,javascript_ast_syntax,107,,,False,,,NO
frontend/src/features/logistics/DispatchDashboard.jsx,206bc428824e0a0f658ede30e7d09da1793534b25f2ae10a798bebee8dcdb3b6,javascript_ast_syntax,201,PieChart;ResponsiveContainer,34,False,,,NO
frontend/src/features/logistics/DriverTodayPanel.jsx,128be6d1636373646677902aec4ab3bf7f258e5efe0650e5b66113ec7f59a336,javascript_ast_syntax,96,,,False,,,NO
frontend/src/features/logistics/FleetPanel.jsx,75d8274269447c8586f1a50d8f22540e70a4fe9b9f2963e50795011aa7dcb0d3,javascript_ast_syntax,124,,,False,,,NO
frontend/src/features/logistics/HistoryPanel.jsx,f64f12e3c5adbdac550f839881bf9e436c9ee5e46aec285691984a88127ae024,javascript_ast_syntax,96,,29,False,,,NO
frontend/src/features/logistics/LogisticsView.jsx,f8736cba892c36275f73c254a287aee2d4bfc39747057ff724895786dd6b6116,javascript_ast_syntax,163,,,False,,,NO
frontend/src/features/logistics/PickupHandoverPanel.jsx,ec0e447853c54f7aa548d3f153de519dd99b2ca13f3d1653b5fd60111f59c613,javascript_ast_syntax,64,,,False,,,NO
frontend/src/features/logistics/PositionMap.jsx,fb939d9022a268bafe41260759a732c595ea89f3d9c0d7bb5e95ba9f30e0e0e9,javascript_ast_syntax,44,,13;14,False,,,NO
frontend/src/features/logistics/logisticsApi.js,b0e99451bdc947da5cb210b400d78c2e39f80b26a508c30f6f30cb3d41131e4f,javascript_ast_syntax,65,,,False,,,NO
frontend/src/features/logistics/logisticsDeepLink.js,d09bbfad140ace378a3500aaf674fb53170ded1d3aabe203ea31c711f5475119,javascript_ast_syntax,18,,,False,,,NO
frontend/src/features/manager/EscalationManagement.jsx,b14a4e64cb49a67a325a0ebf59c2b85d76e87a512663bd4332de08bcb2f9cfce,javascript_ast_syntax,412,,357,False,,,NO
frontend/src/features/manager/ManagerDashboard.jsx,c2a968abf916ba09f86a5ecb4226979a7fdfafcf4a800f72c87a47554ec9bd9d,javascript_ast_syntax,320,BarChart;LineChart;PieChart;ResponsiveContainer,115;271,True,,,NO
frontend/src/features/marketing/Campaigns.jsx,c4773e75a9fe0f22aa4d9fd579f6e050ce30367860b2854bebbb2bccf4b98231,javascript_ast_syntax,82,,59,False,,,NO
frontend/src/features/marketing/ContentCalendar.jsx,52ee370d6c1dc106909e65e3522c2d2b0e864475c3b4914400ef897597dbf681,javascript_ast_syntax,156,,61;108,False,,,NO
frontend/src/features/marketing/DuplicatePostModal.jsx,dd48633d2d76c7c66bc0560bac4f9eca722a4bf5446de1a3430420c85013c83b,javascript_ast_syntax,28,,,False,,,NO
frontend/src/features/marketing/MarketingAnalytics.jsx,88347c741d099a3e093bf26be08ec8b8b73deaf35bee8451e5a64318c11c9377,javascript_ast_syntax,115,,90;95,False,,,NO
frontend/src/features/marketing/PostDetailModal.jsx,d06c2ee1a50a05dd9cd0204a5077744b7644d7f085ee7a4d6bbe4afc52d74e19,javascript_ast_syntax,151,,,False,,,NO
frontend/src/features/marketing/PostFormModal.jsx,edd8500804d7e8f39af4e2ccb374b6434a6e43f2d6e72e7a213298c8ea7b7d71,javascript_ast_syntax,122,,,False,,,NO
frontend/src/features/marketing/SocialAccounts.jsx,ff4ddd7f36ffe94ae4caffd0e3e32a4989e836c93c1c28c17305d99484760cfa,javascript_ast_syntax,77,,23;59,False,,,NO
frontend/src/features/marketing/TemplatePicker.jsx,2db48b707cc4f52a5552d49f801bd56104f0847648672ee1ffc34adc9873cee7,javascript_ast_syntax,34,,,False,,,NO
frontend/src/features/marketing/WeekGrid.jsx,4fe404b77f0bb71630241899464c4997eda7cd524121565db18e59d34f16ded3,javascript_ast_syntax,68,,40,False,,,NO
frontend/src/features/marketing/marketingShared.jsx,a64ee709dd2d638adbb51f7ffdb41d8faa5cf0eb5c8dcd83abd7cbfd1acf3ac7,javascript_ast_syntax,78,,32;35;78,False,,,NO
frontend/src/features/mobile/MobileApprovalInbox.jsx,ea01bb6d042fe30cff26d6285443eadb00d0c5568e7be12c1d40cfe830a1d745,javascript_ast_syntax,55,,35,False,,,NO
frontend/src/features/mobile/MobileOpsApp.jsx,6612568b5a3ee0476fb8cb28ea2009a88675d797a6bce4673d81c0231830b5dd,javascript_ast_syntax,101,,,False,,,NO
frontend/src/features/mobile/MobileShell.jsx,8b01f3ee89677207d3e06cbbd47308af92704eeb1923f23d2c56f45df5bdce55,javascript_ast_syntax,38,,,False,,,NO
frontend/src/features/mobile/MobileTaskActions.jsx,2017508ac883b55410f257122e3aef77a60ecfb47c5fa6c137a9c1bb0ee843f6,javascript_ast_syntax,142,,38;64;86;93;109;120,False,,,NO
frontend/src/features/mobile/MobileWarehouseApp.jsx,c81ebd025956f6d4588e32b60ac5243a6bd28ee9520cb98462fce23853a27e37,javascript_ast_syntax,193,,,False,,,NO
frontend/src/features/mobile/OfflineBanner.jsx,cfa42c7752ab215e4069895097b766d962a042d15b8f527f2461667082c2cab1,javascript_ast_syntax,42,,,False,,,NO
frontend/src/features/orders/FeedbackFormModal.jsx,80d4e27fb4973f3044e22a9b060d168a25b8a5b3014a4f35c10b789b066fb926,javascript_ast_syntax,150,,,False,,,NO
frontend/src/features/orders/FulfillmentWizard.jsx,bdd0d5b991f1086f218ce8c19a9a2f6aae43515adbe819523942bbc806a52892,javascript_ast_syntax,127,,,False,,,NO
frontend/src/features/orders/OrderDashboard.jsx,5912313455f0ee37484700a554b6a2d54d5437a16b19b4fbb028271928ed81f5,javascript_ast_syntax,276,,24;214,True,,,NO
frontend/src/features/orders/OrderDetailPanel.jsx,6e1b66b1c40d1c80fbc67774b45101a24fad01bf8b2b8d0be33ca8881575d49b,javascript_ast_syntax,625,,60;226;283;301;450;456,False,,,NO
frontend/src/features/orders/OrderFeedbackPanel.jsx,a5324cf4059c7b628b1358cb9218be7dc38d73e1a859ebdde6672420cde55e4f,javascript_ast_syntax,97,,,False,,,NO
frontend/src/features/orders/OrderFulfillmentBadges.jsx,e748a263a569ea2effa83cb6cbddb97d0104bc8ddf14cc6c996dc80cd576dc71,javascript_ast_syntax,37,,29,False,,,NO
frontend/src/features/orders/OrderIntercoSupplyPanel.jsx,a30adde7a8162e068ec4b11ba5ce545014011b3c5429d7a8f6cad37d90044dee,javascript_ast_syntax,87,,,False,,,NO
frontend/src/features/orders/OrderJourneyPanel.jsx,cb378d98e82153e46ec81fce30bebce568ede47fb11c91244f1a8eeac6e9931b,javascript_ast_syntax,310,,,False,,,NO
frontend/src/features/orders/OrdersView.jsx,e296c7b04b422daaa958ede3f566bc22aac7b2e7ddf7e8b032c10752e80c11de,javascript_ast_syntax,421,,129;139;141;194;195;282,False,,,NO
frontend/src/features/orders/ReallocateRollsModal.jsx,a92cdbe3490fbe5fdfc227603e96a4e548a53af6e5069806ce0623439cc5256d,javascript_ast_syntax,189,,13;17;23;35;55;56;59;61;63;64;65;66,False,,,NO
frontend/src/features/orders/ReleaseRollsModal.jsx,9cebdb15ed56117dcc1d0c1063ff71791856b549a96eb73029253dda5bce0dcf,javascript_ast_syntax,78,,16;24,False,,,NO
frontend/src/features/orders/RestockPanel.jsx,67e10c06bd9be4bf231a95561b52c3e921a9edb5c510262977fdb899b98e7ce0,javascript_ast_syntax,376,,99;114;116;177,False,,,NO
frontend/src/features/orders/SOCompactPanel.jsx,fa3c13e4a6f98539e2156d24cf14ff6d0deecf9a8b1011ef0b9942476498e35d,javascript_ast_syntax,107,,21;24,False,,,NO
frontend/src/features/orders/SoApprovalsPanel.jsx,6b83cad6599016acae8066caec2645d5c2df84146449f3e9fd90e4edabb98c65,javascript_ast_syntax,218,,197;199,False,,,NO
frontend/src/features/pdf/PdfEditorTabs.jsx,defbdb4217c69db853125fd39f24948f1f32ad9c6c0c990c256509fb16d947bc,javascript_ast_syntax,340,,157;245;267;333,False,,,NO
frontend/src/features/pdf/PdfScriptTab.jsx,d4f6fe8dfa00ba43380ae8c41903e45d8b74f351537e0ca3d6ea5e475dff1b5d,javascript_ast_syntax,64,,,False,,,NO
frontend/src/features/pdf/PdfTemplateDesigner.jsx,f0f2def25967c85125bdafa234724e93003ea0d2c8c0e5ca5562c0759171787e,javascript_ast_syntax,322,,,False,,,NO
frontend/src/features/pdf/pdfConstants.js,79a24ae6aefc4760bb0d202cf889adea34e3d4522abb420f1345b8b60e8c325d,javascript_ast_syntax,67,,,False,,,NO
frontend/src/features/pettycash/CashAdvanceDetail.jsx,f756de1d3f8c20c4730cf22b98d2d6ba9ae5ff7c5871df6b51f5fec7d1de355a,javascript_ast_syntax,186,,,False,,,NO
frontend/src/features/pettycash/CashAdvanceForm.jsx,a140851c984ff6608d63c5fc2ac4dad71299fb03fda6762f0a40bb648738ca54,javascript_ast_syntax,174,,38;50;52;53;120,False,,,NO
frontend/src/features/pettycash/CashAdvancesView.jsx,00842d08dac8b4a1cd13825606c76b3fa55a87df85a0ff2d744dee8f75c34575,javascript_ast_syntax,178,,67,False,,,NO
frontend/src/features/pettycash/ExpenseCategoriesView.jsx,ba92f5eb88a6f3f29d5847524c94aca5cafd2e56fa44bf0e13cf0bf3f622d9e6,javascript_ast_syntax,119,,,False,,,NO
frontend/src/features/pettycash/ReimbursePayablesView.jsx,dc35c0e826ff533b229ad99275edef5fc6b04c993ba47918f188c18044497a81,javascript_ast_syntax,118,,,False,,,NO
frontend/src/features/pettycash/SettlementForm.jsx,f99219cf98967149726b27629c34205dd48fb62a00272fbf24f9104ded0d3e45,javascript_ast_syntax,163,,40;41;46;61;62,False,,,NO
frontend/src/features/pettycash/SettlementsView.jsx,0a3b6fa72ddfbe79afc11824abf8a087ea878dfb558226b8e2291a2a2fc86bd8,javascript_ast_syntax,247,,63;157;184,False,,,NO
frontend/src/features/pettycash/VehicleLogsView.jsx,923aa7616809063d9322847c287d4771d018a9f1bce14f70b43c3d0105ccd0f5,javascript_ast_syntax,306,,101;209;210;219;220,False,,,NO
frontend/src/features/pettycash/pettyCashShared.jsx,b047964ee1ec4cd93aec54497bf77677d986b0df782423b74dc819f87c92b711,javascript_ast_syntax,55,,,False,,,NO
frontend/src/features/pos/CheckoutDrawer.jsx,0ade15f37da2bb8a6fde795e266a071ba8d447b684ead15b8bee53b2263600cf,javascript_ast_syntax,496,,132;133;143;146;147;148;165;173;174;302;392,False,,,NO
frontend/src/features/pos/CheckoutItemCard.jsx,ddd1ebe38b0b1aae5c2f03e21342b15f8a57ccf50b1a2c1531ac70ef33a1b5b3,javascript_ast_syntax,120,,25;27;31;45,False,,,NO
frontend/src/features/pos/CheckoutStep3.jsx,6e37691f86736a8324bf5406660c90b857992972a4e05a59168d62ac23734123,javascript_ast_syntax,144,,70;71;78,False,,,NO
frontend/src/features/pos/CreateCustomerModal.jsx,99836ea7a8e88bfcf1f4b84f6ccaad24172b529997f79cf748b9f8e56dc8a6a7,javascript_ast_syntax,72,,,False,,,NO
frontend/src/features/pos/FacetRail.jsx,6761330d53721f657e340d357b192a3253b232d5bb051486d3123e24f3405204,javascript_ast_syntax,247,,41,False,,,NO
frontend/src/features/pos/PosBestSellers.jsx,bad5aa3b2427f35f675ecf228b03fceebf5b82ab9305a5838dab2e376f26c12b,javascript_ast_syntax,62,,35,False,,,NO
frontend/src/features/pos/PosFBT.jsx,cfbaf889e32980fe48164241769ef56c5aaca04091a3badad9a964c36b7abea2,javascript_ast_syntax,49,,34,False,,,NO
frontend/src/features/pos/PosProductCard.jsx,7f33360169f0c06bfe15c9f9f4abb14838a7762eb76d5020487f0dec1c41cba8,javascript_ast_syntax,143,,18;19;20;37,False,,,NO
frontend/src/features/pos/PosSubstitutesSheet.jsx,26af9f0ba98cb1f95f4c2c83eb9312040803682ca2ee418de3cc16c370d2ff0f,javascript_ast_syntax,74,,,False,,,NO
frontend/src/features/pos/ReorderStrip.jsx,ae0908de28390c0b6c67b40b625b0098487943eadc3e9b6ab6213e3d467a1e1c,javascript_ast_syntax,60,,,False,,,NO
frontend/src/features/pos/RequestSpecialPriceModal.jsx,cb067b6b04414a7710b73a835b454027aa9a057e45a7b817c65362d9139f6e31,javascript_ast_syntax,23,,,False,,,NO
frontend/src/features/pos/SalesTeamEditor.jsx,fd070b198c8a2905c5b4cd3eb9151281f2b3bc58a5c985f62a965323e70bc866,javascript_ast_syntax,140,,10;11;21;23;36;114;132,False,,,NO
frontend/src/features/pos/SampleLineFields.jsx,554afdd5847f32e0e42bfa14bb0ccf47322bcb0d1ef61de5e93760a92087cf77,javascript_ast_syntax,53,,12;19;24;43,False,,,NO
frontend/src/features/pos/mobile/MobileCartSheet.jsx,e9f7ddb5233e93a5c9673a62e33261d9f60695893b74404e7d5e8729a30cc2d7,javascript_ast_syntax,181,,10;31;86;88,False,,,NO
frontend/src/features/pos/mobile/MobilePOS.jsx,712cbc87cd44af2421c946a0e9d806d166fd2fadf6bafeeb97dc2c7a24861cac,javascript_ast_syntax,155,,40;41,False,,,NO
frontend/src/features/pos/mobile/MobileProductCard.jsx,09c2b45c15ff713928977d55b9407b8dfab350741c795870f99e104d03d81eff,javascript_ast_syntax,73,,14;15;16;21,False,,,NO
frontend/src/features/pos/posApi.js,6652270ba357450d63970e9a676b460277681fb5ad5e6f6ef60bb37cd45c7efd,javascript_ast_syntax,35,,,False,,,NO
frontend/src/features/pricing/SpecialPriceRequestForm.jsx,667cdc373fdf5fc34b48c91a21eca6b55d87c121cb77a89f5ab244a0903dd888,javascript_ast_syntax,111,,15;19;28;49;72,False,,,NO
frontend/src/features/production/ProductionParts.jsx,58d81fea2eb536bb48873e2f4c77aa35b80339bc6202a8ab535dbdbbbc3ac455,javascript_ast_syntax,209,,130;135;136,False,,,NO
frontend/src/features/production/ProductionView.jsx,cb725a8fdd8b5b70f81782ce6f620e6eccbf38d253587c499a25ce725f4ba7b6,javascript_ast_syntax,229,,,False,,,NO
frontend/src/features/production/ProductionWO.jsx,edfb39c8ef0e70b3c4ff51db181532e4d072d1a607ef93f2e30f2400b2119e5d,javascript_ast_syntax,289,,102;106;108;109;120;124,False,,,NO
frontend/src/features/purchasing/BlanketPOCreateModal.jsx,d4791c09d50fb99478616d18771e8442bdac6bf718ada70c5dd25c55a2df8233,javascript_ast_syntax,295,,121;122;128;131;132;144,False,,,NO
frontend/src/features/purchasing/BlanketPODetailPanel.jsx,f4a028a272821f507590a7dbeb99d9510ad9240f0aed2add4476965933754ee5,javascript_ast_syntax,246,,75;76;77;146;147;148;149,False,,,NO
frontend/src/features/purchasing/BlanketPOView.jsx,4216b2dbfb3702a06bece3f75379efaad19ea460ee8d776e4b89de89616f3002,javascript_ast_syntax,176,,68;131;132;133,False,,,NO
frontend/src/features/purchasing/CallOffModal.jsx,74b679bfe0d3e6b6e4b18e4b6f312e49235328a6713cb5f4729694c611bdb449,javascript_ast_syntax,199,,59;61;62;64;69;70;125;126,False,,,NO
frontend/src/features/purchasing/CashManagementView.jsx,ec556a96b45803214c5946f9835fbc818e5e7c3f68fd4fca8f6bc86dc18930d0,javascript_ast_syntax,310,,66;68,False,,,NO
frontend/src/features/purchasing/ContractStatusPill.jsx,7a71bcbdef3391149c51d29d9525bc894d8ccdb8500bde756f3e33380f95469c,javascript_ast_syntax,15,,,False,,,NO
frontend/src/features/purchasing/GrnDocVariance.jsx,05aa59ff7325c904321a6769aa9da87348958ec16d9ce9ac894c7f30ef530f57,javascript_ast_syntax,60,,,False,,,NO
frontend/src/features/purchasing/InputTaxCreateModal.jsx,530fcda92e682941ff77f7e22719efb162c9ad2e21503048d4557871f8689d31,javascript_ast_syntax,135,,,False,,,NO
frontend/src/features/purchasing/InputTaxView.jsx,cbc80a86e45b60f8b326a78bb537d7f0b988c793bae4d5a805a837e2758e415f,javascript_ast_syntax,296,,104,False,,,NO
frontend/src/features/purchasing/LandedCostCreateModal.jsx,6f42875be91fd986f01473a12fb6c2415f658af0260da751c5eac6b66176440a,javascript_ast_syntax,257,,25;28;31;33;34;38;43;94;96;104;105,False,,,NO
frontend/src/features/purchasing/LandedCostDetailPanel.jsx,1bcaab77bddb902a6eb54a09e0b9c80e98f193963409a611998bbd29fecc1930,javascript_ast_syntax,214,,50,False,,,NO
frontend/src/features/purchasing/LandedCostView.jsx,a9f07d2bf5031ccdd6b424984910ea647bdde88d89d658fac1e6bf0c82eb4e3b,javascript_ast_syntax,220,,99,False,,,NO
frontend/src/features/purchasing/Makloon360Panel.jsx,583c8d18c2110f308b58166c29b49fb4fbec4502153f448bb50a3b81a5663d3a,javascript_ast_syntax,244,,17;18;79;130;191,False,,,NO
frontend/src/features/purchasing/MakloonFormModal.jsx,88df7b4683b522889ac45c91e8f60ef86769b4db248456211bbb64f7d9e1dfb6,javascript_ast_syntax,136,,62;63,False,,,NO
frontend/src/features/purchasing/MakloonOrderCreateModal.jsx,0fea883359adf3f7abafb67a764bbf7007e0e8eac30f94dcccdfdb7f850137a6,javascript_ast_syntax,351,,142;143;155;160;174;175;176;177;178;183;185;304,False,,,NO
frontend/src/features/purchasing/MakloonOrderDetailPanel.jsx,0cdd213d959f1d577d97357c294b42f249affd11ed3e4424202f09413e9fc92f,javascript_ast_syntax,651,,77;364;451;453;457;463;464;468;470;527;566;567;568,False,,,NO
frontend/src/features/purchasing/MakloonOrdersView.jsx,04b4923c6bd37a9ea93a95d4e6830fed0993d406903f9bbd8332acd31bae63be,javascript_ast_syntax,140,,,False,,,NO
frontend/src/features/purchasing/MakloonsView.jsx,7d4d8638a1f6acfb25a5a4b8dcf966efa41f884946da9cd14814e22e0a262ff0,javascript_ast_syntax,122,,,False,,,NO
frontend/src/features/purchasing/PoBoardView.jsx,7bf8f89024475fc6dd1d9154b1c0bed2258964c00a7b140e33b280e675b1694d,javascript_ast_syntax,394,,,False,,,NO
frontend/src/features/purchasing/PoStageModal.jsx,2e07ec722a6a4ba76371b3e2b1d4959415778a7fdeacde9521d8f964ea616489,javascript_ast_syntax,125,,,False,,,NO
frontend/src/features/purchasing/PrLineQtyModal.jsx,3f488dcabf179bfda0cf3cc917cd4c3c449ae2f067eb92a1e834de3beb8bf78c,javascript_ast_syntax,73,,18;19,False,,,NO
frontend/src/features/purchasing/PrSourcingPanel.jsx,fe196de2acc2ec0f1090af357e702025589a62272b7008eb420bb516a49db23d,javascript_ast_syntax,287,,,False,,,NO
frontend/src/features/purchasing/ProcessRecipesView.jsx,affe50ab84e1c823e20f0e067ad7ecaaf53fc08d8ea6544a2a0b7064536c401a,javascript_ast_syntax,114,,,False,,,NO
frontend/src/features/purchasing/PurchaseApprovalView.jsx,717188c2cab017b7285064b998f71975b3e30228d5eb8da6113955fdf6aa1c61,javascript_ast_syntax,419,,,False,,,NO
frontend/src/features/purchasing/PurchaseRequisitionDetailPanel.jsx,e28d5c4a38e8d3bff8a427584b1099889b1522cdcbea770e8ead09315e2f7d11,javascript_ast_syntax,253,,127,False,,,NO
frontend/src/features/purchasing/PurchaseRequisitions.jsx,b4abc0d22e50cf613acbd5ee5b62741eb485af2d4c111cf64525de06d9012499,javascript_ast_syntax,461,,133;239;268;269;345,False,,,NO
frontend/src/features/purchasing/PurchaseReturns.jsx,e96fb95febba616f384c655f220af3831accd97a201057a0cd8044d45f248bd1,javascript_ast_syntax,555,,175;176;177;195;199;275;431,False,,,NO
frontend/src/features/purchasing/RFQCreateModal.jsx,a72fb491eabbc01c694f00fa6330cbfb74b03baff979a7e35e96f09c62f51f2c,javascript_ast_syntax,186,,68;69,False,,,NO
frontend/src/features/purchasing/RFQDetailPanel.jsx,198acea096625937ca3403b4ec4f8bab04b422dce78428bd88ecd042d0551c4d,javascript_ast_syntax,264,,46;52;65;66;71,False,,,NO
frontend/src/features/purchasing/RFQView.jsx,eb678899eb13f6ad8ecd325d804bf9a5230e82ed84ef258ef2946eec17d9f443,javascript_ast_syntax,144,,65,False,,,NO
frontend/src/features/purchasing/RecipeFormModal.jsx,ad0b13b8f63302eef22008a37d5c58122d19f63899163326fd3e6ca0244b4720,javascript_ast_syntax,162,,45;46;61;62;63;64,False,,,NO
frontend/src/features/purchasing/ReorderSuggestions.jsx,0354c50539b616dc39ead79527df024a12b368fae577178f105e24c52692a1f6,javascript_ast_syntax,278,,67;88;112;113;226,False,,,NO
frontend/src/features/purchasing/ReturnDetailPanel.jsx,92960a93a6bd31fb4b8aa322871b099de536557ae08f5c041d56c4ca89891cbf,javascript_ast_syntax,400,,,False,,,NO
frontend/src/features/purchasing/RollPickerModal.jsx,8dee2b53413b6b344c653178b89a9b18ee55910960831e3bb198c7e463ed1a16,javascript_ast_syntax,126,,51,False,,,NO
frontend/src/features/purchasing/Supplier360Panel.jsx,13494cf0ac4463abb630fcaf37510d75968baa035a20b39b35d105eddf199f0a,javascript_ast_syntax,305,,14;99;185;233,False,,,NO
frontend/src/features/purchasing/SupplierBankFields.jsx,59f6eb52391a83ab5214826c3ceca71763975261184120f436fe9dabdcff8961,javascript_ast_syntax,52,,,False,,,NO
frontend/src/features/purchasing/SupplierDetailPanel.jsx,d05a12a9bc1401ef4a49cecc02e789dba17c48357144c8e1c6fb838dfc74af5d,javascript_ast_syntax,127,,,False,,,NO
frontend/src/features/purchasing/SupplierLabelPatternEditor.jsx,9be196120badc2bf7080378db961438e1688da5821b55db5a33ab00d64d16e97,javascript_ast_syntax,125,,,False,,,NO
frontend/src/features/purchasing/SupplierPriceList.jsx,4a5de7bd08b105d19e12e5abcb9f48b204f7a45c1138c119b78c074e27fc87e5,javascript_ast_syntax,264,,79;84;85;92;93,False,,,NO
frontend/src/features/purchasing/SupplierScorecard.jsx,82192c7bba954146e6a1225890eb0f6abf25b08c2f1fc1ce20c7a9464e240d60,javascript_ast_syntax,158,,10;16;23,False,,,NO
frontend/src/features/purchasing/SuppliersView.jsx,5061fda751764d341fd936d8647d541ae08aeebf1642e82e03242072f8195c8d,javascript_ast_syntax,397,,,False,,,NO
frontend/src/features/purchasing/VendorBillCreateModal.jsx,cdbbadc21f2f950f9304f1b416c91178c96c12a6a2556a007672dc64b8603054,javascript_ast_syntax,257,,51;52;85;86;99;215,False,,,NO
frontend/src/features/purchasing/VendorBillDetailPanel.jsx,c31182406997c50693d4eba003961abfa03a999d27ef04f5dc31f597a89f767a,javascript_ast_syntax,237,,60,False,,,NO
frontend/src/features/purchasing/VendorBillPayments.jsx,68d0625a96cb9d5eeed7ce559be01d18eae028f44cc6378abfdf12dc9b7baf92,javascript_ast_syntax,50,,,False,,,NO
frontend/src/features/purchasing/VendorBillsView.jsx,b3fc441f8a29d64dd545f483ecff893dfb4050e92773d0fe47eea26902754d56,javascript_ast_syntax,246,,18,False,,,NO
frontend/src/features/purchasing/contrabon/ContraBonCreateWizard.jsx,a641dfa412f13a5f56e93e4f3a71826d046289c948ea2e879a17af2130f480b5,javascript_ast_syntax,461,,86;88;94;96;97;119;135;299;310,False,,,NO
frontend/src/features/purchasing/contrabon/ContraBonDetailPanel.jsx,91567fb61656abc9262d45eb147c8ca415a9629b47fece5ab92308dbe2367356,javascript_ast_syntax,292,,158,False,,,NO
frontend/src/features/purchasing/contrabon/ContraBonListTable.jsx,bcab5dff52520e75c3a64f055d03db26477b13ef7a62c90f7cba5206814b7a60,javascript_ast_syntax,119,,74;81,False,,,NO
frontend/src/features/purchasing/contrabon/ContraBonParts.jsx,587508c968c759cee7ded088cc87ce6890a8e97214faa8e84761a2e4bd09f1cc,javascript_ast_syntax,350,,47;85,False,,,NO
frontend/src/features/purchasing/contrabon/ContraBonsView.jsx,7d8d5d9a622602d35470d6442fb9ae8910849d22d1aa788b5d9c2da8c6e9d070,javascript_ast_syntax,368,,,False,,,NO
frontend/src/features/purchasing/contrabon/DecisionModal.jsx,b0788b4774e6f3f1fecbfadee90a92625619766dab1f2804f6e62d2cf5b3fa08,javascript_ast_syntax,143,,41,False,,,NO
frontend/src/features/purchasing/contrabon/DeductionModal.jsx,322ff8655c34ac43d4b5f29d633e61766ec28332a05dc0a12d6923687ae711fc,javascript_ast_syntax,217,,77;78;87;102,False,,,NO
frontend/src/features/purchasing/contrabon/ExchangeScheduleModal.jsx,13f67106832bd99f2cdcb117f48f507c9550f98d1efe2b3422e44211c379073d,javascript_ast_syntax,141,,42;43,False,,,NO
frontend/src/features/purchasing/contrabon/ExchangeSchedulesTab.jsx,92c7618c57fa386530f908756c4b282b6e5b107ada241e17800f2dfd14870a1d,javascript_ast_syntax,175,,42;49,False,,,NO
frontend/src/features/purchasing/contrabon/PayModal.jsx,0899096a50f5e6b041007f1ec247910bbaba8fc01c8f8ac194d2a8bfe88d0547,javascript_ast_syntax,180,,55;108,False,,,NO
frontend/src/features/purchasing/contrabon/PaymentScheduleModal.jsx,2c3c7c436fa9c1b6b23d6580b478a985ee7bbb8d5b8056ec27998d8a869b12dd,javascript_ast_syntax,120,,,False,,,NO
frontend/src/features/purchasing/contrabon/ReasonNoteModal.jsx,8bfdbd8e62bd8dc059a9412e297e88d62d2c611748335e3505871f4bc0e82a7c,javascript_ast_syntax,104,,,False,,,NO
frontend/src/features/purchasing/contrabon/UnbilledReceiptsTab.jsx,e5933d9b6b7b549faec0c962643c89332a988da24b459c2bef5a0026542dfbf8,javascript_ast_syntax,169,,,False,,,NO
frontend/src/features/purchasing/contrabon/WizardCreditPicker.jsx,b34d18438289ce1e145b00a42c22514439d16d5f06361c82402a9ef8ae2aa224,javascript_ast_syntax,62,,51,False,,,NO
frontend/src/features/purchasing/contrabon/contraBonApi.js,96c422901d28cbd8407dd8a04eaaaa5e7566f0f8c38d7c0094554a84a98e789b,javascript_ast_syntax,135,,92;95;104,False,,,NO
frontend/src/features/purchasing/contracts/ContractFormModal.jsx,55295859ec4e61bdffde54bf5bb62b2ed3c104b7f4a02fb1e69f6337eacac003,javascript_ast_syntax,309,,91;92;93;94;95;96;111;113;114;115;116;117;119;121;124;248,False,,,NO
frontend/src/features/purchasing/contracts/ContractsView.jsx,a00db256555524fa358cee145e2084143048e8a4a16437a1808c49854845ed7d,javascript_ast_syntax,234,,,False,,,NO
frontend/src/features/purchasing/makloon/MakloonClaimPanel.jsx,e42dadb5af5daabfe95d8a10e6928970502866988a5b09e253bac2c6003c8273,javascript_ast_syntax,152,,106,False,,,NO
frontend/src/features/purchasing/makloon/MakloonClaimsView.jsx,438b575c2a8dca87dbf161261a7adf053c63d9c9f44b9aff0b61275ba8883e67,javascript_ast_syntax,150,,,False,,,NO
frontend/src/features/purchasing/makloon/MakloonPartialReceipts.jsx,390fd0ffa356d595b36f5e48d1763acab6cef29ac5c59b9c89c8581929cac6f1,javascript_ast_syntax,94,,59,False,,,NO
frontend/src/features/purchasing/makloon/MakloonStepEditor.jsx,6cdc469a77cfde46f6c4e697ccc0bb0db9b0ff9476da2d1ef125902e0a571349,javascript_ast_syntax,432,,101;119;120;125;126;127;128;132;134,False,,,NO
frontend/src/features/purchasing/makloon/MakloonWizard.jsx,7c206bc5a616c0af3a80d5fef126259250cdcfb0a75771364756dc1b8a10a64a,javascript_ast_syntax,525,,189;196;215;237;242;265;273;274;276;278;279;280;285;287;427,False,,,NO
frontend/src/features/purchasing/makloon/makloonApi.js,48965876b861f91088934d3804183ba68489ba04894f5989c0c4779519985507,javascript_ast_syntax,101,,,False,,,NO
frontend/src/features/purchasing/mkoStatus.js,efb7fdc86333552727157f4077ce99af7fb191e313656f97698dde67489b488f,javascript_ast_syntax,12,,,False,,,NO
frontend/src/features/purchasing/poBoardApi.js,784dcd4da79063e2ddefd84bd76dad86bcb2644e74bd105f62a2e34a116e5f1a,javascript_ast_syntax,81,,,False,,,NO
frontend/src/features/purchasing/prConstants.jsx,bee60c0f4618c4280a950e9d0a56890f8ec32a3940f33b627b158de43d51850a,javascript_ast_syntax,32,,,False,,,NO
frontend/src/features/purchasing/supplier-items/SupplierItemFormModal.jsx,35f757a9fef54671919b6cb97b935a3a8aed61ac3c99e39c0ce2ecb02c85d8fc,javascript_ast_syntax,228,,57;67;76;77;78,False,,,NO
frontend/src/features/purchasing/supplier-items/SupplierItemImportModal.jsx,9f6f9f656675b0b3518c1e16deae5ac96fa0d8a0adf017223d5658054c06ec5f,javascript_ast_syntax,209,,,False,,,NO
frontend/src/features/purchasing/supplier-items/SupplierItemsView.jsx,35e998507498deb20f4dbd7356242a983cc71e8221c080d3c41c9b82910ec8aa,javascript_ast_syntax,289,,,False,,,NO
frontend/src/features/purchasing/supplier-items/supplierItemsApi.js,5c8748d334f68e42eca4395ba90335fb4222340fcd5f5f12077d97e1436e841a,javascript_ast_syntax,94,,,False,,,NO
frontend/src/features/rfid/CycleCountPanel.jsx,d7b91d9631e62fbf98fa7cbeb0c81d576015b75217c9c3f10a4e0d37ea0ed933,javascript_ast_syntax,124,,,False,,,NO
frontend/src/features/rfid/GateLiveVerdict.jsx,6f00ce335c40406da62f56659f36c840f2f2b0d4961042f432ef9619afa3576d,javascript_ast_syntax,109,,38,False,,,NO
frontend/src/features/rfid/GatePassageHistory.jsx,945d56ec4d5f1b3fb7032170017cf81f0049dfeb13dc589eec601a741d1013f6,javascript_ast_syntax,56,,,False,,,NO
frontend/src/features/rfid/RfidDevicesView.jsx,0763daa25d61efb468d55e55ed11f7120ab4636b7468e5774a1dbb798cbe6338,javascript_ast_syntax,236,,,False,,,NO
frontend/src/features/rfid/RfidGateMonitorView.jsx,117cdde5d225458ff14c873a8b5eed7ef28be44b7a6182d1b7f75a072ab6d202,javascript_ast_syntax,238,,,False,,,NO
frontend/src/features/rfid/RfidLocationsView.jsx,4fdbfa6736eab9dad9ad75492cd6272f34f28dc7a525c91483d5126527ad9f4b,javascript_ast_syntax,123,,,False,,,NO
frontend/src/features/rfid/RfidPrintVerifyPanel.jsx,2430fe34d572b86f7cb209e87d503a60cf0258eb8735147feaee110e4b68ec9e,javascript_ast_syntax,317,,138;141,False,,,NO
frontend/src/features/rfid/RfidSecurityPanel.jsx,621aa551027323bdf1e82fc1bb8e14e65578b4e8a034d9a0febb9118df0ec50f,javascript_ast_syntax,160,,147,False,,,NO
frontend/src/features/rfid/RfidTagsView.jsx,af481bb4fb2b5746ffe72dfcbd480f18b421b2a25951003c4412df512534861e,javascript_ast_syntax,159,,,False,,,NO
frontend/src/features/rfid/rfidShared.jsx,4ab9ba6626e835f9c5f6bba1d440e280fb8709a3a4dc521f5e72a3cc9743bb2c,javascript_ast_syntax,106,,6,False,,,NO
frontend/src/features/rnd/DecideModal.jsx,831d2f4d99a13b73f8ac13d201cc6a10ec4428b304d39d5971ca70f1f004e2ad,javascript_ast_syntax,199,,159,False,,,NO
frontend/src/features/rnd/DesignFormModal.jsx,416fc6e531184473a070dbbe0c46c28af0819d977d000affe2597e4f27ce4abc,javascript_ast_syntax,169,,45,False,,,NO
frontend/src/features/rnd/IssueMaterialModal.jsx,7b61316c094fbde33bf175b9af16a0bbe72b16272c9d946c2e1f5982c9d45932,javascript_ast_syntax,55,,19;48;49,False,,,NO
frontend/src/features/rnd/LabdipHistoryModal.jsx,9dc65fe16f0f6b2f5a05a9e62c6981220e047ff526f0e826cf9ccf3d69d3a8b6,javascript_ast_syntax,94,,,False,,,NO
frontend/src/features/rnd/ProductLifecycleCell.jsx,7e63b4bf73feb5fa98d155b4215597b9a17063317c0af1cf21437a541fc96a17,javascript_ast_syntax,60,,,False,,,NO
frontend/src/features/rnd/ProofImage.jsx,05cf30805ed3f6b57dde378eb4b6ed195ef34b17b3522f9944fadc6f56e79bda,javascript_ast_syntax,54,,,False,,,NO
frontend/src/features/rnd/RndDesignsView.jsx,17b8c0b6d4c5f1422fe435ed7becdcc15e135cbaef57966fe7f64ab86c827a58,javascript_ast_syntax,293,,101;104,False,,,NO
frontend/src/features/rnd/RndField.jsx,568174432c36e5ae1cb7fc8e30e38326e0af1469c1af75d13ef31defb5589d9a,javascript_ast_syntax,32,,,False,,,NO
frontend/src/features/rnd/RndReportsView.jsx,76af8d68b1f7ca55bcf55ecd7e4fd7eaedad0c27abd125a88a1d67cb6805dc80,javascript_ast_syntax,291,,80,False,,,NO
frontend/src/features/rnd/RndSamplesView.jsx,7f29b4e871a71cb59d935f9c0dc25dea7a530d254da307bbcc79e0a2a0222354,javascript_ast_syntax,289,,99,False,,,NO
frontend/src/features/rnd/RndSpecsView.jsx,55646a03d3f1030bf764adc823f9e1864234eeef39a7a0fa9487a6b20e3ca19a,javascript_ast_syntax,253,,,False,,,NO
frontend/src/features/rnd/RoundActionModal.jsx,b9255bd7420aaf8c4e208fee954c545004480651cfeefb5c69a8c13526406b9d,javascript_ast_syntax,115,,,False,,,NO
frontend/src/features/rnd/SampleBoardCard.jsx,d525a47d324bd672bd68a9571798ad1a137518fb1f9fefd3a8021a1a179b5233,javascript_ast_syntax,71,,,False,,,NO
frontend/src/features/rnd/SampleDetailPanel.jsx,5e92185e84cd8a3651719b11e077a2da6f7866716a00ce7f1699960979f9df07,javascript_ast_syntax,362,,177,False,,,NO
frontend/src/features/rnd/SampleFinishModal.jsx,440adf5cf60db1e0e03a599cf199d87a25862f95c9601a2031297e08524d26b8,javascript_ast_syntax,55,,,False,,,NO
frontend/src/features/rnd/SampleFormModal.jsx,14af4fb387143bc4e2b824a955ba8f0482a208a13f493fcf43cc604556461f29,javascript_ast_syntax,204,,,False,,,NO
frontend/src/features/rnd/SampleMasterDataPanel.jsx,1974bb88e898284ebf5cf1990f707f0eff66c7555f9d7eb81f21647c96765689,javascript_ast_syntax,104,,,False,,,NO
frontend/src/features/rnd/SampleProofGallery.jsx,a7437ca230837fc5a8be819fe87f271ad82f0f75c4a52907b10ab2b0279b556e,javascript_ast_syntax,115,,80,False,,,NO
frontend/src/features/rnd/SampleRoundList.jsx,dba27f7ab1e051f55f7c12e9bcbb900d65625208faca26fa78bc218fbc6bb918,javascript_ast_syntax,207,,156;164,False,,,NO
frontend/src/features/rnd/SampleSendModal.jsx,1f1d99ea50724bb9f94e45abc576f7a20bc172e1a764e06138e9db014d6169c6,javascript_ast_syntax,137,,50;52,False,,,NO
frontend/src/features/rnd/SampleSpecFields.jsx,fdf86461ee03e9045c64a45c37ff2fff66abcca62f66270e93ae53b1d98174c3,javascript_ast_syntax,146,,,False,,,NO
frontend/src/features/rnd/SampleSpecPanel.jsx,5889e00c6a9658093ef2dc44dafbb59c9aeb6fb74c18f4e55e9d2ab99b73b2f0,javascript_ast_syntax,144,,57,False,,,NO
frontend/src/features/rnd/SampleTypeCard.jsx,981bdc2df97170e3024e07fb6aaa7fa7aa79ac868f6967a31c50efad196a4f40,javascript_ast_syntax,85,,23;24,False,,,NO
frontend/src/features/rnd/SampleTypeGalleryView.jsx,7bf6073dc0d122e7ca05fce6dcb8208d7823a5ecfaef3e552972b487ca6819ca,javascript_ast_syntax,220,,88;91;93;96,False,,,NO
frontend/src/features/rnd/SampleTypeTabs.jsx,f3f1c59f2e2b08ed78c9b9326361c04c5587683a7908b7509b5d7a31dc992f76,javascript_ast_syntax,127,,20;21,False,,,NO
frontend/src/features/rnd/SpecDetailPanel.jsx,f48c3fea4b11b36737b6a4e22486b561899c00f4416881034b102457be4b73c4,javascript_ast_syntax,251,,,False,,,NO
frontend/src/features/rnd/SpecFormModal.jsx,d42299dfdcd86b18864cc99e5f639fc33d753aa3fa9ad11d93ff8922233f71a6,javascript_ast_syntax,350,,192,False,,,NO
frontend/src/features/rnd/design/CategoryManagerModal.jsx,0db4ae204223776348345417a9bd4e93154a78dec8faf27bea3e0e85397c92eb,javascript_ast_syntax,75,,,False,,,NO
frontend/src/features/rnd/design/ColorPicker.jsx,fbf38b3359cfd76993095e2fd11fc95a1f48a7319256a0950b8f73ceeec576cb,javascript_ast_syntax,77,,,False,,,NO
frontend/src/features/rnd/design/ColorwaysPanel.jsx,64f208411e46e83c50e923584d632c2239c77512d40c736bde5435d4f5aaa7f0,javascript_ast_syntax,106,,,False,,,NO
frontend/src/features/rnd/design/DateQuickNav.jsx,2356865bf4b006b22a5f9fbe938ec035b9ca638932731eb3d78bdda1f919839f,javascript_ast_syntax,69,,,False,,,NO
frontend/src/features/rnd/design/DesignBadges.jsx,f7465c8cdaca94b541ab11baba9c5c6fe30514eb619eb01574440f6544c386e3,javascript_ast_syntax,28,,,False,,,NO
frontend/src/features/rnd/design/DesignDetailPage.jsx,325be0d2da3e0be8016b8a0d39431b4e4b81bac0732197fcd09cdfd570e118fe,javascript_ast_syntax,247,,,False,,,NO
frontend/src/features/rnd/design/DesignImage.jsx,a95bdeda1e6520a961007d5563ed6519d13459b77b2d121a0adcb6106f62127c,javascript_ast_syntax,10,,,False,,,NO
frontend/src/features/rnd/design/FeedbackThread.jsx,f4abc8416eb90f2335e7731de0031e3c1b62b0fcf2ce9125fd42a365470f064b,javascript_ast_syntax,58,,,False,,,NO
frontend/src/features/rnd/design/FilesPanel.jsx,5764da6c007c0e564d4e0d95975e0fe379ba69c38ee5c3047aa32cdcd48f703a,javascript_ast_syntax,96,,15,False,,,NO
frontend/src/features/rnd/design/FinalPanel.jsx,df865a3f5a4a51133a8edc74c8fb242cc30eaeece857e6fa98b90128f70132b5,javascript_ast_syntax,33,,,False,,,NO
frontend/src/features/rnd/design/HistoryPanel.jsx,507fb985028b6489a65cd5e4d980069f9ca1bca511ca49e8380264b622926fd4,javascript_ast_syntax,92,,,False,,,NO
frontend/src/features/rnd/design/LifecycleActions.jsx,290673578582ec3a6c9d04a1ccb9c575894cef211c82c493998e35f768600fae,javascript_ast_syntax,147,,,False,,,NO
frontend/src/features/rnd/design/ProductPicker.jsx,5aede8641bf2238a140937b2a78613d80a93840fd8c3334bf9c9612f520b917b,javascript_ast_syntax,56,,,False,,,NO
frontend/src/features/rnd/design/ProofingPanel.jsx,cd574e02eeec23e5ae1588f6db9108f3903aeae88f7198a8a302a5c4bac58077,javascript_ast_syntax,83,,,False,,,NO
frontend/src/features/rnd/design/RoundsProgress.jsx,34b5d4976f775c6c2004f76d287543a8a0fde9cb68b76af0b4d21a0c673821b2,javascript_ast_syntax,29,,,False,,,NO
frontend/src/features/rnd/design/RoundsTimeline.jsx,cfdd4bb492524c2f14a4a0f7dc2c5e2a477dd252f31ce88f382d09b940450e6b,javascript_ast_syntax,131,,,False,,,NO
frontend/src/features/rnd/design/ScoreInput.jsx,1c25607737760565285512931e4b919c40958206631cb0228d1e369342b70934,javascript_ast_syntax,41,,9;10;33,False,,,NO
frontend/src/features/rnd/design/TagInput.jsx,87ebca65100bfd7ec5b83385e9ab2548120476bc024ba38cfc0bb3e2c74ac1f1,javascript_ast_syntax,67,,,False,,,NO
frontend/src/features/rnd/design/VersionsPanel.jsx,8b4cf9b9e001b2a073a45f5ed700ab8fc7266a52a02e161527876b5f8e2bd052,javascript_ast_syntax,57,,,False,,,NO
frontend/src/features/rnd/requiredTests.js,aed019ea4d7ba2afd9eb6026f9b04f8b85f7231a95271ccb9ee19301e24a9490,javascript_ast_syntax,18,,,False,,,NO
frontend/src/features/rnd/rndApi.js,0c28312242fc46c3e2f8e079bf7b2035c93233530399aa576bf9b1c920ff0a59,javascript_ast_syntax,167,,,False,,,NO
frontend/src/features/rnd/rndDeepLink.js,2435948fc2b7765c8a053aa540bc0faba8282858bde4015a9ac9f7f049e1cbaa,javascript_ast_syntax,41,,,False,,,NO
frontend/src/features/rnd/rndMeta.js,ff653037f67b4a8e9f95fae9b38f872be8cbcf9c8106fa9e311118cdee3c03a6,javascript_ast_syntax,153,,101;147,False,,,NO
frontend/src/features/rnd/sampleTypeMeta.js,c79b8b9e557178b27730c8aeb0d92b1f0c9feaeed88d130adc87a6d73202192c,javascript_ast_syntax,114,,,False,,,NO
frontend/src/features/sales/ColorLibraryView.jsx,af0b2d4159bb000062bbb76d595c737338c1afef06111a53e398d607e19338ea,javascript_ast_syntax,334,,109;152,False,,,NO
frontend/src/features/sales/ColorLinksModal.jsx,9b1c46cc7fe423bbc6b7948b13f396aafe9a5e2bfced5c99c46f532678f1a235,javascript_ast_syntax,116,,,False,,,NO
frontend/src/features/sales/ColorUseRequestModal.jsx,78033811f87ff94d7f83e208e24153f80c9bc145dc3afbcc3a9ad712a2141299,javascript_ast_syntax,68,,,False,,,NO
frontend/src/features/sales/ColorUseRequestsPanel.jsx,c6cd5d409d6fce249d150743ca327e28b74287afc6758beb2b04ffd5ffb843e4,javascript_ast_syntax,68,,,False,,,NO
frontend/src/features/sales/CreateReturnForm.jsx,35ed0e1fbca8867998cd5570a814c5d7829605a9346c77533c56dbefd89bb85c,javascript_ast_syntax,249,,75;81,False,,,NO
frontend/src/features/sales/CreateSpecialOrderForm.jsx,11b3d0d842cc5677ee2b02ba13e2755b37186dc00439b858047a1c15293f42f4,javascript_ast_syntax,184,,53;62;65,False,,,NO
frontend/src/features/sales/CustomerColorsTab.jsx,d2fc86fe4300bc9c9417dfa058fbbae4a588370f3d3d397da54eff82d6b621b2,javascript_ast_syntax,135,,35,False,,,NO
frontend/src/features/sales/CustomerPricelistView.jsx,ec302b47022c030f4795a64b4c7e5b992e6b218a6c444c35d7cbc53137ad88f6,javascript_ast_syntax,291,,,False,,,NO
frontend/src/features/sales/PriceApprovals.jsx,732fa9801911000a6dbcacb436d100b9da6b53782d4f4dd888328c6c3c50a04b,javascript_ast_syntax,353,,106;115;125;295,False,,,NO
frontend/src/features/sales/PricelistView.jsx,25550bdc585f26c372555ff64cf043ed8a96d496e4c7abcfe88588699aeb2552,javascript_ast_syntax,587,,59;121;281;380;381;385,False,,,NO
frontend/src/features/sales/ReturnChainMap.jsx,3b8ec0a94e11b87562e0d3799414c8d69d31b952a213657301e4847c1798ea85,javascript_ast_syntax,93,,14;65,False,,,NO
frontend/src/features/sales/ReturnChainPanel.jsx,a24d2fbf7c87f75bfbbf54c2b45384ab258f5458abb3c98f4c2a99fea08594d7,javascript_ast_syntax,202,,27,False,,,NO
frontend/src/features/sales/ReturnDetail.jsx,94455c515d8c22389551e6d54d1d3110c44f19611bc265a0fb3b2832610efccb,javascript_ast_syntax,386,,295,False,,,NO
frontend/src/features/sales/ReturnEligibilityPanel.jsx,f005add8437688ff33575417951124e0bc3aaa08fa1fba33e67c94236fa115e5,javascript_ast_syntax,64,,,False,,,NO
frontend/src/features/sales/ReturnInspectPanel.jsx,946bdab30483876978ad389a1dfe8d5655a7d6289cedf9d14f8dae6c8a5a08a5,javascript_ast_syntax,105,,30;40,False,,,NO
frontend/src/features/sales/ReturnJourneyPanel.jsx,cc19f0bfb2dba31f2ae88760ac6835cb8dedddfaab293e6033299e78d91a970e,javascript_ast_syntax,211,,,False,,,NO
frontend/src/features/sales/ReturnPoliciesView.jsx,46981f3fc4a7eb1ed8e1abb376b25f4439d977c00b3e0d5f8123f5440b2f609a,javascript_ast_syntax,310,,104;272,False,,,NO
frontend/src/features/sales/ReturnQuarantinePanel.jsx,69feb47d98f2318381a91ef85281802ee92eecab0a419aee710ed6bfa97eec09,javascript_ast_syntax,503,,139;297;337,False,,,NO
frontend/src/features/sales/ReturnSettleModal.jsx,f5b9a6a37a9b09fa3d5e2d7e43804aae1be4afe5f318165986fecb1e2878ab72,javascript_ast_syntax,187,,58;66,False,,,NO
frontend/src/features/sales/ReturnShared.jsx,918e6e9f34c0d11e2ba968ac66241696ff12701acfe1efe29bd3724323d1818f,javascript_ast_syntax,46,,,False,,,NO
frontend/src/features/sales/ReturnStepper.jsx,930a50eec652b16fb213cf02232f408bd316efa392daaf31be7b4e16a2670db7,javascript_ast_syntax,70,,,False,,,NO
frontend/src/features/sales/SalesPortal.jsx,acc97e7639893c03a3b6432ebf96093555aa0be738569cdb5751af7de4220269,javascript_ast_syntax,257,,59;60;61;62;84;86;92;94;95,False,,,NO
frontend/src/features/sales/SalesReturns.jsx,9b79f0d8bbb704a5c536620e46033e694013e384e4d33a96e09c03ad6c28dc41,javascript_ast_syntax,475,,108;109;467,False,,,NO
frontend/src/features/sales/SpecialOrderChainPanel.jsx,02a3bdcb35464b4bfbd8024a438b5abc7c6053a7caefa4a177feb07f1c9e9290,javascript_ast_syntax,138,,,False,,,NO
frontend/src/features/sales/SpecialOrderCustomerApprovalPanel.jsx,ab6c9504177ca128efc4a2ed383ce9d23ce7e32e83c175c37206a654c88d31f0,javascript_ast_syntax,144,,,False,,,NO
frontend/src/features/sales/SpecialOrderDetail.jsx,70eb079a0967ceccbaed94ff0194b35ff9dbc0661d8c68e0490cb70b52a8075e,javascript_ast_syntax,436,,,False,,,NO
frontend/src/features/sales/SpecialOrderInfoPanels.jsx,8057fa4231c91ab8e5b2d75f239e1194095f8d8090a1ee09620ffbc1f67f56ce,javascript_ast_syntax,59,,,False,,,NO
frontend/src/features/sales/SpecialOrderPricingPanel.jsx,be121d5ce07c944f5a053aae1d8226369227696fc0c225aec1e667ef85ec2d87,javascript_ast_syntax,119,,39,False,,,NO
frontend/src/features/sales/SpecialOrderShared.jsx,c6210036b234f8a51b84d8090a8766b48c27c506e003fb5a418c5655866d224c,javascript_ast_syntax,50,,,False,,,NO
frontend/src/features/sales/SpecialOrderShippingPanel.jsx,81bf7582a115a8dd7c6719590478d095a675eac8bf423363107e9e86515c4960,javascript_ast_syntax,47,,,False,,,NO
frontend/src/features/sales/SpecialOrders.jsx,c776db148e9ba22796e02c7c4f9dea22143e7e83936cff2936e011af040c5313,javascript_ast_syntax,304,,116,False,,,NO
frontend/src/features/sales/SupplierColorsTab.jsx,dc97b81d856f5dbbd57b75beb61521b3c1fac5c79299be24c2658524371c22d6,javascript_ast_syntax,112,,,False,,,NO
frontend/src/features/sales/TemplateFamilySummary.jsx,197c210ff0b8b1d4585cb2f405e03db7edd3864a3a813769f1c9269ff804559b,javascript_ast_syntax,44,,,False,,,NO
frontend/src/features/sales/colorCard.js,f1763b94bbac298f3d7febb52da852ccf5791e873ceb8ef1b1febbc5e516689c,javascript_ast_syntax,22,,,False,,,NO
frontend/src/features/sales/customerPricelist/CustomerPriceHistoryModal.jsx,0bf1099a4af850ebfa4d660475cec83e72734e8fa0138c9b36bdc948c51f3eec,javascript_ast_syntax,147,,,False,,,NO
frontend/src/features/sales/customerPricelist/CustomerPriceParts.jsx,013a462fdee361a232c6e235c386219466b3534059e461da29005a0ed2a739b3,javascript_ast_syntax,134,,46,False,,,NO
frontend/src/features/sales/customerPricelist/ImportCustomerPriceModal.jsx,291e0df08e2a3c1f012e851eb562cbbf66c2d10c545e713838ea012e720b656f,javascript_ast_syntax,134,,,False,,,NO
frontend/src/features/sales/customerPricelist/SetCustomerPriceModal.jsx,565d6b6782e45b4409e339e6877620ca6552231077a7273af59689ce47c2e3cf,javascript_ast_syntax,190,,31,False,,,NO
frontend/src/features/sales/mobile/MobileAmendSheet.jsx,9e37a1a0b934c7e6a9984866325577b105a9a5b4432c7ae46927414f1f2ad9e4,javascript_ast_syntax,169,,9;13;60;84;122;123,False,,,NO
frontend/src/features/sales/mobile/MobileAmendments.jsx,935fa30b160906739fdd897ab8f1f2e32091f0c176edd79402643feddefcdb57,javascript_ast_syntax,96,,13,False,,,NO
frontend/src/features/sales/mobile/MobileArReceipt.jsx,8359f27e7786d900ba87b78377c40c9dbb76a20f5381ebbe2ea393e1abb5b511,javascript_ast_syntax,63,,22;23;24;25;26;30,False,,,NO
frontend/src/features/sales/mobile/MobileCart.jsx,c947f36cd8c3b3b9a533c86515c2be4c40a753a611789e894fb9181aa5f2c69d,javascript_ast_syntax,186,,36;37;48;99;106;108,False,,,NO
frontend/src/features/sales/mobile/MobileCatalog.jsx,615fcb3d9e782b1632484474cd1a81b27ba5cbe3fbf5bb658aa35fb4eafeb20d,javascript_ast_syntax,109,,38;39;41;42,False,,,NO
frontend/src/features/sales/mobile/MobileCustomerForm.jsx,1638f22b3653d5aa2e3f1600528b11d363905a1f1b209d1595eee2eaf986c817,javascript_ast_syntax,69,,,False,,,NO
frontend/src/features/sales/mobile/MobileCustomers.jsx,df6772ff14f7b650617a4a892a95a452d2e39e3a1047b2f249807bc42da063a7,javascript_ast_syntax,151,,65;66;100,False,,,NO
frontend/src/features/sales/mobile/MobileExtraViews.jsx,c2a19432c4f488d6d26cdb403d857b95e5bf51e8171a8ee03e7649a0810b5974,javascript_ast_syntax,148,,53,False,,,NO
frontend/src/features/sales/mobile/MobileFieldViews.jsx,b3a01070aebb4d19dc5fa5ec09d7ec6e0f17ab23f5bbb76b9bd3636e0df7fdf3,javascript_ast_syntax,78,,,False,,,NO
frontend/src/features/sales/mobile/MobileHubMenu.jsx,3dece09c1db34c760c4eae3d35e43a63df8beb2af70fa711492e3b31c104235e,javascript_ast_syntax,35,,,False,,,NO
frontend/src/features/sales/mobile/MobileInternalRequests.jsx,75f83c3bb435129c79e494ba9f00f515befb1d77b929e39a77a695b9b86213c2,javascript_ast_syntax,201,,131;135,False,,,NO
frontend/src/features/sales/mobile/MobileLeads.jsx,aadc70d4609fef3df3283a58341c6f0e9f3eb5a2cb13acbe47c85d21f087742c,javascript_ast_syntax,82,,62,False,,,NO
frontend/src/features/sales/mobile/MobileMdApp.jsx,e6f050e027432123dd0b278362ee816fada5370ea6da1689c0c77b174bcffe75,javascript_ast_syntax,180,,,False,,,NO
frontend/src/features/sales/mobile/MobileMdViews.jsx,ef522e8e060438eefd201821b6cab2ef38db51f888bc9d2737a63624a8bedef5,javascript_ast_syntax,550,,53;241;268;385;404;454;458,False,,,NO
frontend/src/features/sales/mobile/MobileMore.jsx,cd9189196b554694f7e7c7310677be41a74ce1a4050222dae127a022727c09a8,javascript_ast_syntax,203,,,False,,,NO
frontend/src/features/sales/mobile/MobileOrderJourney.jsx,a703d0daad5a4cdd87efa0213f72b90c4b535a23f2194b3cd2b05659d1e16d21,javascript_ast_syntax,51,,26,False,,,NO
frontend/src/features/sales/mobile/MobileOrders.jsx,1f83743df82d1d32fd2ad30e720e295a6fa5b837f5ae80f5b80283b06dd56df7,javascript_ast_syntax,170,,,False,,,NO
frontend/src/features/sales/mobile/MobilePendingQueue.jsx,cbe423fa0a299f87f16027a47e618f4dbbce0376c94009ac48d062d82bebd511,javascript_ast_syntax,25,,,False,,,NO
frontend/src/features/sales/mobile/MobilePwa.jsx,b61fc00b4d6d97a8400afb76ef55a1fecca25a1f71cd264f50d4e0347766d3b3,javascript_ast_syntax,213,,,False,,,NO
frontend/src/features/sales/mobile/MobileQuickView.jsx,805306ea94c1b20986dbfd43c0953ef8347b029637f6639a106cac382731c295,javascript_ast_syntax,178,,28;43;44;46;47;48;49;84;122;165;172,False,,,NO
frontend/src/features/sales/mobile/MobileSalesAdminDesk.jsx,ef24156aa64f22eb4c18091eec7e1a22bd941e272281962f76b5d5216dacae0a,javascript_ast_syntax,202,,25;55;144,False,,,NO
frontend/src/features/sales/mobile/MobileSalesApp.jsx,e2953d1fef3e16a26719af105d8f60e3698da1714e5521e1a8147d7f62017ae6,javascript_ast_syntax,197,,30;33;125,False,,,NO
frontend/src/features/sales/mobile/MobileSalesFlows.jsx,a33abafe4376d4a9302bf1a6f76f0acd6fe9cfce004d23146050c7f1d7c4ccda,javascript_ast_syntax,360,,48;49;50;161,False,,,NO
frontend/src/features/sales/mobile/MobileSalesHome.jsx,465b6b441e0663878ed81bb9872c1e80b38e1c25407c9efc07b4e6c09f0f2cf4,javascript_ast_syntax,244,LineChart;ResponsiveContainer,117;151;165,False,,,NO
frontend/src/features/sales/mobile/MobileSalesNative.jsx,f743d8f3638da18d4da9b7193fd3d4b52f8685a379c5d59f4a10c595ce9bde92,javascript_ast_syntax,202,,76;96;143,False,,,NO
frontend/src/features/sales/mobile/MoreSection.jsx,5c64517d42329aca1c3e9f0dceae9ab03bdfbeed3f81b0439aa11e2e7978a388,javascript_ast_syntax,22,,,False,,,NO
frontend/src/features/sales/priceApprovals/PriceApprovalCard.jsx,4d9f142a561ef5b09d7996ce58ed211544c242f5400bdfce951d2b3a37a16dcc,javascript_ast_syntax,245,,83,False,,,NO
frontend/src/features/sales/priceApprovals/PriceApprovalForm.jsx,db82034a1f31269b4dabaf3d900cbddae9fa44e618f1de0667a364a293437cbc,javascript_ast_syntax,137,,,False,,,NO
frontend/src/features/sales_admin/DeskQueueCard.jsx,d914d208a2339ef166efbf432b1688257a90e139510dc31e2f94de232456e512,javascript_ast_syntax,203,,47;164,False,,,NO
frontend/src/features/sales_admin/FulfillmentDecisionDialog.jsx,8a113b4555fbf0619d6b23e61b2c1c27e5d78587a6e4c13619549dcbba59fe20,javascript_ast_syntax,116,,42,True,,,NO
frontend/src/features/sales_admin/FulfillmentLineCard.jsx,370a09a6fc58b3ecf9bad8b562b6e408d62664cb1ef8f830157507a730eb8687,javascript_ast_syntax,56,,3;25;26;27,False,,,NO
frontend/src/features/sales_admin/OrderPreviewCard.jsx,782f9f6d27d52727448615a1818bb2080944be22531c10084aac8786ee7f1e23,javascript_ast_syntax,162,,,False,,,NO
frontend/src/features/sales_admin/SalesAdminDesk.jsx,f66ae8a023abe92ddcfc2ffdaadb7201e639a56861d0c8e1907ff4808a4ba755,javascript_ast_syntax,197,,82,False,,,NO
frontend/src/features/sales_admin/VerifyOrderDialog.jsx,94dc69443439288e3df1cef9e412c9f59449e9cf9cee7c1121f375a46cdf6277,javascript_ast_syntax,212,,,False,,,NO
frontend/src/features/sales_admin/workDeskApi.js,0ede0e4928b29c66016993e9724c53178e58df3ecf95963dc1ce53b3c06604d3,javascript_ast_syntax,245,,159,False,,,NO
frontend/src/features/samples/SampleAdminDesk.jsx,0f7eaa8159fd0e061f4125d50cd16859ef46a99eae3e6e10b2a426501b247f73,javascript_ast_syntax,94,,48,False,,,NO
frontend/src/features/samples/SampleOrdersView.jsx,75c723e769bf9e9426c503690145505da7bd8ece81914783e3ce163c27f5eb69,javascript_ast_syntax,190,,97,False,,,NO
frontend/src/features/samples/SamplePriceMaster.jsx,62db6a4ff0273de35ac8b4faed57d0adc642525f16a142c9518d15cce60b21c2,javascript_ast_syntax,44,,12,False,,,NO
frontend/src/features/samples/sampleApi.js,45df9bb93de5619055909167ab4a1211e2673d5184a069d26b783e1e31edb4af,javascript_ast_syntax,8,,,False,,,NO
frontend/src/features/settings/ApprovalRuleForm.jsx,aad88ab041c2f76a0c1a642d15fb1d7cbb25dad19abbcc9c31d7aabf88c86ab5,javascript_ast_syntax,144,,,False,,,NO
frontend/src/features/settings/ApprovalRulesSettings.jsx,bb319c311ca0210735acfee5ef8747a49765ba99ddd3660b85f08ba4e2e2d61b,javascript_ast_syntax,302,,85;90,False,,,NO
frontend/src/features/settings/ReceivingOcrSettings.jsx,bf3f821f6ad45c84a14b75df0d9814e86ad099f74afdf2f6044ef8646dffece4,javascript_ast_syntax,32,,,False,,,NO
frontend/src/features/settings/approvalRulesConstants.js,44e1b2b40392bb781e342bd7b63e895c911b1f16e5147b545d202954c374e2f5,javascript_ast_syntax,35,,,False,,,NO
frontend/src/features/settings/config/ConfigDrawers.jsx,2c9c252465fde43091d0c54c4996a87f42a765903d379758508b9ba200bdfb50,javascript_ast_syntax,399,,212,False,,,NO
frontend/src/features/settings/config/ConfigHealthPanel.jsx,0f4bd583aec69c93e533a31b7723f0929606c58ea1546d6cd26efa19b1454e18,javascript_ast_syntax,235,,68;69;101,False,,,NO
frontend/src/features/settings/config/ConfigRedirectCard.jsx,438687941d98051d2ddef9b527016654636a9ddb8f7fa2fa262690662f234dba,javascript_ast_syntax,81,,,False,,,NO
frontend/src/features/settings/config/DataHygienePanel.jsx,fe71fcaa7f9d31d36e23ae068029af7e541c0cfa90815ec61781ab9ffe666e5f,javascript_ast_syntax,201,,109,False,,,NO
frontend/src/features/settings/config/ImpactPicker.jsx,9b568e2f035f31ebbabd4a396e7fb510886242d3d97ff86a9407062f1ab61681,javascript_ast_syntax,299,,56;71;84;128,False,,,NO
frontend/src/features/settings/config/LocationBacklogPanel.jsx,1d7a5d1771ed4644389bfd8158f38b0e1d7b47826405c0cc20c8539f601827c9,javascript_ast_syntax,104,,,False,,,NO
frontend/src/features/settings/config/SagaLocksPanel.jsx,02701d74fc35431231d3bcf0df04d330a8b87622c058b2f87ec42a0ee90caec5,javascript_ast_syntax,120,,,False,,,NO
frontend/src/features/settings/config/SettingCard.jsx,ae5329291b0fe6dae45a30d05580e0d1d62d5d63fa031382c3492d870142ec3d,javascript_ast_syntax,257,,,False,,,NO
frontend/src/features/settings/config/SettingEditor.jsx,54d837d9a2e3c508b6dd67933651c055fc6f3ff219c053cf22f45592fc2ab02c,javascript_ast_syntax,127,,23;51,False,,,NO
frontend/src/features/settings/config/SettingTableEditor.jsx,0910bb81995e7b7b8e4b0440c9dffbae05b8523a54541b4fc3ac278c9dbcef7b,javascript_ast_syntax,277,,22,False,,,NO
frontend/src/features/settings/config/SettingsHub.jsx,276e415d6b455e703812c45ac0d8ed397a97ef60df236b8377a5487f438ca832,javascript_ast_syntax,516,,,False,,,NO
frontend/src/features/settings/config/configApi.js,37cb40ef3cc4ab8a7aebda64b2db66ab0aa64dcec0e7707fa75d599c38cda439,javascript_ast_syntax,122,,52,False,,,NO
frontend/src/features/settings/config/configDeepLink.js,ced1b25ee945abfc96a7e4a947cc707a7e8cd89b06a71549f5dd43e4f66b0f67,javascript_ast_syntax,81,,,False,,,NO
frontend/src/features/settings/entities/AccountFormDrawer.jsx,d2bd9e093c97b7484f51ee410190d02bcab4a445131f39ee688f4a56620c4cef,javascript_ast_syntax,394,,,False,,,NO
frontend/src/features/settings/entities/AccountList.jsx,4c210cfa4d489ea00c557fcd310638a41d2d461c2d1b23c84ec2ded73405063a,javascript_ast_syntax,420,,,False,,,NO
frontend/src/features/settings/entities/ArchiveEntityDialog.jsx,ecbd475e348d1774961d7248b1f119c975ddfa52cfbc6b46d373f7bb562cbebc,javascript_ast_syntax,234,,,False,,,NO
frontend/src/features/settings/entities/EntitiesAccessView.jsx,c70b73fae569b177b523a2019a923117a639a9fbd16ee05cc8d9f31aa5c8b90e,javascript_ast_syntax,214,,,False,,,NO
frontend/src/features/settings/entities/EntityDetailDrawer.jsx,c7ce2fd5b6a477485c26f6bccaff5e1a00ff13d39e3a0ba867dfa8cb92da5996,javascript_ast_syntax,311,,,False,,,NO
frontend/src/features/settings/entities/EntityList.jsx,c5721ba771dc989bd469fa28b83b725cce37f3a306c94d812146925cb3ffdd1a,javascript_ast_syntax,301,,64,False,,,NO
frontend/src/features/settings/entities/EntityReadinessPanel.jsx,ac153b7b1b45ddcaf58a603e8e2fec29974132ca1f4a44b69be579d14fd77f2e,javascript_ast_syntax,131,,,False,,,NO
frontend/src/features/settings/entities/EntityWizard.jsx,ed4a402b5a73d9744b8baf1612f5d7498793049c1a2cb9878d1d53adbaaaf90b,javascript_ast_syntax,448,,,False,,,NO
frontend/src/features/settings/entities/RoleAccessPanel.jsx,5917f1eff335e6762016fd94f74fadae385df166b00b52a0379287e53f1fd775,javascript_ast_syntax,136,,,False,,,NO
frontend/src/features/settings/entities/RoleAccountsList.jsx,6a4eb52f61c56c2d29449907a6f375e0a4049bedd7facad31fce8935a249a991,javascript_ast_syntax,78,,,False,,,NO
frontend/src/features/settings/entities/RoleAdvancedPanel.jsx,a8e86fe7de25abe4edb9b4a09f312d1c4beb4e90b132693d836361292d23885c,javascript_ast_syntax,60,,,False,,,NO
frontend/src/features/settings/entities/RoleDangerDialog.jsx,ed04b0ddea2c1b4f368d586fccb2296f0e68039d32ca0aa932b0e6a2e45b501b,javascript_ast_syntax,44,,,False,,,NO
frontend/src/features/settings/entities/RoleEditorDrawer.jsx,7380f6a8949c084735f74db32da640fb1d98b56294457e45ad3865632112211b,javascript_ast_syntax,278,,66,False,,,NO
frontend/src/features/settings/entities/RoleMenuPreview.jsx,11f508c17ccb27c6a0cc3c1e125da2c1a408e3b3cd1d68ea0543400f87132573,javascript_ast_syntax,71,,43,False,,,NO
frontend/src/features/settings/entities/RoleModuleRow.jsx,29e8298e24429be13a897d1acd543ec0622b5601aaf1d617b1ba38ee1599dd9b,javascript_ast_syntax,70,,,False,,,NO
frontend/src/features/settings/entities/RoleNotifPreview.jsx,0120c73af4254ec80aacd03622a23bbdf71e4438b564ebbca818fa31e2e5b987,javascript_ast_syntax,54,,,False,,,NO
frontend/src/features/settings/entities/RoleRealityPanel.jsx,6c6f873ae6469c80885a83757a2c48b9d6c65605670e3c8f6b54870569a27bd7,javascript_ast_syntax,479,,,False,,,NO
frontend/src/features/settings/entities/entityApi.js,3371c3e2b9b1e389c68d33113c59394711fa39eed9b7196390be70c5069bd868,javascript_ast_syntax,139,,,False,,,NO
frontend/src/features/settings/entities/roleAccessUtil.js,5e4e3b6a8d5787ecb2f2225f518fed208441edda7b1a6206fa7f5eeb5b0b8a6f,javascript_ast_syntax,53,,,False,,,NO
frontend/src/features/settings/masters/EntityMastersView.jsx,d47924f00e56008345753b6a0c51c698b5b40d78f2211207a4bc32b441160c7e,javascript_ast_syntax,517,,,False,,,NO
frontend/src/features/settings/masters/masterFieldsConfig.js,9a048962b9ef1519c8affff29c1d505118a6231ba4d47b3ea1378bf401035973,javascript_ast_syntax,345,,327,False,,,NO
frontend/src/features/tanya/TanyaActionCard.jsx,da9371633a5e82c87fe35cc08576a7cc146ce4aeb258fdf5059d1d13d7d9a535,javascript_ast_syntax,78,,50,False,,,NO
frontend/src/features/tanya/TanyaAnswer.jsx,0b99edfbfe2a4d41edf9d63eb0eb14ad3496bed63d58e2b8b624e587a0ab4015,javascript_ast_syntax,130,,,False,,,NO
frontend/src/features/tanya/TanyaBudgetCard.jsx,23813d0cca2d88ef8fa64a2cf588066cee9b4ebc5da5d817485e46afa9d9ce92,javascript_ast_syntax,19,,,False,,,NO
frontend/src/features/tanya/TanyaChart.jsx,ff6b57ecb0cafdb450cccaec91a99d071487a55fb6798e4a1b6f0c5b83005d9e,javascript_ast_syntax,74,AreaChart;BarChart;LineChart;PieChart;ResponsiveContainer,,False,,,NO
frontend/src/features/tanya/TanyaChatBox.jsx,cbf188a7fa20505367b5e53385ee54c394e7e873b282b4eb261d1ae5f92786d9,javascript_ast_syntax,44,,,False,,,NO
frontend/src/features/tanya/TanyaChatPane.jsx,80115763ba5be45bcbb30e5aca5e5da946ea70bd76322bb2737fae6838604319,javascript_ast_syntax,60,,,False,,,NO
frontend/src/features/tanya/TanyaCostChart.jsx,884f530ae94026fc593d449519597bbfdf58c3f90ade486342ffb22ac723ae63,javascript_ast_syntax,36,BarChart;ResponsiveContainer,,False,,,NO
frontend/src/features/tanya/TanyaCostTables.jsx,662338bcbe451dac659f0992d4a16c18216f87cdc35f948de2acda39ebd6835d,javascript_ast_syntax,32,,,False,,,NO
frontend/src/features/tanya/TanyaCostView.jsx,37b464d6e1f5e3322e1e18a49734d399f1d5df3ee7abf3ea465af441bbe0f529,javascript_ast_syntax,95,,,False,,,NO
frontend/src/features/tanya/TanyaDialogs.jsx,d22102a08380596e588892d9f4788c954fd6cb90d518fa0517c0923af7d920c9,javascript_ast_syntax,96,,,False,,,NO
frontend/src/features/tanya/TanyaFeedback.jsx,b148e1f00b3aa2365d11a9bd25a9e66d6798797ea4208a3fad261e2c9b101f25,javascript_ast_syntax,36,,,False,,,NO
frontend/src/features/tanya/TanyaHistory.jsx,31e7b372e33ea1a0d16025fddf84f47492204e8d32cf65e792e1605a28536c6d,javascript_ast_syntax,56,,,False,,,NO
frontend/src/features/tanya/TanyaInsights.jsx,3ca6a5180494b9dace5413431b8e11fc5ebe601660d750f8f6732c8acd23d374,javascript_ast_syntax,47,,,False,,,NO
frontend/src/features/tanya/TanyaKnView.jsx,aad0c60b635158f8db1c20a5fc751daec4370d74038d4b4abc9405c07e05ca67,javascript_ast_syntax,179,,,False,,,NO
frontend/src/features/tanya/TanyaMarkdown.jsx,6d01dd742c5a0d6a7425214ba7ae82b7663a9e6993803092af3c7d189727281a,javascript_ast_syntax,13,,,False,,,NO
frontend/src/features/tanya/TanyaNarrative.jsx,e5bc7a9f1aa370c578bfea142427528dad7cb4dc099f762a5afe0c3f96b8a2d8,javascript_ast_syntax,34,,,False,,,NO
frontend/src/features/tanya/TanyaRulesStrip.jsx,f17cbdbda1d2c6c62fc770294ddf4e591bc6a4127c7bc3c335aec37ddf981b10,javascript_ast_syntax,40,,28,False,,,NO
frontend/src/features/tanya/TanyaSchedules.jsx,4fb776545f26b7d128837b38fd49f0d67d99ec9e890317c034d02185aba6c9cd,javascript_ast_syntax,78,,,False,,,NO
frontend/src/features/tanya/TanyaStreaming.jsx,f8bb468a497743033709326262d15dd7c5768123397ec7e5e8a748051866727e,javascript_ast_syntax,29,,,False,,,NO
frontend/src/features/tanya/TanyaTable.jsx,5e5994b62761302c75517f3e20fbf0a97dbbbbdc9c90103323e790ecec9f1eec,javascript_ast_syntax,79,,,False,,,NO
frontend/src/features/tanya/TanyaTemplateGallery.jsx,204037482931d783bc20f6cd8c6cb117d57ac9c8f544e9580b47ba371ec30cc1,javascript_ast_syntax,60,,,False,,,NO
frontend/src/features/tanya/TanyaThread.jsx,e4be10d5530be65b19071f810c58492487654eba0be09d102cd5c1d916c72004,javascript_ast_syntax,38,,,False,,,NO
frontend/src/features/tanya/tanya.css,71f7973d791038a5ff687f325ea598bb382a2e540badf7b3db7e6941ac28c3d7,inventory_only,245,,,False,,,NO
frontend/src/features/tanya/tanyaApi.js,7e2da1f1e0f1a4f7be4b9e53caa52331458fbbc247d39b1c280afc377e72ccc9,javascript_ast_syntax,88,,,False,,,NO
frontend/src/features/tanya/tanyaFormat.js,4f29c33f5f525ab651fb88510560e697485de3d705a6487dcc0fae7ea690c1f2,javascript_ast_syntax,83,,74;79,False,,,NO
frontend/src/features/tanya/useTanyaChat.js,5283ed9a4149f08ef0fbdd103949ac1693a0348f73572e3110cf8697cf649465,javascript_ast_syntax,61,,,False,,,NO
frontend/src/features/transfers/InterCompanyTransfers.jsx,f2d3a6a05c6278079e0b644ae0a22d45772c5d0db554a4265365dabad6147c70,javascript_ast_syntax,277,,,False,,,NO
frontend/src/features/wms/InboundScanForm.jsx,c9197f5b2feb0372a59f9463c566c9c3e60267638bd8613f32ffe15a4899b456,javascript_ast_syntax,72,,,False,,,NO
frontend/src/features/wms/InboundScanInterface.jsx,4504b736a50960609e16a58589847f97a2da5a910bd9fa7a74d53022b1e7b72e,javascript_ast_syntax,490,,61;151;193;228;229;403,False,,,NO
frontend/src/features/wms/InventoryStockView.jsx,0e52b5b5e104c490c094af5aecf84af10ac3ee0a5fbfc2d362d419d63be91013,javascript_ast_syntax,529,,51;54;157;254;255;256,False,,,NO
frontend/src/features/wms/LoadingCheckPanel.jsx,0b4ecab6ab19048616c4b9b61792b766f7365379d8663bee6df42a2c9a117bd1,javascript_ast_syntax,172,,,False,,,NO
frontend/src/features/wms/LocationPutawayView.jsx,44b311ce26db1d6b0e64a471279d6d1c0950d4f85abb9748c966e3e38b152d56,javascript_ast_syntax,342,,12;29;229,False,,,NO
frontend/src/features/wms/OperationsView.jsx,ce7222195337d1375b4a5a04ce62b24f021106f534d7de6540d8c24cbaed1396,javascript_ast_syntax,138,,,False,,,NO
frontend/src/features/wms/OutboundScanBadges.jsx,318ddd569b8df6b395d66aebffc25f726dd1ec5a85147a2006449323dfb948b0,javascript_ast_syntax,27,,,False,,,NO
frontend/src/features/wms/OutboundScanInterface.jsx,cbc18d86d5fc0e8ce2ae2453adbe527e0bf4cdbbe8e480a9ea07842cd1452099,javascript_ast_syntax,500,,43;121;122;123;130;263;332;337;398;399;400,False,,,NO
frontend/src/features/wms/OutboundView.jsx,c6bcaff3a63b04240f1b1dab1a389d5ba4db8aea6ec091ba99494195a2f5edbc,javascript_ast_syntax,21,,,False,,,NO
frontend/src/features/wms/PendingCutsPanel.jsx,8d655a93540e98d9b94e1a3e953e4b6f84a15ef4e574461963ac8a69a989e159,javascript_ast_syntax,118,,32;33,False,,,NO
frontend/src/features/wms/PutawayOrdersPanel.jsx,578047b2a1beba32ac87065e9c70c4687fd7a85dbbc96c2829e3af4d8bcd4a5d,javascript_ast_syntax,216,,12,True,,,NO
frontend/src/features/wms/QCInspection.jsx,d2e1b310d23f0d865e950e5c6459bf974ce14e6cb36c99ba1676394e7d04106c,javascript_ast_syntax,328,,74;76;77;78;79;87,False,,,NO
frontend/src/features/wms/QcPlanPanel.jsx,0034b7cd0c446ae7a8d7bede563947858591015f8519d2617f6acb0fb8a06829,javascript_ast_syntax,81,,27;33,False,,,NO
frontend/src/features/wms/RollGradePanel.jsx,c28086cf7e41c87ed18b4160899c31e1fc897ec85aceab257314a3a4e99bab21,javascript_ast_syntax,214,,22,False,,,NO
frontend/src/features/wms/RollInspectionModal.jsx,eba74d8b502aeb9681d64e24b12a25c5649a37a6e05feb593def7aa0a584110d,javascript_ast_syntax,244,,79;90;91,False,,,NO
frontend/src/features/wms/RollJourneyPopup.jsx,ffe0c15c37999a2233906aff8e8161cda83046c04352b74dd63c871fbcc32f6e,javascript_ast_syntax,75,,,False,,,NO
frontend/src/features/wms/SampleCutPanel.jsx,f8fb251c9f859151f1cfe26adb6516e57aca43971236d0f37615b6f5d80a258d,javascript_ast_syntax,59,,20;21,False,,,NO
frontend/src/features/wms/ScannerTaskPanel.jsx,eae215cc9c4144cefb5b088216ae8cb8f6373dca6ea0e7fe782b65569324b9ef,javascript_ast_syntax,282,,156,False,,,NO
frontend/src/features/wms/TransferManagement.jsx,648bf526908b77c97a4acf8e55f5c9469b558edba44ad501e5bf2af1fbdebf86,javascript_ast_syntax,348,,,False,,,NO
frontend/src/features/wms/WmsHealthDashboard.jsx,499758b64a7cacdfd3b80a162cedbb7f9744f7590d463799748a80a6dca6650d,javascript_ast_syntax,131,,,True,,,NO
frontend/src/features/wms/grn/GoodsReceiptsView.jsx,58dd189b7f27aee6c79aa8b049d9d28a7be73a2b86f9b7b54288c5cf5936035b,javascript_ast_syntax,118,,,False,,,NO
frontend/src/features/wms/grn/GrnBits.jsx,75c86d75850c95a1e6cd0f987cebaa23f097eb7928bae5120f8315ce697c6b36,javascript_ast_syntax,48,,,False,,,NO
frontend/src/features/wms/grn/GrnCountPanel.jsx,72a0bc5db3269cb55964c3c628c4a9f88fb099e8af2b07e464a94041bfd99bbb,javascript_ast_syntax,95,,16;81,False,,,NO
frontend/src/features/wms/grn/GrnCreateWizard.jsx,938f4f8b15e38d418db38155df94ee9ad85bf5d8a2a1bfdfb2c0636f9ee46f5a,javascript_ast_syntax,140,,,False,,,NO
frontend/src/features/wms/grn/GrnDetail.jsx,66d57dd4bc9832e31e620712edef726258ecdf79e0167775fcf564e8b0c8188f,javascript_ast_syntax,75,,,False,,,NO
frontend/src/features/wms/grn/GrnLineCard.jsx,29c86ee0c161abab4b8c3f200ee019424e42468a55e44c74fe66556f8ba90e3c,javascript_ast_syntax,55,,,False,,,NO
frontend/src/features/wms/grn/GrnLineRow.jsx,f2ac32e7f1643981c724dc2876515ff860542dbc65a93ee447f88715654eba5d,javascript_ast_syntax,223,,11;14;18;175,False,,,NO
frontend/src/features/wms/grn/GrnModePanel.jsx,e7ce41a4b3393ccb3aee8ff42220fc2d9f1cd56bec8563a9b63e147ee683bdc2,javascript_ast_syntax,99,,,False,,,NO
frontend/src/features/wms/grn/GrnOcrBits.jsx,3562eaa5c5dfcaabc56562839bc6b73f0c78ece1df130be17cc26058369741bb,javascript_ast_syntax,171,,15;61;106;144,False,,,NO
frontend/src/features/wms/grn/GrnOcrRunReport.jsx,b3660629c2e52255c0a140ea2e9af4f28ac852aa5f063a38baf3ed5c30fb51cb,javascript_ast_syntax,69,,5;50,False,,,NO
frontend/src/features/wms/grn/GrnOcrSampleEditor.jsx,3ba468fc08c21e925d265a765a3e4df105061af761810b548b43fbf9eba249b4,javascript_ast_syntax,61,,,False,,,NO
frontend/src/features/wms/grn/GrnOcrSamplesPanel.jsx,970f81b035e964d36056c0f6c221e6c9f28355f67956c5fd1c1c00b7b8fb34c2,javascript_ast_syntax,91,,,False,,,NO
frontend/src/features/wms/grn/GrnOcrUsagePanel.jsx,917f807d080dc72815a63a84c4e1a09f11625ea1f9ff07f1e25643f3f5614437,javascript_ast_syntax,75,,7;8;42,False,,,NO
frontend/src/features/wms/grn/GrnPackingChecklist.jsx,233371aae428e8f8d0c58de58c8069e14fd716455122d6d91931d2baed132d99,javascript_ast_syntax,39,,,False,,,NO
frontend/src/features/wms/grn/GrnPhotoPane.jsx,94e1b1d9732ac49dbd05049ffc87b9581cfec684c6fd58c7b3f73f4ba33a9154,javascript_ast_syntax,64,,,False,,,NO
frontend/src/features/wms/grn/GrnPhotoQuality.jsx,572a84e896bea488b6b1211e01b72218d12519752a741d2edcad7b19237d9a43,javascript_ast_syntax,36,,,False,,,NO
frontend/src/features/wms/grn/GrnPhotoTips.jsx,36503ee88488f3a28fd26cb6f6755c4e0c20d03275eab45c3705cdfd0d926f15,javascript_ast_syntax,36,,,False,,,NO
frontend/src/features/wms/grn/GrnProfilesPanel.jsx,cbe8e1c81a0c39a5d36ea2f042d4e7aebc7c9b3c9e27ec1a1bbbfcc766126fd0,javascript_ast_syntax,101,,,False,,,NO
frontend/src/features/wms/grn/GrnReconPanel.jsx,531464708ea8fcb15d146b69ef970565e90272f0298bae97b724d52a079ee523,javascript_ast_syntax,111,,,False,,,NO
frontend/src/features/wms/grn/GrnReviewPanel.jsx,ac36a13435e98c299f32fa8a2ac177a3402cfec8b252e3f1f6fb39d247c9e6d8,javascript_ast_syntax,127,,14,False,,,NO
frontend/src/features/wms/grn/SupplierVariancePanel.jsx,a65056cb5c3050d118054feee471109b1e3413d6dd69752b1a1427f1f276f52b,javascript_ast_syntax,61,,7,False,,,NO
frontend/src/features/wms/grn/grnApi.js,2bb86b3ccd892a7bf6fd57cb01726b6fd752d369ec5d7462868e662cf666f652,javascript_ast_syntax,112,,85,False,,,NO
frontend/src/features/wms/grn/photoQuality.js,01652d66a5ea41047da6fb5e0b60c66e16c0bdd18cce27130db5963749454cfd,javascript_ast_syntax,63,,14;42,False,,,NO
frontend/src/features/wms/inbound/GRCatchWeightModal.jsx,3dcf688db39ba9b234ee44ec671acab758ce1de2fbba932a09b429e7b4a7c616,javascript_ast_syntax,215,,8;28;29;30;33;49;61;71;72;87;170;173,False,,,NO
frontend/src/features/wms/inbound/InboundTaskPanel.jsx,63d02edb22eec4c6f83c748f65b2ed4356502745d96704fb80697731902acda4,javascript_ast_syntax,256,,45;104;106;107;210,False,,,NO
frontend/src/features/wms/inbound/ReceiveTrailHistory.jsx,fbaa39d267f91d49544c4d903caf8f6e5e8a65a54b919a055645ab527aa4a58e,javascript_ast_syntax,58,,46,False,,,NO
frontend/src/features/wms/inbound/ReceiveUomPanel.jsx,5cbcaaf17833369a4fcd47f7483e228eb059c9cadcb2258580dab473d757ae1e,javascript_ast_syntax,145,,96,False,,,NO
frontend/src/features/wms/inbound/ScanLabelPanel.jsx,b7781fce3c23955f00053b174f886aa2f758f36f9bde1c72384cf89c9649197e,javascript_ast_syntax,267,,112,False,,,NO
frontend/src/features/wms/inbound/ScanLabelStatsCard.jsx,09ae4d32622222d6bfd3fff6e2d8a03fd92dc3ef123d0658cf05b2b373329506,javascript_ast_syntax,74,,,False,,,NO
frontend/src/features/wms/inbound/ScannedRollRow.jsx,6d27b1ca68a008741de4434677bb950ecda668136b1c11b2ea3a5e0ec2926fd5,javascript_ast_syntax,173,,38;39,False,,,NO
frontend/src/features/wms/inbound/UnreadableLabelModal.jsx,a08a92330ed207cb6e527193123bcce374a318221d6bfef30370ff3beb82d73e,javascript_ast_syntax,102,,36;38,False,,,NO
frontend/src/features/wms/inventory/BalancesTable.jsx,96d892285c6ea3fc89e7add35bcda5c5888dbb3fa45bde80f32600fca5d3310e,javascript_ast_syntax,92,,,False,,,NO
frontend/src/features/wms/inventory/InitialStockForm.jsx,c9cc36b6f5cbe73abc12ebef82c7f984b5efc0e5774a43bd43d15d00737cd532,javascript_ast_syntax,95,,47;71;75,False,,,NO
frontend/src/features/wms/inventory/InventorySummaryCards.jsx,4dfb96f67e87e3d8c1cb6a554dc3545802f69cab5402f29bb07d860d1328251e,javascript_ast_syntax,27,,,False,,,NO
frontend/src/features/wms/inventory/LedgerTable.jsx,f7491d48e32c52945a13702d295c809f95bd2df13efec9bdbd411975cfa5c162,javascript_ast_syntax,84,,,False,,,NO
frontend/src/features/wms/inventory/OpeningCostAlert.jsx,28c5629b3b158b25a64f7847bf384fc9bb2fb2733b202f265003189ff77f6787,javascript_ast_syntax,42,,34,False,,,NO
frontend/src/features/wms/inventory/ProductHistoryPanel.jsx,c50a352fec43cfd97c7efa1134e9da19fe34ff4a57188b4c3eed3549c7c2500e,javascript_ast_syntax,83,,,False,,,NO
frontend/src/features/wms/inventory/RollHoldControl.jsx,7159e518adeece20a8c3d59ec6a877ff9f505b3feb2dbac622150e4b2386a7fa,javascript_ast_syntax,69,,,False,,,NO
frontend/src/features/wms/inventory/RollsTable.jsx,3da9a26e07db05b018f9ef050c432ac6a1eefb88df570a0383b0d06df8c7ff43,javascript_ast_syntax,185,,110;112,False,,,NO
frontend/src/features/wms/inventory/WarehouseStructure.jsx,626b47e8eb3d54b87d8d9b9b6edd1f29c109b6f9c9fd7f1295bee57d72f34a31,javascript_ast_syntax,48,,,False,,,NO
frontend/src/features/wms/inventory/inventoryConstants.jsx,73c2cf79eaec87bd7d5ca1147a3327d83ab4c4b871030da76e0b8227aa16f78d,javascript_ast_syntax,161,,9,False,,,NO
frontend/src/features/wms/transfer/TransferCreateForm.jsx,e3f0a2ca5bbe80ef93630e45467736b6a187f43563819b4af57b2211b7d02d10,javascript_ast_syntax,154,,,False,,,NO
frontend/src/features/wms/transfer/TransferDetailModal.jsx,06bae23cbc94009079e635cddbf31088c6f4d40fc2fec470b4e3d97509ee0d8f,javascript_ast_syntax,261,,10,False,,,NO
frontend/src/features/wms/transfer/transferConstants.jsx,2a2d4bda485a48a7154d523a9805aecee6373eb75baedaf41ecf4b6fc394fca9,javascript_ast_syntax,25,,,False,,,NO
frontend/src/features/wms/warehouses/WarehouseMasterView.jsx,cd2749b285da94bca7f62a138f8bfdb6f217208624ab88d93d5e8fb50720e811,javascript_ast_syntax,518,,132;133;134,False,,,NO
frontend/src/features/wms/warehouses/WarehouseModeDrawer.jsx,0d9e9a15a91c8d5b67859af9a9467e28a27c6d171b1416dc416841b5bb6fdce8,javascript_ast_syntax,236,,,False,,,NO
frontend/src/features/wms/warehouses/WarehouseProfileDrawer.jsx,689e6d040a8c2ec84d8c79d95e2de0ec5ed3d209c1f99115e42de8fe34cc9cad,javascript_ast_syntax,134,,,False,,,NO
frontend/src/features/wms/warehouses/warehouseApi.js,2573ae71d9d9c29d402b608698f7e1e709ad39318aaa42c32af078937fe027ea,javascript_ast_syntax,61,,,False,,,NO
frontend/src/hooks/use-toast.js,73d6d7346b63128ac214692ba99cf67ec11a2bce9c0aa8d479f958de8402dae2,javascript_ast_syntax,155,,,False,,,NO
frontend/src/hooks/useAppActions.js,ea25dd91c89b11b6ea2b7114a672d0946d9325634ef93c23dd7bbc0593522831,javascript_ast_syntax,771,,248;257;269;284;344;415,True,,,NO
frontend/src/hooks/useCaseDeepLink.js,5c186019481bc93ee02b41b72eb58e33ad66640140b5830e41a39b7ad795da4d,javascript_ast_syntax,39,,,False,,,NO
frontend/src/hooks/useCatalogMasters.js,129b354ab86826e30b3b1fbc108e25eab81bc86817e0350ed81e20ed4909ddf8,javascript_ast_syntax,26,,,False,,,NO
frontend/src/hooks/useConfigDeepLink.js,3b609d6546a28663080aed524df86f253cf4dbaadd6260b340a7683ebb5f08b2,javascript_ast_syntax,37,,,False,,,NO
frontend/src/hooks/useDeepLinks.js,e9cd5cdd14c9dabff5e65ec00c982b5a9053235791e3c173d62f41ac8c278871,javascript_ast_syntax,48,,,False,,,NO
frontend/src/hooks/useDomainEnums.js,b9c094e471789d8904690cf5490cebfb29353298dc611405e76fdc9acd489b0b,javascript_ast_syntax,104,,,False,,,NO
frontend/src/hooks/useEffectivePrices.js,41c2d834b20eb1b2b19437f93133d3a8505d9f38f0bf7a38284b43c8b69ffb23,javascript_ast_syntax,104,,35;36;40,False,,,NO
frontend/src/hooks/useIsMobile.js,4e903e5aa3355e98ff9f513a959f5c48281a9f41af957d665fd21639e4488e24,javascript_ast_syntax,30,,,False,,,NO
frontend/src/hooks/useLogisticsDeepLink.js,ebf1d49dcf82cceabd12a516101a90f4af4d96089d0dc2b525c419b80c3a5d65,javascript_ast_syntax,30,,,False,,,NO
frontend/src/hooks/usePagedList.js,f25a812b68a792a2d0ceba83992d70429664f6889aa8b6f2722f4b0950526786,javascript_ast_syntax,161,,148,False,,,NO
frontend/src/hooks/usePagedRows.js,e0df454849efed6cc0ab45da3cb7797fbd1a9f384032c197b881fce50f366399,javascript_ast_syntax,13,,8,False,,,NO
frontend/src/hooks/useProcessTypes.js,978f477b43ba75f32cfbdda1c8f71463b861c0244e41ed87958b0c52b6a433e7,javascript_ast_syntax,32,,,False,,,NO
frontend/src/hooks/useReceivingMode.js,46b8621418741b44dabf4e6b43172ecfbf07c37669c2f22fabab8c3459186faa,javascript_ast_syntax,35,,,False,,,NO
frontend/src/hooks/useReceivingUom.js,80c4112573c71696923aee261cfbf365462e4e9d889d420439f75f6a72e79675,javascript_ast_syntax,92,,59,False,,,NO
frontend/src/hooks/useRndDeepLink.js,0f717d5bb1ef13359014c04eabbd060fe941517fcacbaf3a87d5387100b63f87,javascript_ast_syntax,36,,,False,,,NO
frontend/src/hooks/useTraceDeepLink.js,a5ee19310ab77973cdfb0152c07163c30a4be7e621df433037d87cf135f1c554,javascript_ast_syntax,47,,,False,,,NO
frontend/src/hooks/useUomConversions.js,9fad5b73b474c34521fbd18b1fe253eb2eb41a145cee03958ab432f65dca00fa,javascript_ast_syntax,123,,,False,,,NO
frontend/src/hooks/useViewDeepLink.js,fdd7bdedd35d604270c87d5e9759632c3845911efd97892e04d3ccbf44b538a5,javascript_ast_syntax,110,,,False,,,NO
frontend/src/index.css,30eae0fcc90683da4fe785f51afc41fdef85bd964811a4267e008085f0602fe0,inventory_only,68,,,False,,,NO
frontend/src/index.js,14261f17abf4f7458cbb8e1b76d0b420f17224ba0c80b5c2d913fad24cf54851,javascript_ast_syntax,68,,,False,,,NO
frontend/src/lib/utils.js,3bcac7a07bceaa00186a5ae6a950ea0fda278ad068cf71b7d1061ea58cd8de78,javascript_ast_syntax,6,,,False,,,NO
frontend/src/services/apiClient.js,57de5507151312ae2e2d4c6c6f9f1ed6c90acc1fcd37dabf87a0118d3ec9891b,javascript_ast_syntax,53,,,False,,,NO
frontend/src/services/confirmService.js,9f6129b80b1bbb46e7dbc702a92ebeaee2af97918e7eea9cefc88d4674b3f667,javascript_ast_syntax,154,,,False,,,NO
frontend/src/styles/components.css,b41c328b50fdcb7738842caaa6121c9cce498dcb31bac92f7eb606808a65a6f0,inventory_only,880,,,False,,,NO
frontend/src/styles/config.css,5cb6e1243908b37a7d2dd3d0468185a33e51b5ed3951b4598eac4a5fff0ee0e0,inventory_only,547,,,False,,,NO
frontend/src/styles/fase0.css,b9e327d000dc0d9662ba69e8a8cb6edbc6d7609ed2a21e8562f5b73a7276e378,inventory_only,242,,,False,,,NO
frontend/src/styles/layout.css,cac9f0cbaf34177cae124c96a34ed895cb362b5a1aae7f88e0821883f42b93dc,inventory_only,356,,,False,,,NO
frontend/src/styles/login.css,e28f24059d634131fe7eccd8187577c809f3b65781d0c9dd08a6a7f387de47f4,inventory_only,64,,,False,,,NO
frontend/src/styles/mobile.css,c997cd08c0d05438bd737db91d61d5181669538e3cf03a0c8301b4cecaa23433,inventory_only,140,,,False,,,NO
frontend/src/styles/purchasing.css,efd94766e0fbc5622f89ba06ce88a62fd270b174f7c9f2df693bfa1000fb090c,inventory_only,100,,,False,,,NO
frontend/src/styles/tokens.css,7db65be8f0852080407bf78008fde05e163cc91900e9bca3c01474feac9b6c4c,inventory_only,44,,,False,,,NO
frontend/src/utils/apiError.js,11b257280d20663727de845d39bfc08816bc3f4ec73c91d94a825bd21f314032,javascript_ast_syntax,96,,81,False,,,NO
frontend/src/utils/cleanText.js,0ff3c1abda0cfe5028590cacf8c9c18f601c5ffd006f411cb375aa7ea8b413b3,javascript_ast_syntax,15,,,False,,,NO
frontend/src/utils/csvExport.js,f9bfbd134575308784bae8006634e6e4843077075d2136a3edfb3b0555c6484e,javascript_ast_syntax,144,,76;88;89,False,,,NO
frontend/src/utils/decimalInput.js,f1bdfb544bab5e5ba442885bf8260b320f327bb5d2f65baaf6f2ce2cd562c0af,javascript_ast_syntax,47,,30;46,False,,,NO
frontend/src/utils/docLink.js,be05e03a92a1719aa760d4ca65f3d2c748bf413b1cae6ba396df36e8245ed8b0,javascript_ast_syntax,13,,,False,,,NO
frontend/src/utils/docPrint.js,9bc5873e3f744658d31b0eb0df381da4a9421dab605dd9424287aaab7889794e,javascript_ast_syntax,280,,9;12;14;16;17;18;19;77,False,,,NO
frontend/src/utils/entityLabel.js,d6dfcaa14455266c92442f541301428cb24220682e1e4b307b2905b82a9f80b7,javascript_ast_syntax,93,,,False,,,NO
frontend/src/utils/escapeLayers.js,1f378e8f786e5947174608017b620e6303b74a938f94c213b025f496abbd279b,javascript_ast_syntax,94,,,False,,,NO
frontend/src/utils/feedback.js,165322b317834bb7b811cf44d20ededfe99bbbd086b268a9a2c7d00de2f8886c,javascript_ast_syntax,30,,,False,,,NO
frontend/src/utils/formatters.js,90c05686fa74a23ae8c950a404ef3d2a7e3ae210c62e110be7b886b31cbf719e,javascript_ast_syntax,3,,,False,,,NO
frontend/src/utils/fulfillment.js,bb603289ddc9d68b8a471965d0ed67cedd452d65a1888a1f7d65cdc400625ad3,javascript_ast_syntax,32,,,False,,,NO
frontend/src/utils/lifecycle.js,36deb883ad2176aa12e162febb156f5cc719a02481f6bb1e361185523d6b45c8,javascript_ast_syntax,66,,,False,,,NO
frontend/src/utils/offlineQueue.js,bfa975bd56b1d2447fe299308095121fb0d85d06a71b80c61d7c24f52852c1b0,javascript_ast_syntax,89,,,False,,,NO
frontend/src/utils/overlayDismiss.js,0ec33445783b27a8445de63d4775f134733106ea5698006cc400f116dbe5a438,javascript_ast_syntax,50,,,False,,,NO
frontend/src/utils/overlayStack.js,4ff85add570edead9573a2bb8b6b9b0eafb2007e25d370a474365d61e03bb8dd,javascript_ast_syntax,34,,,False,,,NO
frontend/src/utils/pricing.js,b7372745095c07b195fd885083021dc571896d6b3af78731e853284a17dd3ae9,javascript_ast_syntax,71,,10;19;28;29;31;38,False,,,NO
frontend/src/utils/productImage.js,1de30f11c0584bf1df7b06f5e7a962090ea26bb9a133436af2a4287d9fea651c,javascript_ast_syntax,37,,,False,,,NO
frontend/src/utils/productSearch.js,6bb516653cbfc2a3efbfebaf35f9374abb284333eaa38ff5ae9baf2270bdad6b,javascript_ast_syntax,23,,,False,,,NO
frontend/src/utils/qtyDualCsv.js,2ba8fbc5e1cac6d4dce5c2c84a888eb7415b948d746258ebae7d5aad3d9fc9b1,javascript_ast_syntax,129,,45;47;62;64;81,False,,,NO
frontend/src/utils/rollLabels.js,8a3b0577040b58b7309529199b7477714aa29bb4c65f679cfa1d91de5c949aa8,javascript_ast_syntax,74,,,False,,,NO
frontend/src/utils/sampleOrder.js,43c22a1902b39b166071f03dff8131df83727cd2fe44744d94cfc18726062bc9,javascript_ast_syntax,35,,16;18,False,,,NO
frontend/src/utils/sirenAlarm.js,255a71bc226818a843f6633bd6ee2963bb01560727e01f1a49196d5152d5d15c,javascript_ast_syntax,59,,,False,,,NO
frontend/src/utils/soStatus.js,d71e770e7d3a6dbb1f6dc83a9bba81cea37eb71a1f90d2b5ba23b4e335722cbf,javascript_ast_syntax,110,,,False,,,NO
frontend/src/utils/text.js,bd499d1f9f7f436b311e0ae365910e40bfb544cd799c164bd58db0c2c4a77ac1,javascript_ast_syntax,35,,,False,,,NO
frontend/src/utils/uom.js,5a74b870e5b2c12e076ecacabc3f3cdad9990a2241b992ee1563859f778a0dff,javascript_ast_syntax,109,,14;28;59;60;61;73;101,False,,,NO
frontend/src/utils/uomCatalog.js,429e4235447aa8d14f595b391a2f7dd6c8923969caa6cb43a0ff40874d6afffb,javascript_ast_syntax,111,,40,False,,,NO
frontend/src/utils/variants.js,1d7d50c5b966918b980ea8ba4d49cfea8cf736044504d1626cea073845ac31a0,javascript_ast_syntax,67,,17;18;20;23;38,False,,,NO
frontend/src/utils/writeScope.js,f29b074a22f74547beed36dae24281ddf08283178c336aed8d666560bd7493d3,javascript_ast_syntax,38,,,False,,,NO
frontend/static_server.js,e20b400d1cd4b7958f3de70646f7066e84a7bb398856c7ed33f40e385f1533eb,javascript_ast_syntax,124,,,False,,,NO
frontend/tailwind.config.js,23dc32eaca95ed32f865e7080d05c3377ced044b52d4d3fee5b8c0b95b7f8f27,javascript_ast_syntax,82,,,False,,,NO
memory/.gitkeep,e3b0c44298fc1c149afbf4c8996fb92427ae41e4649b934ca495991b7852b855,inventory_only,,,,False,,,NO
memory/ANALISIS_TEMPLATE_PDF_SIPRO_2026-09-03.md,9b361f463e84ba518f89073191c9af286f41e8bbdfd6da1e1278dfb268bb04c7,inventory_only,,,,False,,,NO
memory/AUDIT_KN_2026-09-02_STATUS.md,33436cfd96d8c2ecfe3548e1d8563b096a138dfd4aba081cc03ac3adb78a4e3e,inventory_only,,,,False,,,NO
memory/AUDIT_KN_2026-09-02_owner.md,b696a982587e1edca377769c607d0b3e4f63b0c2dc507da47a98b84336a4eebd,inventory_only,,,,False,,,NO
memory/AUDIT_PRODUCT_VARIANTS.md,9badd52e646aa88ca59e3fb1a4188dfedb3dff9e85eb9f5a6369f9b2951778e5,inventory_only,,,,False,,,NO
memory/AUDIT_REPORT_SESSION_071.md,c45d3a10433d925cd0564422a0c8bd923f9610cf03884b9c16bb747405081e99,inventory_only,,,,False,,,NO
memory/AUDIT_REPORT_SESSION_072_FORENSIC.md,1b22ca00dccb7db7770e766bc1d9ca3f56a75d7d2f1c4500e289f46539cea2c8,inventory_only,,,,False,,,NO
memory/AUDIT_REPORT_SESSION_073_COVERAGE.md,78c8594649031afa22c98a1257cbc51b40ecf5c351dbbd74005a93acbfb674a8,inventory_only,,,,False,,,NO
memory/AUDIT_REPORT_SESSION_074_REMEDIATION.md,a82e92a5a862cc2cc6d0d9f4e56ed26e4cf719c5ef303a08d629529bc09394bf,inventory_only,,,,False,,,NO
memory/AUDIT_REPORT_SESSION_075_FIXES_APPLIED.md,ab63e18a721e03a1ce97a6c6207ab08b64f51d2ac6c77054152bdfaf0458350a,inventory_only,,,,False,,,NO
memory/AUDIT_REPORT_SESSION_076_VERIFICATION.md,76373ee7a56c962cb0087a6972c77f15c532cba69fa390c6f3277f7a1d8a39b0,inventory_only,,,,False,,,NO
memory/AUDIT_REPORT_SESSION_077_CONCURRENCY.md,270dcd34fccf77111bec141564cf23db908b45d14f1b5446ae16363bb6ce8817,inventory_only,,,,False,,,NO
memory/AUDIT_REPORT_SESSION_078_DEEPEN.md,8cabf2f7540f21a0e710e8bf3546accf1d0663f7212afdf2f4242e9ae77eaab7,inventory_only,,,,False,,,NO
memory/AUDIT_ROADMAP_STATUS_2026-08-06.md,5123736dad93d265dfda2bcf459fab4ce2f0203b68b240c99b8aa17b6bd8c99b,inventory_only,,,,False,,,NO
memory/AUDIT_TEMUAN_2026-09-02.md,f2feeefe152c181ab95b8547e26911c2c83185439cfa97fc761edb83f086e3d7,inventory_only,,,,False,,,NO
memory/BUG_REGISTRY.md,0d946152b8b8b3532b6646e5f175180a1235163db14cc090e6ce8772593341b6,inventory_only,,,,False,,,NO
memory/CATATAN_PERBAIKAN_DEMO_2026-09.md,19a06328c11dc9ebe990300aadc172b20f0bfd9fb748cf8223f2639c53b72e7c,inventory_only,,,,False,,,NO
memory/CHANGELOG_2026-10-05_ABCD.md,3f1633e3862213dda7da029b24ffc04f4245f6241d5520e310a63fda7af0183a,inventory_only,,,,False,,,NO
memory/CONTINUATION_2026-09-06.md,26b35e2dc2ea80cc88933ef47ff1f7bdc6fd1ecece0eba9debc5d67978c9dacd,inventory_only,,,,False,,,NO
memory/CONTINUATION_2026-09-06_B.md,6d1bd47268f7032bea00861922449c4fe2c45ee1e30a17e979222adc0eeea2db,inventory_only,,,,False,,,NO
memory/CONTINUATION_2026-09-06_C.md,0eec20f463edfed3898ef7d2f9207fff465b336d2669f218fe95af21591c28e6,inventory_only,,,,False,,,NO
memory/ENGINEERING_GUARDRAILS.md,67a8e95c47bd1335a30d5393a6e368399536e1f230a14b1aabcdbc7b6f3f2a9e,inventory_only,,,,False,,,NO
memory/EPIC_VERIFICATION_2026-07-15.md,a0cf2ef6fb0cd494aa6bcce069e0f78ac9a70677ea11e295474db7627b2cf455,inventory_only,,,,False,,,NO
memory/FINANCE_GAP_ANALYSIS_2026-07-15.md,e6b201588c139f3907c9cf128eb0c8cf9c6a60fe223aac506502d50260e52a07,inventory_only,,,,False,,,NO
memory/FORENSIC_AUDIT_2026-06.md,899939e8c72987cae83b16e85c471e309e80f74a89254b48881b1787c30286aa,inventory_only,,,,False,,,NO
memory/FRONTEND_GUARDRAILS.md,08a21260d8528115072f24f08ace5763efe65680affe4a6936cdaea43204947e,inventory_only,,,,False,,,NO
memory/GATE_RECEIPT.json,ac6a1a6efc67ff16dbff6c734fc53ae783e2e9071d4107b30d95279b7c85c345,inventory_only,121,,,False,,,NO
memory/GATE_RECEIPT.md,a31995dcabb516c99acd243170b9508ac8431c799dced52206bc5059f5bb236d,inventory_only,,,,False,,,NO
memory/HANDOFF.md,d53b55e4edcd3da6e6f3311e8b1721adddc1c5d556deacaeb5e3d2f7338a266c,inventory_only,,,,False,,,NO
memory/HANDOFF_AUDIT_SESI_2026_06C.md,a12578c0cd05c31cd751c55976fbcc7b5f7ae4df83344984eaa896e35eb2a905,inventory_only,,,,False,,,NO
memory/HANDOFF_BADGATEWAY_RCA.md,5b9b5112c2d59b47e184d01cbd46e24597636a18ca456dfe6c82ec9fe4a55d74,inventory_only,,,,False,,,NO
memory/HANDOFF_DOCUMENT_PDF_PLATFORM.md,3bc8dab2d4f5c5ce8d0630057ac8ae39a88c774e307c7dd3784906e5c0005c85,inventory_only,,,,False,,,NO
memory/HANDOFF_P16_2026-10-09.md,016ca686dfcfc3791f32dfa6cf8cd20ab8fa35bd12b8ae92effda5cfd5468871,inventory_only,,,,False,,,NO
memory/HANDOFF_P17_2026-10-03.md,f013758371b98f3a646986c1c035c1b23da8f56ade4b979b362605157cc7a7ec,inventory_only,,,,False,,,NO
memory/HANDOFF_P18_2026-10-03.md,84e7775aa0bae17d33d4b577b66737d605dd5085b48e40e2fb2a6643d49aac4f,inventory_only,,,,False,,,NO
memory/HANDOFF_P19_2026-10-03.md,e04b5bf30d514341041a9c1ee711ec670712f38d726c1a1b0487df8259201c61,inventory_only,,,,False,,,NO
memory/HANDOFF_P20_2026-10-04.md,aaaed35bed92cadd350f28b2449fbe0bfc82e35ba4c9c606f61e66f6b574da63,inventory_only,,,,False,,,NO
memory/HANDOFF_P21_2026-10-04.md,305d8b7b3466a38230c642ab334ca2844b7d060083131eeac26b6978b623aa3f,inventory_only,,,,False,,,NO
memory/HANDOFF_P22_NEXT.md,82f7f80205bdaf232c649b79edbea886a9a1a8b102263fa84938ae52b13e503b,inventory_only,,,,False,,,NO
memory/HANDOFF_P23_NEXT.md,af46fc35fdb088077884ad0ec90a110454f7ae5fc869cc314367ae7d751882f4,inventory_only,,,,False,,,NO
memory/IA_REDESIGN_PROPOSAL.md,4ec30e1c226653854dd8868750d6b365c9db07a3923d3c7a1d498ff48a3a0a6e,inventory_only,,,,False,,,NO
memory/INVARIANTS.md,96b6edc188f0f43af501b88c6e2558a0a83d1c018dabf41fb8f9f34fc656dd9f,inventory_only,,,,False,,,NO
memory/INVENTARIS_MULTI_KOLEKSI_2026-09.md,7e6c85daf3a1e6de0f1201649083f4ad7323f4884edde456d1526eabb9e1890e,inventory_only,,,,False,,,NO
memory/LAPORAN_AUDIT_BAGIAN_III_2026-09-28.md,ebbcd8d6e3e736e28b8551836dca85557fe5c890cd8218c80ea0442ac99336bf,inventory_only,,,,False,,,NO
memory/LAPORAN_PERBAIKAN_2026-09.md,97f789c3408ebf28b9f617a799f431dad7344d94ef8e6b7b5598fce29850110f,inventory_only,,,,False,,,NO
memory/LAPORAN_SESI_2026-09-05_GELOMBANG.md,9fd0921859deca8f4da772c58207196345c77495c1a11a1aefa5ff5192ea8c2b,inventory_only,,,,False,,,NO
memory/LAPORAN_SESI_2026-09-05_LANJUTAN.md,f263e0d3cc3ae76642babcccaa98cab2356a8acee93aaf5db99a2119d71a2d8d,inventory_only,,,,False,,,NO
memory/LAPORAN_SESI_2026-09-05_SESI10.md,890d61dec282496a98a40f6384a849ed41e795561b5113cb5ba63bc4e3b8aca0,inventory_only,,,,False,,,NO
memory/LAPORAN_SESI_2026-09-05_SESI7.md,9a85499f46725101edbf3718caf3408fd068311f211d802e194cb3f54fea52d8,inventory_only,,,,False,,,NO
memory/LAPORAN_SESI_2026-09-05_SESI8.md,5c197f42fc0b092688d6a7dfc598fd6f3a6267d8c3d712217b6c50116625d4c6,inventory_only,,,,False,,,NO
memory/LAPORAN_SESI_2026-09-05_SESI9.md,ff40332b91db01fa6a99676829902a565763deeb5fa35d51f5bb0900f92e4d8a,inventory_only,,,,False,,,NO
memory/LAPORAN_SESI_2026-09-06_SESI11.md,c7bddd1455a2790ff40bf3aa50b509e646e8e2cfa1feebf0e8d6895b53feb2e2,inventory_only,,,,False,,,NO
memory/LAPORAN_SESI_2026-09-06_SESI12.md,0114afb57a526e34d49fe2ea3f67010da0bd9d858f74f80238694a1fc0e029f8,inventory_only,,,,False,,,NO
memory/LAPORAN_SESI_2026-09-06_SESI13.md,6a2435bdd4b2e3a489aaffc4309c0634375745b7c9b38249fd75d0516b8fd857,inventory_only,,,,False,,,NO
memory/LAPORAN_SESI_2026-09-06_SESI14.md,86bcb288fff64c984a6530df810181d1a54778b967e676a605ed05688fbe702b,inventory_only,,,,False,,,NO
memory/LAPORAN_SESI_2026-09-06_SESI15.md,5421cf51af4eb7205e8819f807577e2c87466a4426dcb9c401e7b93486ac56fc,inventory_only,,,,False,,,NO
memory/LAPORAN_SESI_2026-09-06_SESI16.md,b60a152852da28ca3d7c838dfd5dd455016f731edbadfe881f61c3337e96fa52,inventory_only,,,,False,,,NO
memory/LAPORAN_SESI_2026-09-06_SESI17.md,2d6ff0b8a464b4c496fa0a43b4a7e1b010180705e0ecc29e5375fe30442835c6,inventory_only,,,,False,,,NO
memory/LAPORAN_SESI_2026-09-06_SESI18.md,9b96984699e2b1b7cfbfd05cfcd4cd3d67bc7f554c2d05eb967812030002210a,inventory_only,,,,False,,,NO
memory/MAKLOON_SUBCON_PLAN.md,a17adbaf02a23003b98800d3c725c9774e0192ccf8174ad5ceb6d1c67a30d4ec,inventory_only,,,,False,,,NO
memory/MULTI_ENTITY_ARCHITECTURE.md,4f7991cd9aa2d32b76aea023ee799a7a7e21592d415fded6702a333b3beacac1,inventory_only,,,,False,,,NO
memory/PLAN_HRD.md,a232ceba32036c0efa370132c1041d933fc85e735049dfd0bc1a6b66d43e5001,inventory_only,,,,False,,,NO
memory/PLAN_MASTER_360.md,87ce281932ee07d8600bdcc44ed99727bba0e76b51908d1de0eafa9677b5ef9b,inventory_only,,,,False,,,NO
memory/PLAN_POS_REVAMP.md,6a23c19f36801c4aa05bbb2becd569fb7b3eb4e720f400791c3d69438e864a2b,inventory_only,,,,False,,,NO
memory/PLAN_SALES_REVAMP_V2.md,51c7e3d880e72d41dcc5f71d1907b82091fae697f7e8d56d2d2483bb4b9f51fe,inventory_only,,,,False,,,NO
memory/PLAN_SALES_UX_REVAMP.md,938f047131eac4f1ee256d57019e75d888057f0c6156107d50406de556d0e7ea,inventory_only,,,,False,,,NO
memory/PRD.md,aafa3c8729de6395fc793d33cad2f22b4a5c16ae350cfd6f45fabc2008c1c52e,inventory_only,,,,False,,,NO
memory/PRD.md.iter255,67d814939c2d652d1ce8d050b55c813bcb4a65dfde4efef393359b197261401b,inventory_only,,,,False,,,NO
memory/PREVIEW_STABLE_MODE.md,ded8b0800f062add85a96220ad615f578d124edf022bc11dccd2381a33a2e428,inventory_only,,,,False,,,NO
memory/RETURNS_ANALYSIS.md,a18ffbd6f87f357269ef738cec62ec3125514332122c8c7a1b85ccb1df5fad54,inventory_only,,,,False,,,NO
memory/RETURNS_ROADMAP_ARCHIVE.md,766a94be5e89afc728a82b3dffd3c9fd21f5a64fd2c945296320ddd834ce4006,inventory_only,,,,False,,,NO
memory/ROADMAP_plan.md.bak.session-continue,236d6548bbc31e5bffa4292336ffbd558dcb2c5010a9be0ad0cc90dceab7381c,inventory_only,,,,False,,,NO
memory/SESSION_HANDOFF.md,e038472e020df880296a5cb6c09443bac33186781f5d35c19b146bffe3fd2717,inventory_only,,,,False,,,NO
memory/SESSION_LOG.md,5e698e72ee7ea24af5dc1bb7287eae9dc5fbf32e4366634309052560f01a0bae,inventory_only,,,,False,,,NO
memory/SESSION_PLAN_P0_FASE_P.md,fd13ba1a65ce47c2f620c9dc58568444ad372fe75ecb9577d57a99e7c2d30ecb,inventory_only,,,,False,,,NO
memory/TECH_DECISIONS.md,dffb205e619f7f95dc9b450acc5d8733107f7058c0c03556749f45e77a140389,inventory_only,,,,False,,,NO
memory/TRIASE_KORPUS_2026-09.md,038378757a2facb6a2887f6474b84fff6c235cc9f12499c29ace058b6dc70188,inventory_only,,,,False,,,NO
memory/TRIASE_KORPUS_2026-09_TINDAK_LANJUT.md,6468b58be74b76ac0a19e6d9f893982ece62986e2b48b008b9bd16d7f6b151c3,inventory_only,,,,False,,,NO
memory/TRIASE_NPLUS1_2026-09.md,89a66ee71ba171617e914d1a6a47826d47ef2ba94579da1d181f1a9f257b375c,inventory_only,,,,False,,,NO
memory/TRIASE_TIDAK_TAHU_2026-09-05.md,26aa1c12697bc293521eb934fe0c4d9cd2c0afe2bcf7890d4d44e42c204a369d,inventory_only,,,,False,,,NO
memory/WMS_RFID_ANALYSIS.md,8448cab9b2fb3111731d1ed8ffb9a9e813a8c6b9f22388395cce93ead400fc11,inventory_only,,,,False,,,NO
memory/catalog_backups/20260906T195021189899.json,c7a0dbee6a31fe931f741df78e9fd74d0b1ef24afba4cfd7677b8cab3473f5df,inventory_only,1,,,False,,,NO
memory/catalog_migration_applied.json,921d9d83e210cacac41edc3b541a438d289cd304a02ec95ce17fb0ce12f26554,inventory_only,10,,,False,,,NO
memory/catalog_migration_dry_run.json,ed989bec74aaf238adb90dca57116b8598bee7b6b7f6f3ad7958a2a8422ae72e,inventory_only,9,,,False,,,NO
memory/grn_ocr/Prompt_Implementasi_GRN_OCR_SJ.md,67af515f0c0818dc214da693f7938ab0806981a876c7aa4e7360d022c5364054,inventory_only,,,,False,,,NO
memory/grn_ocr/prompt_sj_v2.txt,4feac3645e62b264f0b2c80cc01351ea7c2ac29cbdb8ba59d20d31fd91b3571e,inventory_only,,,,False,,,NO
memory/grn_ocr/schema_sj_v2.json,271b7dac0164014be5e736a1f0dadf26516bf3e6c88227898d4c97244246d22e,inventory_only,151,,,False,,,NO
memory/plan.md.bak.20260726,542205c9db53383a2357553c425e30a255c4286540fab7a0234f4a3d0d6359a4,inventory_only,,,,False,,,NO
memory/plan_md_PROJECT_JOURNAL_backup.md,ab3c19378ab9c88e3299648abecec35ee907f22bc2a56386411ae1975b4a4b98,inventory_only,,,,False,,,NO
memory/tanya_kn/PLAN_TANYA_KN.md,b4ef611988237507fa8b34b93c34d83492b241ee45fa6c308307041f44a8c1c5,inventory_only,,,,False,,,NO
memory/tanya_kn/Rencana_Prompt_Asisten_Analitik_KN.md,63dc087eeb907a7cedab3ba0ab46f27fe8a14f77a27bb55dbcec98533226d869,inventory_only,,,,False,,,NO
memory/tanya_kn/katalog_semantik_v1.md,90f759298003d9362f589f7e43313fd649c712bbcb24c98d6ec49b63812b5568,inventory_only,,,,False,,,NO
memory/tanya_kn/system_prompt_kn_analitik_v1.md,4497ee61bcb7094fa08707bec8451e89e23ede029c556f1080ba3c35ee7bc608,inventory_only,,,,False,,,NO
memory/tanya_kn/templates_laporan_v1.json,5d9ddaf748433710aca1a0190ddc7fd1a18bf03b92a8f91d602c56338681d658,inventory_only,1728,,,False,,,NO
memory/tanya_kn/tools_kn_analitik_v1.json,e0f20f4334b8da2df764a67a7cedb0124e746abb6c88d8cf0c147078132e1150,inventory_only,862,,,False,,,NO
memory/test_credentials.md,27c48658d935dbec25586b7412fb943b3bc4765ae36435497f24d8a63fcfcfb8,inventory_only,,,,False,,,NO
plan.md,476215a0f8fcdbb8b74f18b223704c06c9ac45f564a815af66da9238c704b40d,inventory_only,,,,False,,,NO
plan/plan.md,f9f177423acf4ee1176b186234949d61032d116a08029a19f834e7d1f4d7bb62,inventory_only,,,,False,,,NO
scripts/INDEX.md,d3a06ddd18bf02e390e47dc2e8ba8c8cb96b510f3d466fc6875fc3e1cd8c409b,inventory_only,,,,False,,,NO
scripts/README.md,a19a1cd9ef5111751de92a8050c8dfd909d67de264e82f399c31ec45acce5a92,inventory_only,,,,False,,,NO
scripts/_cleanup_uji_layar_u.py,d73b594c52a79af62b74997acf3e5892ea4919d362184e900645c8eb098024c9,python_ast_syntax_structure,97,,,False,,,NO
scripts/_codemod_rupiah.py,2760919bd03691f392ef2bacf5ec7a3368e4936de46cab8ceccdb17f8f8b65e1,python_ast_syntax_structure,98,,,False,,,NO
scripts/_legacy/_bisect_gl_drift.sh,420fb96de3f4dc77534dededc1f90ec38d70c3b510d6a5170c91374443bfff30,inventory_only,,,,False,,,NO
scripts/_legacy/_bisect_residu_audit.sh,326fa0fd16f013e110a5db3e85340cce993a9be57bd80fa546e4c0eb0ec62994,inventory_only,,,,False,,,NO
scripts/_legacy/_bisect_residu_settings.sh,b67ea802865a146780845d384777a2312cd583b33f12e6557af167a0599c2e62,inventory_only,,,,False,,,NO
scripts/_legacy/_intip_settings.py,1b454a682fa2eda82efadf06c73cdab58673bd5efbabb534170b4d9b0b98d993,python_ast_syntax_structure,32,,,False,,,NO
scripts/_legacy/_parse_run_gate.py,74f6a092de4beaeeebed36ab1aa2ff6639f0c6218d781de080c0ec736b543f23,python_ast_syntax_structure,60,,,False,,,NO
scripts/_legacy/audit_create_buttons.py,0f93f23336e57d71df5d88ecf5bcf7750924e7a6df3ce4b341264b8b8718b704,python_ast_syntax_structure,55,,,False,,,NO
scripts/_legacy/audit_create_buttons2.py,a573f503bc6811371356b144190d65672c122b9d2c715ef84b3744985df00997,python_ast_syntax_structure,52,,,False,,,NO
scripts/_legacy/fe_syntax_check.js,0bb7665db0c4cf2b6a11302f6b871e48aeea4a2f6b11def13bea1806c36254fa,javascript_ast_syntax,18,,,False,,,NO
scripts/_legacy/patch_overlay_dismiss.py,41944ca06587256ec05ef4095526fa6f57bff78621487ae195579a8334d8d67b,python_ast_syntax_structure,60,,,False,,,NO
scripts/_legacy/poc_document_gaps.py,945c15caeaacc5f6666eb97d668e7e8b0674321faf411299158d75065feb11bd,python_ast_syntax_structure,138,,,False,,,NO
scripts/_legacy/poc_traceability.py,09281597f65037253365c40f660d8ba170687346d94de1978cf9e35120cfd08b,python_ast_syntax_structure,196,,,False,,,NO
scripts/_legacy/poc_wa_autosend.py,afbdfd8e41d3eb96337943cc1cbdcaa3f23aad3c36bfcc4c012e3e62859e5d33,python_ast_syntax_structure,91,,,False,,,NO
scripts/_legacy/poc_wa_esign_pdf.py,fc12c2a36bb4fe2ef6c2dc46a0e6a6661197b0d1701d5dedec795aae5824a306,python_ast_syntax_structure,151,,,False,,,NO
scripts/_legacy/seed_r5_4b_scenarios.py,47a4af14fee68ca245a612c46efdf3659ec9a8d497c0efd083a70968e6087612,python_ast_syntax_structure,104,,,False,,,NO
scripts/_legacy/seed_r5_5_scenario.py,6c48ada6cc4851df4c1f571c11431352e5458a9d438b11cf0169bf5dbc83e9a7,python_ast_syntax_structure,97,,,False,,,NO
scripts/_patch_u_pdf.py,c633baa569beb97f4765eef01eb77da827a6e76e55ad1feb226df748e0d6f38c,python_ast_syntax_structure,292,,,False,,,NO
scripts/_snap_inv.py,cb5014e208d25de764e4d1ecf5af46bdc8a2e9798fa8cdfb498d68aba951c25b,python_ast_syntax_structure,79,,,False,,,NO
scripts/audit_collection_drift.py,a056fe2d6132557d11228c320a1d8b3a147be166802eceec1a67bf636e4d2b6e,python_ast_syntax_structure,73,,,False,,,NO
scripts/audit_config_wiring.py,9580c1cbca5906796f131451cdc1f2a4808e706e1356def2c56dfdb79bb420a0,python_ast_syntax_structure,712,,,False,,,NO
scripts/audit_create_modal.py,86ba96fd9d4af3301600b3b71370747189f2aca12f959807780b48a3a564115c,python_ast_syntax_structure,363,,,False,,,NO
scripts/audit_css.py,a09210acee5b9457d96280bc1ea3513801c057c28f206341dff1a8b42e6c9233,python_ast_syntax_structure,23,,,False,,,NO
scripts/audit_doc_refs.py,098939453e7a72d3fca21d408855d17c14682bdac9ef08604493ae48aa5915e3,python_ast_syntax_structure,232,,,False,,,NO
scripts/audit_endpoint_sweep.py,b205297eeb868f74e7945c3f5c08c1c0c8a10b8df4f41179830a783d54778b32,python_ast_syntax_structure,198,,,False,,,NO
scripts/audit_entity_isolation.py,d535fdf81c5a771b4b6fbf5fad4306f2013f77e497acde620ffb12cbaa2e591b,python_ast_syntax_structure,389,,,False,,,NO
scripts/audit_i18n_id.py,4287a529d53125d678eb210da355b369ed04de47b06f9e253700f485afa611f3,python_ast_syntax_structure,676,,,False,,,NO
scripts/audit_ia.py,9f6a52875f11456913d47cf0772f71c3f488c7177082d41f7596fbbfd37e61f2,python_ast_syntax_structure,157,,,False,,,NO
scripts/audit_md_erp_readiness.py,1381f35c11bfcd32691d3de620c4bdea6720a617d29c51c806077f83c0349d0d,python_ast_syntax_structure,648,,,False,,,NO
scripts/audit_sales_roles_ux.py,8af12bfa8e3b4842fab61657ea93cf28d806ff41e182b39bba30251cb57aec1d,python_ast_syntax_structure,747,,,False,,,NO
scripts/audit_temuan_2026_09.py,73ea0298df5dba230800a25a29cff645447648e582c8ed769c95b15ebad7f24e,python_ast_syntax_structure,460,,,False,,,NO
scripts/audit_ux_analyze.py,380e6ff3d39cc874abe80297a21a9a313fa38876aad95d691937c68d126acaf5,python_ast_syntax_structure,98,,,False,,,NO
scripts/audit_ux_crawl.py,840e022afc6c9baefcd3a3fe69d6b2add2bb95672dea61cd11fe6d3e60daf86b,python_ast_syntax_structure,230,,,False,,,NO
scripts/audit_ux_inputs.py,698f6d1f74097ab446f4ecd543c6a794c4bc7b10643e941ff5bf2548775f6c76,python_ast_syntax_structure,45,,,False,,,NO
scripts/audit_ux_selects.py,26ff970cd215bcd84bd2e1cf16c6ac59b0a00bbaec6068d6c470761eae571c06,python_ast_syntax_structure,79,,,False,,,NO
scripts/audit_ux_verify.py,91b515e6fd7ae1559242586217930493761151a6dc54823fa463bf8212f2b981,python_ast_syntax_structure,61,,,False,,,NO
scripts/audit_ux_verify2.py,930c50f4b1ad8cf28916a07328a6a0e474e6c3ed5df539a96824988525cd86e5,python_ast_syntax_structure,47,,,False,,,NO
scripts/audit_warehouse_scope.py,7dd88ae72c8b465b475621551f7bca4e43d98b2258cae19ebb5466d171c32cea,python_ast_syntax_structure,163,,,False,,,NO
scripts/backfill_po_payment_due.py,c3ae60b85a72f82336ecd8384d76a55481ecbb0ccaf1d662d2cd9a20db244e99,python_ast_syntax_structure,37,,,False,,,NO
scripts/check_nav_map.py,31e1baab0890c4a8f7911b36a937862f28921cea0195e3ce515c981fb6aebe24,python_ast_syntax_structure,527,,,False,,,NO
scripts/check_notifs_per_role.py,5c357139aac7c95b9a2a437eae838d8ffa04a5ada3bd2087a62038c038cd5677,python_ast_syntax_structure,41,,,False,,,NO
scripts/check_supplier_item_duplicates.py,58eb0ee3460819d669edf7215ce3061c29e6126c3d81242633e447ab44df6a1b,python_ast_syntax_structure,29,,,False,,,NO
scripts/codemod_env_url.py,d1aab0c59fdbbe8bb5cf45f9223afa75862f3fa1c40d263a10f709d2c71bb3ee,python_ast_syntax_structure,79,,,False,,,NO
scripts/crawl_blank.py,7aff70996421623e2d2d29693b25732d240cab13cc560550bc391d180ca77938,python_ast_syntax_structure,63,,,False,,,NO
scripts/create_sample_req_sesi8.py,eaa8cdb9f6b903e89dc3743737fa6750ef99782db54458c41d7fcd465bd3737e,python_ast_syntax_structure,73,,,False,,,NO
scripts/debug_blank.py,769e772bff5d017c3b01ab904f1c6fe01d2aa7438e40f55a2f9a9ed022a9e7eb,python_ast_syntax_structure,30,,,False,,,NO
scripts/demo_media/photo-1748141951488-9c9fb9603daf.jpg,2e20262462fee4405e42f2fc3e3d6746d3ffc6aa6ba7495fe3b4967c25fcb842,inventory_only,,,,False,,,NO
scripts/demo_media/photo-1749367288395-f874bb54bc8a.jpg,59bedd8a4d8b75379f2d19b2e287039b7179b7fb140f739f02538f71aa91c4ea,inventory_only,,,,False,,,NO
scripts/demo_media/photo-1758169744470-097641049fb7.jpg,7121aea0096a4ba7014792584c32514b3460d43a88854710e8d32524064c5501,inventory_only,,,,False,,,NO
scripts/demo_media/photo-1761516126097-98d996214b75.jpg,a44c392559aeed6f0b1de87c6b5f474ad577f3682db007e0aa35e0caf38efd2e,inventory_only,,,,False,,,NO
scripts/demo_media/photo-1762111067760-1f0fc2aa2866.jpg,b4ba5be87362a41aa07af0eea258676155548232b1296d360564ba41b2f3f5c4,inventory_only,,,,False,,,NO
scripts/demo_media/photo-1762111908757-2444be02131d.jpg,a9dc2d27df6db1276eea723be9fd353d7b8a10dfed59e3d37dd5961613f1afd3,inventory_only,,,,False,,,NO
scripts/demo_media/photo-1768478701502-c6b378f85167.jpg,7179add7086b986d9eeea43dd1e02d28f421a6a0eb649d6d13a8c9a16f9ea45b,inventory_only,,,,False,,,NO
scripts/demo_media/photo-1768478701507-24b1c8de2df0.jpg,a79a53bfaf3eacb67ccfad62f4246ce88895397eb4110271514276bf4a2e4e22,inventory_only,,,,False,,,NO
scripts/demo_media/photo-1774679817333-decf0d988dd5.jpg,7e513c14a65a4bc66b28851093f13ddd7620b80cf501922f3649b79a40682351,inventory_only,,,,False,,,NO
scripts/demo_media/photo-1784295039401-2225df40ee7c.jpg,4e723f00ce8893121afd950b1e6d3c36158e24bb5cb99f42f624a6ecafcab15f,inventory_only,,,,False,,,NO
scripts/dev_setup.sh,382697cfe330634d44533eefe0eb0c624a17a848ae4898916a723d59ba1b1f2f,inventory_only,,,,False,,,NO
scripts/diagnose_rfid_duplicate_tags.py,cd917a98a0da94a290b5d9b4ae31bb6507656233c177c534888f129e362f4335,python_ast_syntax_structure,49,,,False,,,NO
scripts/entity_audit/README.md,3c4289771ff2503fd67057bd3239c2dab6c086ae1b80ed24a50eb37d819fb984,inventory_only,,,,False,,,NO
scripts/entity_audit/audit_entity_isolation.py,e8dd5a30bdfbe19bc9205f8404e471802e4f3c6f761f19e4b231d5454f03c097,python_ast_syntax_structure,316,,,False,,,NO
scripts/entity_audit/probe_entity_flow.py,7cc68c749d7e9fa9e7a65e78fc2c43017313fba57fb24b6b07826b4dfa5d9925,python_ast_syntax_structure,183,,,False,,,NO
scripts/entity_audit/probe_entity_flow2.py,e7cfee68014efdee5fdbf5b62d1f4d27ff530d5cfbb93bfbafec4ef0d2de37d9,python_ast_syntax_structure,96,,,False,,,NO
scripts/entity_audit/verify_interco.py,48cf93e0e15830fe1c2e8029b8e313b8d47b23340b99728a19c635beec720fa4,python_ast_syntax_structure,179,,,False,,,NO
scripts/entity_audit/verify_leaks.py,176135a9387460c431c1ded575ca5eba29ceedd30cff18f200650c93e2ac43bb,python_ast_syntax_structure,124,,,False,,,NO
scripts/entity_audit/verify_leaks2.py,44b53e5e559b7a2da282f606c8fea7a9bc8c4b1c90bdff734d35c23913304110,python_ast_syntax_structure,131,,,False,,,NO
scripts/eslintrc_tdz.json,2e35ea429ba3fc949114324fe48fe94a03f57664b4a61274bdb6dc52371d0941,inventory_only,5,,,False,,,NO
scripts/find_dead_services.py,60c14882eac2ff4a960735f142c4809b4f66955b588a4111b2a4d414c651c26b,python_ast_syntax_structure,35,,,False,,,NO
scripts/find_undefined_classes.py,6f02aae537611a6be033ae4adae32252a94e38af5dded4757f9bb7196dcbceaf,python_ast_syntax_structure,25,,,False,,,NO
scripts/fix_i18n_id.py,b7dd993474d2eb57bc5e18da1e1a3134e6df77de51f1d94f3e14987046ea7176,python_ast_syntax_structure,250,,,False,,,NO
scripts/fix_orphan_employees.py,c903cd4052603d30fc65d8946051e22d0279e66839ce5d86bff76b8f77a8a094,python_ast_syntax_structure,101,,,False,,,NO
scripts/fix_orphan_entity_refs.py,09f12b727122b2140861afb7012b5b9fed2c1ff9abd477ad8edba2ffe62022dd,python_ast_syntax_structure,224,,,False,,,NO
scripts/fix_sales_name_e01.py,3c8f113ed4ccb2a6bb140150b0e59f4fb18ec7c3e7232459fbb5377989ed16cc,python_ast_syntax_structure,41,,,False,,,NO
scripts/gate.sh,d12921616ab61774862ff17a1e8ef99576e1c6994740a828c4a2597e6577a70e,inventory_only,,,,False,,,NO
scripts/gate_probe.py,78b7f7b91f84e7d02ac51c1a02ea3463f3da783464a9dc6f002f1ba0867140f3,python_ast_syntax_structure,151,,,False,,,NO
scripts/gate_residue.py,2698085be34906abb5eca5d4c84baee71a2230c00fdd6d15e6e3124d3cebea3e,python_ast_syntax_structure,260,,,False,,,NO
scripts/gen_codebase_map.py,c2a86abb94ef4dc99bada11cbf647a479b0e950ab2a48a4ee67fc94c57bc6823,python_ast_syntax_structure,194,,,False,,,NO
scripts/git_sync_check.sh,088a8dd3a07bba2faab64848381da031950b19a5d67e8997f97f1fd40e456840,inventory_only,,,,False,,,NO
scripts/guardrails/_common.py,e7f578fb884805f6c631889c625cf87a76d0eea157562b27c2c7e7aa3d2ba31b,python_ast_syntax_structure,249,,,False,,,NO
scripts/guardrails/verify_aging_fields.py,2b2eda8de77fe30ff3cd9cde040c575e5df4199d24b38003c3fe3983562139e1,python_ast_syntax_structure,243,,,False,,,NO
scripts/guardrails/verify_approval_queues.py,12b5644c7cb339619dbe1f2ad16a3081827f2485eca9ea559419e69f97052d2d,python_ast_syntax_structure,506,,,False,,,NO
scripts/guardrails/verify_atomic_claim.py,9a1daa303f29e314d4e5c9adf01163186d1b4609eb7473d3905dd84b5ed78e2a,python_ast_syntax_structure,336,,,False,,,NO
scripts/guardrails/verify_auth_coverage.py,79bd1e796052dd42eff95c66d90dd09fa00633efb0420557389894a6efa46e9e,python_ast_syntax_structure,271,,,False,,,NO
scripts/guardrails/verify_blocking_dialogs.py,8b10ee92b1a3c764bf0c169762f8aa151e9c03ad1afaaff3625e120dd33462e2,python_ast_syntax_structure,234,,,False,,,NO
scripts/guardrails/verify_codebase_map.py,309a0df3eb6960357002032da0e7c37094cc34352ceb2c2792dcabe666accbc4,python_ast_syntax_structure,107,,,False,,,NO
scripts/guardrails/verify_concurrency.py,8f8768048076060f73a8fb48c84272440c9db82e174ec0af4f1886d22c4bdd13,python_ast_syntax_structure,177,,,False,,,NO
scripts/guardrails/verify_cross_entity.py,953e1fdf503db0b97cd4fef0a088a2d53a51550f0562fb436cb2c6caacede135,python_ast_syntax_structure,168,,,False,,,NO
scripts/guardrails/verify_derived_fields.py,a3a97c87745dd1576f4fd2a66ac20a60c1b43fc0bfd1585d92a24210bfd6cd90,python_ast_syntax_structure,140,,,False,,,NO
scripts/guardrails/verify_detail_modal.py,baddac3f612e651470d9019a2cc2d3f5077df070ff74dd86d4f277b00eb33cff,python_ast_syntax_structure,366,,,False,,,NO
scripts/guardrails/verify_doc_origin.py,add51003d5e8d5767a1f2c0216714b68dc5a21d0417ce36e43cf0a427205fcae,python_ast_syntax_structure,490,,,False,,,NO
scripts/guardrails/verify_entity_label.py,38cf495a06b7b03a92e4dd82f3858e4bda211fc7f48776a8146cba8a2bebc7f3,python_ast_syntax_structure,195,,,False,,,NO
scripts/guardrails/verify_error_notice.py,604303eb6281dbd5463cedd166ee54e8bec94c4a093615306a650e596051daa2,python_ast_syntax_structure,203,,,False,,,NO
scripts/guardrails/verify_escape_layers.py,915504eee4775e7a811602c295b4eb28bcb4f9dc5accb09b6aff096700bc4e93,python_ast_syntax_structure,292,,,False,,,NO
scripts/guardrails/verify_home_kpi.py,66e3f4959f4e13a146876db020bb69d514e1444d9db67a2527b699236655bc81,python_ast_syntax_structure,545,,,False,,,NO
scripts/guardrails/verify_line_scope.py,0fa1200295649fdd5086ea850c26566cbdc62639ef35798ecb07c11fe695a786,python_ast_syntax_structure,349,,,False,,,NO
scripts/guardrails/verify_list_export.py,dd474352f124e91f6ba9e79c4f8b2b59fc5e84c63534598cfebcc3cbd0f9427c,python_ast_syntax_structure,370,,,False,,,NO
scripts/guardrails/verify_master_stages.py,58488eee356b2491c162099d96712bf703d13caaef82a1601a6f49f462ad0055,python_ast_syntax_structure,418,,,False,,,NO
scripts/guardrails/verify_modal_dismiss.py,8b8563642418725595dca0f86fb7b2154ae84b397a1a004df4cec458f028399c,python_ast_syntax_structure,97,,,False,,,NO
scripts/guardrails/verify_no_secrets.py,067e5759503697ee6302600abdc238702ba65cfde9c88eec9a5058c3ce581e62,python_ast_syntax_structure,60,,,False,,,NO
scripts/guardrails/verify_nonfinancial_sweep.py,9b9058fe998bedf6cc4c85aa22998ba785b1d87eb7eee0816ed0a3f613e5ae52,python_ast_syntax_structure,260,,,False,,,NO
scripts/guardrails/verify_notification_audience.py,e09798dc6f44ebb8d9b3e9a137e71638f891635e510eea0e466e6a63536db623,python_ast_syntax_structure,324,,,False,,,NO
scripts/guardrails/verify_numeric_bounds.py,46bdc58e9afadc2851a1aebb4882eb5fd9fd323cd5e45f7716608daa234b2248,python_ast_syntax_structure,318,,,False,,,NO
scripts/guardrails/verify_picker_portal.py,0b6507ed96584ded0cfd3c18e7b3d7a9de920826655955b3c9393eb3b6352228,python_ast_syntax_structure,305,,,False,,,NO
scripts/guardrails/verify_po_board.py,bd043023d1231a804ff8eac67f8bdd74645b3c04bf23a80a089dae06c74bd885,python_ast_syntax_structure,383,,,False,,,NO
scripts/guardrails/verify_qty_dual.py,7dce0e57bc10ea567f9ab8a0d26b7c51950a4c6cec79c3653a1066768dac878a,python_ast_syntax_structure,708,,,False,,,NO
scripts/guardrails/verify_ref_unlink.py,bded710ab8dfe6d72bc88d6c0341ba607bdfb1edc7b4b039df9569bafb799be2,python_ast_syntax_structure,333,,,False,,,NO
scripts/guardrails/verify_rfid_tag_unique.py,db043d94c65d7d4fa784e8374150de344716ce16d80bac86b16c882d30608939,python_ast_syntax_structure,125,,,False,,,NO
scripts/guardrails/verify_role_label.py,f3faffd93d39881a1d7db959c472a786e4169299ed3ae4c6ee919c66fe172ff5,python_ast_syntax_structure,263,,,False,,,NO
scripts/guardrails/verify_roll_identity.py,d9c3e58f58e65be750a6be0849af99a297648ab0ec552735a1049a7da027eab0,python_ast_syntax_structure,366,,,False,,,NO
scripts/guardrails/verify_sample_types.py,01a7ba39f3ffd0b12fb8ff88f3c26d9965f37525823f8562cc374f0dccfc3ae8,python_ast_syntax_structure,618,,,False,,,NO
scripts/guardrails/verify_state_machine.py,40799b5d89dbae201f81b62e0cf69ed381dfa0cb888b543cdbed1663446bcc93,python_ast_syntax_structure,211,,,False,,,NO
scripts/guardrails/verify_status_history.py,4dbd9f94544fe3e301277c4d43f4aa3f730b2ecbbeb0d5e39499b0a29b93b1a1,python_ast_syntax_structure,108,,,False,,,NO
scripts/guardrails/verify_to_list_bound.py,b016dbd3b97d27e7a93fb89d48201478118ae7d171731ed9c76eb466c3874b8e,python_ast_syntax_structure,136,,,False,,,NO
scripts/guardrails/verify_uom_vocab.py,5d46e076ab008470ff0aa70b9e668574af23ec4fab5816ab9af761d22a69f042,python_ast_syntax_structure,450,,,False,,,NO
scripts/health_check.py,9295592d221f40ef951a51c114658d7e9cdaeea1581666aeb9520f89ef191252,python_ast_syntax_structure,174,,,False,,,NO
scripts/i18n_table_id.py,626058215a6107871e46f66c31cc2853b7c47b75d478134621de2545203f6dfb,python_ast_syntax_structure,815,,,False,,,NO
scripts/ia_crawl_js.py,a0f8faadd28b7f25f2d73064750b39f13065a584d08132456740a99f6f7c1251,python_ast_syntax_structure,17,,,False,,,NO
scripts/install_hooks.sh,fd6e650c53fa736dfa0706a920bd67ca8f7e7640ae67c4feb1359817a8cc85cd,inventory_only,,,,False,,,NO
scripts/inventaris_multi_koleksi.py,068f52e7013d544c602675ef5817752d09feb75eca006e3510d5a2305b49ec50,python_ast_syntax_structure,128,,,False,,,NO
scripts/load_context.sh,661055a0efdb4f6ee13d233a4be092a4356278e2128b39080af3ea9bbefcfac4,inventory_only,,,,False,,,NO
scripts/migrate_design_codes.py,6a70933d72709599898f9a606192a4bfe23227d0c096475e692b9c368b714e82,python_ast_syntax_structure,67,,,False,,,NO
scripts/migrate_e4_master_scoped.py,e42106525d7a4a7a6abdd2b379ed610043abc29ab1864c1689287e1f59931b05,python_ast_syntax_structure,83,,,False,,,NO
scripts/migrate_e4_warehouse_sharing.py,999b788f32b6175f237ad05e9fb39e50ea31afe9d95700f2a03d9f9373bc40b5,python_ast_syntax_structure,113,,,False,,,NO
scripts/migrate_e7_group_cash.py,0978fc5838507ce5a238cc6a5b2d472ad05f1edc5d8d148cd66b9b9c48172514,python_ast_syntax_structure,287,,,False,,,NO
scripts/migrate_e9_movement_type.py,d1185a946d43c256a586a1557bc6a38a3d3ea4f3eee8ec0def6c734c926b3d87,python_ast_syntax_structure,90,,,False,,,NO
scripts/migrate_e9_roll_provenance_names.py,4b443fe6955f0af2b57b3eb48dba4610f4e9cc92348b84b777919daf623510d3,python_ast_syntax_structure,110,,,False,,,NO
scripts/migrate_g6b_ica_directional.py,c8c9f3d70592521fb0ace2e68e7846e07a57f2decfeae82f3e0bcee324cafeef,python_ast_syntax_structure,103,,,False,,,NO
scripts/migrate_lini_produk.py,c27a5880225d45ab2db5409a419ef93b09f2dc9997f526e2e7fa737aa26ea326,python_ast_syntax_structure,400,,,False,,,NO
scripts/migrate_lot_status_history_keys.py,be85120a312ed15b2685b91d913d0597ca7b734460fc86b5779a2837ce6463a0,python_ast_syntax_structure,64,,,False,,,NO
scripts/migrate_n_notif_audience.py,6fbc65de93df39904ad7597fa281d6564dfabcfbb62b06e63288e5506ff76eb6,python_ast_syntax_structure,124,,,False,,,NO
scripts/migrate_po_stage_progress.py,ada9b4bc50596aa7d298160b3a6eaa4f2cfe48482776258407f94eda7263b67f,python_ast_syntax_structure,101,,,False,,,NO
scripts/migrate_process_stages.py,264d7db85da5d1ab978c2b716368159b3015c44e362eb2245536f8b3e97c50af,python_ast_syntax_structure,195,,,False,,,NO
scripts/migrate_products_to_templates.py,ecc5e980ff2c50b38e8e4eb1fd00b78f7c8fab1f71a41c26bdd7466d5644eeae,python_ast_syntax_structure,48,,,False,,,NO
scripts/migrate_qty_rolls.py,fc846e54495ab343b0ad1adc691c3538f12851b6d25791663345070c6b0178be,python_ast_syntax_structure,72,,,False,,,NO
scripts/migrate_reverse_duplicate_backfill_je.py,955f7d84029fd58404a6b6893e84cdb265230afed9b6f9c9964fca23a2c7fb2f,python_ast_syntax_structure,63,,,False,,,NO
scripts/migrate_roll_no_canonical.py,59fc4d7ea66f2e01d65c39e65d6f6e4dc6b52651597d866bb5306d92632220cd,python_ast_syntax_structure,197,,,False,,,NO
scripts/migrate_sample_types.py,461bbd9a32b852b6fee35692ff70395b63613f2148668ef07e3f60a0f8c11772,python_ast_syntax_structure,214,,,False,,,NO
scripts/migrate_special_order_approval_requested_at.py,d6d6c10109b3d2322439ceb23247b5ca58004023fb479477f104b54e263044b0,python_ast_syntax_structure,82,,,False,,,NO
scripts/poc_document_platform.py,fb0c0dccc5bf6d74c3b57e65b6f5fb8b772bb16f938513ce86e359c644de52da,python_ast_syntax_structure,269,,,False,,,NO
scripts/poc_hrd.py,3d25f51cc066afbb8ecc65573dfd3afd991719379ac7c5b05cd20618772a7590,python_ast_syntax_structure,379,,,False,,,NO
scripts/poc_hrd_h1.py,0519bb1df14b2c790590ce242131b178321b4c3d44afd6dcf046ca7a9454447d,python_ast_syntax_structure,143,,,False,,,NO
scripts/poc_sales_revamp.py,6cb4adc523aabce8a56cd23723bfe8c9db1ef34562b3958478b3185301a3c3c5,python_ast_syntax_structure,249,,,False,,,NO
scripts/probe_sesi10_iter324.py,a1e7a6b73e0eeadd0e3f2668333aeee19cb17dd809f40f548d8b7e16eedfd297,python_ast_syntax_structure,155,,,False,,,NO
scripts/probe_sesi11.py,5cb537f1ee3a34f3179c8e4fd5d78481f5c4761ebf6a616dbd8290d72680d19d,python_ast_syntax_structure,139,,,False,,,NO
scripts/probe_sesi12.py,f73a5c94dab2083fd7765ac0980b13bbdbe042c334302cce54133135464addc1,python_ast_syntax_structure,115,,,False,,,NO
scripts/probe_sesi13.py,a281e6a2dde8acb96b448d2964b6f6ae08188da77fc7d1a9a1b0fffbf66ec7a1,python_ast_syntax_structure,124,,,False,,,NO
scripts/probe_sesi14.py,6ebd478214019b52d7bad77ec164e92529abab3e6362ca804d025b38019e0390,python_ast_syntax_structure,145,,,False,,,NO
scripts/probe_sesi15.py,a0a58a77329640a32449bf9b66c8f51cf42cf61bbe7fc2549c0702337abb1ad8,python_ast_syntax_structure,143,,,False,,,NO
scripts/probe_sesi16.py,0de2cb9a2103b37e240d023bb94f71e86f8055475fd7b0c08a05df77fc5420b1,python_ast_syntax_structure,96,,,False,,,NO
scripts/probe_sesi17.py,53070d6b3646961f71d6801bbc9bef52181c553bf618510dc2688f584ef83f2d,python_ast_syntax_structure,135,,,False,,,NO
scripts/probe_sesi18.py,8011e37cb26d0a69c3ae3a7b10dd1ebb6d3e867c5b3d6dd24e3cb4ff571d8b2c,python_ast_syntax_structure,197,,,False,,,NO
scripts/probe_sesi4_saga.py,521c4eda462059cffedbad81e01e5ed5a2a36926ba2794281e64eb8a07dedccb,python_ast_syntax_structure,166,,,False,,,NO
scripts/probe_sesi5_saga.py,0260c2e7a99c71ca2fec7676f27dcb2fcacf8e295999f518c6bc3c9e59065b85,python_ast_syntax_structure,195,,,False,,,NO
scripts/probe_sesi6_gelombang.py,cd4b7a060098b1e324d27f9ccd2dbd144b4795e56940dd717c231943cc30d9fa,python_ast_syntax_structure,110,,,False,,,NO
scripts/probe_sesi7_sampel.py,4802f52da9219c170afc216ea8743203437d5209f82fb4dbd5bfb6656c64446b,python_ast_syntax_structure,115,,,False,,,NO
scripts/probe_sesi8_ratchet.py,cfeeb5f10760a279d68ddf1bddc186105877fc6054c39eed7a0bd0c2786d8fb8,python_ast_syntax_structure,96,,,False,,,NO
scripts/probe_sesi9.py,090536b386f73599d41abb6a99cd4b556200bfb2f8984d76809b87a8eb07f006,python_ast_syntax_structure,109,,,False,,,NO
scripts/probe_sesi9_iter323.py,e64f14ea32d5020fcf1bdc93a222668b6980a450e2b96bd203972718abc454b1,python_ast_syntax_structure,133,,,False,,,NO
scripts/probe_sesi9_retest.py,658a231e08a1d76cf07828dd82517c8c19d10981056c9034ed28fb630094c3b9,python_ast_syntax_structure,131,,,False,,,NO
scripts/rebuild_frontend.sh,07515ee7bbda0b5a12710c2ac49e42beaba559b2fb4383b8a7b84620bcd65549,inventory_only,,,,False,,,NO
scripts/reset_db.sh,67093d47c55acc7fc4d99319b7863e2f3d6afe4567af65c1d4879f511d6ec63c,inventory_only,,,,False,,,NO
scripts/run_corpus.py,284dc824aae7da0aef1abeb2ab14eedaedff3e8bcbbe9dc96a452a4dac5cfeb8,python_ast_syntax_structure,192,,,False,,,NO
scripts/run_corpus_subset.py,b8cb132d1a26d66272f587b95f09584bd744414664f51140498b334b78a43b8d,python_ast_syntax_structure,24,,,False,,,NO
scripts/run_forensics.sh,1beff29ff49aa82a7977f9222047e3a0253a241bb59e82d2445a6c398a719bd0,inventory_only,,,,False,,,NO
scripts/seed_ai_usage_demo.py,4e82dfcb01ccc10dcd09a0f66dc8fc90470589259fcbc8c3fedff7fa0d6c1963,python_ast_syntax_structure,50,,,False,,,NO
scripts/seed_ar_due_soon_demo.py,50541039b52524253394f0046a26b56ba0136fc13ab25f7b036b01ce78e19e29,python_ast_syntax_structure,107,,,False,,,NO
scripts/seed_customer_colors_demo.py,d128c2c7f8e1e181b6117b8da084d499a8afc7a14a8f67f517d386491c99c0c1,python_ast_syntax_structure,67,,,False,,,NO
scripts/seed_design_hold_proofing_demo.py,88a8ee25799ff0ba0e349230afdf585c2d72da2ffeddec52ca40da476de8bb97,python_ast_syntax_structure,62,,,False,,,NO
scripts/seed_design_scores_demo.py,086beba1ab6607aaa511b146e740d67aafe45f972f97b3e6b244447ebad0ff3a,python_ast_syntax_structure,70,,,False,,,NO
scripts/seed_dispatch_demo.py,398db2395517227a932d3d8d1d2033f6117a5ffd0835d650b4823f13a29e3a37,python_ast_syntax_structure,97,,,False,,,NO
scripts/seed_endek_showcase.py,ed97cc5d5dc224dea4263e5f77470a8518c4d7e993f7a93162e71f53d15fc38b,python_ast_syntax_structure,87,,,False,,,NO
scripts/seed_escalation_demo.py,3db09fa1a83927178ecbb728e301023799519e37c3411d14deab208672cba64b,python_ast_syntax_structure,88,,,False,,,NO
scripts/seed_grn_ocr_demo.py,d5968766c328967d3251198a9207aca7954ba7187e85900e837dd67d44fdd808,python_ast_syntax_structure,80,,,False,,,NO
scripts/seed_makloon_partial_demo.py,298cbbb6451d0372f26a95e575aad05c02132e848c258a8bf8448b4288c9b430,python_ast_syntax_structure,94,,,False,,,NO
scripts/seed_ocr_samples.py,f159a4352ef51e37bab00b27d40bdb0fcf06cbf61fda58b574ac0053159a929d,python_ast_syntax_structure,70,,,False,,,NO
scripts/seed_reset.sh,992d9eb524b05db3df4986eceb407866617b23f41fed8f432252213221c2fd63,inventory_only,,,,False,,,NO
scripts/seed_rnd_kpi_demo.py,11e207c33bb1b737f10a4e89f1acdaf02d2b8f8acd626e2366c9152b1e5005bb,python_ast_syntax_structure,497,,,False,,,NO
scripts/seed_sesi8_fe.py,fe768a831d88b3644a894d2dce1abebac916fe0c061f1ea8d5d13158c3aa37b4,python_ast_syntax_structure,56,,,False,,,NO
scripts/seed_test_po_variance.py,86cae3b22aea766b1fc820f1cc8684976dfe1bda5b8648bf0fe9950ef51c8f93,python_ast_syntax_structure,37,,,False,,,NO
scripts/smoke_dispatch.sh,19bb4c9629ab43fdca73bd2cb4a964004595a106cc1c040a138ef4e61f38be8b,inventory_only,,,,False,,,NO
scripts/tdz.config.mjs,8aa810bcf2e91bce4c9df72f0d12de2ed07184220a4495166f9739a28d2fa67a,inventory_only,,,,False,,,NO
scripts/triase_korpus.py,cda19ca5ec33a455402a1d70ed707a5041e7116c83abcf036f99e2b7cdcf13b7,python_ast_syntax_structure,94,,,False,,,NO
scripts/triase_nplus1.py,d4db406e8e38baa8ccf23857da94992b5e229dae0e8119ad3585d1691e52baa6,python_ast_syntax_structure,102,,,False,,,NO
scripts/ui_dialog_js.py,9b6f5a5158a26c65b42915b5bf47b49d52966101b0037b89bfaa78a9a3a4a33a,python_ast_syntax_structure,37,,,False,,,NO
scripts/ui_scan_js.py,b731f667a4bb9807df600f1b0043470113d1928997de2081812eae9535fe455c,python_ast_syntax_structure,20,,,False,,,NO
scripts/ui_smoke.py,c0f341c84787147128ed2c0b1d6c7ef73c689174378c7cd17da38091711dfbd7,python_ast_syntax_structure,218,,,False,,,NO
scripts/ukur_residu_poc.py,810d078a7ccce0699ad6cf37f3aab7c515bf0e829e337b993eed23a29eb59fe6,python_ast_syntax_structure,95,,,False,,,NO
scripts/ux_audit.py,55e0d70fedc4276527dade2f1fffdb192129765fa0efc354196b387563df1dd4,python_ast_syntax_structure,385,,,False,,,NO
scripts/validate_compliance.py,2c3901e4d76a93f21ccd228734af8ce17571c2001a20de8e78e9c1d01851fb58,python_ast_syntax_structure,853,,,False,,,NO
scripts/verify_api_contract.py,7a445d5cf54b7a43fc336d8ceed41385ec1a2f5b056713cedb89a43ce24667ca,python_ast_syntax_structure,331,,,False,,,NO
scripts/verify_contract.py,22822196dcf864435f0fcecd52267330e6671daf3ab9cd90d22878487bae34dd,python_ast_syntax_structure,325,,,False,,,NO
scripts/verify_data_integrity.py,d217343137f7b4309089b5c61c18a5e1a22c2dafdf0918984be9c698ce6fe1cf,python_ast_syntax_structure,4807,,,False,,,NO
seed_e9_chain_demo.py,1d8618684462fc7dba61ac02835f3530f513474b6a1ca2634d6faae712b49191,python_ast_syntax_structure,121,,,False,,,NO
seed_r0_demo.py,8c754ca9c99497bdf1d3aedc7821c4c0502a83bb9a9c79e93afbdf346ea80298,python_ast_syntax_structure,97,,,False,,,NO
seed_realistic.py,9d9f040a4d4b16b8f9e4f1027fb3bd378f9b8a2e61621fc1f08c856ed07a4488,python_ast_syntax_structure,7460,,,False,,,NO
seed_returnable_demo.py,17a1153442f138449faee02e81ae1829c3d7517c2b88bb97b859809cd6df3164,python_ast_syntax_structure,69,,,False,,,NO
test_reports/.gitkeep,e3b0c44298fc1c149afbf4c8996fb92427ae41e4649b934ca495991b7852b855,inventory_only,,,,False,,,NO
test_reports/audit_numbers_dump.json,6f62a85eba35aabdd82cdbc0b18931f84acee9955428a5029b1a7e0ee925783e,inventory_only,20243,,,False,,,NO
test_reports/create_grns.py,900db7d9fc8561e444fe4807a6c1dded72d5ec99eedac09b45de438169d81dab,python_ast_syntax_structure,47,,,False,,,NO
test_reports/final_20260906_195747.jpeg,c70ab861e02e6d0b8b0c37d4e2938863c5f126b38d6608af668f2cbe2cf70946,inventory_only,,,,False,,,NO
test_reports/final_20260906_195848.jpeg,38a1eab440ec074b183291a60f01437134d7eb7f425a0c5b705af9327694f7d1,inventory_only,,,,False,,,NO
test_reports/final_20260906_195930.jpeg,0546ca429990be4d56398cc33a53dc58296d6f9c473c3a88b803d5028f6967be,inventory_only,,,,False,,,NO
test_reports/final_20260906_201214.jpeg,13ccabc1e5e751d1e8fe1ab58a19f8e59e6796929f4d9a5c6f6e923cdf7b7345,inventory_only,,,,False,,,NO
test_reports/final_20260906_201243.jpeg,f5433b7473acde933361ead8f65d01ccd8000f6664fdc5f8a9e3fc2357914c76,inventory_only,,,,False,,,NO
test_reports/final_20260906_201311.jpeg,768030478be85dcc52f8fe69280934cce280f2487f619887e99021004e1158c0,inventory_only,,,,False,,,NO
test_reports/final_20260906_201325.jpeg,afd24125da92afa9b2159fc94479be1bbbf23bee30d19f0f3f3fa8ab98bf9e4a,inventory_only,,,,False,,,NO
test_reports/final_20260906_205025.jpeg,8141d481d875d9364aea9efdda75eb5669290fbf521431504e689b1cb70da204,inventory_only,,,,False,,,NO
test_reports/final_20260906_205110.jpeg,a4f6b590694b24725e52b51c3ae4d3413cce26009d4817a3e48a25eac9a0a3db,inventory_only,,,,False,,,NO
test_reports/final_20260906_205336.jpeg,2631d55012029f89f25c877656731918c46d794ebae1949995fad9e2da14439f,inventory_only,,,,False,,,NO
test_reports/final_20260906_205359.jpeg,c64c16db61e9ad3ef2f6649275221211b907967aca084fea3f60911ec1204391,inventory_only,,,,False,,,NO
test_reports/final_20260906_205513.jpeg,589c65c4d2a47d356bf2d4565d39a7f97152d623787bb6052427a0bd586f97d0,inventory_only,,,,False,,,NO
test_reports/final_20260906_205605.jpeg,91eab1f421df32a086d82d68b351ea28d1ae8e52527abc5dfc4f1befb571e2e6,inventory_only,,,,False,,,NO
test_reports/frontend-load-iter3.jpeg,9dbdcdfcf09ca37763d06aa67757daaa602635bda98edf362b9901d5c97d2fa7,inventory_only,,,,False,,,NO
test_reports/frontend-load-iter4.jpeg,7b7afd09ee97bdb6bf8096904f3ff132effecb77d1152720d10e46a80ae64b3b,inventory_only,,,,False,,,NO
test_reports/frontend-load.jpeg,7b7afd09ee97bdb6bf8096904f3ff132effecb77d1152720d10e46a80ae64b3b,inventory_only,,,,False,,,NO
test_reports/isolated_normalize_axes_probe.py,43b25dfdde4f74e763e76f8d2d30d3a67d41e3c6128301f1451cad2e8358e62d,python_ast_syntax_structure,69,,,False,,,NO
test_reports/isolated_normalize_axes_result.json,8096b2c30dfe6b97968f4db96695a57035a7d3507b990d6723db2fc96c007d97,inventory_only,74,,,False,,,NO
test_reports/isolated_variants_probe.mjs,3777c4e47e6c319559a2718c548398ef0b2575acea4f3834c7e968b313351361,inventory_only,,,,False,,,NO
test_reports/isolated_variants_result.json,10cfd77dc9d1980bd2702f2d6c5cdb9d28ab28df3e9e553477e386d238b8f929,inventory_only,59,,,False,,,NO
test_reports/iter133_setup_po.py,9700b11038e6e40e8e97e7b7b5e0fdf41244fd9b824f458ac144cc90cb7b9e17,python_ast_syntax_structure,47,,,False,,,NO
test_reports/iter149_atp_dump.json,8318080a6d54df4c06a647b58b033eb153ba1ad350673e4b905e2f73a2b1278e,inventory_only,119,,,False,,,NO
test_reports/iter149_numbers_sweep.json,5f7a9398a8808f05b303a58bad65d14568e88d43dafb366505050d802e6eab55,inventory_only,292,,,False,,,NO
test_reports/iter4-desktop-quickview-final.jpeg,400b063fa9854c32767306b2aac0808be4d399b9d3ce36f660b640c9ba4ef628,inventory_only,,,,False,,,NO
test_reports/iter4-manager-rnd-catalog-success.jpeg,d5886e19ae7df0194f98624d13f841306156d3e6f029ef36f6e44a80cb1626e0,inventory_only,,,,False,,,NO
test_reports/iter4-mobile-direct-valid.jpeg,353148cb38ff0d9c35d32c39511f9b9c52b0caab89cde2b038d44176fe191985,inventory_only,,,,False,,,NO
test_reports/iter4-routing-mobile-rnd.jpeg,58a04370caa74ffd9184ab891cc3254b91ead7b72224a1633716b5b6311a40c1,inventory_only,,,,False,,,NO
test_reports/iter4_seed.json,ac4d06b86dd55f97c6d9f90f999e090b2736b584a31daf5d6a852cb7bc063c82,inventory_only,36,,,False,,,NO
test_reports/iteration_1.json,b6e936f6909595186def54ba3101d60e6ba847b6118f993e6b749ca813b36177,inventory_only,128,,,False,,,NO
test_reports/iteration_10.json,25782a01029f7557aecf86d032752db285a42d4929fe54ebffd9088c77cf0b89,inventory_only,43,,,False,,,NO
test_reports/iteration_100.json,bf7cdf1765bb071e8e880a1919f44a598337c06514e4270db623b964bcdd86c1,inventory_only,18,,,False,,,NO
test_reports/iteration_101.json,8d1dbd15472e3d1c1b4b0422a7d810320c3dd3a43ed204931a19c94fb79035cb,inventory_only,19,,,False,,,NO
test_reports/iteration_102.json,feab032695db7633a196db9372e376a47907dd72914b96c386414c8de7e13839,inventory_only,25,,,False,,,NO
test_reports/iteration_103.json,ab3491745433a042f6b71b0ae1d68fdac1cf0365ea98fb6f845ecde94f35a38b,inventory_only,23,,,False,,,NO
test_reports/iteration_104.json,32a2c2a9a008e52c09eaab5530fb4a2c508b8b1ad8b046eaed34f2ae57a68653,inventory_only,25,,,False,,,NO
test_reports/iteration_105.json,7ef91f822e1cd95f880c44afbb57cf066956eb8e8b8bf703fff5152465981f14,inventory_only,31,,,False,,,NO
test_reports/iteration_106.json,60a8fec275084d2783ec3c5640b6bb0b1e996b7baf4200ca826cd58ed19e5cc1,inventory_only,31,,,False,,,NO
test_reports/iteration_107.json,ba9449227509cb26c86c067fa5fd80c0ad609d92ef327bb91e9ba3a4749d1844,inventory_only,24,,,False,,,NO
test_reports/iteration_108.json,ddbd939cbf9e9167e66dec7793a463819c999c2b7e7dfb8b6c80d000f0a20487,inventory_only,28,,,False,,,NO
test_reports/iteration_109.json,cf8464e23f3db6913d6c6abb2283bb3cfb064628deeb39fe135cf343b36e2b90,inventory_only,24,,,False,,,NO
test_reports/iteration_11.json,6bec75055d7fe02b9da03705e85c19c65d7d0bcf6e2600b63c9f290545d304d8,inventory_only,38,,,False,,,NO
test_reports/iteration_110.json,1577814c3950944441c829503edee779e406d3be33b5257709ea0616a96d4d34,inventory_only,26,,,False,,,NO
test_reports/iteration_111.json,cd3091d5f3c36164d54fe3456a548316b7f23b50e1fbd89f3ccf03b45fc7325a,inventory_only,27,,,False,,,NO
test_reports/iteration_112.json,b31833f9883c47642fa3b683843005b3a2ba50d99faa31a39126ca59419e1461,inventory_only,26,,,False,,,NO
test_reports/iteration_113.json,592d5100b6db8af43a81dc5bd74d1ea336ce83601886178bf20dea2e8c9d310b,inventory_only,27,,,False,,,NO
test_reports/iteration_114.json,a3c4c701cfe1a9c6f1fab5c7db73c2a4abef7bb1463e3e01b61d4ec47543446f,inventory_only,27,,,False,,,NO
test_reports/iteration_116.json,2b1e703a9239abdcc52b57bdbf9a378a1f3bf5738880f936ee957bea40838a4d,inventory_only,35,,,False,,,NO
test_reports/iteration_117.json,c1d08392f2dcaa9536aaf6da1652fe44f0a40fa842ea02579272b34266967ca8,inventory_only,38,,,False,,,NO
test_reports/iteration_118.json,91eb95a43fa5c1a6c33cfad74683a63a19f3050ff3263aa59d3609f62a76f4c8,inventory_only,31,,,False,,,NO
test_reports/iteration_119.json,46d864a99bb60d50688e92c8c6d857bfdcb3227525a9883f6c4772ffe1fe8c3e,inventory_only,35,,,False,,,NO
test_reports/iteration_12.json,5ab58164c249aa0a74df13f53266fde4af660d125c2f9f6ad085a04580834e97,inventory_only,44,,,False,,,NO
test_reports/iteration_120.json,f07663713ed51ac9e40ff481e281e7c8603c4251a4049e294417e52225f6a534,inventory_only,39,,,False,,,NO
test_reports/iteration_121.json,3fd2c7a239f6c93ce72910b824b079db7f382037834f8aa3753a86453fcbe042,inventory_only,43,,,False,,,NO
test_reports/iteration_122.json,db67afd4432cab0bc7d95b62042878ae118403faad1208b1973673a95abaa974,inventory_only,43,,,False,,,NO
test_reports/iteration_123.json,c397798f22f99542ca43dcdc687f93d6d647792be5fa412bab3ffc93279143b6,inventory_only,47,,,False,,,NO
test_reports/iteration_124.json,11a90c0d83833699af7b38c2acb3c7a266bac4f7c64bebcc9d6465f141f65c9c,inventory_only,25,,,False,,,NO
test_reports/iteration_125.json,a4943ae438c4ad7bcdf87ebc353249e14c2ae061d00a0d1e0e05ad4e6f628a28,inventory_only,29,,,False,,,NO
test_reports/iteration_126.json,6a13bb27308dc8aa8da526512194792f6f64a6c5bd218571d41c956e33be0048,inventory_only,35,,,False,,,NO
test_reports/iteration_127.json,b493912968a08850e8c5a574200eb1960bdf2b5de96310c9e8910393213386fb,inventory_only,22,,,False,,,NO
test_reports/iteration_128.json,8be10e5fe168a106e3e6c33094921d40c8afb3922c4a674ce11d1257b7c0f8f3,inventory_only,28,,,False,,,NO
test_reports/iteration_129.json,a5688982c6bd330b1183676a980a3f53e8e013220a41453927e5dbf9c4e7ad6b,inventory_only,33,,,False,,,NO
test_reports/iteration_13.json,dd1897ed276ec04d59738f99822f7e188748df38fe210a8d1694a525efa923cd,inventory_only,37,,,False,,,NO
test_reports/iteration_130.json,09effe50291c8c44ec4e2276dea7095df8a5295648ceaacfde07d519c7d836c7,inventory_only,30,,,False,,,NO
test_reports/iteration_131.json,4a0670c663bbc0668aacb2be2a0d8f13efd29f15f0fefa764922ead36a15ef23,inventory_only,38,,,False,,,NO
test_reports/iteration_132.json,3949ce9faae5133330926b816486626224ab3479f155014a2857994c39748703,inventory_only,42,,,False,,,NO
test_reports/iteration_133.json,ea1704aa708fc989d341458a6ef1278b3148764291d8ce95ba06f6f4cb9ab20a,inventory_only,32,,,False,,,NO
test_reports/iteration_137.json,de350a05697a2922ee5dabbdd1ea719a7a6489a6cd88b7186d40320488fc02be,inventory_only,23,,,False,,,NO
test_reports/iteration_138.json,59f58c4d42eb3d2979130a53336ee8bd8ad9993546a5b94e5bc685899a15817d,inventory_only,28,,,False,,,NO
test_reports/iteration_139.json,76967168a0f1fc8ad5ee6e5c781eab3a3fec06c942a5266271ffc438784b0fd6,inventory_only,34,,,False,,,NO
test_reports/iteration_14.json,0f9ac2398e7500642428c1177765f0e0e9fb6b74439c57c675066df302e160e6,inventory_only,39,,,False,,,NO
test_reports/iteration_140.json,3780a27a141c3d8282c6614d39aae65d7bd60ca6e5da857d5560bfc5c375c1ed,inventory_only,34,,,False,,,NO
test_reports/iteration_141.json,f3e9a5b14c6f29536e59e1466986383988882cf4f5969961119b852e94b0d2cf,inventory_only,29,,,False,,,NO
test_reports/iteration_142.json,1d5da30b5bd727461a799e2692ce414b44673cbf46bde7ae1281cdab09d79412,inventory_only,43,,,False,,,NO
test_reports/iteration_143.json,08a52adc798f02ac164da2b3f0a6ed86f89829f0251eb9c0674091610e25c8dc,inventory_only,44,,,False,,,NO
test_reports/iteration_144.json,8913c2897df072ec7297105f0bfa4195aa4e5e9e3f00c7e96aa85b608fcacca1,inventory_only,36,,,False,,,NO
test_reports/iteration_145.json,532025897cb5d7f8a41776dc5998e4975b40773ad86d7da1f3cff387d4269742,inventory_only,40,,,False,,,NO
test_reports/iteration_146.json,368f86bae9309f81df021634059c08edbd4e53ac827411cde0f49983a14b9fb8,inventory_only,38,,,False,,,NO
test_reports/iteration_147.json,21f0eda03deb064d5157ffb8b77859262d16d9635cde75a4ddd665219f504aa1,inventory_only,84,,,False,,,NO
test_reports/iteration_148.json,b96821feb3e887baed6b9e1adf784e0c75b223e5ca4c3fd4040b93d41788516d,inventory_only,49,,,False,,,NO
test_reports/iteration_149.json,058b3a00792fae0381d2955da3c93406e0f4a815e1b1ff37e345233ab54a78f6,inventory_only,50,,,False,,,NO
test_reports/iteration_15.json,f239d0b295392dd3788f4729e462924f531997f6993c7d13e18002ca54c2f6d7,inventory_only,43,,,False,,,NO
test_reports/iteration_150.json,d51b585b72d3bfcb5efa6ae8afc9c0d62fda50977ea7476ac411f5035765de5d,inventory_only,24,,,False,,,NO
test_reports/iteration_151.json,a9c6f0910f2d76d5842b05a1141d6d1564f9168c89d4f308fd870dfc6fd74c81,inventory_only,56,,,False,,,NO
test_reports/iteration_152.json,d74a7a9c40d6aa62c4bc86524eee5a59d75f86ce6c35797163c2ac31cf17d222,inventory_only,23,,,False,,,NO
test_reports/iteration_153.json,c1b2518ef7ef59505d93f98602664881f8b642f9e3eca08b3aef3ad815b0bc8e,inventory_only,42,,,False,,,NO
test_reports/iteration_16.json,2f8ddb2c5b2bd309ddd6460fd98e8679c1a229d3266b351f912a233b9272e6a1,inventory_only,22,,,False,,,NO
test_reports/iteration_17.json,17ca90eb9f5364a629d8ff08141e94c3c06cbb4a56118a865751143df75efa45,inventory_only,24,,,False,,,NO
test_reports/iteration_18.json,09252386247143dbc7d78acb6e74dceccc473e723d0adce70feeeef53bf42f07,inventory_only,22,,,False,,,NO
test_reports/iteration_19.json,644ff6fe20714a8acbc33395b6f32d85701bcf04dd8bf8572d9e2536bfdd3c5e,inventory_only,29,,,False,,,NO
test_reports/iteration_2.json,fa9c32cc9fca72c8940fd4ad6d3133c311487fb4a7fc519ed4733341ad568326,inventory_only,46,,,False,,,NO
test_reports/iteration_20.json,b91a3b5a6cc3bb0ebb55393a92ad32977463e38763ca3d4972465687ca182e4e,inventory_only,32,,,False,,,NO
test_reports/iteration_21.json,02f8bbe377af9f7e05b84b185e89589148f325682cfd9db6ccde8bc1c663772f,inventory_only,23,,,False,,,NO
test_reports/iteration_22.json,9e35450ff93672a8159f8e5bac1c2cd25d21207b4b3380a626294e6eed7c47f2,inventory_only,25,,,False,,,NO
test_reports/iteration_23.json,ac23c5e2fa49f1244bdeaa2d8db34cb68fd782f3bfd964f90a6500a3c07f9bf1,inventory_only,33,,,False,,,NO
test_reports/iteration_24.json,6d656e3c1c34c1e8966ff078f1e2d8fa2631fcf27b0db39535fdc14daa1ab211,inventory_only,37,,,False,,,NO
test_reports/iteration_25.json,76064f4ffd3c7d0683d0134d09b8a3f2c6c04530f4f5b9aa1f0eb110a368c457,inventory_only,37,,,False,,,NO
test_reports/iteration_26.json,369d666cdefeb9adf473c799da6a8264fde8622f30882d0701d4afc73a000c62,inventory_only,41,,,False,,,NO
test_reports/iteration_27.json,f6b316009e69433f4b2534b1f69b2eb0aa96e3d4dd4b73ebe2e8673dd4b80c5d,inventory_only,27,,,False,,,NO
test_reports/iteration_28.json,4e9c0547ab8feb8a13eba346f97ca216f975ca485993bb113af6c9af7fa110cf,inventory_only,30,,,False,,,NO
test_reports/iteration_29.json,add5b87d30d4778239b48ff60149be3e1644940e0930cc14939bbc2cda8e188d,inventory_only,26,,,False,,,NO
test_reports/iteration_3.json,c0e069b41feb8b9131e8213f45192b9dc9fc8dc3be4a10a824fb5c0c5efce6a5,inventory_only,66,,,False,,,NO
test_reports/iteration_30.json,b91e049bf6b61f3bf62e7d66b261ef95777b9fd258316f6b300728c30eb546e0,inventory_only,23,,,False,,,NO
test_reports/iteration_31.json,a0d632a0b6bdf26a7c085cb1b26578d0378b3067f1db16f32bce7481652c5095,inventory_only,20,,,False,,,NO
test_reports/iteration_32.json,e57a964b3aec1acc442f665e5ee753d661577d55a419f46bb6d6f2922c9570c0,inventory_only,28,,,False,,,NO
test_reports/iteration_33.json,e42978be4f78930a96c6065256fe56a3e4dec525c75654f9ca1aedbf419f7110,inventory_only,31,,,False,,,NO
test_reports/iteration_34.json,baa940dcc8f63a03f96c4692af53fc43e31bdffa464740f84ce426d5da5987e8,inventory_only,22,,,False,,,NO
test_reports/iteration_35.json,22502767f318e19a06043a8064ea5aacad335f51d419d558dc52ae6a92c47db9,inventory_only,40,,,False,,,NO
test_reports/iteration_36.json,56cd52657216780c65910cb858adbdfe63ea130b9801bc19289993a6493dc230,inventory_only,23,,,False,,,NO
test_reports/iteration_37.json,1b97066617707351a0070bd100007cfb561d55f0dba3a596a3c0b1df2fcb0e07,inventory_only,31,,,False,,,NO
test_reports/iteration_38.json,dae80179111a82aec03a4973e0480c019e131c274f5785005af423164128d52e,inventory_only,26,,,False,,,NO
test_reports/iteration_39.json,9a7345eb38c9fc32de370d843b1cb003a0144a4e7102e2b080e6bbad7fa2c544,inventory_only,67,,,False,,,NO
test_reports/iteration_4.json,819476d50de652c753bf31329158142ce6cd7050b13ad4a3ddf9d2b34f20649e,inventory_only,81,,,False,,,NO
test_reports/iteration_40.json,5808c234a4717d89f1f8b5b2344ff180ab58398c5e4e17f4a1e9f0dfe923ef81,inventory_only,28,,,False,,,NO
test_reports/iteration_41.json,1625c98eb27768ff05a77fd1ea56dc19eb71a078cb6ab00cc655dc1b044c9e1c,inventory_only,45,,,False,,,NO
test_reports/iteration_42.json,6ee29c102199cdb9b4249da78ba271c37fa2781df2431b5762b7aae32a2f563d,inventory_only,21,,,False,,,NO
test_reports/iteration_43.json,a4f50feccf585ecd4d51e21f988e4a266d5915f7fbaef358e4c721ca046f7a35,inventory_only,23,,,False,,,NO
test_reports/iteration_44.json,023ecdeb6fbf7d9601896e84e042d6f52afaeeb3aad17cf5d6a3c29354e59aa4,inventory_only,25,,,False,,,NO
test_reports/iteration_45.json,dcf78c25d14dbee967406597f3e13fe81bdd7be036ff91801f4f56b41822c63b,inventory_only,43,,,False,,,NO
test_reports/iteration_46.json,a1fd8a61c0ed45a21948a938440ae459a4ab550f1aef2d03afbc7fdb6e6f37e6,inventory_only,60,,,False,,,NO
test_reports/iteration_47.json,8d00ea83e08a91ef0cbb4e628965c2172902fe91997ab080b7ea0d6132785726,inventory_only,61,,,False,,,NO
test_reports/iteration_48.json,dbf8c111158ba1e859cbf89aa5acef28983299456544d3f51c82de2b700f7b4c,inventory_only,28,,,False,,,NO
test_reports/iteration_49.json,33b74f873b2d3b012cdf9a467bf96d4ef616e1156c90ccd1622c0e1f3c00951c,inventory_only,40,,,False,,,NO
test_reports/iteration_5.json,b7e41c45a03e97b362990cfe55a304ef7d468a54b7e6ca60c1d62c77b5caffc2,inventory_only,25,,,False,,,NO
test_reports/iteration_50.json,c446fc65c24ca638a2d9290401eeeca0ff5b3484fc8c38748ea46d476267288d,inventory_only,46,,,False,,,NO
test_reports/iteration_51.json,2bed6c9b1aeb239c4c4bc94a4db31cf31a0b933a1777c98be4f3d20580721af6,inventory_only,57,,,False,,,NO
test_reports/iteration_52.json,b8be6226954421bec54c666d7be357694f3e81e49b4223e1f185402574476bce,inventory_only,32,,,False,,,NO
test_reports/iteration_53.json,0fbc3592e4c4bcf07d11810567f3be0b73d7cac04b297d3bb964ed07248b62c6,inventory_only,23,,,False,,,NO
test_reports/iteration_54.json,ef45b935ed4506b73542e156fc9fa3f6a933b7fea47f012c1fbc25604f9f96a6,inventory_only,25,,,False,,,NO
test_reports/iteration_55.json,ca49f575aa7edf2107579bbfaced6e3f9a895b8353f5b6206d99fbf3ebfad463,inventory_only,38,,,False,,,NO
test_reports/iteration_56.json,8102c0e8548cd8a1444171e38c696fdee279fcc94685bd8a147b90aad1c1f418,inventory_only,40,,,False,,,NO
test_reports/iteration_57.json,89b9cc90574a1557fd41932df6c67d6ae832e06c79e7fefcd861a453213422e2,inventory_only,33,,,False,,,NO
test_reports/iteration_58.json,97c010a6bb20bd0c340125f0080b35ec12f6c0b0bccf530c61ea63137ad53d7c,inventory_only,36,,,False,,,NO
test_reports/iteration_59.json,8f1656fd5f2f0ab4d32c209d3e36aec6c65609b1ab332f0137f6b46984c28c78,inventory_only,32,,,False,,,NO
test_reports/iteration_6.json,7af283680beb4ab3aa52e0aaa7a5c927b5f8c746bf84441bdc7b21e8405ecdd6,inventory_only,27,,,False,,,NO
test_reports/iteration_60.json,3a1a63b8476ae7673da252605983a248062175b30e4694c51fe73f4e53cfb60e,inventory_only,41,,,False,,,NO
test_reports/iteration_61.json,ad160b817e94e1bbfacd4043a6d75117fe252204e52fbf76a0dd27ab66b4476f,inventory_only,25,,,False,,,NO
test_reports/iteration_62.json,d5ae6ad653d58a17575dbc60228ab7342c4956b2aee3d5587af49b416a36ca7c,inventory_only,25,,,False,,,NO
test_reports/iteration_63.json,092e887760809e28d381858cd2daf117c4d75ed552218de70dcebaa641c16290,inventory_only,27,,,False,,,NO
test_reports/iteration_64.json,a1ad8e0d82f2d38527df16a8b0173b540613517c4e29c1aec41488e5ee8dd3f0,inventory_only,36,,,False,,,NO
test_reports/iteration_65.json,61197199c25d62f0c042105287cdf73e77f8caf03ac7fee180766f5f39410ca3,inventory_only,35,,,False,,,NO
test_reports/iteration_66.json,cc1ff3d74c55e663b2627bd5245511123449b2bf0d2178eacdbf4691fa531df2,inventory_only,27,,,False,,,NO
test_reports/iteration_67.json,821c5ad9c2fb94c4cb74e5c5043e6e427ca8da738598d0e4d3b3d9b274c09086,inventory_only,36,,,False,,,NO
test_reports/iteration_68.json,67ca2eb3b8ff9be2ee406e7b8fdf554a983c42dae5622b19a9ff708f4d498cf4,inventory_only,37,,,False,,,NO
test_reports/iteration_69.json,2d872977bb919a02a246d7bf180a049bcc1b5613c91491555dd253a9e1a3f5e5,inventory_only,37,,,False,,,NO
test_reports/iteration_7.json,4fbfe59c9d9291e2cde28e7247ff97e90c9c6281ac08b1c4fce417f6f24f0ef3,inventory_only,26,,,False,,,NO
test_reports/iteration_70.json,292df736ddcc0d48ddeedfebfc763cc37cfd4aae91e083f586fef63baff01006,inventory_only,30,,,False,,,NO
test_reports/iteration_71.json,82e30a89c269fa1ea0755156bd61b5150a7537bdb6b803c91061079e3e9c5ad1,inventory_only,20,,,False,,,NO
test_reports/iteration_72.json,1c0b6000e87bf03f1086e1c95fa6d07b096ac1da18c25b795a40e80018a2b10f,inventory_only,27,,,False,,,NO
test_reports/iteration_73.json,679db31c29653f31cc2dfb6055ed8a51ab7fa6fe67be2a87e5b438158ee155b3,inventory_only,25,,,False,,,NO
test_reports/iteration_74.json,9c9d1a878cb837c02031c738d5c7f0c1d3426db763fadfd95861bf11a573cc75,inventory_only,23,,,False,,,NO
test_reports/iteration_75.json,919a6ac239c23dd713a72f400fac2a8e902561235456933c4d8412f50d372049,inventory_only,24,,,False,,,NO
test_reports/iteration_76.json,674793ac60af00ea40552946277d21bc83b16010bb69f87622229f8caadbb4ba,inventory_only,26,,,False,,,NO
test_reports/iteration_77.json,4acf2d499a9fdef66a726e1c49d82c4b8225721596ae778695e2bb3bc49fd298,inventory_only,29,,,False,,,NO
test_reports/iteration_78.json,66e3ce2517f57ad369862444158cd08ff0296d765480981c6895b905ce7fd5be,inventory_only,30,,,False,,,NO
test_reports/iteration_79.json,6e8add148a9b9c85f08a4a5b4019bc34c9b219db51271945aa0d4db4d89a24a1,inventory_only,19,,,False,,,NO
test_reports/iteration_8.json,0561927805b73423d6c95ed175587b81271c41c4bcf245917b874fe3283bb3be,inventory_only,21,,,False,,,NO
test_reports/iteration_80.json,17ea4c3b23ce6f6a3ebee0fbd36ce6ddd9b93e6efb5301d7bc00ba862831e502,inventory_only,23,,,False,,,NO
test_reports/iteration_81.json,4532c212f1448a5bb6a628d36430ddcf920b9ef2e7cc7df9f44d5036c8faf36d,inventory_only,30,,,False,,,NO
test_reports/iteration_82.json,accea72e348141003483261edd0d321b428ebcbaadd79679697bff455ad4b999,inventory_only,27,,,False,,,NO
test_reports/iteration_83.json,c4a98681205eeeb01c7643800149d2914e95e284aacfd25fbafcb579223e5dd9,inventory_only,28,,,False,,,NO
test_reports/iteration_84.json,165549f802ffc25fb443084a648ff0b7b579fc7facc5866ff22c7a17d85c6198,inventory_only,25,,,False,,,NO
test_reports/iteration_85.json,3ea022746ee784cd0bfe0862269374ffcf46d2e3b06ae97847f40593a3934e66,inventory_only,27,,,False,,,NO
test_reports/iteration_87.json,3608226c68f5a44fe4c3aafdb41998913234e115433ba6743840f6905ebbdb42,inventory_only,35,,,False,,,NO
test_reports/iteration_88.json,5c011454cd12ebc2a12af370a04440adc83e15506ae75fcc8051b50f92d78a3c,inventory_only,38,,,False,,,NO
test_reports/iteration_89.json,0f78cf1546e879f9308892dafdfacaf0b6d4cca55ca79d5cab9e3249efbf3099,inventory_only,77,,,False,,,NO
test_reports/iteration_9.json,0b5f9dd1bd3b0dd0362faac28b490f9f500a572771b5f341daf4285f51c5a631,inventory_only,32,,,False,,,NO
test_reports/iteration_90.json,c8e1980e6f36a758be960effaba95d1b66a1deed9e8b735b184637b46e03e480,inventory_only,58,,,False,,,NO
test_reports/iteration_91.json,1842b487b3afda30236ae35bf93548f29dc1e792ba696c2c791053f850a1cd41,inventory_only,35,,,False,,,NO
test_reports/iteration_92.json,a55ee9fd47be5523cfc5e432144ef9d70155dddedf4fd4e10dcf44c302b65652,inventory_only,33,,,False,,,NO
test_reports/iteration_93.json,573de6071247ad0f24c23afd7104b9bee18d98b2980de746a89ee603771b8674,inventory_only,42,,,False,,,NO
test_reports/iteration_94.json,46e991437dc49fdba335d477f2fd0413eb5091820a3747fbec61970e92e6f1f3,inventory_only,40,,,False,,,NO
test_reports/iteration_95.json,ce6e37f71e9b164ea519197fcdb8c1f658220ca25fbc349f1f6a848df9987b00,inventory_only,45,,,False,,,NO
test_reports/iteration_96.json,0fd6e235787a0fb78677ccba0c24c59dd2757d11e138150343da474316126334,inventory_only,55,,,False,,,NO
test_reports/iteration_97.json,d2e872abee776d958b8048ebbbec7d63defb33c4fa82627973e4340629b1d9ff,inventory_only,21,,,False,,,NO
test_reports/iteration_98.json,61d073fd80480b4f1b196923236ccb9a0559bf0f41da6973345fbdd1e869f389,inventory_only,24,,,False,,,NO
test_reports/iteration_99.json,cd3d023f445eea15ac43c55376420cf065f9f7267c18ae89727d2badce98f9f3,inventory_only,30,,,False,,,NO
test_reports/iteration_sample_pos_1.json,598630897eb0f2279726fb472ec4807a72b211dc26343eba133099087fa60b41,inventory_only,45,,,False,,,NO
test_reports/iteration_smoke_restore.json,108a378d85bc4cc5cb0c50dc5cbc44348ea8097fb41823974693e960204fd679,inventory_only,26,,,False,,,NO
test_reports/pytest/.gitkeep,e3b0c44298fc1c149afbf4c8996fb92427ae41e4649b934ca495991b7852b855,inventory_only,,,,False,,,NO
test_reports/pytest/audit_iii.xml,cda85a4fb1bdf6cd615d0c98f54c0452102919c714e22a14c73428d48b9b8665,inventory_only,,,,False,,,NO
test_reports/pytest/customer_colors.xml,53cb992226992a1d3e4af181969bcca1120e2a4be4e410a5228cbaab236e5945,inventory_only,,,,False,,,NO
test_reports/pytest/design_studio_results.xml,7ac6138a850bd05e0899bdc02e6b3bec1635d30d6ab84cc052f7439610656b61,inventory_only,,,,False,,,NO
test_reports/pytest/fase_sl_results.xml,00edea458e70f473341ebe8e87f6590e3c2ff378dffb43ac5d0462b8c070c729,inventory_only,,,,False,,,NO
test_reports/pytest/fase_sl_rfid_alias.xml,25ba81025ce1eae109af2692a0b4a56536a7df3c4336b58dc4c5f43957695811,inventory_only,,,,False,,,NO
test_reports/pytest/grn_phase0.xml,72a57acc8e6286c62e766b449dc4f897c1b55d640455ac7c326a31c87ffc38c7,inventory_only,,,,False,,,NO
test_reports/pytest/grn_phase0_regression.xml,4ce63c1606c54294f488de47b1d347f1c9edf347253b5630d98660ca0d93b615,inventory_only,,,,False,,,NO
test_reports/pytest/iter105.xml,d5b8da9a736d10b60d433b55b89e1c2f4cdded0f10772c30627a93f8e567a5d0,inventory_only,,,,False,,,NO
test_reports/pytest/iter107.xml,589e6b78d01df91890b3163f19eff12b5c88a8bc5fc65ed366afb5cd4bec463e,inventory_only,,,,False,,,NO
test_reports/pytest/iter108.xml,80b53d951ccd8a45cf6ac09ea453015073c65c7a1f6fa3a28ce87d40e8098b42,inventory_only,,,,False,,,NO
test_reports/pytest/iter111_posting_failures.xml,6a176c067f0ed8ad8bd0ea99f71802d9fce6a94852a1e4fae2d398601268cbca,inventory_only,,,,False,,,NO
test_reports/pytest/iter112_followup2.xml,0b9a0aaaab5ed0cd2110fe04f99cff7b6951b6b106350a92758b5c7a92d088ce,inventory_only,,,,False,,,NO
test_reports/pytest/iter113.xml,49c8e09b6745a32215a2a396f04fd2af6f3e4407752f2370ab899bfa7a0962d9,inventory_only,,,,False,,,NO
test_reports/pytest/iter114.xml,5ad020abf94e187c14d558486802473c7997c2035348532c9a44acb0ea1f4530,inventory_only,,,,False,,,NO
test_reports/pytest/iter115.xml,5eea9a44e81767974af9a7f181308fa308b6bd28d677a12aee20965864b01132,inventory_only,,,,False,,,NO
test_reports/pytest/iter116.xml,bc995550bca169ffe09914d2761360edf9be1d81f3159ed31daba13e2d7a7b03,inventory_only,,,,False,,,NO
test_reports/pytest/iter117.xml,b36e285fd1a4308234e44c40ab49bf1114c6df64cca708007ff8fe9fafe57f57,inventory_only,,,,False,,,NO
test_reports/pytest/iter118.xml,ea94d8973ccf8ba9bbade3e1e686612b8415b9dd395f8f29fad6c91a656f040c,inventory_only,,,,False,,,NO
test_reports/pytest/iter119.xml,4d710035bb305319f6c31810dafb932d527deb325d4180cb0d308bfc7b13873a,inventory_only,,,,False,,,NO
test_reports/pytest/iter120_p12.xml,0dafaa23a064c4634ded815ca653f406fc4692bc94bf5505080ded4eb5114aa8,inventory_only,,,,False,,,NO
test_reports/pytest/iter124.xml,9f74a5a8186288da60368aac194d64a23bd0118ddc8fe3a38e43cd0994683176,inventory_only,,,,False,,,NO
test_reports/pytest/iter12_backlog.xml,0492380a827daee6c408576623192423dcaf343c22cfcecc51e9ea2a780e6870,inventory_only,,,,False,,,NO
test_reports/pytest/iter13_u2.xml,6e5a8416c7a5d34f8efb32fa0f50289a2fca21ada3d523df13e85e487f0599a0,inventory_only,,,,False,,,NO
test_reports/pytest/iter143_results.xml,ff6d1c860b736fc95898753c1dc9f10099bf402ede0f17d6161e8a529a7a8678,inventory_only,,,,False,,,NO
test_reports/pytest/iter144_results.xml,6b8ba9b05364cfb85ae7fe420a6f55c046a279865cb57d8b59426a0cf4f20cb5,inventory_only,,,,False,,,NO
test_reports/pytest/iter149.xml,24037c7dc563e11b7d2795c88b1e9dbdce2700f1a7f1d3b4b03b4556b467bc05,inventory_only,,,,False,,,NO
test_reports/pytest/iter14_transfer.xml,7f826e53a4287d28984567e9feafc46957930825cf87c0c354f00f07f6725433,inventory_only,,,,False,,,NO
test_reports/pytest/iter150.xml,a9fa2583933ce8e6c8eec9d564ee71986b1c36c0e754f290341bb0618e7a1dc3,inventory_only,,,,False,,,NO
test_reports/pytest/iter151.xml,a5978e6aac65803a8b32cbde454277de89beff32aa877497573084b8a28404c9,inventory_only,,,,False,,,NO
test_reports/pytest/iter153_results.xml,a438f079661f449741f5deea38d130a3081e01021fe301a59c797e4be080ecf8,inventory_only,,,,False,,,NO
test_reports/pytest/iter23.xml,e5aa6f6a02bcf5440e309eaf91f36675bd932023d56e4bf008688203a4a42cfc,inventory_only,,,,False,,,NO
test_reports/pytest/iter24_results.xml,3f0e8e9283ec4174680ed06fb6e3bd70ce1a5703b1c391e78d7055d63d6b3751,inventory_only,,,,False,,,NO
test_reports/pytest/iter25_results.xml,f923034c6af100fa83a53b5d524966ef57f290a7d5743ecbb30ae83273f80e83,inventory_only,,,,False,,,NO
test_reports/pytest/iter26_results.xml,dcc12dca1cc57d135d576a4abfb5315b9cef42b9955f25cf8cdf1a7b1ab960fb,inventory_only,,,,False,,,NO
test_reports/pytest/iter30_proof_gallery.xml,31e9e0fc79915dc3bae8b06dc881d98fcda79d5048c5e77d61e2d31d90f68592,inventory_only,,,,False,,,NO
test_reports/pytest/iter316.xml,149ad4026225c01674ba62072f997ba9657bf93af312bf331a1449e0e0232ab6,inventory_only,,,,False,,,NO
test_reports/pytest/iter318_dispatch.xml,e952e143b3b85d0b1153cb19a2e3b1f39ffa9421b5dc42166746359dfb3ce388,inventory_only,,,,False,,,NO
test_reports/pytest/iter319.xml,c8e3dbf80c5ef0d4ca165344b2209b844202d03e9a6be46356baa304b863da85,inventory_only,,,,False,,,NO
test_reports/pytest/iter32.xml,a86ba17f479522525c3dec7f10c2bbb69736483bba0983cceab324988b6ae541,inventory_only,,,,False,,,NO
test_reports/pytest/iter320.xml,6462563883e103ad7bc9f5aa0d5e29c3ceccd98fea99178abe1c60a111eb74f0,inventory_only,,,,False,,,NO
test_reports/pytest/iter321.xml,3ebe8b91d68446aa21760f781c22782629a9990141124bacdea995f0efc15b8f,inventory_only,,,,False,,,NO
test_reports/pytest/iter33.xml,d131b5a689dccefda756677b59ba66510ab9dd1898803952965fe335acc2912e,inventory_only,,,,False,,,NO
test_reports/pytest/iter34.xml,66f17c1d9c86a092fbf5389c0cb4dea6ec5c925d04acc0d1cce6a9054f86847e,inventory_only,,,,False,,,NO
test_reports/pytest/iter35.xml,ca263d0bdd0819a40ec13b606fb7f4ca6cc953d284ac3154ca5e579f62feb229,inventory_only,,,,False,,,NO
test_reports/pytest/iter36.xml,5df401a9287caa888cedb62880461bd9e73c409a29ed161ee2419448228d6637,inventory_only,,,,False,,,NO
test_reports/pytest/iter37.xml,b49cb25e08bc2df93438e73dc8b2c1178ecd8a3e15ea300b4c5ff31cd8480ca6,inventory_only,,,,False,,,NO
test_reports/pytest/iter38.xml,136416bb85d4a7c7a2665a419d019dcdffe600b51804e9eb74d0fc3f378bebfa,inventory_only,,,,False,,,NO
test_reports/pytest/iter39_results.xml,290706ddc852882aa12a39503ea4b258ea6fbbab5416a6765d76cbd9654b900b,inventory_only,,,,False,,,NO
test_reports/pytest/iter40_results.xml,684257190db340974ef6be80dee1986469a07b11b393c9174f1b6d191deaa4c3,inventory_only,,,,False,,,NO
test_reports/pytest/iter42_color_links.xml,5fb7bebdd39b80dd6c927d4413f8a08d3f5a6435cf5fc95abd57a14a850bea2b,inventory_only,,,,False,,,NO
test_reports/pytest/iter43.xml,2d71b0769c161920a911310f52cd12573e2a84cbf26fc6095846bb1092a3e8ce,inventory_only,,,,False,,,NO
test_reports/pytest/iter44.xml,fd2541d94d6835445d9d7635679c856148f96dedce42b4e1b27e193925721c37,inventory_only,,,,False,,,NO
test_reports/pytest/iter45.xml,40e5a0f0697b94ca85fe88e3e4517faf313d43be021abd14861ded3867e6a7d2,inventory_only,,,,False,,,NO
test_reports/pytest/iter46.xml,a27544f5239a8770b871f8d6192bac65a8a193cac486e0ea01b10c79a90d0f4b,inventory_only,,,,False,,,NO
test_reports/pytest/iter47.xml,f477020e4ec21d45cb1ea6588a8a6e7089589c37ff03ffc971d093ced5f5e775,inventory_only,,,,False,,,NO
test_reports/pytest/iter48.xml,80cd161bc788bf5141b776050830f7c1790fef0fbbda6778ce23e833aed1cdba,inventory_only,,,,False,,,NO
test_reports/pytest/iter49.xml,8dace52cbde0f2477bb28bdeb9111cec5264a456bb173e1c7311d5b9dc902164,inventory_only,,,,False,,,NO
test_reports/pytest/iter50_marketing.xml,2824847a40c07301a5cfe59ad936304b3212dd5d88fcc2ecef72dca663bec833,inventory_only,,,,False,,,NO
test_reports/pytest/iter51_marketing_ext.xml,5103d7b688c3f1a353aedbedb6c0722257bf101cc0acf73f4df8c52647ae9dd5,inventory_only,,,,False,,,NO
test_reports/pytest/iter52.xml,096f01b9616f175a685de50c2aeeb836dcd56eed8183aa88fc593174b87fa696,inventory_only,,,,False,,,NO
test_reports/pytest/iter57.xml,314cc5525542ad1c9b8e06a5325f6fce11307087a9e605da4a16f55bbdbbc308,inventory_only,,,,False,,,NO
test_reports/pytest/iter58.xml,71c16a716831f3bd29020aeba1c18ce04ee1c4848bbc8d05e6edcf69c7518ce1,inventory_only,,,,False,,,NO
test_reports/pytest/iter58_all.xml,35107f6ae3dd143dec63cdd424e6feda0806cce8e129d818afcc491ab17718a1,inventory_only,,,,False,,,NO
test_reports/pytest/iter58_results.xml,88f445cc206960a965608287d33159b276f8004c80492d24a5ebc914b70e0f54,inventory_only,,,,False,,,NO
test_reports/pytest/iter60.xml,d144d6f8929bc06ed721d8409ea316d5713c408a71b2e07c56cdecb42780a551,inventory_only,,,,False,,,NO
test_reports/pytest/iter61.xml,41e7e82d2f5ecc23678473ba13d0b88da58ba3a02c3c9c844f300f721bb8faf7,inventory_only,,,,False,,,NO
test_reports/pytest/iter62.xml,325b5ec2c4975a9c0aaf9f3c3929e19d52ee8aef7d77f525000ca4292694495c,inventory_only,,,,False,,,NO
test_reports/pytest/iter65_phase1.xml,cd8cf157bc038105d1e3596bac7a8d48f98423bbc2935515e6e96f98540a7783,inventory_only,,,,False,,,NO
test_reports/pytest/iter65_scan_probe.xml,e3bb3da6c0d5d763de8a37e2e823e1fbebb451ef2ce6ba6f99a6f8cad1b4eb0c,inventory_only,,,,False,,,NO
test_reports/pytest/iter66_grn_phase2.xml,1d4d34ca9b77d71bbd49dbe823884cb36cca0863e8303651cebb769346d514c6,inventory_only,,,,False,,,NO
test_reports/pytest/iter67_all.xml,2dd370c29303e6e20689ad82f616ccf2fff397e411b9f4f1ec69686abb30ee3b,inventory_only,,,,False,,,NO
test_reports/pytest/iter67_grn_phase3.xml,407cd0733eb5cfd6b7b4399853d486adbc03745635fa35b7aba25db762598a29,inventory_only,,,,False,,,NO
test_reports/pytest/iter69_grn_all.xml,9a5575ff9aceb3b281eed9754a3e88deee3244683f7a31beaaebde10eb482922,inventory_only,,,,False,,,NO
test_reports/pytest/iter70_results.xml,edaae0a1f6c41b599b2f89fbab4300d86c06134a5fd5aaf1d32369116cc16e54,inventory_only,,,,False,,,NO
test_reports/pytest/iter86_regression.xml,9ac699c705054a6aee58ce0b32e9b3047a2d7546411e11804ae725f0c04d03e3,inventory_only,,,,False,,,NO
test_reports/pytest/iter89_features.xml,f431e8402b147423ed18474bef9636a31e8a47c73d43b72fe4f0ecce46c2081b,inventory_only,,,,False,,,NO
test_reports/pytest/iter89_regression.xml,8e4bb48ef6e4bfe59c94589d3f914e6e3a54d6a4cfb8809d375b26a7f6def411,inventory_only,,,,False,,,NO
test_reports/pytest/iter90_regression.xml,2a12732d8371baca5533d4d000d6bac2d04b705cfc7d7329a2c3752d44314ed5,inventory_only,,,,False,,,NO
test_reports/pytest/iter91.xml,899a5bbfccf37f3e8c5ff8a67ce795ed9a718dfd2fc6694cf8529495dc8ea9ee,inventory_only,,,,False,,,NO
test_reports/pytest/iter96_results.xml,fa4f367b2770b7db6655e99a08949ae64018057ba76b4b4af096136720254f85,inventory_only,,,,False,,,NO
test_reports/pytest/iter97.xml,6f0fe17766c0c0227b5f4170456bdb1b19f137204a9024704791db8ff9b36911,inventory_only,,,,False,,,NO
test_reports/pytest/iter_sample_pos.xml,80a0772fbbe83130a7228fa9fdcb381701f5508d92cd2c352664e62d2ca6aba6,inventory_only,,,,False,,,NO
test_reports/pytest/iter_tanya_kn_review.xml,324ab577cc55cbf02c4f7d54dd1924e0e0ce86b0260629bcc2a48462e99828dc,inventory_only,,,,False,,,NO
test_reports/pytest/kn_audit_extended.xml,b544047185f0557e09f4dd1dad003bc2b4fe4bd6cccd22d4ebd39aec6291cbea,inventory_only,,,,False,,,NO
test_reports/pytest/kn_audit_full.xml,6200cb79595f756446b5052b36c6458329c7e7b371c5aa0b731425bd6997fc6f,inventory_only,,,,False,,,NO
test_reports/pytest/p13_results.xml,285e300c6c81db1e968b29173b2c28033439ee5c3d8d793a44147ae7c9a086e3,inventory_only,,,,False,,,NO
test_reports/pytest/p14_history.xml,eef3fb01056566f344a9e26beafe0394a826f2011a51a3429438a762bec99ea3,inventory_only,,,,False,,,NO
test_reports/pytest/p17_review.xml,839a7b238133c01b5995d0003d557ae82d48ad44a93e296949d7f7c8b474eb2e,inventory_only,,,,False,,,NO
test_reports/pytest/p19_hold.xml,0f2042960f83c6159154b504dce897e2f3314bd55da4bec10f5248c5d10e483f,inventory_only,,,,False,,,NO
test_reports/pytest/pytest_admin_bypass.xml,08583cd8900fb6fe6e4353bfb104606ea5f9657db0b6219a15bc6e2780a0ccc9,inventory_only,,,,False,,,NO
test_reports/pytest/pytest_iter87.xml,449b9d07936bcb2fd57aa3a2e44cce0b54bd5e7c498c07184af7eb2520a33c55,inventory_only,,,,False,,,NO
test_reports/pytest/pytest_results_iter316.xml,f7bf7f697650dce96e8af82d07a140f3b8bb23ba44e4e010072f9e3a1a9282a8,inventory_only,,,,False,,,NO
test_reports/pytest/pytest_results_iter316_iter4.xml,967c82a181b3ea0a90d9e72092ba7cd99dcc6d2d5e7d2284af60f44aec2b3743,inventory_only,,,,False,,,NO
test_reports/pytest/pytest_results_iter316_rerun.xml,3317feab49184b246b90d0ff7429d79432e03e14a7f9104e277fa1ce8d5a6451,inventory_only,,,,False,,,NO
test_reports/pytest/pytest_results_iter317.xml,2d7e82cba225790fdc250e46d6cf3bd99a9883ffb3318a5a7923f6a5cfd7f145,inventory_only,,,,False,,,NO
test_reports/pytest/pytest_results_iter317_iter4.xml,9cdffe08ff5f9e1cd804a01d13412193b8c669e428e20081e70d75fca245b819,inventory_only,,,,False,,,NO
test_reports/pytest/pytest_results_iter4_seed.xml,b3e466129cc182a1e7655730832ceb8cdc2cd15fed4d3b3ede5d7c7fdf99e18f,inventory_only,,,,False,,,NO
test_reports/pytest/qa3_rnd_samples.xml,f3f29a32808413560aadfee06719792888ece569407843038f891cf93943cfdd,inventory_only,,,,False,,,NO
test_reports/pytest/smoke_restore.xml,54c81456c9d952d286cadf32c640a41b19796106fc3ca9abab6bcf4d32ade157,inventory_only,,,,False,,,NO
test_reports/pytest/tanya_f2_f3.xml,876de2360b3e2010bd3eae3eab5ba37832c5326a718a11eb02ff20d608c006f9,inventory_only,,,,False,,,NO
test_reports/pytest/tanya_kn_all.xml,b61211e8599f37ad3f04103149e027f38070333cc4fd99de6f011bd1ceadbc32,inventory_only,,,,False,,,NO
test_reports/pytest/tanya_kn_iter75.xml,44042786f1db3f76f0cff9fa44a4ea7b9c69bc826a18ecc5974780b4a917cc62,inventory_only,,,,False,,,NO
test_reports/pytest/tanya_kn_iter76.xml,0adbe37936baca4e2d4cae505f5210937dc3575f433c16faa4b0160546f10bec,inventory_only,,,,False,,,NO
test_reports/pytest/tanya_kn_results.xml,4c77f8be8eb56cf330140cb44c604474073bd5d5c9e5500a3ff7bbf75617894d,inventory_only,,,,False,,,NO
test_reports/pytest/transfer_guard.xml,28cc1ce07bb830df6e3617db787cce20baa7343068a0ce6172afded6dda3fcf2,inventory_only,,,,False,,,NO
test_reports/pytest/vps_enable_ai.xml,c87f10ba277dafd8a503e49727dab85932dea950a29cae2277f023cbb7d8db64,inventory_only,,,,False,,,NO
test_reports/pytest/w2_targeted.xml,e68438a5f9929d4361b6327f3d3f1a23d14a98b42a9a26ef491a9884c74881c9,inventory_only,,,,False,,,NO
test_result.md,33ff12a5545d6ae87073be7fb2ddae05c09a7344d8231b91820ccd86ce26e040,inventory_only,,,,False,,,NO
tests/INDEX.md,9413a1c96326a6832ed9f469f8c99a9da4fcc2acae7b34e3b34d76a7ad6933a6,inventory_only,,,,False,,,NO
tests/__init__.py,e3b0c44298fc1c149afbf4c8996fb92427ae41e4649b934ca495991b7852b855,python_ast_syntax_structure,0,,,False,,,NO
tests/archive/README.md,3fde2e1de1b649250d3930270f0989dce4af0cf035f9c9589dbc8a67589a3cc7,inventory_only,,,,False,,,NO
tests/archive/backend_blanket_test.py,493c5e94e7d0dc6207fd492ba11656ce6365155a7e351051d5c1ea81dc4a2e81,python_ast_syntax_structure,386,,,False,,,NO
tests/archive/backend_closing_test.py,a5219f46cd5ff016551b52e068ba952f66b4432472b58b6629f376ced2af4f40,python_ast_syntax_structure,495,,,False,,,NO
tests/archive/backend_esign_test.py,cd575f21a96ec85672a32246bfddc48b642c2a4527a74f5075126e6171dac089,python_ast_syntax_structure,417,,,False,,,NO
tests/archive/backend_fase_d_test.py,56c5ba6416eb42a66675d496a48ea80ed9bdd86af2446c1946dc840618e8f298,python_ast_syntax_structure,460,,,False,,,NO
tests/archive/backend_pagination_test.py,98075ab1a4cdd3028ee4bb2f46b04dc357f1ef53f9ae72c34b797bf03c3ec40a,python_ast_syntax_structure,324,,,False,,,NO
tests/archive/backend_regression_test.py,af6d88f51683a4d9a73d84e69807a25b063135f8ce76cb90b8129db86c31d5bc,python_ast_syntax_structure,99,,,False,,,NO
tests/archive/backend_rfq_test.py,f610ad19d03baac03e7dddae30e38b275c5b63377c0ec30f056e0de863819822,python_ast_syntax_structure,710,,,False,,,NO
tests/archive/backend_test.py,2ab52a488e0ebdce5c3f1c13591133c9d8678c483fff7289ed7ec5634be4b07d,python_ast_syntax_structure,570,,,False,,,NO
tests/archive/backend_test_autofulfill.py,7966fe85c02acbf75e01826f455cae60c3e36599282ebab763838eefdd62e635,python_ast_syntax_structure,381,,,False,,,NO
tests/archive/backend_test_backorder.py,f94be29608a48b487465a407e6c523ce1470cd01b9bbd50c4a216b4b1c8781a3,python_ast_syntax_structure,546,,,False,,,NO
tests/archive/backend_test_consolidation.py,f3d3e02186eb09f6135857431ca07d1915323342dc79dc84102dcce0442ec231,python_ast_syntax_structure,602,,,False,,,NO
tests/archive/backend_test_crm.py,e36c285ea36ccb34ca2d2be5b1830984def60c2cb6db9a8a27ca718dcef716ed,python_ast_syntax_structure,708,,,False,,,NO
tests/archive/backend_test_crm_omnichannel.py,2b051a85dcf7bcce90d3acb573889df0c4c38d6d731b451b87ef249f95f2787d,python_ast_syntax_structure,585,,,False,,,NO
tests/archive/backend_test_customer_prices.py,0109dfea65599ff53cdc74c89ddfc4359ed83a6eea1beeb3b7b41cfb879818d1,python_ast_syntax_structure,398,,,False,,,NO
tests/archive/backend_test_depth2_pr.py,e5e6683813c7c720146e72a03f27979647cc6d0bdfd029f087069b2e1a8e77b7,python_ast_syntax_structure,609,,,False,,,NO
tests/archive/backend_test_e3_verification.py,7656aaf600b8f5d38a76e0322536932047f9ad47a1fd58c16dab716fcdc5ce0a,python_ast_syntax_structure,525,,,False,,,NO
tests/archive/backend_test_e4_layers.py,312b609fc23cccd8d8449ab09f5e8082819dcc117c45a229475eb5bfbdfd6cf0,python_ast_syntax_structure,502,,,False,,,NO
tests/archive/backend_test_epic7c.py,c3ab94434e4e68fbd30626f0152b412c36a46e17059473085e280c597dffe3f0,python_ast_syntax_structure,432,,,False,,,NO
tests/archive/backend_test_f0e.py,a0662deddceab9e13408e30d17be3a30d35c39c3af8ab9e01cb733515f2f0b98,python_ast_syntax_structure,563,,,False,,,NO
tests/archive/backend_test_f1_uom.py,c2ae3aa2a6ff6a9a0af05ebb135c1996b65a0373b7b9e7526986b5e16690c83f,python_ast_syntax_structure,258,,,False,,,NO
tests/archive/backend_test_fase0.py,3cf0b14adaf5e1e2845851098ddc72a50974ca622d1e4ee0f3187f8f8bf6bcb5,python_ast_syntax_structure,860,,,False,,,NO
tests/archive/backend_test_fase1b.py,5ee69dc454419b17310a580151e364110a1f14a51b58dd60b3f08a4212efa45d,python_ast_syntax_structure,793,,,False,,,NO
tests/archive/backend_test_fase3.py,e5f632c42d7554fcac5c5a4bbce9eb008673a60c1cc8f6d2fcfeb6931ae983d5,python_ast_syntax_structure,231,,,False,,,NO
tests/archive/backend_test_fase3_purchasing.py,9bd78bce535828f80de0704e22d0c522beb5e99edfd8bd8977ff7dc3885a7bf4,python_ast_syntax_structure,1092,,,False,,,NO
tests/archive/backend_test_fase_e.py,5290f2c48f2824989422155b02bd65eafa18fcbeb0c46db3da0599e1d2f73594,python_ast_syntax_structure,714,,,False,,,NO
tests/archive/backend_test_fase_f.py,85da70946c7848e19db7ecf91ef2375032b23f4f450bd17f7d980180111ba18a,python_ast_syntax_structure,356,,,False,,,NO
tests/archive/backend_test_g3.py,f742216ca324e1ec7719eceb91a6ad2caff9688978bbd3ebdd0db658abb358d6,python_ast_syntax_structure,384,,,False,,,NO
tests/archive/backend_test_g6b.py,f59c4025557acb756918f683aee9058e7f4fe3df9507cddecd8fe37ccda4181c,python_ast_syntax_structure,941,,,False,,,NO
tests/archive/backend_test_gelombang3.py,66f5f149582cfc902fedbc4a6cd53d203ed483e9156d488a1854957ece16fc97,python_ast_syntax_structure,558,,,False,,,NO
tests/archive/backend_test_h2.py,f99d3a3501f11d42ce36cae8aab478626ec983ea467877bd8ebd43d91df65e25,python_ast_syntax_structure,486,,,False,,,NO
tests/archive/backend_test_h5.py,bc244d2c70d3846a541833706dc37aa094217da1ab6d11103725740120ebe6c3,python_ast_syntax_structure,516,,,False,,,NO
tests/archive/backend_test_interco.py,8b8f2b9e94495c7fc97ed66a31b92fe46f2539496668fcb02458367e91667f8f,python_ast_syntax_structure,729,,,False,,,NO
tests/archive/backend_test_kontrabon_rating.py,d05f58bfbee09f483cab61df567edaa45a5ea7dab5853bb2a815e4fd121c0da2,python_ast_syntax_structure,360,,,False,,,NO
tests/archive/backend_test_makloon.py,878c089795d95d3a004931e4a135677bd6d6707edef59a1a00872371208a61dd,python_ast_syntax_structure,505,,,False,,,NO
tests/archive/backend_test_p2_interco_return.py,2179464d9ed44da0ed90a3aebf604d082eb97efa42d03d4b5ef806750c68d55c,python_ast_syntax_structure,383,,,False,,,NO
tests/archive/backend_test_phase05.py,8813a684cc1f090bbfc4ee09087b79045eda6f914b42999e52efbf0e2c54d2c1,python_ast_syntax_structure,734,,,False,,,NO
tests/archive/backend_test_pret_iter143.py,9cb23b64faa9c811433b286d97ba9f29d7a2701e6d2755c46196767872596516,python_ast_syntax_structure,370,,,False,,,NO
tests/archive/backend_test_production.py,f21153477555a3fc09c430324f0d98598fa2d8f7d6818768497894b04ba9c9e2,python_ast_syntax_structure,644,,,False,,,NO
tests/archive/backend_test_ps18.py,985c6fcd5ee79331391144dd47a5b49d93dec53811ffff09d8ea5b8d3af437eb,python_ast_syntax_structure,500,,,False,,,NO
tests/archive/backend_test_ps20.py,a495833b4076664286cbef1d3c430e4167198736ffa12f315f8748c0ed89edc1,python_ast_syntax_structure,741,,,False,,,NO
tests/archive/backend_test_ps21.py,388fb9681187316978e5e958753e2dc8f2068854a5df35a362d20aabdce02b11,python_ast_syntax_structure,223,,,False,,,NO
tests/archive/backend_test_purchase_returns.py,f3aba11bb0785c436aeb75944be78d29fabc361d98b49d668e0686846f645705,python_ast_syntax_structure,373,,,False,,,NO
tests/archive/backend_test_r2.py,68eccb7ef1b027c0914f1bb1bded9034ad097e9ecefd019ab7ad6e2196c2d7e7,python_ast_syntax_structure,636,,,False,,,NO
tests/archive/backend_test_r3.py,2a8e1e8cf3dad17576c250381c4c2535121ed0b24022ae1de9f1c9483cb3f4bd,python_ast_syntax_structure,430,,,False,,,NO
tests/archive/backend_test_r4.py,be65626780938d0d80cf5286ceace0b558606bc2322266d0966840c7da9f1080,python_ast_syntax_structure,716,,,False,,,NO
tests/archive/backend_test_r5_reversal.py,163ba40a87eb3e778ab5048b30e3b1f939b6ae81c8e4f4a84b3641eedb724796,python_ast_syntax_structure,626,,,False,,,NO
tests/archive/backend_test_r5_writeoff.py,8fc1f8c08d97a3fe20402d048dd89dc3fdb0c03b67a9f0de4a5a5d64bf853f8e,python_ast_syntax_structure,440,,,False,,,NO
tests/archive/backend_test_r6_2_fixed_assets.py,dd3aac8e25ffde8f136a47066c4e3fc06013554489ccb73e2ebe4aa3b96f26df,python_ast_syntax_structure,954,,,False,,,NO
tests/archive/backend_test_r6_2_gl_verification.py,4aabb2bdb9902ac3a905b9a72d55fb51c2cf2b366c463c870e1252142004f065,python_ast_syntax_structure,154,,,False,,,NO
tests/archive/backend_test_r6_6.py,b9a414f8799b50dea32792b68624ad49cb282557f3f9b3bb4c85b496860cb5bb,python_ast_syntax_structure,568,,,False,,,NO
tests/archive/backend_test_sales_revamp.py,34b4d986c06a3c3891a656475c3236f7ed6f49dee2ebaa76d1e81e3d9d373022,python_ast_syntax_structure,416,,,False,,,NO
tests/archive/backend_test_wa.py,0e16fa7eaa827d8df37359945d6de584d3a46707f81ef3fdf59d3612e26fb234,python_ast_syntax_structure,460,,,False,,,NO
tests/archive/test_ar_aging_backend.py,fa1dbc0838ce92d122cbae1479bc8bb898536cee5b910715dec2671f5ad79152,python_ast_syntax_structure,237,,,False,,,NO
tests/archive/test_audit_fixes_poc.py,d075761059e1da14756937da5ac466208cc34d6c3aeb103533f18a28d3ee4b75,python_ast_syntax_structure,190,,,False,,,NO
tests/archive/test_blanket_po_poc.py,9d9e7783b68f72379620b27cd3c6c25a7775edc8fd9f5095fb173cfc34fb58b9,python_ast_syntax_structure,275,,,False,,,NO
tests/archive/test_catch_weight_poc.py,2cbc46d32a08f20a2a2f2c4051a4ccc6d645cd0358425f4f71635de71eb98370,python_ast_syntax_structure,210,,,False,,,NO
tests/archive/test_core_approval_matrix.py,755c37352a502685f57b10cea60cd7d5c8bd0232efc653489b40398de7f00967,python_ast_syntax_structure,426,,,False,,,NO
tests/archive/test_core_customer_pricelist.py,e5dd6dac3da58035d4d1661964bc1532fe6b73dfbec95afd7c76f07df6c1bbba,python_ast_syntax_structure,545,,,False,,,NO
tests/archive/test_core_phase4.py,6526c7ad4d97e6778d18ede697ef1b79e40c9b1b18b416149386e71d142c5910,python_ast_syntax_structure,268,,,False,,,NO
tests/archive/test_core_ps18.py,91c9d77f0a1fe56818c9c41bdf10a4bb1dd913d7af3d6f4d430fb0c72095a231,python_ast_syntax_structure,322,,,False,,,NO
tests/archive/test_crm_enforce_poc.py,d042d78848caed35fc965282845b2aec2795835c9d12b046327b6f0ba7741dbb,python_ast_syntax_structure,195,,,False,,,NO
tests/archive/test_crm_poc.py,63cb6c2491f31f8d81132864b7403e795b5558e74e5df49358d9560122ca84a0,python_ast_syntax_structure,261,,,False,,,NO
tests/archive/test_depth3_settings_notifications.py,1247665cd348d1fc0ef3d4986049c57eb48af50e65a333acdc6c8f3b14d70346,python_ast_syntax_structure,472,,,False,,,NO
tests/archive/test_designer_report.py,71d3f245c1016f2b61890f55ee7498e9feed817df331dc810564af494e6fc22e,python_ast_syntax_structure,157,,,False,,,NO
tests/archive/test_dyelot_poc.py,8d7f574fdd744ac8ce6bf2f4e82d23d9dd2bf312912649c4caa39a9e2f76acee,python_ast_syntax_structure,288,,,False,,,NO
tests/archive/test_epic1_poc.py,c0730006479716ad1d9b445cd13768419cb8ef6c0ed0ca4e9b64cd00518d2a55,python_ast_syntax_structure,123,,,False,,,NO
tests/archive/test_epic2_categories_poc.py,4e3847c86eaeb3ccc87cd681f01a061c684c4fcbe46aeaf0e8dc166f519cd1e6,python_ast_syntax_structure,154,,,False,,,NO
tests/archive/test_epic3_costing_ar_poc.py,b497f29fe07d2087ec876c3fb26ac4a92066da932abc0e4bb65c0262ad2fcfb7,python_ast_syntax_structure,150,,,False,,,NO
tests/archive/test_epic4_incentive_poc.py,d690dc006dfbb19404907ab5077643de1b6a5ad4822c8e43e2172677d5eef120,python_ast_syntax_structure,166,,,False,,,NO
tests/archive/test_epic5_pos_poc.py,3f7fb834cc0e4683de8da62980622dff1404bcf285eaef62cb5addfba7712b61,python_ast_syntax_structure,64,,,False,,,NO
tests/archive/test_epic6_relations_poc.py,a264464c019ed42b39763032d387821b407006d8dfb92b1a14c32be036b087aa,python_ast_syntax_structure,81,,,False,,,NO
tests/archive/test_epic7a_ar_aging_poc.py,0a3854c489a7cffd9a692e9cd1bbd9ecce17f6ad89f0d741eedd1684e2e79e01,python_ast_syntax_structure,98,,,False,,,NO
tests/archive/test_epic7b_bank_poc.py,9b8f9e706ce44b4b320bb0588bcb34c086d0c9b95041a6c3ffaaba57ff37fa62,python_ast_syntax_structure,102,,,False,,,NO
tests/archive/test_epic7c_gl_poc.py,bbc57776686645a14e8c58dc4fde6cf339a8701bc0b741084f39dc4e1749ef94,python_ast_syntax_structure,157,,,False,,,NO
tests/archive/test_f0a_entity_identity_poc.py,c2a10e73ac4f0d3878017a987285d41f741fb60c88270bf7552b4723fefa2f23,python_ast_syntax_structure,94,,,False,,,NO
tests/archive/test_f2b_backend.py,66c8953d6c6bb80248b511a9871e9d1ee567c4c2596246ac11bc9f71ee8bfad7,python_ast_syntax_structure,667,,,False,,,NO
tests/archive/test_f2b_poc.py,32daa41ab3b8ba579a2f8bc640efa0d0473888ef6caf195be786b3382b98cff3,python_ast_syntax_structure,158,,,False,,,NO
tests/archive/test_f5_approval_poc.py,3854e4fd0d1535d1fae5685eb5dc8f3217e2d6ff50420832c35fc9836d44cd0a,python_ast_syntax_structure,190,,,False,,,NO
tests/archive/test_f6_entity_tax_poc.py,491271430f78a09dd3e3dbc190a8c11a23c2700b0987d7faa9f4321e7d3b7d1a,python_ast_syntax_structure,138,,,False,,,NO
tests/archive/test_fase_f1_backend.py,74879922ff19428210c1fa8fd6d07f84b3c80c6af87fc10609c27c3c8c101fb1,python_ast_syntax_structure,258,,,False,,,NO
tests/archive/test_finance_p0p1_poc.py,fe60611c2a673f9d8e61d024c6a2c096f31539a3bf244046bad5042e60a5cfef,python_ast_syntax_structure,87,,,False,,,NO
tests/archive/test_g2_backend_api.py,5f3e02e717951a450ae950a294861946278c2f260e7a65d0d246634685e5ac7a,python_ast_syntax_structure,149,,,False,,,NO
tests/archive/test_g9_backend_api.py,f24015057ff3794b5922fc51e6b3c2983d3ec7d17dc2375ad883ca67031a668a,python_ast_syntax_structure,308,,,False,,,NO
tests/archive/test_input_tax_poc.py,7e4ff017b8c04ced3ec5b0bc9752eed189f4e9c73855cd91193b263546df4873,python_ast_syntax_structure,216,,,False,,,NO
tests/archive/test_iteration_209_backend.py,97fb1e644115b2235a27cbfa881cfd5a6709485300df583e3e6d20afafdf73d4,python_ast_syntax_structure,224,,,False,,,NO
tests/archive/test_landed_cost_poc.py,1f91274c639568e7b5034285ea2037405f128bbb5e76fddf49e6b472c198cfbd,python_ast_syntax_structure,247,,,False,,,NO
tests/archive/test_multilevel_approval_poc.py,8de690ad424cf1865fa512967bc2eb5dbb2b75d55b6459e0f41b27717b3c3db1,python_ast_syntax_structure,159,,,False,,,NO
tests/archive/test_number_series_poc.py,40ee3ad847b9773f23d2973cdcb1a386fd30f3ddfae566a652493299df859895,python_ast_syntax_structure,97,,,False,,,NO
tests/archive/test_p2_interco_return_poc.py,c259fe4f5133826a464cee1731c6ae980704c52c5ae2fa82295075609dab84dc,python_ast_syntax_structure,97,,,False,,,NO
tests/archive/test_po_amendment.py,e546b4457b5b20e2a44fa83faa264664e9d934a78a634e4c3576ca7f756ac7b0,python_ast_syntax_structure,432,,,False,,,NO
tests/archive/test_po_amendment_poc.py,11779b8459df75ac9e87b7854c2a6633a2021749ffa6fff038a51f86a0135850,python_ast_syntax_structure,204,,,False,,,NO
tests/archive/test_precision_return_poc.py,ae938e3f731728f6e924563c623526c96d81da020c1d501ab5d26b0133238217,python_ast_syntax_structure,184,,,False,,,NO
tests/archive/test_price_approvals_backend.py,1be4b20f34dcac8db16377113f9ec4ff9455f4a1166e268d398d61c50bf657e5,python_ast_syntax_structure,259,,,False,,,NO
tests/archive/test_ps18_phase4_backend.py,1df51542ab626873d16c77b58ca7c2cbf4a9d5598501a799c919f032397717e4,python_ast_syntax_structure,577,,,False,,,NO
tests/archive/test_ps20_exclusive_poc.py,ec1f0b2c4971fdbf97bf3cf2d814d2b25c47301cd882a5c60f9d7f14d12a5ca4,python_ast_syntax_structure,123,,,False,,,NO
tests/archive/test_qc_inspection_poc.py,5c0f43b597c58d05ccec3631fae8bc5af7a76e82679892859b83ae6a381f71c5,python_ast_syntax_structure,134,,,False,,,NO
tests/archive/test_r0_poc.py,81d76b8a5dc3921b862de4c0f9265513c37691ea10dfd72e99d68d782ffc58f1,python_ast_syntax_structure,195,,,False,,,NO
tests/archive/test_r1_poc.py,91f2ddd7c7acaec2390cd1af733e9086f7dd14eef56621cc02638d0ef1171d12,python_ast_syntax_structure,166,,,False,,,NO
tests/archive/test_r2_poc.py,539b8565056e0cf68b2d2fa1f4cde6587cfab085815342c5cdb5a7d54d288c58,python_ast_syntax_structure,139,,,False,,,NO
tests/archive/test_r3_poc.py,25a20526958fa9acd925b789bb1432b318fa471c82c7d8b2852d5e5e070d0a34,python_ast_syntax_structure,159,,,False,,,NO
tests/archive/test_r4_poc.py,1b5ac5063d132ae1cbf9b47bcea88d58f66843cf1cdec96c78583355ad6f2cd3,python_ast_syntax_structure,217,,,False,,,NO
tests/archive/test_r5_4b_poc.py,737a7cd09ded73756526b1e0dee1320c7d545b85ec59ead9ee7fba29df266819,python_ast_syntax_structure,337,,,False,,,NO
tests/archive/test_r5_5_landed_valuation_poc.py,64effb0477156a26c199e1423eec5cc29c99b6944c21362868fcd259e2a8dc04,python_ast_syntax_structure,132,,,False,,,NO
tests/archive/test_r5_6_margin_poc.py,4e6835e62e4113179b7dc39344b7fa3f3ab86fbbce190a9dd3d0f778a02a505c,python_ast_syntax_structure,127,,,False,,,NO
tests/archive/test_r5_backend.py,4d11dad68a6559886e65545cf54f045d22df71882fc77a68ec759915120d82ad,python_ast_syntax_structure,286,,,False,,,NO
tests/archive/test_r5_cash_refund_poc.py,22a13edcc35fffffb215810f53484cea14846c7049327370922137ba53e89034,python_ast_syntax_structure,232,,,False,,,NO
tests/archive/test_r5_reversal_poc.py,949ab0546a0527ca9b4a9f8f6f92de4e5474b0d391a3312bead06f21166637e5,python_ast_syntax_structure,279,,,False,,,NO
tests/archive/test_r5_store_credit_poc.py,3a83b6e97518659737790efe3c9146e3bd0ecfc8ab60d3fdd18fab31fa274fe4,python_ast_syntax_structure,222,,,False,,,NO
tests/archive/test_r5_writeoff_poc.py,80527f6c7db27e64db5dc727ee6f8b875dabe167a7b9b503d7e8f40b1f8d09d4,python_ast_syntax_structure,214,,,False,,,NO
tests/archive/test_r6_1_bank_recon_poc.py,0dc892665d90bdcc7c95d2d447146b4c5682d2016323f04b15ce2ae30cd2b54a,python_ast_syntax_structure,138,,,False,,,NO
tests/archive/test_r6_2_fixed_asset_poc.py,f04a916451206231cc3bf213a0982d57e860d466cb9ab2d14235cf9665ae622a,python_ast_syntax_structure,178,,,False,,,NO
tests/archive/test_r6_3_budget_poc.py,3c1b9f181fab97f2ada9add2be76d7722a8f5dbd466b93e67ea8d9e7bdfe08cb,python_ast_syntax_structure,374,,,False,,,NO
tests/archive/test_r6_4_production_poc.py,6e91400bdfcebe9896a6ad864964f3fc66ed92f0dfcea19bab80a3fadd296009,python_ast_syntax_structure,262,,,False,,,NO
tests/archive/test_r6_5_scheduler_poc.py,ca5effff3d9015b4dfb79ffde069cdf5e8f90b6e69be621774e324e142ad8dc1,python_ast_syntax_structure,324,,,False,,,NO
tests/archive/test_r6_6_digest_escalation_poc.py,09f64c658388be18460bb9323336c14f8b2bb094967c478c9001e5add1aeec2c,python_ast_syntax_structure,423,,,False,,,NO
tests/archive/test_revoke_feature.py,1825deb8916c4d2b51da26b3bee3f2208398715c24421417fb9087994d3bc034,python_ast_syntax_structure,161,,,False,,,NO
tests/archive/test_rfid_poc.py,af6a9e335dc065cd85c43545858674bf24d276ebb1051a23b5b2c10c7fde4160,python_ast_syntax_structure,154,,,False,,,NO
tests/archive/test_rfq_poc.py,42eaf191bc87ea47d29c1efcf31418c445088c5a8d31b3a4d6ae76a4b9569795,python_ast_syntax_structure,215,,,False,,,NO
tests/archive/test_vendor_bill_backend.py,2aef885601110838c787f4fd15973a4f3826ae9191f1f4671af37f61bce5fa73,python_ast_syntax_structure,418,,,False,,,NO
tests/archive/test_vendor_bill_poc.py,bec5317becffabd541c43567159dd03bb7b63ea31ce08e5bc30ac65448d2ae05,python_ast_syntax_structure,138,,,False,,,NO
tests/archive/vendor_bill_gl_comprehensive_test.py,5e847ca005e42b2b0e4dc58974acade706d016060102371f1545379259dac014,python_ast_syntax_structure,466,,,False,,,NO
tests/archive/vendor_bill_gl_test.py,f34bf0d8d8e076bd4ae6251457b2795d378175bd7212b53b038734dcbbb654ff,python_ast_syntax_structure,470,,,False,,,NO
tests/archive/vendor_bill_gl_verification.py,47cf494fc959fe1232a389a4019a6987528cbe7c5046e9030dde88d294dc1c4b,python_ast_syntax_structure,330,,,False,,,NO
tests/archive/verify_iter210_fixes.py,f628daee2681455f0f2252c3e1ec4c08cacf4344b95f83c6c9470a9430522e32,python_ast_syntax_structure,146,,,False,,,NO
tests/backend_g9_test.py,cdaf1792946907b3d2e3172ed8cbf681862146873a27326578f0f39cbe795e92,python_ast_syntax_structure,319,,,False,,,NO
tests/backend_test_p2_bugfixes.py,3949e36ea3edd3191def356754c87dc8a14d860b64ae0e9abbf4e334221b0505,python_ast_syntax_structure,551,,,False,,,NO
tests/backend_test_security.py,678c8dfa458492eb34c499d5f677f4e7b202f6718398f0c962c5f46d02e71f07,python_ast_syntax_structure,466,,,False,,,NO
tests/backend_test_special_orders.py,4aae36b0e15cf57e2065f079cc70e55a543ebe55768a312644b5a6438ee7825a,python_ast_syntax_structure,458,,,False,,,NO
tests/fase5_poc.py,b064b6f1b6fb579eb0577f69a3d2e9df45eac95edfef24ac1ff7cb53bcd5d351,python_ast_syntax_structure,171,,,False,,,NO
tests/fixtures_sj/e2e.py,99c812c8f2eb17f16a4e6a1bf445250d8b30ef199fc7a560948eb17c85b2b829,python_ast_syntax_structure,18,,,False,,,NO
tests/fixtures_sj/exp.py,b865ae4d7cfaf94c9807a4898841b6124db4697dc687218d19d60d8cc0ab7b99,python_ast_syntax_structure,20,,,False,,,NO
tests/fixtures_sj/gold/sj1.jpeg,1d3f658eea08dbec9962f1d9bee913b2ca6ce233437b1b6e2081753b40c45bc4,inventory_only,,,,False,,,NO
tests/fixtures_sj/gold/sj1.json,7c16fa6df8e6b9152bbb34d1cd1c7a95e5fcb2196b62079ba88d9ee89ed10891,inventory_only,4,,,False,,,NO
tests/fixtures_sj/gold/sj4.jpeg,93f51d74dea02cd613d8be5c52407bebd717b6119425965c72cc32b027cc060c,inventory_only,,,,False,,,NO
tests/fixtures_sj/gold/sj4.json,df0bdfe884569c891292d525777868a4ec40683ad195f467d67667d89a32cfb4,inventory_only,3,,,False,,,NO
tests/fixtures_sj/n_a.jpeg,6d6c38170782375719c1793accdd4e2cee4a1d72585ad900c827ddc843b07001,inventory_only,,,,False,,,NO
tests/fixtures_sj/n_b.jpeg,b3b4b4a5a5092dceaa7d2cb818a4a3c8cd65d953f5dbbf4335fafa9b4c2d272f,inventory_only,,,,False,,,NO
tests/fixtures_sj/n_c.jpeg,ffe98d49c579157a0540f27c8360241341f46a85d2170fa3301f35f7f5c6995e,inventory_only,,,,False,,,NO
tests/fixtures_sj/n_d.jpeg,a8e04fbaf0e0b77ad17b8b3b292304b32034c7066a24adb8763e6819ec848179,inventory_only,,,,False,,,NO
tests/fixtures_sj/n_e.jpeg,dceed0540d32501734ce4598dccb10ce32595465038b8b0b88698a098338120d,inventory_only,,,,False,,,NO
tests/fixtures_sj/orient.py,28ad67068a800e6f285206772e680a3f640a544d32ba3802ccb97ad9e63d6a92,python_ast_syntax_structure,18,,,False,,,NO
tests/fixtures_sj/orient2.py,e96d88b275e8edf412c7fb6731a652cf1a636df35e74f31d416482d5038facc3,python_ast_syntax_structure,20,,,False,,,NO
tests/fixtures_sj/q_blur.jpg,3e2243c4e1b4a188bcb3ba742ee842bacae7d87523f2225de8a241273fec765e,inventory_only,,,,False,,,NO
tests/fixtures_sj/q_cut.jpg,275485c3abac872ea2ed0dc825663ed1eda3b65842387a3e8fe08f1b7c9cd3ae,inventory_only,,,,False,,,NO
tests/fixtures_sj/sj1.jpeg,1d3f658eea08dbec9962f1d9bee913b2ca6ce233437b1b6e2081753b40c45bc4,inventory_only,,,,False,,,NO
tests/fixtures_sj/sj2.jpeg,23effb7923325f94e749c7fe65f52a9ddcfbba68620debe1087792c61a0b4db1,inventory_only,,,,False,,,NO
tests/fixtures_sj/sj3.jpeg,f980f4e108aa10804fec52834beacee6e072d814ac3a19ff00a28af8f18851e7,inventory_only,,,,False,,,NO
tests/fixtures_sj/sj4.jpeg,93f51d74dea02cd613d8be5c52407bebd717b6119425965c72cc32b027cc060c,inventory_only,,,,False,,,NO
tests/fixtures_sj/sj5.jpeg,6499f89e8d06c4d8fcccc23ffceeda2e17474af56d11e73a65a3b46e68b5a9ba,inventory_only,,,,False,,,NO
tests/rnd_flow_check.py,751fee9beadebc56b9cf301c3222f0baaf964375ab4a6e53a3c0de2a1b0eaa58,python_ast_syntax_structure,46,,,False,,,NO
tests/t1_ui_fixture.py,3990a658a90f55498fd91f7b2547f0eb70fa1542fe12f577257ed758276fe9fa,python_ast_syntax_structure,36,,,False,,,NO
tests/t1_verifikasi_A2.py,a5b0ef1e610f8d66c52e631ecf138461f67eb54e2e0fad5367fd6ebfe0db7672,python_ast_syntax_structure,116,,,False,,,NO
tests/test_allocation_policy_17.py,8e70977882c908bd0bc00b14a04c427c3e4d04ae4b2b35c703e42a83a8848776,python_ast_syntax_structure,99,,,False,,,NO
tests/test_pegging_17.py,4e624a00acc436123a2d76995e42a1cb538bb85960969f8178c383bb131f376d,python_ast_syntax_structure,124,,,False,,,NO
tests/test_shipment_18.py,6aa08382523ecc4a979be02365be9cc545f6414bffb21f3da9fc459005db55a9,python_ast_syntax_structure,126,,,False,,,NO
tests/test_tax_invoice_19.py,6294f802dffea1f2645cf1bb7de32f037341cf6c626810b611eba2b474b695ad,python_ast_syntax_structure,125,,,False,,,NO
