method,route,source,handler,line,body_first_line,body_end_line,recorded_body_lines,recorded_body_entered,direct_collections,mutation,semantic_all_states_verified
POST,/api/auth/login,backend/routers/auth.py,login,87,88,133,25,True,login_attempts;sessions;user_onboarding;users,True,NO
GET,/api/roles,backend/routers/auth.py,list_roles,137,138,147,5,True,,False,NO
GET,/api/auth/me,backend/routers/auth.py,me,151,152,159,7,True,,False,NO
GET,/api/auth/context,backend/routers/auth.py,auth_context,163,164,167,3,True,,False,NO
POST,/api/auth/logout,backend/routers/auth.py,logout,171,172,176,5,True,sessions,True,NO
GET,/api/users,backend/routers/users.py,list_users,34,40,64,10,True,users,False,NO
GET,/api/users/count,backend/routers/users.py,count_users,68,70,76,5,True,users,False,NO
GET,/api/hr-employees-available,backend/routers/users.py,available_employees,80,84,110,11,True,business_entities;hr_employees,False,NO
GET,/api/users/{user_id},backend/routers/users.py,get_user,114,115,118,4,True,,False,NO
POST,/api/users,backend/routers/users.py,create_user,122,123,131,7,True,,True,NO
PATCH,/api/users/{user_id},backend/routers/users.py,update_user,135,137,157,8,True,,True,NO
DELETE,/api/users/{user_id},backend/routers/users.py,deactivate_user,161,162,171,6,True,,True,NO
POST,/api/users/{user_id}/reactivate,backend/routers/users.py,reactivate_user,175,176,180,0,False,,True,NO
POST,/api/users/{user_id}/reset-password,backend/routers/users.py,reset_password,184,186,193,0,False,,True,NO
POST,/api/users/{user_id}/revoke-sessions,backend/routers/users.py,revoke_sessions,197,198,206,0,False,,True,NO
GET,/api/dashboard,backend/routers/dashboard.py,dashboard,15,16,125,55,True,customers;inventory_balances;products;sales_orders;warehouses,False,NO
GET,/api/products,backend/routers/products.py,list_products,22,25,77,35,True,product_templates;products,False,NO
POST,/api/products,backend/routers/products.py,create_product,95,96,136,24,True,products,True,NO
PATCH,/api/products/{product_id},backend/routers/products.py,update_product,140,141,217,37,True,,True,NO
GET,/api/products/sales-owners,backend/routers/products.py,list_sales_owners,221,222,231,3,True,users,False,NO
DELETE,/api/products/{product_id},backend/routers/products.py,delete_product,236,237,251,8,True,products,True,NO
GET,/api/products/{product_id}/stock-breakdown,backend/routers/products.py,stock_breakdown,255,258,337,47,True,business_entities;inventory_balances;inventory_rolls;products;sales_orders;warehouses,False,NO
GET,/api/customers,backend/routers/customers.py,list_customers,23,26,66,17,True,customers,False,NO
POST,/api/customers,backend/routers/customers.py,create_customer,70,71,156,40,True,customers;users,True,NO
PATCH,/api/customers/{customer_id},backend/routers/customers.py,update_customer,160,161,218,18,True,customers,True,NO
POST,/api/customers/{customer_id}/addresses,backend/routers/customers.py,add_customer_address,222,223,235,0,False,customers,True,NO
GET,/api/customers/{customer_id}/merge-preview,backend/routers/customers.py,merge_customer_preview,250,251,257,6,True,,False,NO
POST,/api/customers/{customer_id}/merge,backend/routers/customers.py,merge_customer,261,262,275,6,True,,True,NO
GET,/api/warehouses/{warehouse_id}/locations,backend/routers/warehouses.py,get_warehouse_locations,44,45,48,3,True,,False,NO
GET,/api/warehouses/{warehouse_id}/occupancy,backend/routers/warehouses.py,get_warehouse_occupancy,52,53,66,5,True,warehouses,False,NO
PUT,/api/warehouses/{warehouse_id}/structure,backend/routers/warehouses.py,put_warehouse_structure,70,71,80,0,False,,True,NO
GET,/api/warehouses,backend/routers/warehouses.py,list_warehouses,84,86,100,5,True,,False,NO
POST,/api/warehouses,backend/routers/warehouses.py,create_warehouse,104,105,148,22,True,warehouses,True,NO
PATCH,/api/warehouses/{warehouse_id},backend/routers/warehouses.py,update_warehouse,152,153,211,20,True,warehouses,True,NO
DELETE,/api/warehouses/{warehouse_id},backend/routers/warehouses.py,delete_warehouse,215,216,225,0,False,warehouses,True,NO
GET,/api/uoms,backend/routers/uoms.py,list_uoms,83,85,86,2,True,uoms,False,NO
GET,/api/uoms/vocab,backend/routers/uoms.py,uom_vocab,90,91,103,3,True,,False,NO
POST,/api/uoms,backend/routers/uoms.py,create_uom,107,108,118,0,False,uoms,True,NO
PATCH,/api/uoms/{uom_id},backend/routers/uoms.py,update_uom,122,123,156,1,True,uoms,True,NO
DELETE,/api/uoms/{uom_id},backend/routers/uoms.py,delete_uom,160,161,186,9,True,uoms,True,NO
GET,/api/inventory/rolls/{roll_id}/journey-timeline,backend/routers/inventory.py,roll_journey_timeline,30,31,35,4,True,,False,NO
GET,/api/inventory/rolls/{roll_id}/cost-history,backend/routers/inventory.py,roll_cost_history_endpoint,39,40,67,10,True,inventory_rolls,False,NO
GET,/api/inventory/putaway/queue,backend/routers/inventory.py,get_putaway_queue,71,72,76,4,True,,False,NO
POST,/api/inventory/putaway,backend/routers/inventory.py,do_putaway,80,81,83,0,False,,True,NO
GET,/api/inventory/stock-analytics,backend/routers/inventory.py,stock_analytics,91,97,101,3,True,,False,NO
GET,/api/inventory/status-board,backend/routers/inventory.py,inventory_status_board,105,110,126,4,True,,False,NO
GET,/api/inventory/balances,backend/routers/inventory.py,list_balances,130,131,162,27,True,inventory_balances;products;warehouses,False,NO
GET,/api/inventory/rolls,backend/routers/inventory.py,list_rolls,166,178,245,49,True,inventory_rolls;products;warehouses,False,NO
GET,/api/inventory/rolls/available,backend/routers/inventory.py,list_rolls_available,249,259,273,9,True,,False,NO
GET,/api/inventory/movements,backend/routers/inventory.py,list_movements,277,280,315,9,True,inventory_movements,False,NO
GET,/api/inventory/rolls-without-cost,backend/routers/inventory.py,rolls_without_cost,325,326,342,10,True,inventory_rolls;products,False,NO
PATCH,/api/inventory/rolls/{roll_id}/opening-cost,backend/routers/inventory.py,set_opening_cost,346,347,367,13,True,inventory_rolls,True,NO
POST,/api/inventory/initial-stock,backend/routers/inventory.py,add_initial_stock,371,372,445,23,True,inventory_movements;inventory_rolls;products,True,NO
GET,/api/history/{product_id},backend/routers/inventory.py,product_history,449,450,473,8,True,inventory_movements;warehouses,False,NO
GET,/api/inventory/pending-cuts,backend/routers/inventory.py,get_pending_cuts,483,484,487,3,True,,False,NO
POST,/api/inventory/rolls/{roll_id}/reservations/{reservation_id}/cut,backend/routers/inventory.py,post_confirm_cut,491,493,509,9,True,inventory_rolls,True,NO
GET,/api/inventory/cut-children-unverified,backend/routers/inventory.py,get_cut_children_unverified,517,518,521,3,True,,False,NO
POST,/api/inventory/rolls/{roll_id}/verify-identity,backend/routers/inventory.py,post_verify_identity,525,526,534,7,True,inventory_rolls,True,NO
POST,/api/sales-orders/preview-allocation,backend/routers/sales_orders_extra.py,preview_allocation,52,53,89,14,True,customers;products,True,NO
POST,/api/sales-orders/preview-lots,backend/routers/sales_orders_extra.py,preview_lots,93,94,138,0,False,customers;products,True,NO
GET,/api/sales-orders,backend/routers/sales_orders_extra.py,list_orders,142,145,185,14,True,sales_orders,False,NO
GET,/api/sales-orders/stats/summary,backend/routers/sales_orders_extra.py,get_orders_stats,189,192,267,20,True,sales_orders,False,NO
GET,/api/sales-orders/frequent-products,backend/routers/sales_orders_extra.py,frequent_products,271,272,274,2,True,,False,NO
GET,/api/sales-orders/{order_id}/journey,backend/routers/sales_orders_extra.py,order_journey,278,279,297,8,True,sales_orders,False,NO
POST,/api/sales-orders/preview-roll-reconcile,backend/routers/sales_orders_extra.py,preview_roll_reconcile,301,302,319,13,True,,True,NO
GET,/api/sales-orders/{order_id}/restock-state,backend/routers/sales_orders_extra.py,restock_state,323,324,333,7,True,sales_orders,False,NO
POST,/api/sales-orders/{order_id}/repeat-restock,backend/routers/sales_orders_extra.py,repeat_restock,337,339,360,0,False,sales_orders,True,NO
POST,/api/sales-orders/{order_id}/submit-for-approval,backend/routers/sales_orders_extra.py,submit_for_approval,364,365,405,19,True,sales_orders,True,NO
POST,/api/sales-orders/{order_id}/approve,backend/routers/sales_orders_extra.py,approve_order,422,424,476,26,True,sales_orders,True,NO
POST,/api/sales-orders/{order_id}/confirm,backend/routers/sales_orders_extra.py,confirm_order,480,481,519,18,True,sales_orders,True,NO
POST,/api/sales-orders/{order_id}/mark-delivered,backend/routers/sales_orders_extra.py,mark_delivered,523,524,550,0,False,sales_orders,True,NO
POST,/api/sales-orders/{order_id}/items/{product_id}/reallocate,backend/routers/sales_orders_extra.py,reallocate_line_rolls,554,556,687,76,True,inventory_rolls;sales_orders;warehouses,True,NO
POST,/api/sales-orders/{order_id}/items/{product_id}/release-rolls,backend/routers/sales_orders_extra.py,release_line_rolls,691,693,792,0,False,inventory_movements;inventory_rolls;sales_orders;warehouses,True,NO
POST,/api/sales-orders/{order_id}/release-reservation,backend/routers/sales_orders_extra.py,release_reservation,796,797,827,0,False,sales_orders,True,NO
POST,/api/sales-orders/{order_id}/cancel,backend/routers/sales_orders_extra.py,cancel_order,831,832,875,21,True,sales_orders;tax_invoices;wms_tasks,True,NO
POST,/api/sales-orders,backend/routers/sales_orders.py,create_order,88,89,645,207,True,credit_overrides;customers;products;sales_orders;special_orders;system_settings;warehouses,True,NO
GET,/api/sales-orders/{order_id},backend/routers/sales_orders.py,get_order,649,650,672,11,True,sales_orders,False,NO
PATCH,/api/sales-orders/{order_id},backend/routers/sales_orders.py,update_order,676,677,697,12,True,sales_orders,True,NO
GET,/api/invoices,backend/routers/invoices.py,list_invoices,19,20,23,3,True,invoices,False,NO
GET,/api/sales-orders/{order_id}/invoices,backend/routers/invoices.py,order_invoices,27,28,34,6,True,invoices;sales_orders,False,NO
POST,/api/sales-orders/{order_id}/simulate-payment,backend/routers/invoices.py,simulate_payment,38,39,155,38,True,cash_transactions;invoices;sales_orders,True,NO
GET,/api/wms/tasks,backend/routers/wms.py,list_tasks,28,29,56,21,True,products;warehouses;wms_tasks,False,NO
POST,/api/wms/tasks,backend/routers/wms.py,create_task,66,67,130,0,False,products;wms_tasks,True,NO
POST,/api/wms/tasks/outbound-from-order/{order_id},backend/routers/wms.py,create_outbound_from_order,134,135,154,13,True,sales_orders,True,NO
POST,/api/wms/tasks/{task_id}/scan,backend/routers/wms.py,scan_task,158,159,184,0,False,wms_tasks,True,NO
POST,/api/wms/tasks/{task_id}/advance,backend/routers/wms.py,advance_task,188,189,238,7,True,wms_tasks,True,NO
GET,/api/documents/trace/{doc_type}/{doc_id},backend/routers/documents.py,document_trace,89,91,102,0,False,,False,NO
GET,/api/documents/trace/{doc_type}/{doc_id}/print,backend/routers/documents.py,document_trace_print,106,108,123,11,True,,False,NO
GET,/api/documents/refs/{doc_type}/{doc_id},backend/routers/documents.py,document_refs,127,128,134,0,False,,False,NO
GET,/api/documents/trace-search,backend/routers/documents.py,document_trace_search,138,141,149,7,True,,False,NO
GET,/api/documents/ref-types,backend/routers/documents.py,document_ref_types,153,154,159,3,True,,False,NO
POST,/api/documents/refs/backfill,backend/routers/documents.py,document_refs_backfill,163,165,173,0,False,,True,NO
GET,/api/documents/relations/{doc_type}/{doc_id},backend/routers/documents.py,document_relations,177,178,191,2,True,,False,NO
GET,/api/document-templates,backend/routers/documents.py,list_templates,195,197,208,5,True,,False,NO
POST,/api/document-templates,backend/routers/documents.py,create_template,212,213,218,5,True,document_templates,True,NO
PATCH,/api/document-templates/{template_id},backend/routers/documents.py,update_template,222,223,236,0,False,document_templates,True,NO
DELETE,/api/document-templates/{template_id},backend/routers/documents.py,delete_template,240,241,250,0,False,document_templates,True,NO
POST,/api/documents/generate,backend/routers/documents.py,generate_document,254,255,269,7,True,generated_documents,True,NO
GET,/api/documents/{doc_id}/print,backend/routers/documents.py,print_generated_document,273,274,280,6,True,generated_documents,False,NO
GET,/api/documents/preview/{order_id},backend/routers/documents.py,preview_document,284,286,289,4,True,,False,NO
POST,/api/documents/barcode,backend/routers/documents.py,generate_barcode,293,294,326,0,False,products;wms_tasks,True,NO
GET,/api/documents/resolve,backend/routers/documents.py,resolve_document_number,350,351,384,24,True,,False,NO
POST,/api/master-data/import-products,backend/routers/admin.py,import_products,144,149,199,39,True,products,True,NO
POST,/api/master-data/import-customers,backend/routers/admin.py,import_customers,203,208,323,71,True,customers;users,True,NO
POST,/api/master-data/import-warehouses,backend/routers/admin.py,import_warehouses,327,332,372,0,False,warehouses,True,NO
GET,/api/master-data/export-products,backend/routers/admin.py,export_products,376,377,387,9,True,products,False,NO
GET,/api/master-data/export-yarn,backend/routers/admin.py,export_yarn,391,392,410,15,True,products,False,NO
GET,/api/master-data/export-customers,backend/routers/admin.py,export_customers,414,415,431,14,True,customers;users,False,NO
GET,/api/master-data/export-warehouses,backend/routers/admin.py,export_warehouses,435,436,444,8,True,warehouses,False,NO
GET,/api/permissions,backend/routers/admin.py,get_permissions,448,449,452,3,True,permission_settings,False,NO
PUT,/api/permissions,backend/routers/admin.py,update_permissions,456,457,471,10,True,permission_settings,True,NO
POST,/api/admin/seed-demo,backend/routers/admin.py,seed_demo,490,491,543,4,True,,True,NO
GET,/api/reports/stock-aging,backend/routers/reporting.py,stock_aging,27,29,75,23,True,inventory_balances;inventory_movements;products;warehouses,False,NO
GET,/api/reports/reservation-funnel,backend/routers/reporting.py,reservation_funnel,79,81,115,14,True,sales_orders,False,NO
GET,/api/reports/order-velocity,backend/routers/reporting.py,order_velocity,119,121,148,19,True,sales_orders,False,NO
GET,/api/reports/top-customers,backend/routers/reporting.py,top_customers,152,154,188,7,True,sales_orders,False,NO
GET,/api/reports/warehouse-utilization,backend/routers/reporting.py,warehouse_utilization,192,194,231,19,True,inventory_balances;products;warehouses,False,NO
GET,/api/reports/summary,backend/routers/reporting.py,dashboard_summary,259,261,290,14,True,cycle_count_sessions;inventory_balances;sales_orders,False,NO
GET,/api/audit-logs,backend/routers/audit.py,list_audit_logs,27,28,54,12,True,audit_logs;business_entities,False,NO
GET,/api/audit-logs/resource,backend/routers/audit.py,resource_audit_history,68,71,96,15,True,audit_logs;business_entities,False,NO
POST,/api/cycle-count/sessions,backend/routers/cycle_count.py,create_session,59,60,82,8,True,cycle_count_sessions,True,NO
GET,/api/cycle-count/sessions,backend/routers/cycle_count.py,list_sessions,86,87,92,5,True,cycle_count_sessions,False,NO
GET,/api/cycle-count/sessions/{session_id},backend/routers/cycle_count.py,get_session,96,97,102,5,True,cycle_count_sessions,False,NO
POST,/api/cycle-count/sessions/{session_id}/items,backend/routers/cycle_count.py,add_item,106,107,151,19,True,cycle_count_sessions;products,True,NO
PATCH,/api/cycle-count/sessions/{session_id}/items/{item_id},backend/routers/cycle_count.py,update_item,155,158,174,7,True,cycle_count_sessions,True,NO
POST,/api/cycle-count/sessions/{session_id}/submit,backend/routers/cycle_count.py,submit_session,178,179,217,16,True,cycle_count_sessions,True,NO
POST,/api/cycle-count/sessions/{session_id}/reopen,backend/routers/cycle_count.py,reopen_session,221,222,248,4,True,cycle_count_sessions,True,NO
POST,/api/cycle-count/sessions/{session_id}/approve,backend/routers/cycle_count.py,approve_session,253,254,315,32,True,cycle_count_sessions,True,NO
POST,/api/cycle-count/sessions/{session_id}/reject,backend/routers/cycle_count.py,reject_session,319,320,341,0,False,cycle_count_sessions,True,NO
GET,/api/onboarding,backend/routers/onboarding.py,get_onboarding,44,45,62,6,True,user_onboarding,False,NO
POST,/api/onboarding/{task_id}/complete,backend/routers/onboarding.py,complete_task,66,67,77,0,False,user_onboarding,True,NO
POST,/api/onboarding/reset,backend/routers/onboarding.py,reset_onboarding,81,82,84,0,False,user_onboarding,True,NO
POST,/api/labels/generate,backend/routers/label_printer.py,generate_product_label,22,23,79,0,False,products;warehouses,True,NO
POST,/api/labels/preview,backend/routers/label_printer.py,preview_label,83,87,144,0,False,,True,NO
GET,/api/transfers,backend/routers/transfers.py,list_transfers,94,101,143,26,True,business_entities;products;warehouse_transfers;warehouses,False,NO
POST,/api/transfers,backend/routers/transfers.py,create_transfer,147,148,238,38,True,products;warehouse_transfers;warehouses,True,NO
POST,/api/transfers/inter-company,backend/routers/transfers.py,create_inter_company_transfer,267,268,391,35,True,business_entities;interco_transactions;products;warehouse_transfers,True,NO
GET,/api/transfers/{transfer_id},backend/routers/transfers.py,get_transfer_detail,395,396,413,12,True,products;warehouses,False,NO
POST,/api/transfers/{transfer_id}/approve,backend/routers/transfers.py,approve_transfer,417,418,507,21,True,warehouse_transfers,True,NO
POST,/api/transfers/{transfer_id}/reject,backend/routers/transfers.py,reject_transfer,511,512,548,11,True,warehouse_transfers,True,NO
POST,/api/transfers/{transfer_id}/status,backend/routers/transfers.py,update_transfer_status,552,553,624,19,True,warehouse_transfers,True,NO
DELETE,/api/transfers/{transfer_id},backend/routers/transfers.py,cancel_transfer,628,630,675,12,True,warehouse_transfers,True,NO
GET,/api/purchase-orders/board,backend/routers/po_board.py,po_board,36,38,50,6,True,,False,NO
PATCH,/api/purchase-orders/{po_id}/stage,backend/routers/po_board.py,patch_po_stage,54,56,90,13,True,,True,NO
POST,/api/purchase-orders/blanket,backend/routers/purchase_orders_extra.py,create_blanket_po,23,24,30,2,True,,True,NO
GET,/api/purchase-orders/blanket,backend/routers/purchase_orders_extra.py,list_blanket_pos,34,35,39,4,True,,False,NO
POST,/api/purchase-orders/{blanket_id}/call-off,backend/routers/purchase_orders_extra.py,create_call_off,43,44,65,0,False,,True,NO
POST,/api/purchase-orders/{blanket_id}/close-contract,backend/routers/purchase_orders_extra.py,close_blanket_contract,69,70,75,0,False,,True,NO
POST,/api/purchase-orders/{po_id}/pay,backend/routers/purchase_orders_extra.py,pay_purchase_order,79,80,91,0,False,,True,NO
POST,/api/purchase-orders/{po_id}/close,backend/routers/purchase_orders_extra.py,close_purchase_order_short,95,96,101,0,False,purchase_orders,True,NO
GET,/api/po-variance-tasks,backend/routers/purchase_orders_extra.py,list_po_variance_tasks,142,143,147,4,True,,False,NO
POST,/api/po-variance-tasks/{task_id}/decide,backend/routers/purchase_orders_extra.py,decide_po_variance_task,151,152,160,0,False,purchase_orders,True,NO
GET,/api/purchase-orders/payables/summary,backend/routers/purchase_orders_extra.py,payables_summary,164,165,215,32,True,purchase_orders,False,NO
POST,/api/purchase-orders/{po_id}/cancel,backend/routers/purchase_orders_extra.py,cancel_purchase_order,219,220,259,12,True,purchase_orders;wms_tasks,True,NO
GET,/api/purchase-orders/status-counts,backend/routers/purchase_orders.py,purchase_order_status_counts,250,252,266,12,True,purchase_orders,False,NO
GET,/api/purchase-orders,backend/routers/purchase_orders.py,list_purchase_orders,270,272,284,11,True,purchase_orders,False,NO
POST,/api/purchase-orders,backend/routers/purchase_orders.py,create_purchase_order,288,289,292,3,True,,True,NO
GET,/api/purchase-orders/resolve-sourcing,backend/routers/purchase_orders.py,resolve_po_sourcing,296,299,328,3,True,,False,NO
POST,/api/purchase-orders/{po_id}/amend,backend/routers/purchase_orders.py,amend_purchase_order,733,734,757,13,True,purchase_orders,True,NO
POST,/api/purchase-orders/{po_id}/approve,backend/routers/purchase_orders.py,approve_purchase_order,774,775,890,50,True,purchase_orders,True,NO
POST,/api/purchase-orders/{po_id}/reject,backend/routers/purchase_orders.py,reject_purchase_order,894,895,938,24,True,purchase_orders,True,NO
GET,/api/purchase-orders/{po_id},backend/routers/purchase_orders.py,get_purchase_order,942,943,969,15,True,purchase_orders;purchase_returns;wms_tasks,False,NO
GET,/api/inbound/tasks/{task_id}/uom-options,backend/routers/inbound_receiving_extra.py,inbound_uom_options,40,41,50,5,True,,False,NO
POST,/api/inbound/tasks/{task_id}/preview-uom,backend/routers/inbound_receiving_extra.py,inbound_preview_uom,54,56,63,0,False,,True,NO
GET,/api/receiving/uom-settings,backend/routers/inbound_receiving_extra.py,get_receiving_uom_settings,67,68,72,4,True,,False,NO
PUT,/api/receiving/uom-settings,backend/routers/inbound_receiving_extra.py,update_receiving_uom_settings,76,78,86,0,False,,True,NO
GET,/api/inbound/qc/queue,backend/routers/inbound_receiving_extra.py,qc_inspection_queue,90,91,117,12,True,products;purchase_orders;warehouses;wms_tasks,False,NO
POST,/api/inbound/tasks/{task_id}/qc-decision,backend/routers/inbound_receiving_extra.py,qc_decision,121,122,145,10,True,wms_tasks,True,NO
GET,/api/inbound/po/{po_id}/receiving-goods-document,backend/routers/inbound_receiving_extra.py,generate_receiving_goods_document,149,150,269,12,True,purchase_orders;wms_tasks,False,NO
GET,/api/inbound/tasks,backend/routers/inbound_receiving.py,list_inbound_tasks,19,20,40,11,True,purchase_orders;wms_tasks,False,NO
POST,/api/inbound/tasks/{task_id}/scan-receive,backend/routers/inbound_receiving.py,scan_receive_item,44,49,161,31,True,wms_tasks,True,NO
POST,/api/inbound/tasks/{task_id}/escalate,backend/routers/inbound_receiving.py,escalate_inbound_task,165,170,223,10,True,wms_tasks,True,NO
POST,/api/inbound/tasks/{task_id}/resolve-escalation,backend/routers/inbound_receiving.py,resolve_escalation,227,233,295,6,True,wms_tasks,True,NO
POST,/api/inbound/tasks/{task_id}/complete,backend/routers/inbound_receiving.py,complete_inbound_receiving,299,304,308,4,True,wms_tasks,True,NO
GET,/api/suppliers/{supplier_id}/label-pattern,backend/routers/inbound_scan_label.py,get_label_pattern,62,63,71,6,True,suppliers,False,NO
PUT,/api/suppliers/{supplier_id}/label-pattern,backend/routers/inbound_scan_label.py,put_label_pattern,75,76,83,0,False,suppliers,True,NO
POST,/api/suppliers/label-pattern/test,backend/routers/inbound_scan_label.py,test_label_pattern,87,88,94,6,True,,True,NO
GET,/api/inbound/tasks/{task_id}/scanned-rolls,backend/routers/inbound_scan_label.py,list_scanned_rolls,101,102,130,1,True,inventory_rolls;products;purchase_orders;suppliers;warehouses,False,NO
POST,/api/inbound/tasks/{task_id}/scan-label,backend/routers/inbound_scan_label.py,scan_label,134,135,148,11,True,,True,NO
POST,/api/inbound/rolls/{roll_id}/confirm-measure,backend/routers/inbound_scan_label.py,confirm_measure,152,153,233,0,False,inventory_rolls;products;wms_tasks,True,NO
POST,/api/inbound/rolls/{roll_id}/putaway,backend/routers/inbound_scan_label.py,putaway_scanned_roll,237,238,268,0,False,inventory_rolls;warehouses;wms_tasks,True,NO
POST,/api/inbound/rolls/{roll_id}/tag,backend/routers/inbound_scan_label.py,tag_scanned_roll,272,273,285,0,False,inventory_rolls,True,NO
DELETE,/api/inbound/rolls/{roll_id}/scan,backend/routers/inbound_scan_label.py,undo_scan,289,290,302,9,True,inventory_rolls,True,NO
GET,/api/inbound/scan-label/stats,backend/routers/inbound_scan_label.py,scan_label_stats,306,307,326,5,True,inventory_rolls,False,NO
POST,/api/goods-receipts,backend/routers/goods_receipts.py,create_grn,32,33,34,2,True,,True,NO
POST,/api/goods-receipts/photo-check,backend/routers/goods_receipts.py,photo_check,38,39,43,4,True,,True,NO
GET,/api/goods-receipts,backend/routers/goods_receipts.py,list_grn,47,49,68,11,True,goods_receipts,False,NO
GET,/api/goods-receipts/partners,backend/routers/goods_receipts.py,grn_partners,72,73,74,2,True,,False,NO
GET,/api/goods-receipts/supplier-variance,backend/routers/goods_receipts.py,grn_supplier_variance,78,79,80,2,True,,False,NO
GET,/api/goods-receipts/usage,backend/routers/goods_receipts.py,grn_ocr_usage,84,85,86,2,True,,False,NO
GET,/api/goods-receipts/mode,backend/routers/goods_receipts.py,grn_mode_status,90,91,93,2,True,,False,NO
PUT,/api/goods-receipts/mode,backend/routers/goods_receipts.py,grn_mode_switch,97,98,101,3,True,,True,NO
GET,/api/goods-receipts/doc-variance,backend/routers/goods_receipts.py,grn_doc_variance,105,107,109,2,True,,False,NO
POST,/api/goods-receipts/{grn_id}/lines/{line_no}/save-catalog,backend/routers/goods_receipts.py,grn_save_catalog,113,114,115,2,True,,True,NO
GET,/api/goods-receipts/dn-profiles,backend/routers/goods_receipts.py,grn_dn_profiles,119,120,121,1,True,,False,NO
GET,/api/goods-receipts/dn-profiles/{partner_id},backend/routers/goods_receipts.py,grn_dn_profile,125,126,127,1,True,,False,NO
PATCH,/api/goods-receipts/dn-profiles/{partner_id},backend/routers/goods_receipts.py,grn_dn_profile_patch,131,132,136,0,False,,True,NO
GET,/api/goods-receipts/{grn_id}/rolls,backend/routers/goods_receipts.py,grn_rolls,140,141,142,2,True,,False,NO
GET,/api/goods-receipts/{grn_id},backend/routers/goods_receipts.py,get_grn,146,147,151,5,True,,False,NO
POST,/api/goods-receipts/{grn_id}/read,backend/routers/goods_receipts.py,read_grn,155,156,157,2,True,,True,NO
GET,/api/goods-receipts/{grn_id}/targets,backend/routers/goods_receipts.py,grn_targets,161,162,163,1,True,,False,NO
POST,/api/goods-receipts/{grn_id}/files,backend/routers/goods_receipts.py,add_file,167,170,173,3,True,,True,NO
DELETE,/api/goods-receipts/{grn_id}/files/{page},backend/routers/goods_receipts.py,delete_file,177,178,179,0,False,,True,NO
GET,/api/goods-receipts/{grn_id}/files/{page},backend/routers/goods_receipts.py,get_file,183,184,187,0,False,,False,NO
POST,/api/goods-receipts/{grn_id}/manual-entry,backend/routers/goods_receipts.py,manual_entry,191,192,193,2,True,,True,NO
PATCH,/api/goods-receipts/{grn_id}/dn,backend/routers/goods_receipts.py,patch_dn,197,198,199,2,True,,True,NO
POST,/api/goods-receipts/{grn_id}/lines,backend/routers/goods_receipts.py,add_line,203,204,205,2,True,,True,NO
PATCH,/api/goods-receipts/{grn_id}/lines/{line_no},backend/routers/goods_receipts.py,patch_line,209,210,211,0,False,,True,NO
DELETE,/api/goods-receipts/{grn_id}/lines/{line_no},backend/routers/goods_receipts.py,delete_line,215,216,217,0,False,,True,NO
POST,/api/goods-receipts/{grn_id}/start-count,backend/routers/goods_receipts.py,start_count,221,222,223,2,True,,True,NO
POST,/api/goods-receipts/{grn_id}/lines/{line_no}/scan-label,backend/routers/goods_receipts.py,scan_label,227,228,230,3,True,,True,NO
POST,/api/goods-receipts/{grn_id}/lines/{line_no}/rolls,backend/routers/goods_receipts.py,add_roll,234,235,237,3,True,,True,NO
DELETE,/api/goods-receipts/{grn_id}/rolls/{roll_id},backend/routers/goods_receipts.py,delete_roll,241,242,243,0,False,,True,NO
POST,/api/goods-receipts/{grn_id}/finish-count,backend/routers/goods_receipts.py,finish_count,247,248,249,2,True,,True,NO
POST,/api/goods-receipts/{grn_id}/reopen-count,backend/routers/goods_receipts.py,reopen_count,253,254,255,0,False,,True,NO
POST,/api/goods-receipts/{grn_id}/discrepancies/{key}/resolve,backend/routers/goods_receipts.py,resolve,259,260,261,2,True,,True,NO
POST,/api/goods-receipts/{grn_id}/close,backend/routers/goods_receipts.py,close,265,266,268,3,True,,True,NO
POST,/api/goods-receipts/{grn_id}/mko-partial,backend/routers/goods_receipts.py,set_mko_partial,277,278,279,2,True,,True,NO
POST,/api/goods-receipts/{grn_id}/return-to-reconcile,backend/routers/goods_receipts.py,return_to_reconcile,283,284,285,0,False,,True,NO
POST,/api/goods-receipts/{grn_id}/reject,backend/routers/goods_receipts.py,reject,289,290,291,0,False,,True,NO
POST,/api/goods-receipts/{grn_id}/cancel,backend/routers/goods_receipts.py,cancel,295,296,297,2,True,,True,NO
GET,/api/ocr-samples,backend/routers/ocr_samples.py,list_samples,36,37,38,1,True,,False,NO
POST,/api/ocr-samples/from-grn/{grn_id},backend/routers/ocr_samples.py,from_grn,42,43,46,0,False,,True,NO
GET,/api/ocr-samples/runs,backend/routers/ocr_samples.py,list_runs,50,51,52,1,True,,False,NO
POST,/api/ocr-samples/runs,backend/routers/ocr_samples.py,start_run,56,57,60,0,False,,True,NO
GET,/api/ocr-samples/runs/{run_id},backend/routers/ocr_samples.py,get_run,64,65,66,1,True,,False,NO
PATCH,/api/ocr-samples/{sample_id},backend/routers/ocr_samples.py,patch_sample,70,71,74,0,False,,True,NO
DELETE,/api/ocr-samples/{sample_id},backend/routers/ocr_samples.py,delete_sample,78,79,82,0,False,,True,NO
GET,/api/ocr-samples/{sample_id}/files/{page},backend/routers/ocr_samples.py,sample_file,86,87,89,0,False,,False,NO
GET,/api/shipments,backend/routers/outbound_picking_extra.py,list_shipments,17,18,26,7,True,shipments,False,NO
GET,/api/shipments/{shipment_id}/surat-jalan,backend/routers/outbound_picking_extra.py,shipment_surat_jalan,30,31,90,13,True,sales_orders;shipments,False,NO
GET,/api/outbound/so/{order_id}/surat-jalan,backend/routers/outbound_picking_extra.py,generate_surat_jalan,94,95,315,27,True,sales_orders;wms_tasks,False,NO
GET,/api/outbound/tasks,backend/routers/outbound_picking.py,list_outbound_tasks,27,29,58,18,True,sales_orders;wms_tasks,False,NO
POST,/api/outbound/tasks/{task_id}/release,backend/routers/outbound_picking.py,release_scheduled_task,62,63,78,0,False,wms_tasks,True,NO
POST,/api/outbound/tasks/{task_id}/scan-pick,backend/routers/outbound_picking.py,scan_pick_item,116,125,216,27,True,wms_tasks,True,NO
POST,/api/outbound/tasks/{task_id}/escalate,backend/routers/outbound_picking.py,escalate_outbound_task,220,225,271,10,True,wms_tasks,True,NO
POST,/api/outbound/tasks/{task_id}/resolve-escalation,backend/routers/outbound_picking.py,resolve_outbound_escalation,275,281,425,19,True,sales_orders;wms_tasks,True,NO
POST,/api/outbound/tasks/{task_id}/reopen-escalation,backend/routers/outbound_picking.py,reopen_outbound_escalation,429,430,447,9,True,wms_tasks,True,NO
POST,/api/outbound/tasks/{task_id}/dispatch,backend/routers/outbound_picking.py,dispatch_outbound,452,453,477,9,True,wms_tasks,True,NO
POST,/api/outbound/so/{order_id}/loading-check/start,backend/routers/outbound_picking.py,start_loading_check,487,488,493,5,True,,True,NO
POST,/api/outbound/loading-check/{session_id}/scan,backend/routers/outbound_picking.py,scan_loading_check,497,498,501,3,True,,True,NO
POST,/api/outbound/loading-check/{session_id}/scan-label,backend/routers/outbound_picking.py,scan_label_loading_check,505,506,518,9,True,,True,NO
POST,/api/outbound/so/{order_id}/loading-check/override,backend/routers/outbound_picking.py,override_loading_check,522,523,532,0,False,sales_orders,True,NO
POST,/api/outbound/loading-check/{session_id}/complete,backend/routers/outbound_picking.py,complete_loading_check,536,537,543,5,True,,True,NO
GET,/api/outbound/so/{order_id}/loading-check,backend/routers/outbound_picking.py,get_loading_check,547,548,549,2,True,,False,NO
GET,/api/entities,backend/routers/entities.py,list_entities,35,44,75,16,True,business_entities;users,False,NO
GET,/api/entities/count,backend/routers/entities.py,count_entities,79,80,86,5,True,business_entities,False,NO
GET,/api/entities/{entity_id},backend/routers/entities.py,get_entity,90,91,97,6,True,users,False,NO
GET,/api/entities/{entity_id}/readiness,backend/routers/entities.py,get_readiness,101,102,105,3,True,,False,NO
GET,/api/entities/{entity_id}/deactivation-impact,backend/routers/entities.py,get_deactivation_impact,109,110,112,2,True,,False,NO
GET,/api/entities/{entity_id}/audit,backend/routers/entities.py,get_entity_audit,116,118,136,6,True,audit_logs,False,NO
POST,/api/entities,backend/routers/entities.py,create_entity,140,141,150,6,True,,True,NO
PATCH,/api/entities/{entity_id},backend/routers/entities.py,update_entity,154,156,184,0,False,business_entities,True,NO
DELETE,/api/entities/{entity_id},backend/routers/entities.py,archive_entity,188,191,206,7,True,,True,NO
POST,/api/entities/{entity_id}/archive,backend/routers/entities.py,archive_entity_post,210,212,222,2,True,,True,NO
POST,/api/entities/{entity_id}/reactivate,backend/routers/entities.py,reactivate_entity,226,227,232,4,True,,True,NO
GET,/api/notifications,backend/routers/notifications.py,list_notifications,59,62,78,7,True,notifications,False,NO
GET,/api/notifications/unread-count,backend/routers/notifications.py,unread_count,82,83,84,2,True,notifications,False,NO
POST,/api/notifications/read-all,backend/routers/notifications.py,mark_all_read,88,89,91,0,False,notifications,True,NO
POST,/api/notifications/{notification_id}/read,backend/routers/notifications.py,mark_read,95,96,106,4,True,notifications,True,NO
POST,/api/notifications/generate,backend/routers/notifications.py,generate,110,111,114,0,False,,True,NO
GET,/api/settings,backend/routers/settings.py,read_settings,25,26,27,2,True,,False,NO
GET,/api/settings/effective,backend/routers/settings.py,read_effective_settings,31,32,41,3,True,,False,NO
PUT,/api/settings,backend/routers/settings.py,update_settings,45,46,79,25,True,business_entities;system_settings,True,NO
GET,/api/settings/compute-tax,backend/routers/settings.py,compute_tax_endpoint,85,86,88,3,True,,False,NO
GET,/api/settings/evaluate-approval,backend/routers/settings.py,evaluate_approval_endpoint,92,94,96,3,True,,False,NO
GET,/api/payment-terms,backend/routers/settings.py,list_payment_terms,102,104,116,5,True,,False,NO
POST,/api/payment-terms,backend/routers/settings.py,create_payment_term,120,121,128,0,False,,True,NO
PATCH,/api/payment-terms/{term_id},backend/routers/settings.py,update_payment_term,132,133,142,0,False,payment_terms,True,NO
POST,/api/payment-terms/{term_id}/override,backend/routers/settings.py,override_payment_term,146,147,154,0,False,,True,NO
DELETE,/api/payment-terms/{term_id},backend/routers/settings.py,delete_payment_term,158,159,174,0,False,payment_terms,True,NO
GET,/api/price-approvals/hint,backend/routers/price_approvals.py,price_hint,37,39,55,10,True,products,False,NO
GET,/api/price-approvals,backend/routers/price_approvals.py,list_price_approvals,135,139,153,11,True,price_approvals,False,NO
GET,/api/price-approvals/effective,backend/routers/price_approvals.py,effective_price,157,161,178,9,True,customers,False,NO
GET,/api/price-approvals/stats/summary,backend/routers/price_approvals.py,price_approval_stats,182,183,195,8,True,price_approvals,False,NO
POST,/api/price-approvals,backend/routers/price_approvals.py,create_price_approval,201,202,247,0,False,customers;products,True,NO
GET,/api/price-approvals/{approval_id},backend/routers/price_approvals.py,get_price_approval,253,254,259,6,True,,False,NO
PATCH,/api/price-approvals/{approval_id},backend/routers/price_approvals.py,patch_price_approval,263,264,293,0,False,price_approvals,True,NO
DELETE,/api/price-approvals/{approval_id},backend/routers/price_approvals.py,delete_price_approval,297,298,305,0,False,price_approvals,True,NO
POST,/api/price-approvals/{approval_id}/submit,backend/routers/price_approvals.py,submit_price_approval,311,312,327,0,False,price_approvals,True,NO
POST,/api/price-approvals/{approval_id}/approve,backend/routers/price_approvals.py,approve_price_approval,331,332,420,0,False,price_approvals,True,NO
POST,/api/price-approvals/{approval_id}/reject,backend/routers/price_approvals.py,reject_price_approval,424,425,452,0,False,price_approvals,True,NO
POST,/api/price-approvals/{approval_id}/revoke,backend/routers/price_approvals.py,revoke_price_approval,456,458,510,0,False,price_approvals,True,NO
POST,/api/price-approvals/{approval_id}/attachments,backend/routers/price_approvals.py,upload_attachment,516,517,545,0,False,price_approvals,True,NO
GET,/api/price-approvals/{approval_id}/attachments/{att_id}/download,backend/routers/price_approvals.py,download_attachment,549,554,572,7,True,,False,NO
DELETE,/api/price-approvals/{approval_id}/attachments/{att_id},backend/routers/price_approvals.py,delete_attachment,576,577,588,0,False,price_approvals,True,NO
GET,/api/pegging/rolls,backend/routers/pegging.py,list_earmarked,56,57,67,5,True,inventory_rolls,False,NO
POST,/api/inventory/rolls/{roll_id}/earmark,backend/routers/pegging.py,earmark_roll,71,72,106,0,False,customers;inventory_rolls;sales_orders,True,NO
DELETE,/api/inventory/rolls/{roll_id}/earmark,backend/routers/pegging.py,unearmark_roll,110,111,120,0,False,inventory_rolls,True,NO
GET,/api/tax-invoices,backend/routers/tax_invoices.py,list_tax_invoices,25,27,36,7,True,tax_invoices,False,NO
GET,/api/tax-invoices/{fkt_id},backend/routers/tax_invoices.py,get_tax_invoice,40,41,47,6,True,tax_invoices,False,NO
POST,/api/sales-orders/{order_id}/tax-invoice,backend/routers/tax_invoices.py,issue_for_order,51,52,58,4,True,,True,NO
PATCH,/api/tax-invoices/{fkt_id}/nsfp,backend/routers/tax_invoices.py,update_nsfp,62,63,68,0,False,,True,NO
POST,/api/tax-invoices/{fkt_id}/replace,backend/routers/tax_invoices.py,replace_faktur,72,73,79,0,False,,True,NO
POST,/api/tax-invoices/{fkt_id}/cancel,backend/routers/tax_invoices.py,cancel_faktur,83,84,89,4,True,,True,NO
GET,/api/tax-invoices/{fkt_id}/document,backend/routers/tax_invoices.py,faktur_document,93,94,97,3,True,,False,NO
GET,/api/sales-returns,backend/routers/sales_returns.py,list_returns,33,41,65,17,True,sales_returns,False,NO
GET,/api/sales-returns/status-counts,backend/routers/sales_returns.py,sales_return_status_counts,69,71,84,8,True,sales_returns,False,NO
GET,/api/credit-notes,backend/routers/sales_returns.py,list_credit_notes,90,96,106,10,True,credit_notes,False,NO
GET,/api/credit-notes/{cn_id},backend/routers/sales_returns.py,get_credit_note,110,111,118,7,True,credit_notes,False,NO
POST,/api/sales-returns,backend/routers/sales_returns.py,create_return,124,128,162,10,True,sales_orders,True,NO
GET,/api/sales-returns/{return_id},backend/routers/sales_returns.py,get_return,168,169,201,24,True,sales_orders;sales_returns,False,NO
POST,/api/sales-returns/{return_id}/submit,backend/routers/sales_returns.py,submit_return,207,208,227,12,True,sales_returns,True,NO
POST,/api/sales-returns/{return_id}/approve,backend/routers/sales_returns.py,approve_return,233,238,255,10,True,sales_returns,True,NO
POST,/api/sales-returns/{return_id}/inspect/start,backend/routers/sales_returns.py,start_inspection,261,262,274,10,True,sales_returns,True,NO
POST,/api/sales-returns/{return_id}/inspect/complete,backend/routers/sales_returns.py,complete_inspection,278,281,296,10,True,sales_returns,True,NO
POST,/api/sales-returns/{return_id}/milestone,backend/routers/sales_returns.py,mark_return_milestone,302,305,325,0,False,sales_returns,True,NO
POST,/api/sales-returns/{return_id}/complaint,backend/routers/sales_returns.py,set_return_complaint,329,332,354,0,False,sales_returns,True,NO
GET,/api/sales-returns/meta/complaint-reasons,backend/routers/sales_returns.py,return_complaint_reasons,358,359,369,4,True,,False,NO
POST,/api/sales-returns/{return_id}/settle,backend/routers/sales_returns.py,settle_return,375,378,404,11,True,sales_returns,True,NO
POST,/api/sales-returns/{return_id}/reverse,backend/routers/sales_returns.py,reverse_return_settlement,410,414,431,12,True,sales_returns,True,NO
POST,/api/sales-returns/{return_id}/reverse-writeoff,backend/routers/sales_returns.py,reverse_return_writeoff,443,447,467,0,False,sales_returns,True,NO
GET,/api/sales-returns/{return_id}/quarantine,backend/routers/sales_returns.py,list_quarantine_rolls,473,474,481,7,True,sales_returns,False,NO
POST,/api/sales-returns/{return_id}/quarantine/release,backend/routers/sales_returns.py,release_quarantine,485,488,503,0,False,sales_returns,True,NO
GET,/api/returns/chain/{doc_id},backend/routers/sales_returns.py,return_chain,509,510,530,6,True,,False,NO
POST,/api/sales-returns/{return_id}/rolls/{roll_id}/transfer-ownership,backend/routers/sales_returns.py,transfer_roll_ownership,536,540,560,14,True,sales_returns,True,NO
POST,/api/sales-returns/{return_id}/create-purchase-return,backend/routers/sales_returns.py,create_purchase_return_from_sales_return,566,570,596,0,False,sales_returns,True,NO
POST,/api/sales-returns/{return_id}/reject,backend/routers/sales_returns.py,reject_return,602,607,621,0,False,sales_returns,True,NO
POST,/api/sales-returns/{return_id}/attachments,backend/routers/sales_returns.py,upload_attachment,627,632,661,0,False,sales_returns,True,NO
GET,/api/sales-returns/{return_id}/attachments/{att_id}/download,backend/routers/sales_returns.py,download_attachment,665,666,679,6,True,sales_returns,False,NO
DELETE,/api/sales-returns/{return_id}/attachments/{att_id},backend/routers/sales_returns.py,delete_attachment,683,684,701,0,False,sales_returns,True,NO
POST,/api/sales-returns/{return_id}/relocate,backend/routers/sales_returns.py,relocate_return,711,712,729,8,True,sales_returns,True,NO
GET,/api/special-orders,backend/routers/special_orders.py,list_special_orders,101,107,152,13,True,special_orders,False,NO
POST,/api/special-orders,backend/routers/special_orders.py,create_special_order,156,157,317,32,True,customers;special_orders,True,NO
GET,/api/special-orders/{order_id},backend/routers/special_orders.py,get_special_order,321,322,331,8,True,special_orders,False,NO
POST,/api/special-orders/{order_id}/references,backend/routers/special_orders.py,upload_od_reference,335,336,346,7,True,special_orders,True,NO
GET,/api/special-orders/{order_id}/references/{file_id},backend/routers/special_orders.py,get_od_reference,350,351,359,7,True,special_orders,False,NO
POST,/api/special-orders/{order_id}/route,backend/routers/special_orders.py,route_od_now,363,364,374,9,True,special_orders,True,NO
POST,/api/special-orders/{order_id}/submit,backend/routers/special_orders.py,submit_special_order,411,412,431,11,True,special_orders,True,NO
POST,/api/special-orders/{order_id}/customer-decision,backend/routers/special_orders.py,customer_decision,435,436,445,6,True,,True,NO
POST,/api/special-orders/{order_id}/customer-decision/evidence,backend/routers/special_orders.py,customer_decision_evidence,449,451,458,0,False,,True,NO
GET,/api/special-orders/{order_id}/customer-decision/evidence/{file_id},backend/routers/special_orders.py,customer_decision_evidence_file,462,463,469,2,True,,False,NO
GET,/api/special-orders/{order_id}/pricing,backend/routers/special_orders.py,pricing_preview,473,474,476,2,True,,False,NO
POST,/api/special-orders/{order_id}/lock-price,backend/routers/special_orders.py,lock_price,480,481,498,7,True,special_orders,True,NO
POST,/api/special-orders/{order_id}/procure,backend/routers/special_orders.py,procure_now,502,503,513,0,False,,True,NO
POST,/api/special-orders/{order_id}/prepare-shipment,backend/routers/special_orders.py,prepare_shipment,517,518,526,6,True,,True,NO
POST,/api/special-orders/{order_id}/unlock-price,backend/routers/special_orders.py,unlock_price,530,531,539,6,True,,True,NO
POST,/api/special-orders/{order_id}/approve,backend/routers/special_orders.py,approve_special_order_endpoint,544,549,633,25,True,special_orders,True,NO
POST,/api/special-orders/{order_id}/reject,backend/routers/special_orders.py,reject_special_order_endpoint,638,643,676,0,False,special_orders,True,NO
POST,/api/special-orders/{order_id}/status,backend/routers/special_orders.py,update_special_order_status,681,686,705,0,False,,True,NO
POST,/api/special-orders/{order_id}/create-pr,backend/routers/special_orders.py,create_pr_from_special_order,709,714,792,28,True,special_orders,True,NO
POST,/api/special-orders/{order_id}/create-sku,backend/routers/special_orders.py,create_sku_endpoint,796,797,820,11,True,special_orders,True,NO
POST,/api/special-orders/{order_id}/convert-to-so,backend/routers/special_orders.py,convert_special_order_to_so,824,825,910,10,True,special_orders,True,NO
PATCH,/api/special-orders/{order_id},backend/routers/special_orders.py,patch_special_order,915,920,955,0,False,special_orders,True,NO
DELETE,/api/special-orders/{order_id},backend/routers/special_orders.py,delete_special_order,960,964,992,0,False,special_orders,True,NO
GET,/api/approval-rules,backend/routers/approval_rules.py,list_approval_rules,55,60,65,3,True,,False,NO
POST,/api/approval-rules,backend/routers/approval_rules.py,create_approval_rule,77,78,93,5,True,,True,NO
GET,/api/approval-rules/{rule_id},backend/routers/approval_rules.py,get_approval_rule,97,98,104,5,True,approval_rules,False,NO
PATCH,/api/approval-rules/{rule_id},backend/routers/approval_rules.py,update_approval_rule,108,109,128,14,True,approval_rules,True,NO
DELETE,/api/approval-rules/{rule_id},backend/routers/approval_rules.py,delete_approval_rule,132,133,138,4,True,,True,NO
GET,/api/suppliers,backend/routers/suppliers.py,list_suppliers,33,34,48,8,True,suppliers,False,NO
POST,/api/suppliers,backend/routers/suppliers.py,create_supplier,66,67,118,13,True,suppliers,True,NO
GET,/api/suppliers/{supplier_id},backend/routers/suppliers.py,get_supplier,122,123,136,11,True,purchase_orders;suppliers,False,NO
PATCH,/api/suppliers/{supplier_id},backend/routers/suppliers.py,update_supplier,140,141,206,22,True,suppliers,True,NO
DELETE,/api/suppliers/{supplier_id},backend/routers/suppliers.py,deactivate_supplier,210,211,235,7,True,suppliers,True,NO
GET,/api/suppliers/{supplier_id}/price-list,backend/routers/suppliers.py,list_supplier_price_list,241,243,253,10,True,supplier_price_lists;suppliers,False,NO
POST,/api/suppliers/{supplier_id}/price-list,backend/routers/suppliers.py,create_supplier_price,257,259,295,0,False,products;supplier_price_lists;suppliers,True,NO
PATCH,/api/supplier-price-list/{entry_id},backend/routers/suppliers.py,update_supplier_price,299,301,326,0,False,supplier_price_lists,True,NO
DELETE,/api/supplier-price-list/{entry_id},backend/routers/suppliers.py,deactivate_supplier_price,330,331,341,0,False,supplier_price_lists,True,NO
GET,/api/supplier-price-list/resolve,backend/routers/suppliers.py,resolve_supplier_price,345,347,351,3,True,,False,NO
GET,/api/suppliers/{supplier_id}/scorecard,backend/routers/suppliers.py,get_supplier_scorecard,355,356,364,8,True,suppliers,False,NO
GET,/api/suppliers/{supplier_id}/360,backend/routers/suppliers.py,get_supplier_360,368,369,376,7,True,,False,NO
GET,/api/suppliers/{supplier_id}/return-policy,backend/routers/suppliers.py,get_supplier_return_policy,380,381,388,7,True,suppliers,False,NO
GET,/api/cash-transactions,backend/routers/cash.py,list_cash_transactions,33,36,55,11,True,cash_transactions,False,NO
GET,/api/cash-transactions/summary,backend/routers/cash.py,cash_summary,59,60,117,30,True,bank_accounts;cash_transactions,False,NO
POST,/api/cash-transactions,backend/routers/cash.py,create_cash_transaction,121,122,178,0,False,cash_transactions,True,NO
POST,/api/cash-transactions/{txn_id}/void,backend/routers/cash.py,void_cash_transaction,182,183,224,3,True,cash_transactions,True,NO
GET,/api/purchase-returns,backend/routers/purchase_returns.py,list_purchase_returns,25,33,48,10,True,purchase_returns,False,NO
GET,/api/purchase-returns/status-counts,backend/routers/purchase_returns.py,purchase_return_status_counts,52,56,67,7,True,purchase_returns,False,NO
POST,/api/purchase-returns,backend/routers/purchase_returns.py,create_purchase_return,71,72,84,11,True,,True,NO
GET,/api/purchase-returns/source-rolls,backend/routers/purchase_returns.py,purchase_return_source_rolls,88,97,105,3,True,,False,NO
GET,/api/purchase-returns/{return_id},backend/routers/purchase_returns.py,get_purchase_return,109,110,111,2,True,,False,NO
POST,/api/purchase-returns/{return_id}/submit,backend/routers/purchase_returns.py,submit_purchase_return,115,116,123,6,True,,True,NO
POST,/api/purchase-returns/{return_id}/approve,backend/routers/purchase_returns.py,approve_purchase_return,127,129,137,8,True,,True,NO
POST,/api/purchase-returns/{return_id}/reject,backend/routers/purchase_returns.py,reject_purchase_return,141,143,150,2,True,,True,NO
POST,/api/purchase-returns/{return_id}/ship-to-supplier,backend/routers/purchase_returns.py,ship_purchase_return_to_supplier,156,158,168,6,True,,True,NO
POST,/api/purchase-returns/{return_id}/supplier-accept,backend/routers/purchase_returns.py,supplier_accept_purchase_return,172,174,184,2,True,,True,NO
POST,/api/purchase-returns/{return_id}/supplier-reject,backend/routers/purchase_returns.py,supplier_reject_purchase_return,188,190,198,6,True,,True,NO
POST,/api/purchase-returns/{return_id}/goods-back,backend/routers/purchase_returns.py,goods_back_purchase_return,202,204,219,13,True,,True,NO
POST,/api/purchase-returns/{return_id}/reverse,backend/routers/purchase_returns.py,reverse_purchase_return,225,227,241,8,True,,True,NO
DELETE,/api/purchase-returns/{return_id},backend/routers/purchase_returns.py,delete_purchase_return,245,246,255,0,False,,True,NO
GET,/api/purchase-requisitions,backend/routers/purchase_requisitions.py,list_requisitions,25,32,46,12,True,purchase_requisitions,False,NO
GET,/api/purchase-requisitions/reorder-suggestions,backend/routers/purchase_requisitions.py,reorder_suggestions,50,51,54,3,True,,False,NO
GET,/api/purchase-requisitions/eligible-suppliers,backend/routers/purchase_requisitions.py,eligible_suppliers,58,59,75,14,True,supplier_contracts;supplier_items,False,NO
POST,/api/purchase-requisitions,backend/routers/purchase_requisitions.py,create_requisition,79,80,90,6,True,,True,NO
GET,/api/purchase-requisitions/{pr_id},backend/routers/purchase_requisitions.py,get_requisition,94,95,105,11,True,purchase_requisitions,False,NO
PATCH,/api/purchase-requisitions/{pr_id}/lines/{line_no},backend/routers/purchase_requisitions.py,update_line_qty,109,111,124,0,False,purchase_requisitions,True,NO
POST,/api/purchase-requisitions/{pr_id}/submit,backend/routers/purchase_requisitions.py,submit_requisition,128,129,135,0,False,,True,NO
POST,/api/purchase-requisitions/{pr_id}/approve,backend/routers/purchase_requisitions.py,approve_requisition,139,141,158,0,False,purchase_requisitions,True,NO
POST,/api/purchase-requisitions/{pr_id}/reject,backend/routers/purchase_requisitions.py,reject_requisition,162,164,180,0,False,purchase_requisitions,True,NO
POST,/api/purchase-requisitions/{pr_id}/cancel,backend/routers/purchase_requisitions.py,cancel_requisition,184,185,191,5,True,,True,NO
POST,/api/purchase-requisitions/{pr_id}/convert-to-po,backend/routers/purchase_requisitions.py,convert_to_po,195,196,213,9,True,,True,NO
GET,/api/purchase-requisitions/{pr_id}/sourcing,backend/routers/purchase_requisitions.py,pr_sourcing,220,221,231,8,True,purchase_requisitions,False,NO
POST,/api/purchase-requisitions/{pr_id}/realize-po,backend/routers/purchase_requisitions.py,realize_po,235,236,255,8,True,,True,NO
GET,/api/purchase-requisitions/{pr_id}/makloon-prefill,backend/routers/purchase_requisitions.py,makloon_prefill,259,260,265,5,True,,False,NO
POST,/api/purchase-requisitions/{pr_id}/realize-makloon,backend/routers/purchase_requisitions.py,realize_makloon,269,271,281,0,False,,True,NO
GET,/api/material-reservations,backend/routers/purchase_requisitions.py,list_material_reservations,286,288,293,4,True,,False,NO
GET,/api/purchase-orders/{po_id}/billing-context,backend/routers/vendor_bills.py,po_billing_context,43,44,50,6,True,purchase_orders,False,NO
GET,/api/vendor-bills/payables/summary,backend/routers/vendor_bills.py,vendor_bill_payables,56,57,108,32,True,vendor_bills,False,NO
GET,/api/vendor-bills/status-counts,backend/routers/vendor_bills.py,vendor_bill_status_counts,114,115,123,8,True,vendor_bills,False,NO
GET,/api/vendor-bills,backend/routers/vendor_bills.py,list_vendor_bills,127,130,146,13,True,vendor_bills,False,NO
GET,/api/vendor-bills/{bill_id},backend/routers/vendor_bills.py,get_vendor_bill,150,151,158,6,True,vendor_bills,False,NO
POST,/api/vendor-bills,backend/routers/vendor_bills.py,create_vendor_bill,164,165,259,44,True,purchase_orders;suppliers;vendor_bills,True,NO
POST,/api/vendor-bills/{bill_id}/submit,backend/routers/vendor_bills.py,submit_vendor_bill,434,435,439,2,True,vendor_bills,True,NO
POST,/api/vendor-bills/{bill_id}/approve,backend/routers/vendor_bills.py,approve_vendor_bill,443,444,463,3,True,vendor_bills,True,NO
POST,/api/vendor-bills/{bill_id}/reject,backend/routers/vendor_bills.py,reject_vendor_bill,467,468,487,3,True,vendor_bills,True,NO
POST,/api/vendor-bills/{bill_id}/pay,backend/routers/vendor_bills.py,pay_vendor_bill,493,494,619,46,True,cash_transactions;vendor_bills,True,NO
POST,/api/vendor-bills/{bill_id}/payments/{payment_id}/void,backend/routers/vendor_bills.py,void_vendor_bill_payment,623,625,666,0,False,cash_transactions;payment_variance_decisions;vendor_bills,True,NO
POST,/api/vendor-bills/{bill_id}/cancel,backend/routers/vendor_bills.py,cancel_vendor_bill,671,672,710,7,True,vendor_bills,True,NO
GET,/api/purchase-orders/{po_id}/landed-cost-context,backend/routers/landed_cost.py,po_landed_cost_context,34,35,41,5,True,purchase_orders,False,NO
GET,/api/landed-costs/payables/summary,backend/routers/landed_cost.py,landed_cost_payables,47,48,82,11,True,landed_cost_vouchers,False,NO
GET,/api/landed-costs,backend/routers/landed_cost.py,list_landed_costs,88,91,102,8,True,landed_cost_vouchers,False,NO
GET,/api/landed-costs/{voucher_id},backend/routers/landed_cost.py,get_landed_cost,106,107,114,6,True,landed_cost_vouchers,False,NO
POST,/api/landed-costs,backend/routers/landed_cost.py,create_landed_cost,120,121,205,0,False,landed_cost_vouchers;purchase_orders,True,NO
POST,/api/landed-costs/{voucher_id}/submit,backend/routers/landed_cost.py,submit_landed_cost,229,230,234,0,False,landed_cost_vouchers,True,NO
POST,/api/landed-costs/{voucher_id}/approve,backend/routers/landed_cost.py,approve_landed_cost,238,239,287,3,True,landed_cost_vouchers,True,NO
POST,/api/landed-costs/{voucher_id}/reject,backend/routers/landed_cost.py,reject_landed_cost,291,292,310,0,False,landed_cost_vouchers,True,NO
POST,/api/landed-costs/{voucher_id}/pay,backend/routers/landed_cost.py,pay_landed_cost,316,317,372,0,False,cash_transactions;landed_cost_vouchers,True,NO
POST,/api/landed-costs/{voucher_id}/cancel,backend/routers/landed_cost.py,cancel_landed_cost,376,377,392,3,True,landed_cost_vouchers,True,NO
GET,/api/input-tax-invoices/eligible-bills,backend/routers/input_tax.py,list_eligible_bills,33,34,38,4,True,,False,NO
GET,/api/tax/vat-summary,backend/routers/input_tax.py,get_vat_summary,42,43,47,4,True,,False,NO
GET,/api/input-tax-invoices,backend/routers/input_tax.py,list_input_tax,53,57,69,9,True,tax_invoices_in,False,NO
GET,/api/input-tax-invoices/{fpm_id},backend/routers/input_tax.py,get_input_tax,73,74,81,6,True,tax_invoices_in,False,NO
POST,/api/input-tax-invoices,backend/routers/input_tax.py,create_input_tax,87,88,159,0,False,tax_invoices_in;vendor_bills,True,NO
POST,/api/input-tax-invoices/{fpm_id}/cancel,backend/routers/input_tax.py,cancel_input_tax,165,166,194,0,False,tax_invoices_in;vendor_bills,True,NO
GET,/api/rfqs,backend/routers/rfq.py,list_rfqs,33,34,41,7,True,rfqs,False,NO
GET,/api/rfqs/{rfq_id},backend/routers/rfq.py,get_rfq,45,46,50,5,True,,False,NO
GET,/api/rfqs/{rfq_id}/compare,backend/routers/rfq.py,compare_rfq,54,55,56,2,True,,False,NO
POST,/api/rfqs,backend/routers/rfq.py,create_rfq,60,61,131,0,False,purchase_requisitions;rfqs,True,NO
POST,/api/rfqs/{rfq_id}/send,backend/routers/rfq.py,send_rfq,135,136,145,0,False,rfqs,True,NO
POST,/api/rfqs/{rfq_id}/quote,backend/routers/rfq.py,submit_quote,149,150,180,0,False,rfqs,True,NO
POST,/api/rfqs/{rfq_id}/award,backend/routers/rfq.py,award,184,185,201,0,False,,True,NO
POST,/api/rfqs/{rfq_id}/cancel,backend/routers/rfq.py,cancel_rfq,205,206,216,0,False,rfqs,True,NO
GET,/api/qc/grade-thresholds,backend/routers/qc_inspection.py,get_grade_thresholds,24,25,27,2,True,,False,NO
GET,/api/inbound/qc/tasks/{task_id}/rolls,backend/routers/qc_inspection.py,list_task_rolls,31,32,37,4,True,wms_tasks,False,NO
GET,/api/inbound/qc/tasks/{task_id}/plan,backend/routers/qc_inspection.py,get_qc_plan,49,50,53,3,True,,False,NO
PUT,/api/inbound/qc/tasks/{task_id}/plan,backend/routers/qc_inspection.py,put_qc_plan,57,58,67,7,True,,True,NO
POST,/api/inbound/rolls/{roll_id}/inspect,backend/routers/qc_inspection.py,inspect,71,72,108,14,True,inventory_rolls,True,NO
POST,/api/inventory/rolls/{roll_id}/hold,backend/routers/qc_inspection.py,hold_roll_endpoint,122,123,133,9,True,,True,NO
POST,/api/inventory/rolls/{roll_id}/release,backend/routers/qc_inspection.py,release_roll_endpoint,137,138,148,9,True,,True,NO
GET,/api/inventory/rolls/{roll_id}/grade-history,backend/routers/qc_inspection.py,roll_grade_history,154,155,165,6,True,inventory_rolls,False,NO
POST,/api/inventory/rolls/{roll_id}/grade-override,backend/routers/qc_inspection.py,roll_grade_override,169,171,190,0,False,inventory_rolls,True,NO
GET,/api/sales-users,backend/routers/crm.py,list_sales_users,30,31,53,6,True,users,False,NO
GET,/api/customers/{customer_id}/360,backend/routers/crm.py,get_customer_360,58,59,65,7,True,,False,NO
POST,/api/customers/{customer_id}/reassign,backend/routers/crm.py,reassign_customer,70,71,86,0,False,customers;users,True,NO
POST,/api/customers/{customer_id}/credit-override,backend/routers/crm.py,request_credit_override,91,92,116,0,False,credit_overrides;customers,True,NO
GET,/api/credit-overrides,backend/routers/crm.py,list_credit_overrides,120,121,127,5,True,credit_overrides,False,NO
GET,/api/credit-overrides/{override_id},backend/routers/crm.py,get_credit_override,131,132,136,4,True,credit_overrides,False,NO
POST,/api/credit-overrides/{override_id}/decision,backend/routers/crm.py,decide_credit_override,140,141,155,0,False,credit_overrides,True,NO
GET,/api/collection-worklist,backend/routers/crm.py,get_collection_worklist,160,161,162,2,True,,False,NO
GET,/api/customers/{customer_id}/credit-status,backend/routers/crm.py,get_credit_status,166,167,181,8,True,customers,False,NO
GET,/api/collection-reminders,backend/routers/crm.py,get_collection_reminders,186,187,188,2,True,,False,NO
POST,/api/collection-reminders/mark,backend/routers/crm.py,mark_reminder,192,193,209,0,False,collection_followups;customers,True,NO
POST,/api/customers/{customer_id}/followups,backend/routers/crm.py,add_followup,213,214,235,0,False,collection_followups;customers,True,NO
GET,/api/sales/kpi,backend/routers/crm.py,get_sales_kpi,260,261,262,2,True,,False,NO
GET,/api/sales/leaderboard,backend/routers/crm.py,get_leaderboard,266,267,271,5,True,,False,NO
GET,/api/sales/commission,backend/routers/crm.py,get_commission,275,276,277,2,True,,False,NO
GET,/api/sales/commission-history,backend/routers/crm.py,get_commission_history,281,283,285,3,True,,False,NO
GET,/api/sales/incentive/gl-status,backend/routers/crm.py,get_incentive_gl_status,290,292,298,5,True,,False,NO
POST,/api/sales/incentive/post-gl,backend/routers/crm.py,post_incentive_gl,302,304,327,11,True,,True,NO
GET,/api/sales-targets,backend/routers/crm.py,list_targets,332,334,346,8,True,sales_targets,False,NO
POST,/api/sales-targets,backend/routers/crm.py,create_target,350,351,383,0,False,sales_targets;users,True,NO
GET,/api/sales-incentives,backend/routers/crm.py,list_incentives,388,390,401,8,True,sales_incentives,False,NO
POST,/api/sales-incentives,backend/routers/crm.py,create_incentive,405,406,437,0,False,sales_incentives;users,True,NO
GET,/api/home/sales,backend/routers/home.py,home_sales,47,49,53,4,True,,False,NO
GET,/api/home/admin,backend/routers/home.py,home_admin,57,58,61,2,True,,False,NO
GET,/api/home/manager,backend/routers/home.py,home_manager,65,66,69,2,True,,False,NO
GET,/api/home/warehouse,backend/routers/home.py,home_warehouse,81,83,92,2,True,,False,NO
GET,/api/home/finance,backend/routers/home.py,home_finance,96,98,106,2,True,,False,NO
GET,/api/product-categories,backend/routers/categories.py,list_categories,56,57,60,4,True,product_categories,False,NO
GET,/api/product-motifs,backend/routers/categories.py,list_motifs,64,65,82,15,True,design_gallery,False,NO
POST,/api/product-categories,backend/routers/categories.py,create_category,86,87,108,0,False,product_categories,True,NO
DELETE,/api/product-categories/{category_id},backend/routers/categories.py,delete_category,112,113,129,0,False,product_categories;products,True,NO
PATCH,/api/product-categories/{category_id},backend/routers/categories.py,update_category,133,134,169,0,False,product_categories;products,True,NO
GET,/api/costing/wac,backend/routers/costing.py,list_wac,17,18,20,2,True,,False,NO
GET,/api/costing/wac/{product_id},backend/routers/costing.py,get_wac,24,25,27,2,True,,False,NO
GET,/api/ar-receipts/open-orders,backend/routers/ar_receipts.py,open_orders,45,46,49,3,True,,False,NO
GET,/api/ar-receipts/deposit,backend/routers/ar_receipts.py,deposit_balance,53,54,57,3,True,,False,NO
GET,/api/ar-receipts,backend/routers/ar_receipts.py,list_receipts,61,63,66,4,True,,False,NO
POST,/api/ar-receipts,backend/routers/ar_receipts.py,create_receipt,76,78,94,11,True,,True,NO
POST,/api/ar-receipts/{receipt_id}/void,backend/routers/ar_receipts.py,void_receipt,98,100,118,6,True,ar_receipts,True,NO
POST,/api/ar-receipts/{receipt_id}/repost,backend/routers/ar_receipts.py,repost_receipt,122,123,130,0,False,ar_receipts,True,NO
GET,/api/ar-receipts/{receipt_id},backend/routers/ar_receipts.py,get_receipt,134,135,141,6,True,,False,NO
GET,/api/incentive-rates,backend/routers/incentive_rates.py,list_rates,44,45,52,6,True,incentive_rates,False,NO
POST,/api/incentive-rates,backend/routers/incentive_rates.py,create_rate,56,57,74,0,False,incentive_rates,True,NO
PATCH,/api/incentive-rates/{rate_id},backend/routers/incentive_rates.py,update_rate,78,79,89,0,False,incentive_rates,True,NO
DELETE,/api/incentive-rates/{rate_id},backend/routers/incentive_rates.py,delete_rate,93,98,105,0,False,incentive_rates,True,NO
GET,/api/ar/aging,backend/routers/ar_aging.py,ar_aging,44,50,54,4,True,,False,NO
POST,/api/ar/aging/{customer_id}/accrue-penalties,backend/routers/ar_aging.py,ar_aging_accrue,58,60,79,0,False,,True,NO
GET,/api/ar/aging/{customer_id},backend/routers/ar_aging.py,ar_aging_detail,83,85,92,5,True,,False,NO
GET,/api/ar/advance-report,backend/routers/ar_aging.py,ar_advance_report,96,98,103,4,True,,False,NO
GET,/api/bank-accounts,backend/routers/bank.py,list_bank_accounts,18,19,33,8,True,,False,NO
POST,/api/bank-accounts,backend/routers/bank.py,create_bank_account,37,38,52,8,True,,True,NO
PATCH,/api/bank-accounts/{account_id},backend/routers/bank.py,patch_bank_account,56,57,80,13,True,bank_accounts,True,NO
GET,/api/bank-accounts/{account_id}/ledger,backend/routers/bank.py,bank_account_ledger,84,85,93,6,True,bank_accounts,False,NO
POST,/api/cash-transactions/{txn_id}/reconcile,backend/routers/bank.py,reconcile_cash_transaction,110,111,121,7,True,cash_transactions,True,NO
GET,/api/gl/accounts,backend/routers/gl.py,list_gl_accounts,32,34,41,2,True,,False,NO
GET,/api/gl/cash-accounts,backend/routers/gl.py,list_cash_accounts,45,46,55,4,True,,False,NO
POST,/api/gl/accounts,backend/routers/gl.py,create_gl_account,60,62,71,5,True,,True,NO
PATCH,/api/gl/accounts/{code},backend/routers/gl.py,update_gl_account,75,77,88,7,True,,True,NO
DELETE,/api/gl/accounts/{code},backend/routers/gl.py,delete_gl_account,92,94,104,8,True,,True,NO
GET,/api/gl/accounts/{code}/ledger,backend/routers/gl.py,gl_account_ledger,108,110,116,5,True,,False,NO
GET,/api/gl/journal,backend/routers/gl.py,list_journal,122,129,144,4,True,,False,NO
POST,/api/gl/journal,backend/routers/gl.py,create_journal,148,149,164,11,True,,True,NO
GET,/api/gl/journal/{entry_id},backend/routers/gl.py,get_journal,168,169,176,6,True,,False,NO
POST,/api/gl/journal/{entry_id}/reverse,backend/routers/gl.py,reverse_journal,185,186,201,11,True,,True,NO
POST,/api/gl/journal/{entry_id}/void,backend/routers/gl.py,void_journal,205,206,225,11,True,,True,NO
POST,/api/gl/sync,backend/routers/gl.py,sync_journals,231,232,236,4,True,,True,NO
GET,/api/gl/trial-balance,backend/routers/gl.py,trial_balance,240,242,245,3,True,,False,NO
GET,/api/gl/summary,backend/routers/gl.py,gl_summary,249,250,253,3,True,,False,NO
GET,/api/gl/consolidation,backend/routers/gl.py,gl_consolidation,257,258,264,3,True,,False,NO
GET,/api/gl/inventory-reconciliation,backend/routers/gl.py,gl_inventory_reconciliation,268,269,271,2,True,,False,NO
GET,/api/gl/inventory-drift-explain,backend/routers/gl.py,gl_inventory_drift_explain,275,277,284,2,True,,False,NO
POST,/api/gl/inventory-opening-balance,backend/routers/gl.py,gl_inventory_opening_balance,288,291,307,4,True,,True,NO
GET,/api/gl/suspense,backend/routers/gl.py,gl_suspense,313,314,317,3,True,,False,NO
POST,/api/gl/suspense/reclass,backend/routers/gl.py,gl_suspense_reclass,321,322,338,0,False,,True,NO
GET,/api/pricelist,backend/routers/pricelist.py,pricelist_grid,29,31,38,6,True,,False,NO
GET,/api/pricelist/records,backend/routers/pricelist.py,pricelist_records,42,44,48,4,True,,False,NO
GET,/api/pricelist/export,backend/routers/pricelist.py,pricelist_export,52,54,61,6,True,,False,NO
POST,/api/pricelist/import,backend/routers/pricelist.py,pricelist_import,65,66,90,0,False,,True,NO
DELETE,/api/pricelist/override/{product_id},backend/routers/pricelist.py,revert_to_global,94,96,112,0,False,,True,NO
POST,/api/pricelist,backend/routers/pricelist.py,create_price,116,117,129,8,True,,True,NO
PATCH,/api/pricelist/{price_id},backend/routers/pricelist.py,patch_price,133,134,146,9,True,,True,NO
DELETE,/api/pricelist/{price_id},backend/routers/pricelist.py,delete_price,150,151,163,9,True,,True,NO
GET,/api/product-templates,backend/routers/product_templates.py,list_templates,21,22,25,4,True,,False,NO
GET,/api/product-templates/{template_id}/summary,backend/routers/product_templates.py,template_summary,29,30,38,5,True,,False,NO
POST,/api/product-templates/resolve-orphans,backend/routers/product_templates.py,resolve_orphans,42,43,48,0,False,,True,NO
GET,/api/product-templates/{template_id},backend/routers/product_templates.py,get_template,52,53,61,3,True,,False,NO
POST,/api/product-templates,backend/routers/product_templates.py,create_template,65,66,78,10,True,,True,NO
PATCH,/api/product-templates/{template_id},backend/routers/product_templates.py,patch_template,82,83,95,0,False,,True,NO
DELETE,/api/product-templates/{template_id},backend/routers/product_templates.py,delete_template,99,100,107,0,False,,True,NO
POST,/api/product-templates/{template_id}/generate-variants,backend/routers/product_templates.py,generate_variants,111,112,119,0,False,,True,NO
POST,/api/product-templates/{template_id}/assign,backend/routers/product_templates.py,assign_products,123,124,130,0,False,,True,NO
POST,/api/product-templates/detach,backend/routers/product_templates.py,detach_products,134,135,138,0,False,,True,NO
GET,/api/stock/buckets,backend/routers/stock_buckets.py,stock_buckets,19,21,24,4,True,,False,NO
GET,/api/stock/holds,backend/routers/stock_buckets.py,list_holds,28,29,32,4,True,,False,NO
GET,/api/stock/wip,backend/routers/stock_buckets.py,list_wip,36,37,40,4,True,,False,NO
GET,/api/stock/pending-so,backend/routers/stock_buckets.py,pending_so,44,45,49,4,True,,False,NO
GET,/api/stock/atp,backend/routers/stock_buckets.py,stock_atp,53,56,61,5,True,,False,NO
POST,/api/stock/hold,backend/routers/stock_buckets.py,create_hold,70,71,78,6,True,,True,NO
POST,/api/stock/hold/{hold_id}/release,backend/routers/stock_buckets.py,release_hold,82,83,86,4,True,,True,NO
POST,/api/stock/wip/start,backend/routers/stock_buckets.py,start_wip,90,91,97,6,True,,True,NO
POST,/api/stock/wip/{wip_id}/complete,backend/routers/stock_buckets.py,complete_wip,101,102,105,4,True,,True,NO
GET,/api/pos/best-sellers,backend/routers/pos.py,get_best_sellers,19,25,26,2,True,,False,NO
GET,/api/pos/frequently-bought-together,backend/routers/pos.py,get_frequently_bought_together,30,37,38,2,True,,False,NO
GET,/api/pos/substitutes,backend/routers/pos.py,get_substitutes,42,49,50,2,True,,False,NO
POST,/api/sales-orders/{order_id}/request-special-price,backend/routers/so_approvals.py,request_special_price,90,91,132,20,True,price_approvals,True,NO
POST,/api/sales-orders/{order_id}/request-credit-approval,backend/routers/so_approvals.py,request_credit_approval,138,139,169,0,False,credit_overrides;sales_orders,True,NO
POST,/api/sales-orders/{order_id}/approvals/{approval_id}/decide,backend/routers/so_approvals.py,decide_approval,175,177,239,41,True,credit_overrides;price_approvals;sales_orders,True,NO
POST,/api/sales-orders/{order_id}/approvals/{approval_id}/evidence,backend/routers/so_approvals.py,upload_evidence,245,246,279,0,False,credit_overrides;price_approvals,True,NO
GET,/api/sales-orders/{order_id}/approvals/{approval_id}/evidence/{att_id}/download,backend/routers/so_approvals.py,download_evidence,285,290,310,7,True,,False,NO
GET,/api/approvals/backlog,backend/routers/so_approvals.py,approvals_backlog,316,318,346,8,True,,False,NO
GET,/api/approvals/queue-board/{key},backend/routers/so_approvals.py,approvals_queue_board,350,352,373,12,True,,False,NO
GET,/api/approvals/queue,backend/routers/so_approvals.py,approvals_queue,379,385,407,7,True,sales_orders,False,NO
GET,/api/hr/org-units,backend/routers/hr.py,list_org_units,56,58,73,10,True,hr_org_units,False,NO
GET,/api/hr/org-units/tree,backend/routers/hr.py,org_units_tree,77,78,93,12,True,hr_employees;hr_org_units,False,NO
POST,/api/hr/org-units,backend/routers/hr.py,create_org_unit,97,98,125,0,False,hr_org_units,True,NO
PATCH,/api/hr/org-units/{unit_id},backend/routers/hr.py,update_org_unit,129,130,145,0,False,hr_org_units,True,NO
DELETE,/api/hr/org-units/{unit_id},backend/routers/hr.py,deactivate_org_unit,149,150,169,0,False,hr_employees;hr_org_units,True,NO
GET,/api/hr/employees,backend/routers/hr.py,list_employees,175,177,201,17,True,hr_employees,False,NO
GET,/api/hr/summary,backend/routers/hr.py,hr_summary,205,206,231,15,True,hr_employees;hr_org_units,False,NO
GET,/api/hr/employees/me,backend/routers/hr.py,my_employee,235,236,243,4,True,hr_employees,False,NO
POST,/api/hr/employees,backend/routers/hr.py,create_employee,247,248,308,12,True,hr_employees,True,NO
GET,/api/hr/employees/{employee_id},backend/routers/hr.py,get_employee,312,313,325,5,True,hr_employees,False,NO
GET,/api/hr/employees/{employee_id}/360,backend/routers/hr.py,get_employee_360,329,330,393,5,True,hr_attendance;hr_employees;hr_kpi;hr_kpi_entries;hr_leave_requests;hr_payslips,False,NO
PATCH,/api/hr/employees/{employee_id},backend/routers/hr.py,update_employee,397,398,429,17,True,hr_employees,True,NO
DELETE,/api/hr/employees/{employee_id},backend/routers/hr.py,deactivate_employee,433,434,446,8,True,hr_employees,True,NO
GET,/api/hr/settings,backend/routers/hr.py,read_hr_settings,452,453,461,3,True,,False,NO
PUT,/api/hr/settings,backend/routers/hr.py,update_hr_settings,465,466,484,0,False,system_settings,True,NO
GET,/api/hr/shifts,backend/routers/hr_attendance.py,list_shifts,62,63,66,4,True,hr_shifts,False,NO
POST,/api/hr/shifts,backend/routers/hr_attendance.py,create_shift,70,71,86,0,False,hr_shifts,True,NO
PATCH,/api/hr/shifts/{shift_id},backend/routers/hr_attendance.py,update_shift,90,91,104,0,False,hr_shifts,True,NO
DELETE,/api/hr/shifts/{shift_id},backend/routers/hr_attendance.py,deactivate_shift,108,109,119,0,False,hr_shifts,True,NO
GET,/api/hr/geofences,backend/routers/hr_attendance.py,list_geofences,124,125,128,4,True,hr_geofences,False,NO
POST,/api/hr/geofences,backend/routers/hr_attendance.py,create_geofence,132,133,146,0,False,hr_geofences,True,NO
PATCH,/api/hr/geofences/{geo_id},backend/routers/hr_attendance.py,update_geofence,150,151,169,0,False,hr_geofences,True,NO
DELETE,/api/hr/geofences/{geo_id},backend/routers/hr_attendance.py,deactivate_geofence,173,174,184,0,False,hr_geofences,True,NO
GET,/api/hr/devices,backend/routers/hr_attendance.py,list_devices,189,190,194,5,True,hr_devices,False,NO
POST,/api/hr/devices,backend/routers/hr_attendance.py,create_device,198,199,212,0,False,hr_devices,True,NO
PATCH,/api/hr/devices/{dev_id},backend/routers/hr_attendance.py,update_device,216,217,230,0,False,hr_devices,True,NO
DELETE,/api/hr/devices/{dev_id},backend/routers/hr_attendance.py,deactivate_device,234,235,245,0,False,hr_devices,True,NO
GET,/api/hr/attendance,backend/routers/hr_attendance.py,list_attendance,250,253,277,11,True,hr_attendance,False,NO
GET,/api/hr/attendance/recap,backend/routers/hr_attendance.py,attendance_recap,281,282,307,16,True,hr_attendance;hr_employees,False,NO
GET,/api/hr/attendance/me,backend/routers/hr_attendance.py,my_attendance,311,312,324,1,True,hr_attendance,False,NO
POST,/api/hr/attendance/clock-in,backend/routers/hr_attendance.py,clock_in,329,330,367,0,False,hr_attendance,True,NO
POST,/api/hr/attendance/clock-out,backend/routers/hr_attendance.py,clock_out,371,372,406,0,False,hr_attendance,True,NO
POST,/api/hr/attendance/manual,backend/routers/hr_attendance.py,manual_attendance,411,412,427,11,True,hr_employees,True,NO
PATCH,/api/hr/attendance/{att_id},backend/routers/hr_attendance.py,patch_attendance,431,432,450,0,False,hr_attendance,True,NO
POST,/api/hr/attendance/import,backend/routers/hr_attendance.py,import_attendance,485,486,500,0,False,hr_devices,True,NO
POST,/api/hr/attendance/ingest,backend/routers/hr_attendance.py,ingest_attendance,504,505,514,0,False,hr_devices,True,NO
GET,/api/hr/field-tracks/latest,backend/routers/hr_tracking.py,latest_tracks,58,59,63,4,True,,False,NO
GET,/api/hr/field-tracks,backend/routers/hr_tracking.py,track_history,67,69,81,0,False,hr_field_tracks,False,NO
POST,/api/hr/field-tracks,backend/routers/hr_tracking.py,push_track,85,86,90,0,False,,True,NO
GET,/api/hr/visits,backend/routers/hr_tracking.py,list_visits,95,98,121,10,True,hr_visits,False,NO
GET,/api/hr/visits/summary,backend/routers/hr_tracking.py,visits_summary,125,126,146,10,True,hr_visits,False,NO
GET,/api/hr/visits/me,backend/routers/hr_tracking.py,my_visits,150,151,159,1,True,hr_visits,False,NO
GET,/api/hr/visits/mine,backend/routers/hr_tracking.py,my_visits_history,163,164,193,1,True,hr_visits,False,NO
POST,/api/hr/visits/check-in,backend/routers/hr_tracking.py,visit_check_in,197,198,222,0,False,customers;hr_visits,True,NO
POST,/api/hr/visits/{visit_id}/check-out,backend/routers/hr_tracking.py,visit_check_out,226,227,254,0,False,hr_visits,True,NO
GET,/api/hr/payroll/settings,backend/routers/hr_payroll.py,get_payroll_settings,31,32,36,4,True,,False,NO
PUT,/api/hr/payroll/settings,backend/routers/hr_payroll.py,update_payroll_settings,40,41,93,39,True,,True,NO
GET,/api/hr/payroll/runs,backend/routers/hr_payroll.py,list_payroll_runs,98,100,103,4,True,,False,NO
POST,/api/hr/payroll/runs/preview,backend/routers/hr_payroll.py,preview_payroll_run,107,108,112,3,True,,True,NO
POST,/api/hr/payroll/runs,backend/routers/hr_payroll.py,create_payroll_run,116,117,126,9,True,,True,NO
GET,/api/hr/payroll/runs/{run_id},backend/routers/hr_payroll.py,get_payroll_run,130,131,137,1,True,,False,NO
POST,/api/hr/payroll/runs/{run_id}/submit,backend/routers/hr_payroll.py,submit_payroll_run,141,142,152,2,True,hr_payroll_runs,True,NO
POST,/api/hr/payroll/runs/{run_id}/reject,backend/routers/hr_payroll.py,reject_payroll_run,156,157,167,2,True,hr_payroll_runs,True,NO
POST,/api/hr/payroll/runs/{run_id}/approve,backend/routers/hr_payroll.py,approve_payroll_run,171,172,180,2,True,hr_payroll_runs,True,NO
POST,/api/hr/payroll/runs/{run_id}/post-gl,backend/routers/hr_payroll.py,post_payroll_run_gl,184,185,194,2,True,hr_payroll_runs,True,NO
POST,/api/hr/payroll/runs/{run_id}/pay,backend/routers/hr_payroll.py,pay_payroll_run,198,199,208,2,True,hr_payroll_runs,True,NO
GET,/api/hr/payslips,backend/routers/hr_payroll.py,list_payslips,213,216,219,4,True,,False,NO
GET,/api/hr/payslips/me,backend/routers/hr_payroll.py,my_payslips,223,224,225,2,True,,False,NO
GET,/api/hr/payslips/{slip_id},backend/routers/hr_payroll.py,get_payslip,229,230,236,4,True,,False,NO
GET,/api/hr/payslips/{slip_id}/pdf,backend/routers/hr_payroll.py,payslip_pdf,240,241,251,4,True,business_entities,False,NO
GET,/api/hr/leave-requests/me,backend/routers/hr_leave.py,my_leave_requests,44,45,46,1,True,,False,NO
POST,/api/hr/leave-requests/me,backend/routers/hr_leave.py,submit_my_leave,50,51,58,0,False,,True,NO
GET,/api/hr/leave-balance/me,backend/routers/hr_leave.py,my_leave_balance,62,63,64,1,True,,False,NO
GET,/api/hr/leave-requests,backend/routers/hr_leave.py,list_leave_requests,69,73,76,4,True,,False,NO
POST,/api/hr/leave-requests,backend/routers/hr_leave.py,create_leave_request,80,81,92,10,True,,True,NO
GET,/api/hr/leave-balances,backend/routers/hr_leave.py,list_leave_balances,96,98,101,4,True,,False,NO
POST,/api/hr/leave-balances/set,backend/routers/hr_leave.py,set_leave_entitlement,105,106,116,10,True,,True,NO
GET,/api/hr/leave-calendar,backend/routers/hr_leave.py,leave_calendar,120,122,127,6,True,,False,NO
POST,/api/hr/leave-requests/{leave_id}/approve,backend/routers/hr_leave.py,approve_leave_request,139,140,148,7,True,,True,NO
POST,/api/hr/leave-requests/{leave_id}/reject,backend/routers/hr_leave.py,reject_leave_request,152,153,161,0,False,,True,NO
POST,/api/hr/leave-requests/{leave_id}/cancel,backend/routers/hr_leave.py,cancel_leave_request,165,166,179,11,True,hr_employees,True,NO
GET,/api/hr/overtime/me,backend/routers/hr_leave.py,my_overtime_requests,184,185,186,1,True,,False,NO
POST,/api/hr/overtime/me,backend/routers/hr_leave.py,submit_my_overtime,190,191,198,0,False,,True,NO
GET,/api/hr/overtime,backend/routers/hr_leave.py,list_overtime_requests,203,207,210,4,True,,False,NO
POST,/api/hr/overtime,backend/routers/hr_leave.py,create_overtime,214,215,226,0,False,,True,NO
POST,/api/hr/overtime/{ot_id}/approve,backend/routers/hr_leave.py,approve_overtime_request,238,239,247,0,False,,True,NO
POST,/api/hr/overtime/{ot_id}/reject,backend/routers/hr_leave.py,reject_overtime_request,251,252,260,0,False,,True,NO
GET,/api/hr/kpi/me,backend/routers/hr_kpi.py,my_kpi_endpoint,52,53,53,1,True,,False,NO
GET,/api/hr/kpi,backend/routers/hr_kpi.py,list_kpi,58,61,64,4,True,,False,NO
POST,/api/hr/kpi,backend/routers/hr_kpi.py,create_kpi,68,69,80,0,False,,True,NO
PUT,/api/hr/kpi/{kpi_id},backend/routers/hr_kpi.py,update_kpi,84,85,94,0,False,,True,NO
DELETE,/api/hr/kpi/{kpi_id},backend/routers/hr_kpi.py,delete_kpi,98,99,107,0,False,,True,NO
GET,/api/design-gallery,backend/routers/design_gallery.py,list_gallery,86,94,104,6,True,,False,NO
POST,/api/design-gallery,backend/routers/design_gallery.py,create_gallery,108,109,118,8,True,,True,NO
GET,/api/design-gallery/{gallery_id},backend/routers/design_gallery.py,get_gallery,122,123,126,4,True,,False,NO
PUT,/api/design-gallery/{gallery_id},backend/routers/design_gallery.py,update_gallery,130,131,140,3,True,,True,NO
DELETE,/api/design-gallery/{gallery_id},backend/routers/design_gallery.py,delete_gallery,144,145,153,1,True,,True,NO
POST,/api/design-gallery/{gallery_id}/files,backend/routers/design_gallery.py,upload_gallery_file,158,160,171,8,True,,True,NO
GET,/api/design-gallery/{gallery_id}/files/{file_id},backend/routers/design_gallery.py,get_gallery_file,175,176,189,10,True,,False,NO
DELETE,/api/design-gallery/{gallery_id}/files/{file_id},backend/routers/design_gallery.py,delete_gallery_file,193,194,203,0,False,,True,NO
POST,/api/design-gallery/{gallery_id}/autotag,backend/routers/design_gallery.py,autotag_gallery,208,209,219,0,False,,True,NO
POST,/api/design-gallery/{gallery_id}/ai-illustrate,backend/routers/design_gallery.py,ai_illustrate_gallery,224,226,238,7,True,,True,NO
POST,/api/design-gallery/{gallery_id}/files/{file_id}/comments,backend/routers/design_gallery.py,comment_illustration,242,244,254,3,True,,True,NO
DELETE,/api/design-gallery/{gallery_id}/files/{file_id}/comments/{comment_id},backend/routers/design_gallery.py,delete_illustration_comment,258,260,270,0,False,,True,NO
GET,/api/design-gallery-ai/status,backend/routers/design_gallery.py,ai_illustrate_status,274,275,281,4,True,,False,NO
POST,/api/design-gallery/{gallery_id}/version,backend/routers/design_gallery.py,bump_design_version,286,288,299,0,False,,True,NO
POST,/api/design-gallery/{gallery_id}/submit,backend/routers/design_gallery.py,submit_design,303,304,306,0,False,,True,NO
POST,/api/design-gallery/{gallery_id}/reject,backend/routers/design_gallery.py,reject_design,310,312,315,0,False,,True,NO
POST,/api/design-gallery/{gallery_id}/approve,backend/routers/design_gallery.py,approve_design,319,321,324,0,False,,True,NO
POST,/api/design-gallery/{gallery_id}/rating,backend/routers/design_gallery.py,rate_design,329,331,343,0,False,,True,NO
DELETE,/api/design-gallery/{gallery_id}/rating,backend/routers/design_gallery.py,unrate_design,347,348,358,0,False,,True,NO
GET,/api/admin/integrations,backend/routers/integrations.py,get_integrations,18,19,21,2,True,,False,NO
PUT,/api/admin/integrations,backend/routers/integrations.py,update_integrations,25,26,39,6,True,,True,NO
POST,/api/admin/integrations/gemini/test,backend/routers/integrations.py,test_gemini,43,44,62,6,True,,True,NO
POST,/api/admin/integrations/openai/test,backend/routers/integrations.py,test_openai,66,67,84,0,False,,True,NO
GET,/api/hr/analytics/summary,backend/routers/hr_analytics.py,hr_analytics_summary,16,19,23,3,True,,False,NO
GET,/api/tax/summary,backend/routers/tax_center.py,get_tax_summary,37,39,45,6,True,,False,NO
GET,/api/tax/pph-records,backend/routers/tax_center.py,list_pph_records,49,51,56,6,True,,False,NO
POST,/api/tax/pph-records,backend/routers/tax_center.py,create_pph_record,60,61,73,0,False,,True,NO
DELETE,/api/tax/pph-records/{record_id},backend/routers/tax_center.py,delete_pph_record,77,78,83,0,False,,True,NO
GET,/api/finance/income-statement,backend/routers/financial_statements.py,get_income_statement,39,45,48,3,True,,False,NO
GET,/api/finance/balance-sheet,backend/routers/financial_statements.py,get_balance_sheet,52,58,64,3,True,,False,NO
GET,/api/finance/cash-flow,backend/routers/financial_statements.py,get_cash_flow,68,74,77,3,True,,False,NO
GET,/api/finance/equity-changes,backend/routers/financial_statements.py,get_equity_changes,81,87,90,3,True,,False,NO
GET,/api/finance/income-statement/export.csv,backend/routers/financial_statements.py,export_income_statement,109,115,134,18,True,,False,NO
GET,/api/finance/balance-sheet/export.csv,backend/routers/financial_statements.py,export_balance_sheet,138,144,203,39,True,,False,NO
GET,/api/finance/cash-flow/export.csv,backend/routers/financial_statements.py,export_cash_flow,207,213,239,23,True,,False,NO
GET,/api/finance/equity-changes/export.csv,backend/routers/financial_statements.py,export_equity_changes,243,249,261,12,True,,False,NO
GET,/api/finance/closing,backend/routers/closing.py,list_closings,38,39,42,3,True,,False,NO
GET,/api/finance/closing/preview,backend/routers/closing.py,preview_closing,46,52,55,3,True,,False,NO
GET,/api/finance/closing/status,backend/routers/closing.py,closing_status,59,64,67,3,True,,False,NO
POST,/api/finance/closing/close,backend/routers/closing.py,close_period,71,72,81,6,True,,True,NO
POST,/api/finance/closing/{closing_id}/reopen,backend/routers/closing.py,reopen_period,85,86,98,7,True,,True,NO
POST,/api/finance/closing/{closing_id}/reclose,backend/routers/closing.py,reclose_period,102,103,114,7,True,,True,NO
GET,/api/finance/bi,backend/routers/finance_bi.py,finance_bi_dashboard,19,24,36,7,True,,False,NO
GET,/api/crm/leads,backend/routers/crm_omnichannel.py,list_leads,93,96,98,3,True,,False,NO
GET,/api/crm/leads/board,backend/routers/crm_omnichannel.py,leads_board,102,103,105,3,True,,False,NO
GET,/api/crm/pipeline-stats,backend/routers/crm_omnichannel.py,pipeline_stats,109,110,112,3,True,,False,NO
POST,/api/crm/leads,backend/routers/crm_omnichannel.py,create_lead,116,117,123,0,False,,True,NO
PATCH,/api/crm/leads/{lead_id},backend/routers/crm_omnichannel.py,update_lead,137,138,147,0,False,,True,NO
POST,/api/crm/leads/{lead_id}/convert,backend/routers/crm_omnichannel.py,convert_lead,151,152,158,0,False,,True,NO
DELETE,/api/crm/leads/{lead_id},backend/routers/crm_omnichannel.py,delete_lead,162,163,167,0,False,,True,NO
GET,/api/crm/interactions,backend/routers/crm_omnichannel.py,list_interactions,175,178,180,3,True,,False,NO
POST,/api/crm/interactions,backend/routers/crm_omnichannel.py,create_interaction,184,185,192,0,False,,True,NO
DELETE,/api/crm/interactions/{intx_id},backend/routers/crm_omnichannel.py,delete_interaction,196,197,205,0,False,,True,NO
GET,/api/finance/consolidation/summary,backend/routers/consolidation.py,consolidation_summary,42,47,52,5,True,,False,NO
GET,/api/finance/consolidation/eliminations,backend/routers/consolidation.py,list_eliminations,56,57,58,2,True,,False,NO
POST,/api/finance/consolidation/eliminations,backend/routers/consolidation.py,create_elimination,62,63,70,5,True,,True,NO
DELETE,/api/finance/consolidation/eliminations/{elim_id},backend/routers/consolidation.py,delete_elimination,74,79,85,5,True,,True,NO
GET,/api/finance/consolidation/ic-candidates,backend/routers/consolidation.py,ic_candidates,89,90,94,4,True,,False,NO
POST,/api/finance/consolidation/eliminations/sync-from-pairs,backend/routers/consolidation.py,sync_ic_eliminations_from_pairs,98,101,113,5,True,,True,NO
POST,/api/consolidation/sync-g6,backend/routers/consolidation.py,sync_g6_ic_eliminations,117,120,133,5,True,,True,NO
GET,/api/rfid/summary,backend/routers/rfid.py,get_summary,86,88,91,4,True,,False,NO
GET,/api/rfid/tags,backend/routers/rfid.py,get_tags,96,98,102,5,True,,False,NO
GET,/api/rfid/lookup,backend/routers/rfid.py,lookup_code,106,109,146,26,True,inventory_rolls;products;rfid_tags;roll_scans;wms_tasks,False,NO
POST,/api/rfid/roll-scans,backend/routers/rfid.py,post_roll_scan,150,151,178,20,True,inventory_rolls;rfid_tags;roll_scans,True,NO
GET,/api/rfid/roll-scans/{roll_id},backend/routers/rfid.py,get_roll_scans,182,183,190,6,True,inventory_rolls;roll_scans,False,NO
GET,/api/rfid/printer-status,backend/routers/rfid.py,printer_status,194,195,234,21,True,rfid_devices;rfid_print_jobs;warehouses,False,NO
GET,/api/rfid/labels,backend/routers/rfid.py,labels_for_document,238,240,262,3,True,inventory_rolls;products;purchase_orders,False,NO
GET,/api/rfid/untagged-rolls,backend/routers/rfid.py,get_untagged,266,268,272,5,True,,False,NO
POST,/api/rfid/tags/encode,backend/routers/rfid.py,post_encode,276,277,283,0,False,,True,NO
POST,/api/rfid/tags/auto-encode,backend/routers/rfid.py,post_auto_encode,287,288,293,0,False,,True,NO
DELETE,/api/rfid/tags/{tag_id},backend/routers/rfid.py,delete_tag,297,298,303,6,True,,True,NO
GET,/api/rfid/devices,backend/routers/rfid.py,get_devices,308,309,311,3,True,,False,NO
POST,/api/rfid/devices,backend/routers/rfid.py,post_device,315,316,319,4,True,,True,NO
PATCH,/api/rfid/devices/{device_id},backend/routers/rfid.py,patch_device,323,324,327,4,True,,True,NO
DELETE,/api/rfid/devices/{device_id},backend/routers/rfid.py,del_device,331,332,335,4,True,,True,NO
POST,/api/rfid/devices/seed-defaults,backend/routers/rfid.py,post_seed_devices,339,340,343,0,False,,True,NO
GET,/api/rfid/reads,backend/routers/rfid.py,get_reads,348,351,358,5,True,,False,NO
GET,/api/rfid/gate/{device_id}/status,backend/routers/rfid.py,get_gate_status,362,363,365,3,True,,False,NO
GET,/api/rfid/passages,backend/routers/rfid.py,get_passages,369,371,375,4,True,,False,NO
POST,/api/rfid/passages/{passage_id}/acknowledge,backend/routers/rfid.py,post_passage_ack,379,380,388,0,False,,True,NO
POST,/api/rfid/gate/simulate,backend/routers/rfid.py,post_gate_simulate,392,393,400,0,False,,True,NO
POST,/api/rfid/reader/scan,backend/routers/rfid.py,post_reader_scan,404,405,408,0,False,,True,NO
GET,/api/rfid/locations,backend/routers/rfid.py,get_locations,413,415,419,5,True,,False,NO
GET,/api/rfid/print-jobs,backend/routers/rfid.py,get_print_jobs,424,426,430,5,True,,False,NO
POST,/api/rfid/print-jobs,backend/routers/rfid.py,post_print_job,434,435,444,7,True,,True,NO
GET,/api/rfid/print-jobs/{job_id},backend/routers/rfid.py,get_print_job,448,449,452,4,True,,False,NO
GET,/api/rfid/print-jobs/{job_id}/zpl,backend/routers/rfid.py,get_print_job_zpl,456,457,463,6,True,,False,NO
POST,/api/rfid/print-jobs/{job_id}/mark-printed,backend/routers/rfid.py,post_mark_printed,467,468,473,6,True,,True,NO
POST,/api/rfid/print-jobs/{job_id}/verify/start,backend/routers/rfid.py,post_verify_start,477,478,481,4,True,,True,NO
POST,/api/rfid/verify-sessions/{session_id}/scan,backend/routers/rfid.py,post_verify_scan,485,486,492,5,True,,True,NO
POST,/api/rfid/verify-sessions/{session_id}/complete,backend/routers/rfid.py,post_verify_complete,496,497,504,6,True,,True,NO
POST,/api/rfid/rolls/set-routing,backend/routers/rfid.py,post_set_routing,508,509,516,6,True,,True,NO
POST,/api/rfid/devices/{device_id}/api-key,backend/routers/rfid.py,post_device_api_key,540,542,547,5,True,,True,NO
POST,/api/rfid/ingest,backend/routers/rfid.py,post_ingest,551,552,558,4,True,,True,NO
POST,/api/rfid/heartbeat,backend/routers/rfid.py,post_heartbeat,562,563,565,3,True,,True,NO
GET,/api/rfid/device-jobs/pending,backend/routers/rfid.py,get_device_jobs,569,570,573,3,True,,False,NO
POST,/api/rfid/device-jobs/{job_id}/ack,backend/routers/rfid.py,post_device_job_ack,577,578,581,3,True,,True,NO
GET,/api/rfid/incidents,backend/routers/rfid.py,get_incidents,590,592,595,4,True,,False,NO
POST,/api/rfid/incidents/{incident_id}/acknowledge,backend/routers/rfid.py,post_incident_ack,599,601,605,3,True,,True,NO
POST,/api/rfid/incidents/{incident_id}/resolve,backend/routers/rfid.py,post_incident_resolve,609,611,615,0,False,,True,NO
GET,/api/rfid/shrinkage-report,backend/routers/rfid.py,get_shrinkage,619,620,622,3,True,,False,NO
GET,/api/rfid/device-health,backend/routers/rfid.py,get_device_health,626,627,629,3,True,,False,NO
POST,/api/rfid/cycle-count/start,backend/routers/rfid.py,post_cc_start,638,639,646,6,True,,True,NO
POST,/api/rfid/cycle-count/{session_id}/complete,backend/routers/rfid.py,post_cc_complete,650,651,656,5,True,,True,NO
GET,/api/rfid/cycle-counts,backend/routers/rfid.py,get_cc_list,660,661,664,4,True,,False,NO
GET,/api/rfid/cycle-counts/{cc_id},backend/routers/rfid.py,get_cc_detail,668,669,671,1,True,,False,NO
GET,/api/warehouse-sites,backend/routers/warehouse_sites.py,get_sites,38,39,40,2,True,,False,NO
POST,/api/warehouse-sites,backend/routers/warehouse_sites.py,post_site,44,45,49,4,True,,True,NO
PATCH,/api/warehouse-sites/{site_id},backend/routers/warehouse_sites.py,patch_site,53,54,61,5,True,warehouse_sites,True,NO
DELETE,/api/warehouse-sites/{site_id},backend/routers/warehouse_sites.py,del_site,65,66,69,4,True,,True,NO
POST,/api/warehouse-sites/seed-blueprint,backend/routers/warehouse_sites.py,post_seed_blueprint,73,74,77,0,False,,True,NO
GET,/api/putaway-orders/suggest,backend/routers/putaway_orders.py,get_suggest,39,40,41,2,True,,False,NO
GET,/api/putaway-orders,backend/routers/putaway_orders.py,get_orders,45,47,48,2,True,,False,NO
POST,/api/putaway-orders,backend/routers/putaway_orders.py,post_order,52,53,62,6,True,,True,NO
POST,/api/putaway-orders/{order_id}/dispatch,backend/routers/putaway_orders.py,post_dispatch,66,67,70,4,True,,True,NO
POST,/api/putaway-orders/{order_id}/confirm-arrival,backend/routers/putaway_orders.py,post_confirm,74,75,82,4,True,,True,NO
POST,/api/putaway-orders/{order_id}/resolve-exception,backend/routers/putaway_orders.py,post_resolve,86,87,92,4,True,,True,NO
GET,/api/wms/health-dashboard,backend/routers/putaway_orders.py,get_wms_health,96,97,100,3,True,,False,NO
GET,/api/fulfillment/wizard/{so_id},backend/routers/fulfillment.py,get_wizard,28,29,30,2,True,,False,NO
POST,/api/fulfillment/wizard/{so_id}/create-interco,backend/routers/fulfillment.py,post_wizard_interco,34,35,40,4,True,,True,NO
POST,/api/fulfillment/wizard/{so_id}/create-pr,backend/routers/fulfillment.py,post_wizard_pr,44,45,49,4,True,,True,NO
GET,/api/finance/profitability,backend/routers/finance_analytics.py,get_profitability,31,37,43,4,True,,False,NO
GET,/api/finance/cashflow-forecast,backend/routers/finance_analytics.py,get_cashflow_forecast,47,51,55,4,True,,False,NO
GET,/api/finance/tower,backend/routers/finance_analytics.py,get_finance_tower,59,63,69,6,True,,False,NO
GET,/api/finance/budgets,backend/routers/budgets.py,list_budgets,65,71,73,3,True,,False,NO
POST,/api/finance/budgets,backend/routers/budgets.py,create_budget,77,78,86,0,False,,True,NO
PATCH,/api/finance/budgets/{budget_id},backend/routers/budgets.py,update_budget,90,91,100,0,False,,True,NO
DELETE,/api/finance/budgets/{budget_id},backend/routers/budgets.py,delete_budget,104,105,111,0,False,,True,NO
GET,/api/finance/budget-vs-actual,backend/routers/budgets.py,budget_vs_actual,115,120,125,5,True,,False,NO
GET,/api/finance/budget-keys,backend/routers/budgets.py,budget_keys,129,130,142,8,True,,False,NO
GET,/api/finance/budget-rules,backend/routers/budgets.py,get_budget_rules,146,147,149,3,True,,False,NO
PUT,/api/finance/budget-rules,backend/routers/budgets.py,set_budget_rules,153,154,162,0,False,,True,NO
POST,/api/finance/budget-check,backend/routers/budgets.py,check_budget,166,167,174,0,False,,True,NO
GET,/api/enums,backend/routers/enums.py,list_enums,73,74,79,5,True,,False,NO
GET,/api/enums/stage-transitions,backend/routers/enums.py,stage_transitions,83,84,90,3,True,,False,NO
POST,/api/enums/stage-transitions/validate,backend/routers/enums.py,validate_stage_transition,94,95,101,0,False,,True,NO
POST,/api/enums/products/validate,backend/routers/enums.py,validate_product_domain,105,106,108,0,False,,True,NO
GET,/api/enums/{name},backend/routers/enums.py,get_enum,112,113,124,0,False,,False,NO
GET,/api/marketing/meta,backend/routers/marketing.py,marketing_meta,84,85,91,5,True,users,False,NO
GET,/api/marketing/campaigns,backend/routers/marketing.py,list_campaigns,96,97,99,3,True,,False,NO
POST,/api/marketing/campaigns,backend/routers/marketing.py,create_campaign,103,104,111,8,True,,True,NO
PATCH,/api/marketing/campaigns/{cid},backend/routers/marketing.py,update_campaign,115,116,125,7,True,mkt_campaigns,True,NO
GET,/api/marketing/posts,backend/routers/marketing.py,list_posts,130,132,159,25,True,mkt_posts,False,NO
GET,/api/marketing/accounts,backend/routers/marketing.py,list_accounts,174,175,177,3,True,,False,NO
POST,/api/marketing/accounts,backend/routers/marketing.py,create_account,181,182,187,6,True,,True,NO
PATCH,/api/marketing/accounts/{aid},backend/routers/marketing.py,update_account,191,192,201,7,True,mkt_accounts,True,NO
GET,/api/marketing/templates,backend/routers/marketing.py,list_templates,225,226,228,3,True,,False,NO
POST,/api/marketing/templates,backend/routers/marketing.py,create_template,232,233,240,8,True,,True,NO
POST,/api/marketing/templates/{tid}/use,backend/routers/marketing.py,use_template,244,245,252,7,True,mkt_templates,True,NO
DELETE,/api/marketing/templates/{tid},backend/routers/marketing.py,delete_template,256,257,267,11,True,mkt_templates,True,NO
GET,/api/marketing/dashboard,backend/routers/marketing.py,marketing_dashboard,271,272,275,4,True,,False,NO
GET,/api/marketing/calendar.pdf,backend/routers/marketing.py,calendar_pdf,279,280,295,15,True,,False,NO
GET,/api/marketing/posts/{pid},backend/routers/marketing.py,get_post,299,300,301,2,True,,False,NO
POST,/api/marketing/posts,backend/routers/marketing.py,create_post,305,306,313,8,True,,True,NO
PATCH,/api/marketing/posts/{pid},backend/routers/marketing.py,update_post,317,318,323,6,True,,True,NO
POST,/api/marketing/posts/{pid}/reschedule,backend/routers/marketing.py,reschedule_post,327,328,346,16,True,mkt_posts,True,NO
POST,/api/marketing/posts/{pid}/duplicate,backend/routers/marketing.py,duplicate_post,350,351,361,9,True,mkt_posts,True,NO
POST,/api/marketing/posts/{pid}/transition,backend/routers/marketing.py,transition_post,365,366,373,8,True,,True,NO
POST,/api/marketing/posts/{pid}/metrics,backend/routers/marketing.py,post_metrics,377,378,383,6,True,,True,NO
DELETE,/api/marketing/posts/{pid},backend/routers/marketing.py,delete_post,387,388,394,7,True,mkt_posts,True,NO
POST,/api/marketing/posts/{pid}/attachments,backend/routers/marketing.py,upload_attachment,398,399,406,6,True,mkt_posts,True,NO
GET,/api/marketing/posts/{pid}/attachments/{fid},backend/routers/marketing.py,attachment_file,410,411,417,5,True,,False,NO
DELETE,/api/marketing/posts/{pid}/attachments/{fid},backend/routers/marketing.py,delete_attachment,421,422,425,4,True,mkt_posts,True,NO
GET,/api/marketing/assets,backend/routers/marketing.py,assets,429,430,432,3,True,,False,NO
GET,/api/marketing/analytics,backend/routers/marketing.py,marketing_analytics,436,437,439,3,True,,False,NO
GET,/api/uom-conversions/catalog,backend/routers/uom_conversions.py,get_catalog,29,30,70,12,True,,False,NO
GET,/api/uom-conversions/rules,backend/routers/uom_conversions.py,list_rules,74,76,79,3,True,,False,NO
POST,/api/uom-conversions/rules,backend/routers/uom_conversions.py,create_rule,83,84,92,0,False,,True,NO
PATCH,/api/uom-conversions/rules/{rule_id},backend/routers/uom_conversions.py,update_rule,96,97,106,0,False,,True,NO
POST,/api/uom-conversions/rules/{rule_id}/status,backend/routers/uom_conversions.py,toggle_rule,110,111,118,0,False,,True,NO
GET,/api/uom-conversions/settings,backend/routers/uom_conversions.py,get_settings,122,123,126,3,True,,False,NO
PUT,/api/uom-conversions/settings,backend/routers/uom_conversions.py,update_settings,130,131,141,0,False,,True,NO
POST,/api/uom-conversions/convert,backend/routers/uom_conversions.py,convert_preview,145,146,173,0,False,products,True,NO
POST,/api/uom-conversions/check-variance,backend/routers/uom_conversions.py,check_variance,177,178,180,0,False,,True,NO
GET,/api/uom-conversions/usage,backend/routers/uom_conversions.py,conversion_usage,184,186,226,11,True,purchase_orders;purchase_requisitions;wms_tasks,False,NO
GET,/api/finance/posting-failures,backend/routers/posting_failures.py,list_posting_failures,52,53,60,8,True,,False,NO
POST,/api/finance/posting-failures/{kind}/{doc_id}/retry,backend/routers/posting_failures.py,retry_posting_failure,85,86,103,7,True,,True,NO
GET,/api/finance/posting-failures/count,backend/routers/posting_failures.py,count_posting_failures,107,108,114,6,True,,False,NO
GET,/api/color-library,backend/routers/color_library.py,list_color_library,25,33,34,2,True,,False,NO
GET,/api/color-library/customer-colors,backend/routers/color_library.py,list_customer_colors,38,40,42,2,True,,False,NO
GET,/api/color-library/customer-colors/{customer_id}/card,backend/routers/color_library.py,customer_color_card,51,52,60,7,True,,False,NO
GET,/api/color-library/use-requests,backend/routers/color_library.py,list_use_requests,74,75,77,2,True,,False,NO
POST,/api/color-library/{color_id}/use-requests,backend/routers/color_library.py,create_use_request,81,82,92,7,True,,True,NO
POST,/api/color-library/use-requests/{req_id}/approve,backend/routers/color_library.py,approve_use_request,110,111,111,1,True,,True,NO
POST,/api/color-library/use-requests/{req_id}/reject,backend/routers/color_library.py,reject_use_request,115,116,116,1,True,,True,NO
POST,/api/color-library/use-requests/{req_id}/revoke,backend/routers/color_library.py,revoke_use_request,120,121,121,1,True,,True,NO
GET,/api/color-library/nearest,backend/routers/color_library.py,nearest_color,125,126,130,3,True,,False,NO
GET,/api/color-library/supplier-variants,backend/routers/color_library.py,list_supplier_color_variants,134,135,137,2,True,,False,NO
GET,/api/color-library/{color_id}/links,backend/routers/color_library.py,color_links,141,142,147,5,True,,False,NO
POST,/api/color-library,backend/routers/color_library.py,create_color,151,152,159,7,True,,True,NO
PATCH,/api/color-library/{color_id},backend/routers/color_library.py,patch_color,163,164,180,8,True,color_library,True,NO
DELETE,/api/color-library/{color_id},backend/routers/color_library.py,delete_color,184,185,191,5,True,,True,NO
POST,/api/access/roles/preview,backend/routers/access_roles.py,preview_role,42,43,44,2,True,,True,NO
POST,/api/access/roles/{rid}/move-users,backend/routers/access_roles.py,move_role_users,48,49,52,4,True,,True,NO
GET,/api/access/modules,backend/routers/access_roles.py,list_modules,56,57,59,2,True,,False,NO
GET,/api/access/roles,backend/routers/access_roles.py,list_roles,63,64,65,2,True,,False,NO
GET,/api/access/roles/{rid},backend/routers/access_roles.py,get_role,69,70,71,2,True,,False,NO
POST,/api/access/roles,backend/routers/access_roles.py,create_role,75,76,80,4,True,,True,NO
PATCH,/api/access/roles/{rid},backend/routers/access_roles.py,patch_role,84,85,89,4,True,,True,NO
POST,/api/access/roles/{rid}/reset,backend/routers/access_roles.py,reset_role,93,94,97,4,True,,True,NO
DELETE,/api/access/roles/{rid},backend/routers/access_roles.py,delete_role,101,102,105,4,True,,True,NO
GET,/api/product-catalog/meta,backend/routers/product_media.py,meta,42,43,52,6,True,,False,NO
GET,/api/products/{product_id}/media,backend/routers/product_media.py,list_media,56,57,60,4,True,,False,NO
POST,/api/products/{product_id}/media,backend/routers/product_media.py,upload,64,65,70,0,False,,True,NO
GET,/api/products/{product_id}/media/{media_id}/content,backend/routers/product_media.py,content,74,75,85,6,True,,False,NO
PATCH,/api/products/{product_id}/media/{media_id},backend/routers/product_media.py,update,89,90,100,0,False,,True,NO
GET,/api/products/{product_id}/catalog-relations,backend/routers/product_media.py,relations,104,105,114,10,True,md_samples;md_specs,False,NO
DELETE,/api/products/{product_id}/media/{media_id},backend/routers/product_media.py,remove,118,119,123,0,False,,True,NO
POST,/api/products/{product_id}/media/from-design,backend/routers/product_media.py,from_design,127,128,151,0,False,design_gallery,True,NO
POST,/api/products/{product_id}/media/generate-mockup,backend/routers/product_media.py,generate_mockup,155,156,186,0,False,,True,NO
GET,/api/customer-feedback/meta,backend/routers/customer_feedback.py,feedback_meta,37,38,43,2,True,,False,NO
GET,/api/customer-feedback/summary,backend/routers/customer_feedback.py,feedback_summary,47,48,50,3,True,,False,NO
GET,/api/customer-feedback,backend/routers/customer_feedback.py,list_feedback,54,57,62,5,True,,False,NO
POST,/api/customer-feedback,backend/routers/customer_feedback.py,create_feedback,66,67,78,8,True,sales_orders,True,NO
PATCH,/api/customer-feedback/{fb_id},backend/routers/customer_feedback.py,update_feedback,82,83,95,10,True,,True,NO
GET,/api/master-governance/preview,backend/routers/master_governance.py,governance_preview,13,14,15,2,True,,False,NO
GET,/api/master-governance/batches,backend/routers/master_governance.py,governance_batches,19,20,21,2,True,,False,NO
POST,/api/master-governance/batches,backend/routers/master_governance.py,governance_apply,25,26,31,4,True,,True,NO
POST,/api/master-governance/batches/{batch_id}/rollback,backend/routers/master_governance.py,governance_rollback,35,36,40,4,True,,True,NO
POST,/api/products/{product_id}/rename,backend/routers/master_governance.py,product_rename,44,45,49,4,True,,True,NO
GET,/api/push/public-key,backend/routers/push.py,public_key,38,39,41,3,True,,False,NO
POST,/api/push/subscribe,backend/routers/push.py,subscribe,45,46,58,0,False,push_subscriptions,True,NO
POST,/api/push/unsubscribe,backend/routers/push.py,unsubscribe,62,63,65,0,False,push_subscriptions,True,NO
GET,/api/push/status,backend/routers/push.py,status,69,70,72,3,True,push_subscriptions,False,NO
POST,/api/push/test,backend/routers/push.py,test_push,76,77,87,0,False,push_subscriptions,True,NO
GET,/api/saga-locks,backend/routers/saga_locks.py,list_saga_locks,22,23,28,6,True,,False,NO
GET,/api/saga-locks/{collection}/{doc_id}/inspect,backend/routers/saga_locks.py,inspect_saga_lock,79,80,86,4,True,,False,NO
POST,/api/saga-locks/{collection}/{doc_id}/release,backend/routers/saga_locks.py,release_saga_lock,90,92,120,21,True,,True,NO
GET,/api/wilayah/countries,backend/routers/wilayah.py,countries,11,12,13,2,True,,False,NO
GET,/api/wilayah/provinces,backend/routers/wilayah.py,provinces,17,18,19,2,True,,False,NO
GET,/api/wilayah/regencies,backend/routers/wilayah.py,regencies,23,24,25,2,True,,False,NO
GET,/api/wilayah/districts,backend/routers/wilayah.py,districts,29,30,31,2,True,,False,NO
GET,/api/wilayah/villages,backend/routers/wilayah.py,villages,35,36,37,2,True,,False,NO
GET,/api/wilayah/postal-code/{code},backend/routers/wilayah.py,postal_code,41,42,43,0,False,,False,NO
GET,/api/wilayah/search,backend/routers/wilayah.py,search,47,48,49,2,True,,False,NO
POST,/api/wilayah/validate,backend/routers/wilayah.py,validate,53,54,55,0,False,,True,NO
GET,/api/ai/catalog,backend/routers/ai_analytics.py,get_catalog,36,37,41,2,True,,False,NO
POST,/api/ai/query,backend/routers/ai_analytics.py,post_query,45,46,46,1,True,,True,NO
POST,/api/ai/analyze-change,backend/routers/ai_analytics.py,post_analyze_change,50,51,51,1,True,,True,NO
GET,/api/ai/results/{result_id},backend/routers/ai_analytics.py,get_result,55,56,60,5,True,ai_results,False,NO
GET,/api/ai/facts/status,backend/routers/ai_analytics.py,facts_status,64,65,67,3,True,ai_fact_state;fact_sales_lines,False,NO
POST,/api/ai/facts/rebuild,backend/routers/ai_analytics.py,facts_rebuild,71,72,75,4,True,,True,NO
GET,/api/ai/status,backend/routers/ai_analytics.py,get_status,80,81,82,2,True,,False,NO
GET,/api/ai/templates,backend/routers/ai_analytics.py,list_templates,86,87,90,3,True,,False,NO
POST,/api/ai/templates/{template_id}/run,backend/routers/ai_analytics.py,run_template,94,95,100,6,True,,True,NO
POST,/api/ai/tools/{tool},backend/routers/ai_analytics.py,run_tool,104,105,110,6,True,,True,NO
POST,/api/ai/chat,backend/routers/ai_analytics.py,post_chat,114,115,132,12,True,,True,NO
GET,/api/ai/sessions,backend/routers/ai_analytics.py,list_sessions,136,137,146,6,True,ai_chat_sessions,False,NO
DELETE,/api/ai/sessions/{session_id},backend/routers/ai_analytics.py,delete_session,150,151,155,5,True,ai_chat_sessions,True,NO
GET,/api/ai/sessions/{session_id},backend/routers/ai_analytics.py,get_session,159,160,165,6,True,ai_chat_sessions,False,NO
POST,/api/ai/feedback,backend/routers/ai_analytics.py,post_feedback,169,170,178,6,True,ai_feedback,True,NO
GET,/api/ai/results/{result_id}/export.xlsx,backend/routers/ai_analytics.py,export_result,223,224,229,6,True,,False,NO
GET,/api/ai/export.xlsx,backend/routers/ai_analytics.py,export_answer,233,234,250,15,True,,False,NO
POST,/api/ai/narrative,backend/routers/ai_analytics.py,post_narrative,261,262,274,10,True,,True,NO
GET,/api/ai/my-templates,backend/routers/ai_analytics.py,list_my_templates,278,279,280,2,True,ai_user_templates,False,NO
POST,/api/ai/my-templates,backend/routers/ai_analytics.py,create_my_template,284,285,295,9,True,ai_user_templates,True,NO
DELETE,/api/ai/my-templates/{template_id},backend/routers/ai_analytics.py,delete_my_template,299,300,303,4,True,ai_user_templates,True,NO
GET,/api/ai/schedules,backend/routers/ai_analytics.py,list_schedules,315,316,317,2,True,ai_schedules,False,NO
POST,/api/ai/schedules,backend/routers/ai_analytics.py,create_schedule,321,322,335,12,True,ai_schedules,True,NO
PATCH,/api/ai/schedules/{schedule_id},backend/routers/ai_analytics.py,update_schedule,339,340,350,9,True,ai_schedules,True,NO
DELETE,/api/ai/schedules/{schedule_id},backend/routers/ai_analytics.py,delete_schedule,354,355,358,4,True,ai_schedules,True,NO
POST,/api/ai/schedules/{schedule_id}/run,backend/routers/ai_analytics.py,run_schedule_now,362,363,365,3,True,,True,NO
GET,/api/ai/schedule-runs,backend/routers/ai_analytics.py,list_schedule_runs,369,370,373,3,True,ai_schedule_runs,False,NO
GET,/api/ai/schedule-runs/{run_id},backend/routers/ai_analytics.py,get_schedule_run,377,378,385,8,True,ai_schedule_runs,False,NO
GET,/api/ai/snapshots/status,backend/routers/ai_analytics.py,snapshots_status,389,390,392,3,True,,False,NO
POST,/api/ai/snapshots/run,backend/routers/ai_analytics.py,snapshots_run,396,397,401,5,True,,True,NO
GET,/api/ai/usage,backend/routers/ai_analytics.py,usage_summary,405,406,418,8,True,ai_usage_log,False,NO
GET,/api/ai/usage/daily,backend/routers/ai_analytics.py,usage_daily,423,424,429,4,True,,False,NO
GET,/api/ai/actions/{pid},backend/routers/ai_assist.py,get_action,14,15,15,1,True,,False,NO
POST,/api/ai/actions/{pid}/confirm,backend/routers/ai_assist.py,confirm_action,19,20,20,1,True,,True,NO
POST,/api/ai/actions/{pid}/dismiss,backend/routers/ai_assist.py,dismiss_action,24,25,25,1,True,,True,NO
GET,/api/ai/insights,backend/routers/ai_assist.py,get_insights,29,30,33,4,True,,False,NO
POST,/api/ai/insights/scan,backend/routers/ai_assist.py,scan_insights,37,38,42,5,True,,True,NO
GET,/api/data-hygiene/summary,backend/routers/data_hygiene.py,hygiene_summary,14,15,16,2,True,,False,NO
GET,/api/data-hygiene/log,backend/routers/data_hygiene.py,hygiene_log,20,22,35,11,True,data_hygiene_log,False,NO
GET,/api/data-hygiene/preview,backend/routers/data_hygiene.py,hygiene_preview,39,40,41,2,True,,False,NO
POST,/api/data-hygiene/run,backend/routers/data_hygiene.py,hygiene_run,45,46,49,0,False,,True,NO
POST,/api/data-hygiene/log/{log_id}/revert,backend/routers/data_hygiene.py,hygiene_revert,53,54,57,0,False,,True,NO
POST,/api/data-hygiene/{collection}/{doc_id}/unlock,backend/routers/data_hygiene.py,hygiene_unlock,61,62,65,0,False,,True,NO
GET,/api/turn-notifications/map,backend/routers/data_hygiene.py,turn_map,69,70,71,2,True,,False,NO
GET,/api/data-hygiene/unverified-locations,backend/routers/data_hygiene.py,unverified_locations,75,76,77,2,True,,False,NO
POST,/api/data-hygiene/location/{collection}/{doc_id},backend/routers/data_hygiene.py,fix_location,81,82,85,4,True,,True,NO
GET,/api/sample-prices,backend/routers/sample_sales.py,list_sample_prices,33,34,40,4,True,product_templates;sample_price_master,False,NO
PUT,/api/sample-prices/{template_id},backend/routers/sample_sales.py,put_sample_price,44,45,52,0,False,product_templates;sample_price_master,True,NO
GET,/api/sample-quote,backend/routers/sample_sales.py,sample_quote,56,57,66,7,True,products,False,NO
POST,/api/outbound/tasks/{task_id}/cut-sample,backend/routers/sample_sales.py,cut_sample,70,71,82,0,False,wms_tasks,True,NO
GET,/api/sample-orders/limits,backend/routers/sample_orders.py,sample_limits,49,50,51,2,True,,False,NO
GET,/api/sample-orders,backend/routers/sample_orders.py,list_sample_orders,55,57,66,7,True,sales_orders,False,NO
GET,/api/sample-orders/stats/summary,backend/routers/sample_orders.py,sample_stats,70,71,80,6,True,sales_orders,False,NO
GET,/api/sample-orders/desk,backend/routers/sample_orders.py,sample_desk,98,99,129,11,True,sales_orders,False,NO
POST,/api/sample-orders/{order_id}/approve-payment,backend/routers/sample_orders.py,approve_payment,133,134,156,0,False,sales_orders,True,NO
POST,/api/sample-orders/{order_id}/confirm,backend/routers/sample_orders.py,confirm_sample,160,161,177,0,False,sales_orders,True,NO
POST,/api/sample-orders/{order_id}/cancel,backend/routers/sample_orders.py,cancel_sample,181,182,191,2,True,,True,NO
GET,/api/makloons,backend/routers/makloons.py,list_makloons,34,35,41,6,True,makloons,False,NO
POST,/api/makloons,backend/routers/makloons.py,create_makloon,45,46,80,0,False,makloons,True,NO
GET,/api/makloons/{makloon_id},backend/routers/makloons.py,get_makloon,84,85,92,7,True,,False,NO
PATCH,/api/makloons/{makloon_id},backend/routers/makloons.py,update_makloon,96,97,120,0,False,makloons,True,NO
DELETE,/api/makloons/{makloon_id},backend/routers/makloons.py,deactivate_makloon,124,125,133,0,False,makloons,True,NO
GET,/api/makloons/{makloon_id}/scorecard,backend/routers/makloons.py,get_makloon_scorecard,137,138,142,5,True,,False,NO
GET,/api/process-recipes,backend/routers/process_recipes.py,list_recipes,54,56,65,8,True,process_recipes,False,NO
POST,/api/process-recipes,backend/routers/process_recipes.py,create_recipe,69,70,100,0,False,process_recipes,True,NO
PATCH,/api/process-recipes/{recipe_id},backend/routers/process_recipes.py,update_recipe,104,105,123,0,False,process_recipes,True,NO
DELETE,/api/process-recipes/{recipe_id},backend/routers/process_recipes.py,deactivate_recipe,127,128,136,0,False,process_recipes,True,NO
POST,/api/process-recipes/forecast,backend/routers/process_recipes.py,preview_forecast,140,141,142,0,False,,True,NO
GET,/api/process-stages,backend/routers/makloon_orders.py,list_process_stages,36,38,46,6,True,,False,NO
GET,/api/process-stages/for-line/{line_code},backend/routers/makloon_orders.py,process_stages_for_line,50,51,57,5,True,,False,NO
GET,/api/makloon-orders,backend/routers/makloon_orders.py,list_orders,61,63,73,9,True,,False,NO
POST,/api/makloon-orders,backend/routers/makloon_orders.py,create_order,77,78,96,9,True,,True,NO
POST,/api/makloon-orders/estimate,backend/routers/makloon_orders.py,estimate_step,100,101,106,5,True,,True,NO
GET,/api/makloon-orders/claims,backend/routers/makloon_orders.py,list_claims,111,113,116,4,True,,False,NO
GET,/api/makloon-orders/claims/stats,backend/routers/makloon_orders.py,claim_stats,120,121,124,4,True,,False,NO
GET,/api/makloon-orders/{mko_id},backend/routers/makloon_orders.py,get_order,128,129,135,7,True,,False,NO
POST,/api/makloon-orders/{mko_id}/issue,backend/routers/makloon_orders.py,issue_order_step,139,140,155,9,True,,True,NO
POST,/api/makloon-orders/{mko_id}/receive,backend/routers/makloon_orders.py,receive_order_step,159,160,176,13,True,makloon_orders,True,NO
POST,/api/makloon-orders/{mko_id}/steps/{seq}/partial-receipts/{grn_id}/cancel,backend/routers/makloon_orders.py,cancel_partial,184,186,193,6,True,,True,NO
POST,/api/makloon-orders/{mko_id}/record-service,backend/routers/makloon_orders.py,record_order_service,197,199,213,0,False,,True,NO
POST,/api/makloon-orders/{mko_id}/claim,backend/routers/makloon_orders.py,propose_claim,217,218,231,7,True,,True,NO
POST,/api/makloon-orders/{mko_id}/claim/approve,backend/routers/makloon_orders.py,approve_claim,235,237,247,9,True,,True,NO
POST,/api/makloon-orders/{mko_id}/claim/reject,backend/routers/makloon_orders.py,reject_claim,251,253,265,0,False,,True,NO
POST,/api/makloon-orders/{mko_id}/cancel,backend/routers/makloon_orders.py,cancel_order_ep,269,270,276,0,False,,True,NO
GET,/api/expense-categories,backend/routers/cash_advances.py,list_expense_categories,25,26,30,3,True,,False,NO
PATCH,/api/expense-categories/{code},backend/routers/cash_advances.py,update_expense_category,34,35,36,0,False,,True,NO
GET,/api/cash-advances,backend/routers/cash_advances.py,list_cash_advances,41,43,45,3,True,,False,NO
POST,/api/cash-advances,backend/routers/cash_advances.py,create_cash_advance,49,50,52,0,False,,True,NO
GET,/api/cash-advances/{ca_id},backend/routers/cash_advances.py,get_cash_advance,56,57,59,1,True,,False,NO
PATCH,/api/cash-advances/{ca_id},backend/routers/cash_advances.py,update_cash_advance,63,64,66,0,False,,True,NO
POST,/api/cash-advances/{ca_id}/submit,backend/routers/cash_advances.py,submit_cash_advance,70,71,73,0,False,,True,NO
POST,/api/cash-advances/{ca_id}/approve,backend/routers/cash_advances.py,approve_cash_advance,77,78,80,0,False,,True,NO
POST,/api/cash-advances/{ca_id}/reject,backend/routers/cash_advances.py,reject_cash_advance,84,85,87,0,False,,True,NO
POST,/api/cash-advances/{ca_id}/disburse,backend/routers/cash_advances.py,disburse_cash_advance,91,92,94,0,False,,True,NO
GET,/api/cash-advance-settlements,backend/routers/cash_advances.py,list_settlements,99,102,105,3,True,,False,NO
GET,/api/cash-advance-settlements/reimburse-payables,backend/routers/cash_advances.py,reimburse_payables,109,110,113,3,True,,False,NO
POST,/api/cash-advance-settlements,backend/routers/cash_advances.py,create_settlement,117,118,120,0,False,,True,NO
GET,/api/cash-advance-settlements/{stl_id},backend/routers/cash_advances.py,get_settlement,124,125,127,1,True,,False,NO
PATCH,/api/cash-advance-settlements/{stl_id},backend/routers/cash_advances.py,update_settlement,131,132,134,0,False,,True,NO
POST,/api/cash-advance-settlements/{stl_id}/submit,backend/routers/cash_advances.py,submit_settlement,138,139,141,0,False,,True,NO
POST,/api/cash-advance-settlements/{stl_id}/pay-reimburse,backend/routers/cash_advances.py,pay_reimburse,150,151,154,0,False,,True,NO
POST,/api/cash-advance-settlements/{stl_id}/approve,backend/routers/cash_advances.py,approve_settlement,158,159,161,0,False,,True,NO
POST,/api/cash-advance-settlements/{stl_id}/reject,backend/routers/cash_advances.py,reject_settlement,165,166,168,0,False,,True,NO
GET,/api/vehicles,backend/routers/vehicle_logs.py,list_vehicles,31,32,35,4,True,,False,NO
POST,/api/vehicles,backend/routers/vehicle_logs.py,create_vehicle,39,40,57,0,False,,True,NO
PATCH,/api/vehicles/{veh_id},backend/routers/vehicle_logs.py,update_vehicle,61,62,81,0,False,,True,NO
DELETE,/api/vehicles/{veh_id},backend/routers/vehicle_logs.py,delete_vehicle,85,86,99,0,False,,True,NO
GET,/api/vehicle-usage-logs,backend/routers/vehicle_logs.py,list_vehicle_logs,125,127,132,5,True,,False,NO
GET,/api/vehicle-usage-logs/summary,backend/routers/vehicle_logs.py,vehicle_logs_summary,136,137,150,8,True,,False,NO
POST,/api/vehicle-usage-logs,backend/routers/vehicle_logs.py,create_vehicle_log,154,155,173,0,False,,True,NO
PATCH,/api/vehicle-usage-logs/{log_id},backend/routers/vehicle_logs.py,update_vehicle_log,177,178,201,0,False,,True,NO
DELETE,/api/vehicle-usage-logs/{log_id},backend/routers/vehicle_logs.py,delete_vehicle_log,205,206,214,0,False,,True,NO
GET,/api/pdf/doc-types,backend/routers/pdf.py,list_doc_types,72,73,75,2,True,,False,NO
GET,/api/pdf/render/{doc_type}/{source_id},backend/routers/pdf.py,render_document,79,82,102,14,True,,False,NO
GET,/api/pdf/sample/{doc_type},backend/routers/pdf.py,get_sample,106,107,121,9,True,,False,NO
GET,/api/pdf/documents/{doc_type},backend/routers/pdf.py,list_documents,125,128,175,0,False,document_deliveries;document_signatures,False,NO
GET,/api/pdf/templates,backend/routers/pdf.py,list_templates,184,185,188,2,True,,False,NO
GET,/api/pdf/templates/{doc_type},backend/routers/pdf.py,get_template,192,193,198,3,True,,False,NO
PUT,/api/pdf/templates/{doc_type},backend/routers/pdf.py,put_template,202,203,212,9,True,,True,NO
DELETE,/api/pdf/templates/{doc_type},backend/routers/pdf.py,reset_template,216,217,222,5,True,,True,NO
POST,/api/pdf/templates/validate-script,backend/routers/pdf.py,validate_script,226,227,230,3,True,,True,NO
GET,/api/pdf/branding/{entity_id},backend/routers/pdf.py,get_branding,234,235,236,2,True,,False,NO
PUT,/api/pdf/branding/{entity_id},backend/routers/pdf.py,put_branding,240,241,242,2,True,,True,NO
POST,/api/pdf/preview,backend/routers/pdf.py,preview,246,247,270,10,True,,True,NO
POST,/api/esign/request,backend/routers/esign.py,request_otp,45,46,58,3,True,,True,NO
POST,/api/esign/verify,backend/routers/esign.py,verify,62,63,78,0,False,esign_requests,True,NO
GET,/api/esign/signatures/{doc_type}/{source_id},backend/routers/esign.py,signatures,82,83,85,3,True,,False,NO
GET,/api/esign/verify/{code},backend/routers/esign.py,public_verify,89,90,91,0,False,,False,NO
POST,/api/deliveries/whatsapp/send,backend/routers/deliveries.py,send_whatsapp,44,45,55,0,False,,True,NO
GET,/api/deliveries/whatsapp/settings,backend/routers/deliveries.py,get_wa_settings,59,60,61,2,True,,False,NO
PUT,/api/deliveries/whatsapp/settings,backend/routers/deliveries.py,put_wa_settings,65,66,68,0,False,,True,NO
GET,/api/deliveries/whatsapp/recipient/{doc_type}/{source_id},backend/routers/deliveries.py,wa_recipient,72,74,76,0,False,,False,NO
GET,/api/deliveries/whatsapp/rules,backend/routers/deliveries.py,list_wa_rules,80,81,82,2,True,,False,NO
POST,/api/deliveries/whatsapp/rules,backend/routers/deliveries.py,create_wa_rule,86,87,92,0,False,,True,NO
PUT,/api/deliveries/whatsapp/rules/{rule_id},backend/routers/deliveries.py,update_wa_rule,96,97,104,0,False,,True,NO
DELETE,/api/deliveries/whatsapp/rules/{rule_id},backend/routers/deliveries.py,delete_wa_rule,108,109,113,0,False,,True,NO
GET,/api/deliveries/{doc_type}/{source_id},backend/routers/deliveries.py,list_deliveries,117,118,119,0,False,,False,NO
GET,/api/products/{product_id}/purchase-history,backend/routers/product_traceability.py,product_purchase_history,69,75,180,47,True,inventory_rolls;products,False,NO
GET,/api/sales-return-policies,backend/routers/return_policies.py,list_sales_return_policies,36,42,65,8,True,,False,NO
GET,/api/sales-return-policies/eligibility,backend/routers/return_policies.py,sales_return_eligibility,71,76,86,8,True,sales_orders,False,NO
POST,/api/sales-return-policies,backend/routers/return_policies.py,create_sales_return_policy,92,94,137,0,False,sales_return_policies,True,NO
GET,/api/sales-return-policies/{policy_id},backend/routers/return_policies.py,get_sales_return_policy,143,145,150,1,True,sales_return_policies,False,NO
PATCH,/api/sales-return-policies/{policy_id},backend/routers/return_policies.py,update_sales_return_policy,156,158,204,0,False,sales_return_policies,True,NO
DELETE,/api/sales-return-policies/{policy_id},backend/routers/return_policies.py,deactivate_sales_return_policy,210,211,220,0,False,sales_return_policies,True,NO
GET,/api/entity-masters,backend/routers/entity_masters.py,list_master_groups,25,26,29,3,True,,False,NO
GET,/api/entity-masters/{kind},backend/routers/entity_masters.py,list_master_rows,33,36,39,3,True,,False,NO
GET,/api/entity-masters/{kind}/effective,backend/routers/entity_masters.py,list_master_effective,43,45,49,0,False,,False,NO
POST,/api/entity-masters/{kind},backend/routers/entity_masters.py,create_master_row,53,54,63,0,False,,True,NO
PATCH,/api/entity-masters/{kind}/{row_id},backend/routers/entity_masters.py,update_master_row,67,69,75,0,False,,True,NO
POST,/api/entity-masters/{kind}/{row_id}/override,backend/routers/entity_masters.py,override_master_row,79,80,87,1,True,,True,NO
DELETE,/api/entity-masters/{kind}/{row_id},backend/routers/entity_masters.py,revert_master_row,91,92,99,0,False,,True,NO
GET,/api/store-credit,backend/routers/store_credit.py,list_summary,72,73,75,2,True,,False,NO
GET,/api/store-credit/balance,backend/routers/store_credit.py,get_balance,79,81,86,5,True,,False,NO
GET,/api/store-credit/ledger,backend/routers/store_credit.py,get_ledger,90,92,94,2,True,,False,NO
GET,/api/store-credit/open-orders,backend/routers/store_credit.py,open_orders,98,99,102,3,True,,False,NO
POST,/api/store-credit/redeem,backend/routers/store_credit.py,redeem,106,107,113,0,False,,True,NO
POST,/api/store-credit/adjust,backend/routers/store_credit.py,adjust,117,118,123,0,False,,True,NO
POST,/api/store-credit/entries/{entry_id}/reverse,backend/routers/store_credit.py,reverse_entry,127,129,139,0,False,,True,NO
GET,/api/bank-reconciliation/formats,backend/routers/bank_reconciliation.py,list_formats,142,144,145,2,True,,False,NO
POST,/api/bank-reconciliation/formats,backend/routers/bank_reconciliation.py,upsert_format,149,151,159,0,False,,True,NO
DELETE,/api/bank-reconciliation/formats/{format_id},backend/routers/bank_reconciliation.py,delete_format,163,165,171,0,False,,True,NO
POST,/api/bank-reconciliation/preview,backend/routers/bank_reconciliation.py,preview_statement,175,177,182,0,False,,True,NO
POST,/api/bank-reconciliation/import,backend/routers/bank_reconciliation.py,import_statement,187,189,198,0,False,,True,NO
POST,/api/bank-reconciliation/import-file,backend/routers/bank_reconciliation.py,import_file,202,204,216,0,False,,True,NO
POST,/api/bank-reconciliation/auto-match,backend/routers/bank_reconciliation.py,auto_match,221,223,231,0,False,,True,NO
GET,/api/bank-reconciliation/lines,backend/routers/bank_reconciliation.py,list_lines,235,239,243,3,True,,False,NO
GET,/api/bank-reconciliation/lines/{line_id}/candidates,backend/routers/bank_reconciliation.py,line_candidates,247,250,254,3,True,,False,NO
GET,/api/bank-reconciliation/summary,backend/routers/bank_reconciliation.py,recon_summary,258,261,265,3,True,,False,NO
POST,/api/bank-reconciliation/lines/{line_id}/match,backend/routers/bank_reconciliation.py,match_line,269,271,278,0,False,,True,NO
POST,/api/bank-reconciliation/lines/{line_id}/match-split,backend/routers/bank_reconciliation.py,match_split,282,284,291,0,False,,True,NO
POST,/api/bank-reconciliation/match-group,backend/routers/bank_reconciliation.py,match_group,295,297,304,0,False,,True,NO
POST,/api/bank-reconciliation/lines/{line_id}/unmatch,backend/routers/bank_reconciliation.py,unmatch_line,308,310,316,0,False,,True,NO
POST,/api/bank-reconciliation/lines/{line_id}/ignore,backend/routers/bank_reconciliation.py,ignore_line,320,322,329,0,False,,True,NO
POST,/api/bank-reconciliation/lines/{line_id}/unignore,backend/routers/bank_reconciliation.py,unignore_line,333,335,341,0,False,,True,NO
POST,/api/bank-reconciliation/lines/{line_id}/book-charge,backend/routers/bank_reconciliation.py,book_charge,346,348,359,0,False,,True,NO
GET,/api/bank-reconciliation/rules,backend/routers/bank_reconciliation.py,list_rules,364,367,368,2,True,,False,NO
POST,/api/bank-reconciliation/rules/{rule_id}/decide,backend/routers/bank_reconciliation.py,decide_rule,372,374,381,0,False,,True,NO
GET,/api/bank-reconciliation/holding,backend/routers/bank_reconciliation.py,holding_queue,386,389,390,2,True,,False,NO
POST,/api/bank-reconciliation/lines/{line_id}/holding,backend/routers/bank_reconciliation.py,to_holding,394,396,404,0,False,,True,NO
POST,/api/bank-reconciliation/lines/{line_id}/holding/allocate,backend/routers/bank_reconciliation.py,allocate_holding,408,410,419,0,False,,True,NO
POST,/api/bank-reconciliation/lines/{line_id}/holding/cancel,backend/routers/bank_reconciliation.py,cancel_holding,423,425,431,0,False,,True,NO
GET,/api/finance-cases/playbooks,backend/routers/finance_cases.py,list_playbooks,44,45,47,2,True,,False,NO
GET,/api/finance-cases/reasons,backend/routers/finance_cases.py,list_reasons,51,52,53,2,True,,False,NO
GET,/api/finance-cases/policy,backend/routers/finance_cases.py,get_policy,57,59,61,2,True,,False,NO
GET,/api/finance-cases/stats,backend/routers/finance_cases.py,get_stats,65,67,68,2,True,,False,NO
GET,/api/finance-cases,backend/routers/finance_cases.py,list_cases,73,78,83,3,True,,False,NO
GET,/api/finance-cases/{case_id},backend/routers/finance_cases.py,get_case,87,89,93,3,True,,False,NO
POST,/api/finance-cases,backend/routers/finance_cases.py,create_case,97,99,108,5,True,,True,NO
POST,/api/finance-cases/{case_id}/assign,backend/routers/finance_cases.py,assign_case,113,115,122,0,False,,True,NO
POST,/api/finance-cases/{case_id}/note,backend/routers/finance_cases.py,add_note,126,128,135,0,False,,True,NO
POST,/api/finance-cases/{case_id}/resolve,backend/routers/finance_cases.py,resolve_case,139,141,153,9,True,,True,NO
POST,/api/finance-cases/{case_id}/reject,backend/routers/finance_cases.py,reject_case,157,159,166,0,False,,True,NO
POST,/api/finance-cases/{case_id}/reopen,backend/routers/finance_cases.py,reopen_case,170,172,178,0,False,,True,NO
POST,/api/finance-cases/scan,backend/routers/finance_cases.py,run_scan,183,184,191,0,False,,True,NO
GET,/api/contra-bons/meta,backend/routers/contra_bons.py,contra_bon_meta,38,39,49,2,True,,False,NO
GET,/api/contra-bons/summary,backend/routers/contra_bons.py,contra_bon_summary,53,54,55,2,True,,False,NO
GET,/api/contra-bons/status-counts,backend/routers/contra_bons.py,contra_bon_status_counts,59,60,61,2,True,,False,NO
GET,/api/contra-bons/prepare,backend/routers/contra_bons.py,contra_bon_prepare,65,67,74,5,True,,False,NO
GET,/api/contra-bons/unbilled-receipts,backend/routers/contra_bons.py,contra_bon_unbilled,78,80,83,2,True,,False,NO
GET,/api/contra-bons/exchange-schedules,backend/routers/contra_bons.py,contra_bon_schedules,87,88,90,2,True,,False,NO
PUT,/api/suppliers/{supplier_id}/invoice-exchange,backend/routers/contra_bons.py,set_invoice_exchange,94,96,104,5,True,,True,NO
GET,/api/contra-bons/bank-line-candidates/{line_id},backend/routers/contra_bons.py,contra_bon_bank_candidates,108,110,115,3,True,,False,NO
POST,/api/contra-bons/run-reminder,backend/routers/contra_bons.py,contra_bon_run_reminder,119,120,124,0,False,,True,NO
GET,/api/contra-bons,backend/routers/contra_bons.py,list_contra_bons,130,132,134,2,True,,False,NO
GET,/api/contra-bons/{cb_id},backend/routers/contra_bons.py,get_contra_bon,138,139,144,4,True,,False,NO
GET,/api/contra-bons/{cb_id}/receipt,backend/routers/contra_bons.py,contra_bon_receipt,148,149,166,5,True,wms_tasks,False,NO
POST,/api/contra-bons,backend/routers/contra_bons.py,create_contra_bon,172,173,182,5,True,,True,NO
POST,/api/contra-bons/{cb_id}/deductions,backend/routers/contra_bons.py,add_deduction,186,188,195,5,True,,True,NO
DELETE,/api/contra-bons/{cb_id}/deductions/{ded_id},backend/routers/contra_bons.py,remove_deduction,199,200,207,0,False,,True,NO
POST,/api/contra-bons/{cb_id}/decide,backend/routers/contra_bons.py,decide_exception,211,213,222,0,False,,True,NO
POST,/api/contra-bons/{cb_id}/submit,backend/routers/contra_bons.py,submit_contra_bon,226,227,234,5,True,,True,NO
POST,/api/contra-bons/{cb_id}/verify,backend/routers/contra_bons.py,verify_contra_bon,238,239,246,5,True,,True,NO
POST,/api/contra-bons/{cb_id}/approve,backend/routers/contra_bons.py,approve_contra_bon,250,251,259,5,True,,True,NO
POST,/api/contra-bons/{cb_id}/schedule,backend/routers/contra_bons.py,schedule_contra_bon,263,265,272,5,True,,True,NO
POST,/api/contra-bons/{cb_id}/pay,backend/routers/contra_bons.py,pay_contra_bon,276,278,286,5,True,,True,NO
POST,/api/contra-bons/{cb_id}/pay-from-bank-line/{line_id},backend/routers/contra_bons.py,pay_from_bank_line,290,292,303,0,False,,True,NO
POST,/api/contra-bons/{cb_id}/dispute,backend/routers/contra_bons.py,dispute_contra_bon,307,309,316,0,False,,True,NO
POST,/api/contra-bons/{cb_id}/cancel,backend/routers/contra_bons.py,cancel_contra_bon,320,322,329,0,False,,True,NO
GET,/api/interco/meta,backend/routers/interco.py,interco_meta,55,56,57,2,True,,False,NO
GET,/api/interco/summary,backend/routers/interco.py,interco_summary,61,62,64,3,True,,False,NO
GET,/api/interco/transactions,backend/routers/interco.py,list_ict,69,71,74,3,True,,False,NO
POST,/api/interco/transactions,backend/routers/interco.py,create_ict,78,79,92,7,True,,True,NO
GET,/api/interco/transactions/{interco_id},backend/routers/interco.py,get_ict,96,97,98,2,True,,False,NO
POST,/api/interco/transactions/{interco_id}/confirm,backend/routers/interco.py,confirm_ict,102,104,112,0,False,,True,NO
POST,/api/interco/transactions/{interco_id}/ship,backend/routers/interco.py,ship_ict,116,118,126,0,False,,True,NO
POST,/api/interco/transactions/{interco_id}/receive,backend/routers/interco.py,receive_ict,130,132,140,0,False,,True,NO
POST,/api/interco/transactions/{interco_id}/invoice,backend/routers/interco.py,invoice_ict,144,146,154,6,True,,True,NO
POST,/api/interco/transactions/{interco_id}/cancel,backend/routers/interco.py,cancel_ict,158,160,168,0,False,,True,NO
GET,/api/interco/transactions/{interco_id}/journal,backend/routers/interco.py,journal_ict,173,174,183,4,True,,False,NO
POST,/api/interco/transactions/{interco_id}/warehouse-task,backend/routers/interco.py,warehouse_task_ict,187,189,205,6,True,,True,NO
GET,/api/interco/accounts,backend/routers/interco.py,list_ica,210,211,213,3,True,,False,NO
GET,/api/interco/accounts/{from_entity_id}/{to_entity_id},backend/routers/interco.py,get_ica,217,219,226,3,True,,False,NO
GET,/api/interco/settlements,backend/routers/interco.py,list_ics,231,233,235,3,True,,False,NO
POST,/api/interco/settlements,backend/routers/interco.py,create_ics,239,241,254,9,True,,True,NO
GET,/api/interco/settlements/{sid},backend/routers/interco.py,get_ics,258,259,263,4,True,,False,NO
GET,/api/interco/contracts,backend/routers/interco.py,list_internal_contracts,268,270,279,7,True,supplier_contracts,False,NO
GET,/api/interco/transactions/{interco_id}/tax-invoice,backend/routers/interco.py,get_interco_tax,286,287,292,4,True,,False,NO
POST,/api/interco/transactions/{interco_id}/tax-invoice,backend/routers/interco.py,issue_interco_tax,296,298,316,8,True,,True,NO
POST,/api/interco/transactions/{interco_id}/tax-invoice/replace,backend/routers/interco.py,replace_interco_tax,320,322,335,0,False,,True,NO
POST,/api/interco/transactions/{interco_id}/tax-invoice/cancel,backend/routers/interco.py,cancel_interco_tax,339,341,353,0,False,,True,NO
GET,/api/interco/returns/meta,backend/routers/interco.py,interco_return_meta,360,361,362,2,True,,False,NO
GET,/api/interco/returns,backend/routers/interco.py,list_interco_returns,366,369,372,3,True,,False,NO
GET,/api/interco/transactions/{interco_id}/returnable,backend/routers/interco.py,returnable_lines,376,377,382,5,True,,False,NO
POST,/api/interco/returns,backend/routers/interco.py,create_interco_return,386,388,397,5,True,,True,NO
GET,/api/interco/returns/{ret_id},backend/routers/interco.py,get_interco_return,401,402,406,4,True,,False,NO
POST,/api/interco/returns/{ret_id}/approve,backend/routers/interco.py,approve_interco_return,410,412,422,6,True,,True,NO
POST,/api/interco/returns/{ret_id}/warehouse-task,backend/routers/interco.py,return_warehouse_task,426,428,438,6,True,,True,NO
POST,/api/interco/returns/{ret_id}/cancel,backend/routers/interco.py,cancel_interco_return,442,444,452,0,False,,True,NO
GET,/api/interco/reminders,backend/routers/interco.py,interco_reminders,459,460,463,3,True,,False,NO
POST,/api/interco/accounts/{payer_entity_id}/{payee_entity_id}/remind,backend/routers/interco.py,remind_settlement,467,469,480,0,False,,True,NO
GET,/api/interco/margin-report,backend/routers/interco.py,margin_report,487,489,492,3,True,,False,NO
GET,/api/interco/margin-by-product,backend/routers/interco.py,margin_by_product,496,498,502,3,True,,False,NO
GET,/api/interco/loans/meta,backend/routers/interco_loans.py,loans_meta,30,31,33,2,True,,False,NO
GET,/api/interco/loans,backend/routers/interco_loans.py,list_loans,37,39,46,7,True,,False,NO
POST,/api/interco/loans,backend/routers/interco_loans.py,create_loan,50,51,67,0,False,,True,NO
GET,/api/interco/loans/{loan_id},backend/routers/interco_loans.py,get_loan,71,72,80,1,True,,False,NO
POST,/api/interco/loans/{loan_id}/disburse,backend/routers/interco_loans.py,disburse_loan,84,85,92,0,False,,True,NO
POST,/api/interco/loans/{loan_id}/repay,backend/routers/interco_loans.py,repay_loan,96,97,105,0,False,,True,NO
POST,/api/interco/loans/{loan_id}/cancel,backend/routers/interco_loans.py,cancel_loan,109,111,118,0,False,,True,NO
GET,/api/interco/non-trade/{from_entity_id}/{to_entity_id},backend/routers/interco_loans.py,non_trade_balance,122,124,130,2,True,,False,NO
GET,/api/internal-requests/meta,backend/routers/internal_requests.py,meta,52,53,59,2,True,,False,NO
GET,/api/internal-requests,backend/routers/internal_requests.py,list_requests,63,67,78,9,True,,False,NO
POST,/api/internal-requests,backend/routers/internal_requests.py,create_request,82,83,94,0,False,,True,NO
GET,/api/internal-requests/{req_id},backend/routers/internal_requests.py,get_request,98,99,108,1,True,,False,NO
GET,/api/internal-requests/{req_id}/sources,backend/routers/internal_requests.py,request_sources,112,113,132,6,True,,False,NO
POST,/api/internal-requests/{req_id}/cancel,backend/routers/internal_requests.py,cancel_request,136,139,154,0,False,,True,NO
POST,/api/internal-requests/{req_id}/reject,backend/routers/internal_requests.py,reject_request,158,161,173,0,False,,True,NO
POST,/api/internal-requests/{req_id}/convert,backend/routers/internal_requests.py,convert_request,177,179,203,5,True,,True,NO
GET,/api/internal-requests-availability/{product_id},backend/routers/internal_requests.py,product_availability,207,208,226,8,True,products,False,NO
GET,/api/design-requests/meta,backend/routers/design_requests.py,meta,67,71,86,4,True,,False,NO
GET,/api/design-requests,backend/routers/design_requests.py,list_requests,90,98,123,22,True,,False,NO
POST,/api/design-requests,backend/routers/design_requests.py,create_request,127,128,137,8,True,,True,NO
GET,/api/design-requests/{req_id},backend/routers/design_requests.py,get_request,141,142,144,3,True,,False,NO
POST,/api/design-requests/{req_id}/create-design,backend/routers/design_requests.py,create_design_from_request,148,150,165,10,True,,True,NO
POST,/api/design-requests/{req_id}/references,backend/routers/design_requests.py,upload_reference,169,171,182,9,True,,True,NO
GET,/api/design-requests/{req_id}/references/{file_id},backend/routers/design_requests.py,get_reference,186,187,195,7,True,,False,NO
DELETE,/api/design-requests/{req_id}/references/{file_id},backend/routers/design_requests.py,delete_reference,199,200,208,6,True,,True,NO
POST,/api/design-requests/{req_id}/link-design,backend/routers/design_requests.py,link_design_to_request,212,214,222,8,True,,True,NO
PATCH,/api/design-requests/{req_id},backend/routers/design_requests.py,update_request,226,228,236,0,False,,True,NO
POST,/api/design-requests/{req_id}/submit,backend/routers/design_requests.py,submit_request,240,241,249,0,False,,True,NO
POST,/api/design-requests/{req_id}/assign,backend/routers/design_requests.py,assign_request,253,255,264,6,True,,True,NO
POST,/api/design-requests/{req_id}/start,backend/routers/design_requests.py,start_request,268,269,278,0,False,,True,NO
POST,/api/design-requests/{req_id}/deliver,backend/routers/design_requests.py,deliver_request,282,284,292,0,False,,True,NO
POST,/api/design-requests/{req_id}/approve,backend/routers/design_requests.py,approve_request,296,299,307,6,True,,True,NO
POST,/api/design-requests/{req_id}/reject,backend/routers/design_requests.py,reject_request,311,314,323,6,True,,True,NO
POST,/api/design-requests/{req_id}/cancel,backend/routers/design_requests.py,cancel_request,327,330,338,0,False,,True,NO
GET,/api/design/reports/by-designer,backend/routers/design_requests.py,report_by_designer,342,346,355,9,True,,False,NO
GET,/api/design/reports/mine,backend/routers/design_requests.py,report_mine,359,363,386,9,True,,False,NO
GET,/api/design-requests-for-so/{so_id},backend/routers/design_requests.py,requests_for_so,390,391,398,6,True,,False,NO
GET,/api/design-studio/meta,backend/routers/design_studio.py,studio_meta,48,49,62,7,True,,False,NO
GET,/api/design-studio/next-code,backend/routers/design_studio.py,studio_next_code,66,69,72,3,True,,False,NO
GET,/api/design-studio/tags,backend/routers/design_studio.py,studio_tags,76,77,78,2,True,,False,NO
GET,/api/design-studio/categories,backend/routers/design_studio.py,list_categories,82,84,85,2,True,,False,NO
POST,/api/design-studio/categories,backend/routers/design_studio.py,create_category,89,90,96,7,True,,True,NO
PATCH,/api/design-studio/categories/{cat_id},backend/routers/design_studio.py,patch_category,100,101,108,0,False,,True,NO
POST,/api/design-gallery/{gallery_id}/lifecycle/submit,backend/routers/design_studio.py,lc_submit,133,134,134,1,True,,True,NO
POST,/api/design-gallery/{gallery_id}/lifecycle/start-review,backend/routers/design_studio.py,lc_start_review,138,139,139,1,True,,True,NO
POST,/api/design-gallery/{gallery_id}/lifecycle/request-revision,backend/routers/design_studio.py,lc_request_revision,143,144,144,1,True,,True,NO
POST,/api/design-gallery/{gallery_id}/lifecycle/approve,backend/routers/design_studio.py,lc_approve,148,149,149,1,True,,True,NO
POST,/api/design-gallery/{gallery_id}/lifecycle/activate,backend/routers/design_studio.py,lc_activate,153,154,154,1,True,,True,NO
POST,/api/design-gallery/{gallery_id}/lifecycle/submit-final,backend/routers/design_studio.py,lc_submit_final,158,159,160,1,True,,True,NO
POST,/api/design-gallery/{gallery_id}/lifecycle/return-final,backend/routers/design_studio.py,lc_return_final,164,165,166,1,True,,True,NO
POST,/api/design-gallery/{gallery_id}/lifecycle/archive,backend/routers/design_studio.py,lc_archive,170,171,171,0,False,,True,NO
POST,/api/design-gallery/{gallery_id}/lifecycle/reopen,backend/routers/design_studio.py,lc_reopen,175,176,176,0,False,,True,NO
POST,/api/design-gallery/{gallery_id}/new-version,backend/routers/design_studio.py,new_version,180,181,191,7,True,,True,NO
POST,/api/design-gallery/{gallery_id}/lifecycle/hold,backend/routers/design_studio.py,lc_hold,195,196,206,3,True,,True,NO
POST,/api/design-gallery/{gallery_id}/lifecycle/release-hold,backend/routers/design_studio.py,lc_release_hold,210,211,220,3,True,,True,NO
GET,/api/design-gallery/{gallery_id}/history,backend/routers/design_studio.py,design_history,224,225,232,6,True,,False,NO
POST,/api/design-gallery/{gallery_id}/feedback,backend/routers/design_studio.py,add_feedback,236,237,246,7,True,,True,NO
POST,/api/design-gallery/{gallery_id}/colorways,backend/routers/design_studio.py,add_colorway,251,252,261,9,True,,True,NO
PUT,/api/design-gallery/{gallery_id}/colorways/{cw_id},backend/routers/design_studio.py,update_colorway,265,266,274,0,False,,True,NO
DELETE,/api/design-gallery/{gallery_id}/colorways/{cw_id},backend/routers/design_studio.py,delete_colorway,278,279,287,0,False,,True,NO
POST,/api/design-gallery/{gallery_id}/files-kind/{kind},backend/routers/design_studio.py,upload_kind_file,292,295,309,9,True,,True,NO
GET,/api/logistics/meta,backend/routers/logistics.py,logistics_meta,37,38,39,2,True,,False,NO
GET,/api/logistics/summary,backend/routers/logistics.py,logistics_summary,43,44,46,3,True,,False,NO
GET,/api/logistics/dashboard,backend/routers/logistics.py,logistics_dashboard,50,51,58,5,True,,False,NO
GET,/api/logistics/history,backend/routers/logistics.py,logistics_history,62,66,68,3,True,,False,NO
GET,/api/logistics/fleet/availability,backend/routers/logistics.py,fleet_availability,73,74,76,3,True,,False,NO
GET,/api/logistics/fleet/vehicles,backend/routers/logistics.py,list_vehicles,80,81,83,3,True,,False,NO
POST,/api/logistics/fleet/vehicles,backend/routers/logistics.py,create_vehicle,87,88,95,8,True,,True,NO
PATCH,/api/logistics/fleet/vehicles/{vehicle_id},backend/routers/logistics.py,update_vehicle,99,100,111,9,True,fleet_vehicles,True,NO
POST,/api/logistics/fleet/vehicles/{vehicle_id}/status,backend/routers/logistics.py,set_vehicle_status,115,116,127,9,True,fleet_vehicles,True,NO
GET,/api/logistics/shipments/unassigned,backend/routers/logistics.py,unassigned_shipments,131,132,134,3,True,,False,NO
GET,/api/logistics/drivers,backend/routers/logistics.py,list_drivers,138,139,142,3,True,,False,NO
POST,/api/logistics/my-route,backend/routers/logistics.py,set_my_route,146,147,153,6,True,,True,NO
GET,/api/logistics/deliveries,backend/routers/logistics.py,list_deliveries,157,161,167,5,True,,False,NO
POST,/api/logistics/deliveries,backend/routers/logistics.py,create_delivery,171,172,180,8,True,,True,NO
GET,/api/logistics/deliveries/{delivery_id},backend/routers/logistics.py,get_delivery,184,185,187,3,True,,False,NO
POST,/api/logistics/deliveries/{delivery_id}/pickup-handover,backend/routers/logistics.py,pickup_handover,191,192,204,3,True,,True,NO
PATCH,/api/logistics/deliveries/{delivery_id},backend/routers/logistics.py,update_delivery,208,209,217,9,True,,True,NO
POST,/api/logistics/deliveries/{delivery_id}/photos,backend/routers/logistics.py,upload_photo,221,223,233,10,True,,True,NO
GET,/api/logistics/deliveries/{delivery_id}/photos/{photo_id},backend/routers/logistics.py,get_photo,237,238,245,8,True,,False,NO
DELETE,/api/logistics/deliveries/{delivery_id}/photos/{photo_id},backend/routers/logistics.py,delete_photo,249,250,258,7,True,,True,NO
POST,/api/logistics/deliveries/{delivery_id}/positions,backend/routers/logistics.py,add_position,262,263,271,9,True,,True,NO
DELETE,/api/logistics/deliveries/{delivery_id}/positions/{pos_id},backend/routers/logistics.py,delete_position,275,276,285,7,True,,True,NO
POST,/api/logistics/deliveries/{delivery_id}/transition,backend/routers/logistics.py,transition,289,290,302,12,True,,True,NO
GET,/api/inspections/meta,backend/routers/inspections.py,meta,52,53,65,8,True,users,False,NO
GET,/api/inspections,backend/routers/inspections.py,list_inspections,69,75,93,7,True,,False,NO
GET,/api/inspections/export,backend/routers/inspections.py,export_inspections,97,100,141,12,True,,False,NO
GET,/api/inspections/{ins_id},backend/routers/inspections.py,get_inspection,145,146,147,2,True,,False,NO
POST,/api/inspections,backend/routers/inspections.py,create_inspection,151,152,161,1,True,,True,NO
POST,/api/inspections/{ins_id}/assign,backend/routers/inspections.py,assign_inspection,165,167,175,0,False,,True,NO
POST,/api/inspections/{ins_id}/start,backend/routers/inspections.py,start_inspection,179,180,185,0,False,,True,NO
POST,/api/inspections/{ins_id}/lines/{line_id}/inspect,backend/routers/inspections.py,inspect_line,189,191,203,8,True,,True,NO
POST,/api/inspections/{ins_id}/lines/{line_id}/release-hold,backend/routers/inspections.py,release_hold,207,209,220,9,True,,True,NO
POST,/api/inspections/{ins_id}/finish,backend/routers/inspections.py,finish_inspection,224,226,236,6,True,,True,NO
POST,/api/inspections/{ins_id}/reopen,backend/routers/inspections.py,reopen_inspection,240,242,250,6,True,,True,NO
GET,/api/inspections/meta/ref-docs,backend/routers/inspections.py,ref_doc_options,254,256,343,30,True,makloon_orders;purchase_returns;sales_returns,False,NO
GET,/api/inspections/{ins_id}/pdf,backend/routers/inspections.py,inspection_pdf,347,349,370,9,True,,False,NO
GET,/api/inspections/queue/qc-tasks,backend/routers/inspections.py,qc_tasks_without_doc,374,375,391,5,True,wms_tasks,False,NO
GET,/api/finance/period-unlocks,backend/routers/period_unlocks.py,list_unlocks,43,45,47,2,True,,False,NO
GET,/api/finance/period-unlocks/active,backend/routers/period_unlocks.py,active_unlocks,51,53,55,2,True,,False,NO
POST,/api/finance/period-unlocks,backend/routers/period_unlocks.py,create_unlock,67,68,80,8,True,,True,NO
POST,/api/finance/period-unlocks/{plu_id}/approve,backend/routers/period_unlocks.py,approve_unlock,84,85,96,6,True,,True,NO
POST,/api/finance/period-unlocks/{plu_id}/reject,backend/routers/period_unlocks.py,reject_unlock,100,101,112,2,True,,True,NO
POST,/api/finance/period-unlocks/reclose-expired,backend/routers/period_unlocks.py,reclose_expired,116,117,122,0,False,,True,NO
GET,/api/fixed-assets,backend/routers/fixed_assets.py,list_fixed_assets,62,63,65,3,True,,False,NO
GET,/api/fixed-assets/meta,backend/routers/fixed_assets.py,fixed_asset_meta,69,70,84,6,True,,False,NO
GET,/api/fixed-assets/summary,backend/routers/fixed_assets.py,fixed_asset_summary,88,89,91,3,True,,False,NO
POST,/api/fixed-assets,backend/routers/fixed_assets.py,create_fixed_asset,95,96,103,0,False,,True,NO
POST,/api/fixed-assets/run-depreciation,backend/routers/fixed_assets.py,run_depreciation,107,108,119,0,False,,True,NO
GET,/api/fixed-assets/{asset_id},backend/routers/fixed_assets.py,get_fixed_asset,123,124,127,4,True,,False,NO
PATCH,/api/fixed-assets/{asset_id},backend/routers/fixed_assets.py,patch_fixed_asset,131,132,141,0,False,,True,NO
POST,/api/fixed-assets/{asset_id}/dispose,backend/routers/fixed_assets.py,dispose_fixed_asset,145,146,155,2,True,,True,NO
POST,/api/fixed-assets/{asset_id}/transfer,backend/routers/fixed_assets.py,transfer_fixed_asset,160,162,185,0,False,,True,NO
POST,/api/fixed-assets/{asset_id}/transfer/settle,backend/routers/fixed_assets.py,settle_fixed_asset_transfer,189,191,199,0,False,,True,NO
GET,/api/production/boms,backend/routers/production.py,list_boms,84,87,90,4,True,,False,NO
POST,/api/production/boms,backend/routers/production.py,create_bom,94,95,105,6,True,,True,NO
GET,/api/production/boms/{bom_id},backend/routers/production.py,get_bom,109,110,115,5,True,,False,NO
PATCH,/api/production/boms/{bom_id},backend/routers/production.py,update_bom,119,120,132,0,False,,True,NO
DELETE,/api/production/boms/{bom_id},backend/routers/production.py,delete_bom,136,137,146,0,False,,True,NO
GET,/api/production/work-orders,backend/routers/production.py,list_work_orders,156,159,161,3,True,,False,NO
POST,/api/production/work-orders,backend/routers/production.py,create_work_order,165,166,174,6,True,,True,NO
GET,/api/production/work-orders/{wo_id},backend/routers/production.py,get_work_order,178,179,184,5,True,,False,NO
POST,/api/production/work-orders/{wo_id}/release,backend/routers/production.py,release_work_order,188,189,196,8,True,,True,NO
POST,/api/production/work-orders/{wo_id}/complete,backend/routers/production.py,complete_work_order,200,201,209,8,True,,True,NO
POST,/api/production/work-orders/{wo_id}/cancel,backend/routers/production.py,cancel_work_order,213,214,221,0,False,,True,NO
GET,/api/production/summary,backend/routers/production.py,production_summary,225,226,228,3,True,,False,NO
GET,/api/scheduler/jobs,backend/routers/scheduler.py,list_jobs,31,32,33,2,True,,False,NO
GET,/api/scheduler/summary,backend/routers/scheduler.py,scheduler_summary,37,38,39,2,True,,False,NO
POST,/api/scheduler/jobs/{job_id}/run,backend/routers/scheduler.py,run_job_now,43,45,57,6,True,,True,NO
GET,/api/scheduler/runs,backend/routers/scheduler.py,list_runs,61,63,64,2,True,,False,NO
GET,/api/scheduler/settings,backend/routers/scheduler.py,get_settings,69,70,76,3,True,,False,NO
GET,/api/scheduler/digest-preview,backend/routers/scheduler.py,digest_preview,80,81,85,3,True,,False,NO
PUT,/api/scheduler/settings,backend/routers/scheduler.py,update_settings,89,90,183,0,False,system_settings,True,NO
GET,/api/scheduler/wa-outbox,backend/routers/scheduler.py,wa_outbox,188,190,192,2,True,,False,NO
POST,/api/scheduler/wa-outbox/{outbox_id}/retry,backend/routers/scheduler.py,wa_retry,196,197,203,0,False,,True,NO
POST,/api/scheduler/wa-test,backend/routers/scheduler.py,wa_test,207,208,215,0,False,,True,NO
GET,/api/lots,backend/routers/lots.py,list_lots,55,59,77,14,True,,False,NO
GET,/api/lots/stats,backend/routers/lots.py,lot_stats,81,82,85,4,True,,False,NO
GET,/api/lots/settings,backend/routers/lots.py,lot_settings,89,90,93,3,True,,False,NO
PUT,/api/lots/settings,backend/routers/lots.py,update_lot_settings,97,98,106,0,False,,True,NO
GET,/api/lots/unassigned-rolls,backend/routers/lots.py,unassigned_rolls,110,113,125,7,True,inventory_rolls,False,NO
GET,/api/lots/{lot_id},backend/routers/lots.py,get_lot,130,131,148,11,True,inventory_lots,False,NO
GET,/api/lots/{lot_id}/genealogy,backend/routers/lots.py,lot_genealogy,152,153,158,4,True,,False,NO
GET,/api/lots/{lot_id}/recall,backend/routers/lots.py,lot_recall,162,164,169,4,True,,False,NO
POST,/api/lots/{lot_id}/label,backend/routers/lots.py,lot_label,173,174,184,0,False,,True,NO
POST,/api/lots,backend/routers/lots.py,create_lot,189,190,219,0,False,,True,NO
PATCH,/api/lots/{lot_id},backend/routers/lots.py,patch_lot,223,224,235,0,False,,True,NO
POST,/api/lots/{lot_id}/status,backend/routers/lots.py,set_lot_status,239,241,250,0,False,,True,NO
POST,/api/lots/{lot_id}/rolls,backend/routers/lots.py,attach_rolls,254,256,268,0,False,,True,NO
POST,/api/lots/{lot_id}/split,backend/routers/lots.py,split_lot,272,273,288,0,False,,True,NO
POST,/api/lots/merge,backend/routers/lots.py,merge_lots,292,293,310,0,False,,True,NO
POST,/api/lots/{lot_id}/rework,backend/routers/lots.py,rework_lot,314,315,330,0,False,,True,NO
GET,/api/rolls/{roll_id}/lot,backend/routers/lots.py,roll_lot,334,335,353,10,True,inventory_rolls,False,NO
GET,/api/supplier-contracts,backend/routers/supplier_contracts.py,list_contracts,35,39,54,7,True,,False,NO
GET,/api/supplier-contracts/stats,backend/routers/supplier_contracts.py,contract_stats,58,60,65,5,True,,False,NO
GET,/api/supplier-contracts/policy,backend/routers/supplier_contracts.py,get_policy,69,70,73,3,True,,False,NO
PUT,/api/supplier-contracts/policy,backend/routers/supplier_contracts.py,update_policy,77,78,86,0,False,,True,NO
POST,/api/supplier-contracts/resolve,backend/routers/supplier_contracts.py,resolve_contract,90,93,100,0,False,,True,NO
POST,/api/supplier-contracts/tariff-preview,backend/routers/supplier_contracts.py,tariff_preview,104,105,110,0,False,,True,NO
GET,/api/supplier-contracts/{contract_id},backend/routers/supplier_contracts.py,get_contract,114,115,119,5,True,,False,NO
POST,/api/supplier-contracts,backend/routers/supplier_contracts.py,create_contract,123,124,136,8,True,,True,NO
PATCH,/api/supplier-contracts/{contract_id},backend/routers/supplier_contracts.py,patch_contract,140,142,150,0,False,,True,NO
POST,/api/supplier-contracts/{contract_id}/status,backend/routers/supplier_contracts.py,set_contract_status,154,156,164,0,False,,True,NO
DELETE,/api/supplier-contracts/{contract_id},backend/routers/supplier_contracts.py,delete_contract,168,169,191,0,False,makloon_orders;purchase_orders,True,NO
GET,/api/makloon-partners/scorecard,backend/routers/supplier_contracts.py,partner_scorecard,196,197,200,4,True,,False,NO
GET,/api/supplier-items,backend/routers/supplier_items.py,list_supplier_items,43,46,60,7,True,,False,NO
GET,/api/supplier-items/stats,backend/routers/supplier_items.py,supplier_item_stats,64,66,71,5,True,,False,NO
GET,/api/supplier-items/lookup,backend/routers/supplier_items.py,lookup_supplier_item,75,78,92,8,True,,False,NO
GET,/api/supplier-items/import-template,backend/routers/supplier_items.py,import_template,96,97,99,2,True,,False,NO
POST,/api/supplier-items/import,backend/routers/supplier_items.py,import_supplier_items,104,105,122,0,False,,True,NO
POST,/api/supplier-items/import-file,backend/routers/supplier_items.py,import_supplier_items_file,126,129,146,0,False,,True,NO
GET,/api/supplier-items/{sid},backend/routers/supplier_items.py,get_supplier_item,151,152,156,5,True,,False,NO
POST,/api/supplier-items,backend/routers/supplier_items.py,create_supplier_item,160,161,171,7,True,,True,NO
PATCH,/api/supplier-items/{sid},backend/routers/supplier_items.py,patch_supplier_item,175,177,184,6,True,,True,NO
DELETE,/api/supplier-items/{sid},backend/routers/supplier_items.py,delete_supplier_item,188,189,196,0,False,,True,NO
GET,/api/config/registry,backend/routers/config.py,read_registry,106,107,123,5,True,,False,NO
GET,/api/config/effective,backend/routers/config.py,read_effective,127,130,139,8,True,,False,NO
GET,/api/config/explain,backend/routers/config.py,explain,143,146,156,6,True,,False,NO
POST,/api/config/simulate,backend/routers/config.py,simulate,160,161,191,0,False,,True,NO
PUT,/api/config/values,backend/routers/config.py,write_values,195,196,225,15,True,,True,NO
POST,/api/config/values/reset,backend/routers/config.py,reset_value,229,230,248,10,True,,True,NO
POST,/api/config/values/clear,backend/routers/config.py,clear_value_layer,252,253,277,11,True,,True,NO
GET,/api/config/history,backend/routers/config.py,read_history,281,283,286,3,True,,False,NO
GET,/api/config/health,backend/routers/config.py,read_health,290,291,295,4,True,,False,NO
POST,/api/config/impact-preview,backend/routers/config.py,impact_preview,299,300,307,0,False,,True,NO
POST,/api/config/impact-apply,backend/routers/config.py,impact_apply,311,312,321,0,False,,True,NO
GET,/api/config/simulators,backend/routers/config.py,list_simulators,325,326,328,2,True,,False,NO
GET,/api/amendment-reasons,backend/routers/amendments.py,list_reasons,44,46,47,2,True,,False,NO
PUT,/api/amendment-reasons,backend/routers/amendments.py,upsert_reason,51,52,59,0,False,,True,NO
POST,/api/amendments/preview,backend/routers/amendments.py,preview,77,78,87,0,False,,True,NO
POST,/api/amendments,backend/routers/amendments.py,propose,91,92,106,0,False,,True,NO
GET,/api/amendments,backend/routers/amendments.py,list_amendments,111,114,121,8,True,,False,NO
GET,/api/amendments/stats/summary,backend/routers/amendments.py,summary,125,126,128,3,True,,False,NO
GET,/api/amendments/doc/{doc_type}/{doc_id},backend/routers/amendments.py,by_document,132,133,137,4,True,,False,NO
GET,/api/amendments/{amd_id},backend/routers/amendments.py,detail,141,142,147,5,True,,False,NO
POST,/api/amendments/{amd_id}/decision,backend/routers/amendments.py,decide,152,154,166,0,False,,True,NO
GET,/api/payment-plans/meta,backend/routers/payment_plans.py,plan_meta,70,72,95,6,True,amendment_reasons,False,NO
POST,/api/payment-plans/preview,backend/routers/payment_plans.py,plan_preview,99,100,105,0,False,,True,NO
GET,/api/payment-plans,backend/routers/payment_plans.py,list_plans,109,111,117,4,True,,False,NO
GET,/api/payment-plans/by-doc/{doc_type}/{doc_id},backend/routers/payment_plans.py,plan_by_doc,121,122,133,7,True,,False,NO
POST,/api/payment-plans,backend/routers/payment_plans.py,create_plan,137,138,146,0,False,,True,NO
PATCH,/api/payment-plans/{plan_id},backend/routers/payment_plans.py,update_plan,150,151,158,0,False,,True,NO
POST,/api/payment-plans/{plan_id}/void,backend/routers/payment_plans.py,void_plan,162,163,170,0,False,,True,NO
POST,/api/payment-plans/{plan_id}/accrue,backend/routers/payment_plans.py,accrue_now,174,176,184,0,False,,True,NO
GET,/api/penalties,backend/routers/payment_plans.py,list_penalties,189,192,199,5,True,,False,NO
GET,/api/penalties/{penalty_id},backend/routers/payment_plans.py,get_penalty,203,204,210,6,True,,False,NO
POST,/api/penalties/{penalty_id}/issue,backend/routers/payment_plans.py,issue_penalty,214,215,222,0,False,,True,NO
POST,/api/penalties/{penalty_id}/waive,backend/routers/payment_plans.py,waive_penalty,226,227,235,0,False,,True,NO
POST,/api/penalties/{penalty_id}/adjust,backend/routers/payment_plans.py,adjust_penalty,239,240,249,0,False,,True,NO
POST,/api/penalties/{penalty_id}/pay,backend/routers/payment_plans.py,pay_penalty,253,254,261,0,False,,True,NO
GET,/api/payment-variances/meta,backend/routers/payment_variance.py,variance_meta,51,53,61,2,True,,False,NO
POST,/api/payment-variances/assess,backend/routers/payment_variance.py,assess,65,66,74,0,False,,True,NO
GET,/api/payment-variances,backend/routers/payment_variance.py,list_decisions,84,89,96,5,True,,False,NO
GET,/api/payment-variances/pending,backend/routers/payment_variance.py,list_pending,100,101,105,4,True,,False,NO
GET,/api/payment-variances/receipt/{receipt_id},backend/routers/payment_variance.py,by_receipt,109,110,138,12,True,ar_receipts,False,NO
POST,/api/payment-variances/receipt/{receipt_id}/decide,backend/routers/payment_variance.py,decide,142,143,154,0,False,,True,NO
GET,/api/payment-variances/{decision_id},backend/routers/payment_variance.py,get_decision,158,159,164,5,True,,False,NO
POST,/api/payment-variances/{decision_id}/reverse,backend/routers/payment_variance.py,reverse,168,169,179,0,False,,True,NO
GET,/api/rnd/meta,backend/routers/rnd.py,rnd_meta,142,143,167,6,True,,False,NO
GET,/api/rnd/sample-types,backend/routers/rnd.py,list_sample_types,172,175,183,3,True,,False,NO
GET,/api/rnd/specs,backend/routers/rnd.py,list_specs,188,193,201,7,True,,False,NO
POST,/api/rnd/specs,backend/routers/rnd.py,create_spec,205,206,217,8,True,,True,NO
GET,/api/rnd/specs/{spec_id},backend/routers/rnd.py,get_spec,221,222,229,8,True,,False,NO
PATCH,/api/rnd/specs/{spec_id},backend/routers/rnd.py,patch_spec,233,234,246,0,False,,True,NO
POST,/api/rnd/specs/{spec_id}/submit,backend/routers/rnd.py,submit_spec,250,254,263,7,True,,True,NO
POST,/api/rnd/specs/{spec_id}/approve,backend/routers/rnd.py,approve_spec,267,268,289,8,True,,True,NO
POST,/api/rnd/specs/{spec_id}/reject,backend/routers/rnd.py,reject_spec,293,294,308,0,False,,True,NO
POST,/api/rnd/specs/{spec_id}/release-product,backend/routers/rnd.py,release_product,312,313,327,7,True,,True,NO
GET,/api/rnd/specs/{spec_id}/required-tests,backend/routers/rnd.py,spec_required_tests,331,332,335,3,True,,False,NO
GET,/api/rnd/samples,backend/routers/rnd.py,list_samples,340,348,355,7,True,,False,NO
POST,/api/rnd/samples/{sample_id}/spec,backend/routers/rnd.py,attach_sample_spec,359,360,373,5,True,,True,NO
GET,/api/rnd/labdip-history,backend/routers/rnd.py,labdip_history,377,380,389,7,True,,False,NO
POST,/api/rnd/samples,backend/routers/rnd.py,create_sample,393,394,414,17,True,,True,NO
GET,/api/rnd/samples/{sample_id},backend/routers/rnd.py,get_sample,418,419,425,7,True,,False,NO
GET,/api/rnd/samples/{sample_id}/performers,backend/routers/rnd.py,sample_performers,429,430,437,6,True,users,False,NO
GET,/api/rnd/samples/{sample_id}/required-tests,backend/routers/rnd.py,sample_required_tests,441,443,446,3,True,,False,NO
PATCH,/api/rnd/samples/{sample_id},backend/routers/rnd.py,patch_sample,450,451,461,3,True,,True,NO
POST,/api/rnd/samples/{sample_id}/send,backend/routers/rnd.py,send_sample,465,466,480,9,True,,True,NO
POST,/api/rnd/samples/{sample_id}/rounds,backend/routers/rnd.py,open_round,484,485,499,0,False,,True,NO
POST,/api/rnd/samples/{sample_id}/rounds/{round_id}/attachments,backend/routers/rnd.py,upload_round_file,503,505,516,8,True,,True,NO
GET,/api/rnd/samples/{sample_id}/rounds/{round_id}/attachments/{file_id},backend/routers/rnd.py,download_round_file,520,521,531,7,True,,False,NO
POST,/api/rnd/samples/{sample_id}/rounds/{round_id}/submit,backend/routers/rnd.py,submit_round,535,537,551,10,True,,True,NO
POST,/api/rnd/samples/{sample_id}/rounds/{round_id}/assess,backend/routers/rnd.py,assess_round,555,557,567,7,True,,True,NO
POST,/api/rnd/samples/{sample_id}/decide,backend/routers/rnd.py,decide_sample,571,573,592,11,True,,True,NO
POST,/api/rnd/samples/{sample_id}/issue-material,backend/routers/rnd.py,issue_material,596,598,608,9,True,,True,NO
POST,/api/rnd/samples/{sample_id}/cancel,backend/routers/rnd.py,cancel_sample,612,613,622,0,False,,True,NO
POST,/api/rnd/samples/{sample_id}/finish,backend/routers/rnd.py,finish_sample,636,638,650,0,False,,True,NO
POST,/api/rnd/samples/{sample_id}/deliver,backend/routers/rnd.py,deliver_sample,654,656,670,7,True,,True,NO
GET,/api/rnd/reports/performer,backend/routers/rnd.py,performer_report,675,677,682,5,True,,False,NO
GET,/api/rnd/reports/designer-kpi,backend/routers/rnd.py,designer_kpi_report,686,691,703,6,True,,False,NO
GET,/api/rnd/reports/my-kpi,backend/routers/rnd.py,my_designer_kpi,707,711,723,5,True,,False,NO
GET,/api/rnd/reports/designer-kpi/trend,backend/routers/rnd.py,designer_kpi_trend_report,727,732,743,6,True,,False,NO
GET,/api/rnd/reports/designer-kpi/export,backend/routers/rnd.py,export_designer_kpi,747,752,772,11,True,business_entities,False,NO
GET,/api/rnd/reports/designer-kpi/report,backend/routers/rnd.py,designer_kpi_report_pdf,776,784,807,11,True,business_entities,False,NO
GET,/api/rnd/sla/board,backend/routers/rnd.py,sla_board,811,813,819,6,True,,False,NO
POST,/api/rnd/sla/escalate,backend/routers/rnd.py,run_sla_escalation,823,824,835,0,False,,True,NO
GET,/api/rnd/lifecycle-board,backend/routers/rnd.py,lifecycle_board,839,841,856,8,True,products,False,NO
GET,/api/rnd/divisions,backend/routers/rnd_org.py,list_divisions,38,40,44,4,True,,False,NO
GET,/api/rnd/divisions/members,backend/routers/rnd_org.py,list_members,48,50,55,5,True,,False,NO
PUT,/api/rnd/divisions/members,backend/routers/rnd_org.py,set_member_division,59,61,73,0,False,,True,NO
GET,/api/approvals/matrix,backend/routers/approvals_matrix.py,get_matrix,49,51,53,3,True,,False,NO
GET,/api/approvals/my-queue,backend/routers/approvals_matrix.py,get_my_queue,57,60,64,4,True,,False,NO
GET,/api/approvals/matrix-log,backend/routers/approvals_matrix.py,get_matrix_log,68,73,77,4,True,,False,NO
GET,/api/customer-prices,backend/routers/customer_prices.py,customer_price_grid,45,48,55,6,True,,False,NO
GET,/api/customer-prices/records,backend/routers/customer_prices.py,customer_price_records,59,63,67,4,True,,False,NO
GET,/api/customer-prices/quote,backend/routers/customer_prices.py,customer_price_quote,71,76,98,11,True,products,False,NO
GET,/api/customer-prices/floor,backend/routers/customer_prices.py,customer_price_floor,102,105,120,9,True,products,False,NO
GET,/api/customer-prices/export,backend/routers/customer_prices.py,customer_price_export,124,127,135,8,True,,False,NO
POST,/api/customer-prices,backend/routers/customer_prices.py,create_customer_price,139,141,155,8,True,,True,NO
POST,/api/customer-prices/import,backend/routers/customer_prices.py,import_customer_prices,159,161,182,13,True,,True,NO
PATCH,/api/customer-prices/{price_id},backend/routers/customer_prices.py,patch_customer_price,186,188,200,9,True,,True,NO
DELETE,/api/customer-prices/{price_id},backend/routers/customer_prices.py,delete_customer_price,204,205,221,11,True,,True,NO
GET,/api/sales-admin/desk,backend/routers/work_desks.py,sales_admin_desk,95,96,99,3,True,,False,NO
GET,/api/sales-orders/{order_id}/verification,backend/routers/work_desks.py,verification_preview,103,104,107,3,True,,False,NO
POST,/api/sales-orders/{order_id}/verify,backend/routers/work_desks.py,verify_order,111,112,123,8,True,,True,NO
GET,/api/sales-admin/orders/{order_id}/fulfillment,backend/routers/work_desks.py,fulfillment_options,127,128,135,5,True,,False,NO
POST,/api/sales-admin/orders/{order_id}/fulfillment-decision,backend/routers/work_desks.py,fulfillment_decision,139,141,160,10,True,,True,NO
GET,/api/sales-admin/orders/{order_id}/fulfillment-plan,backend/routers/work_desks.py,fulfillment_plan_options,166,167,171,5,True,,False,NO
POST,/api/sales-admin/orders/{order_id}/fulfillment-plan,backend/routers/work_desks.py,fulfillment_plan_decide,175,176,188,11,True,,True,NO
GET,/api/md/desk,backend/routers/work_desks.py,md_desk,195,196,199,3,True,,False,NO
GET,/api/warehouse-admin/desk,backend/routers/work_desks.py,warehouse_admin_desk,203,204,207,3,True,,False,NO
GET,/api/finance/desk,backend/routers/work_desks.py,finance_desk,214,215,229,3,True,,False,NO
GET,/api/desks/me,backend/routers/work_desks.py,my_desk,236,237,245,8,True,,False,NO
GET,/api/access/role-reality,backend/routers/access_review.py,role_reality,34,37,38,2,True,,False,NO
POST,/api/access/role-reality/{user_id}/apply,backend/routers/access_review.py,apply_reclassification,42,44,87,0,False,,True,NO
GET,/api/,backend/server.py,root,273,274,274,1,True,,False,NO
